iso3,country,indicator_code,indicator_name,unit,year,value,source,retrieved
AUT,Austria,EUROSTAT.IRT_LT_MCBY,Long-term government bond yield (EMU convergence criterion),%,1985,7.77,Eurostat irt_lt_mcby_a,2026-08-02
AUT,Austria,EUROSTAT.IRT_LT_MCBY,Long-term government bond yield (EMU convergence criterion),%,1986,7.44,Eurostat irt_lt_mcby_a,2026-08-02
AUT,Austria,EUROSTAT.IRT_LT_MCBY,Long-term government bond yield (EMU convergence criterion),%,1987,7.01,Eurostat irt_lt_mcby_a,2026-08-02
AUT,Austria,EUROSTAT.IRT_LT_MCBY,Long-term government bond yield (EMU convergence criterion),%,1988,6.86,Eurostat irt_lt_mcby_a,2026-08-02
AUT,Austria,EUROSTAT.IRT_LT_MCBY,Long-term government bond yield (EMU convergence criterion),%,1989,7.15,Eurostat irt_lt_mcby_a,2026-08-02
AUT,Austria,EUROSTAT.IRT_LT_MCBY,Long-term government bond yield (EMU convergence criterion),%,1990,8.77,Eurostat irt_lt_mcby_a,2026-08-02
AUT,Austria,EUROSTAT.IRT_LT_MCBY,Long-term government bond yield (EMU convergence criterion),%,1991,8.56,Eurostat irt_lt_mcby_a,2026-08-02
AUT,Austria,EUROSTAT.IRT_LT_MCBY,Long-term government bond yield (EMU convergence criterion),%,1992,7.37,Eurostat irt_lt_mcby_a,2026-08-02
AUT,Austria,EUROSTAT.IRT_LT_MCBY,Long-term government bond yield (EMU convergence criterion),%,1993,6.7,Eurostat irt_lt_mcby_a,2026-08-02
AUT,Austria,EUROSTAT.IRT_LT_MCBY,Long-term government bond yield (EMU convergence criterion),%,1994,7.03,Eurostat irt_lt_mcby_a,2026-08-02
AUT,Austria,EUROSTAT.IRT_LT_MCBY,Long-term government bond yield (EMU convergence criterion),%,1995,7.14,Eurostat irt_lt_mcby_a,2026-08-02
AUT,Austria,EUROSTAT.IRT_LT_MCBY,Long-term government bond yield (EMU convergence criterion),%,1996,6.32,Eurostat irt_lt_mcby_a,2026-08-02
AUT,Austria,EUROSTAT.IRT_LT_MCBY,Long-term government bond yield (EMU convergence criterion),%,1997,5.68,Eurostat irt_lt_mcby_a,2026-08-02
AUT,Austria,EUROSTAT.IRT_LT_MCBY,Long-term government bond yield (EMU convergence criterion),%,1998,4.71,Eurostat irt_lt_mcby_a,2026-08-02
AUT,Austria,EUROSTAT.IRT_LT_MCBY,Long-term government bond yield (EMU convergence criterion),%,1999,4.68,Eurostat irt_lt_mcby_a,2026-08-02
AUT,Austria,EUROSTAT.IRT_LT_MCBY,Long-term government bond yield (EMU convergence criterion),%,2000,5.56,Eurostat irt_lt_mcby_a,2026-08-02
AUT,Austria,EUROSTAT.IRT_LT_MCBY,Long-term government bond yield (EMU convergence criterion),%,2001,5.08,Eurostat irt_lt_mcby_a,2026-08-02
AUT,Austria,EUROSTAT.IRT_LT_MCBY,Long-term government bond yield (EMU convergence criterion),%,2002,4.96,Eurostat irt_lt_mcby_a,2026-08-02
AUT,Austria,EUROSTAT.IRT_LT_MCBY,Long-term government bond yield (EMU convergence criterion),%,2003,4.14,Eurostat irt_lt_mcby_a,2026-08-02
AUT,Austria,EUROSTAT.IRT_LT_MCBY,Long-term government bond yield (EMU convergence criterion),%,2004,4.13,Eurostat irt_lt_mcby_a,2026-08-02
AUT,Austria,EUROSTAT.IRT_LT_MCBY,Long-term government bond yield (EMU convergence criterion),%,2005,3.39,Eurostat irt_lt_mcby_a,2026-08-02
AUT,Austria,EUROSTAT.IRT_LT_MCBY,Long-term government bond yield (EMU convergence criterion),%,2006,3.8,Eurostat irt_lt_mcby_a,2026-08-02
AUT,Austria,EUROSTAT.IRT_LT_MCBY,Long-term government bond yield (EMU convergence criterion),%,2007,4.3,Eurostat irt_lt_mcby_a,2026-08-02
AUT,Austria,EUROSTAT.IRT_LT_MCBY,Long-term government bond yield (EMU convergence criterion),%,2008,4.36,Eurostat irt_lt_mcby_a,2026-08-02
AUT,Austria,EUROSTAT.IRT_LT_MCBY,Long-term government bond yield (EMU convergence criterion),%,2009,3.94,Eurostat irt_lt_mcby_a,2026-08-02
AUT,Austria,EUROSTAT.IRT_LT_MCBY,Long-term government bond yield (EMU convergence criterion),%,2010,3.23,Eurostat irt_lt_mcby_a,2026-08-02
AUT,Austria,EUROSTAT.IRT_LT_MCBY,Long-term government bond yield (EMU convergence criterion),%,2011,3.32,Eurostat irt_lt_mcby_a,2026-08-02
AUT,Austria,EUROSTAT.IRT_LT_MCBY,Long-term government bond yield (EMU convergence criterion),%,2012,2.37,Eurostat irt_lt_mcby_a,2026-08-02
AUT,Austria,EUROSTAT.IRT_LT_MCBY,Long-term government bond yield (EMU convergence criterion),%,2013,2.01,Eurostat irt_lt_mcby_a,2026-08-02
AUT,Austria,EUROSTAT.IRT_LT_MCBY,Long-term government bond yield (EMU convergence criterion),%,2014,1.49,Eurostat irt_lt_mcby_a,2026-08-02
AUT,Austria,EUROSTAT.IRT_LT_MCBY,Long-term government bond yield (EMU convergence criterion),%,2015,0.75,Eurostat irt_lt_mcby_a,2026-08-02
AUT,Austria,EUROSTAT.IRT_LT_MCBY,Long-term government bond yield (EMU convergence criterion),%,2016,0.38,Eurostat irt_lt_mcby_a,2026-08-02
AUT,Austria,EUROSTAT.IRT_LT_MCBY,Long-term government bond yield (EMU convergence criterion),%,2017,0.58,Eurostat irt_lt_mcby_a,2026-08-02
AUT,Austria,EUROSTAT.IRT_LT_MCBY,Long-term government bond yield (EMU convergence criterion),%,2018,0.69,Eurostat irt_lt_mcby_a,2026-08-02
AUT,Austria,EUROSTAT.IRT_LT_MCBY,Long-term government bond yield (EMU convergence criterion),%,2019,0.06,Eurostat irt_lt_mcby_a,2026-08-02
AUT,Austria,EUROSTAT.IRT_LT_MCBY,Long-term government bond yield (EMU convergence criterion),%,2020,-0.22,Eurostat irt_lt_mcby_a,2026-08-02
AUT,Austria,EUROSTAT.IRT_LT_MCBY,Long-term government bond yield (EMU convergence criterion),%,2021,-0.09,Eurostat irt_lt_mcby_a,2026-08-02
AUT,Austria,EUROSTAT.IRT_LT_MCBY,Long-term government bond yield (EMU convergence criterion),%,2022,1.71,Eurostat irt_lt_mcby_a,2026-08-02
AUT,Austria,EUROSTAT.IRT_LT_MCBY,Long-term government bond yield (EMU convergence criterion),%,2023,3.08,Eurostat irt_lt_mcby_a,2026-08-02
AUT,Austria,EUROSTAT.IRT_LT_MCBY,Long-term government bond yield (EMU convergence criterion),%,2024,2.84,Eurostat irt_lt_mcby_a,2026-08-02
AUT,Austria,EUROSTAT.IRT_LT_MCBY,Long-term government bond yield (EMU convergence criterion),%,2025,2.98216,Eurostat irt_lt_mcby_a,2026-08-02
BEL,Belgium,EUROSTAT.IRT_LT_MCBY,Long-term government bond yield (EMU convergence criterion),%,1978,8.93,Eurostat irt_lt_mcby_a,2026-08-02
BEL,Belgium,EUROSTAT.IRT_LT_MCBY,Long-term government bond yield (EMU convergence criterion),%,1979,9.69,Eurostat irt_lt_mcby_a,2026-08-02
BEL,Belgium,EUROSTAT.IRT_LT_MCBY,Long-term government bond yield (EMU convergence criterion),%,1980,11.9,Eurostat irt_lt_mcby_a,2026-08-02
BEL,Belgium,EUROSTAT.IRT_LT_MCBY,Long-term government bond yield (EMU convergence criterion),%,1981,13.44,Eurostat irt_lt_mcby_a,2026-08-02
BEL,Belgium,EUROSTAT.IRT_LT_MCBY,Long-term government bond yield (EMU convergence criterion),%,1982,13.43,Eurostat irt_lt_mcby_a,2026-08-02
BEL,Belgium,EUROSTAT.IRT_LT_MCBY,Long-term government bond yield (EMU convergence criterion),%,1983,11.94,Eurostat irt_lt_mcby_a,2026-08-02
BEL,Belgium,EUROSTAT.IRT_LT_MCBY,Long-term government bond yield (EMU convergence criterion),%,1984,12.24,Eurostat irt_lt_mcby_a,2026-08-02
BEL,Belgium,EUROSTAT.IRT_LT_MCBY,Long-term government bond yield (EMU convergence criterion),%,1985,10.97,Eurostat irt_lt_mcby_a,2026-08-02
BEL,Belgium,EUROSTAT.IRT_LT_MCBY,Long-term government bond yield (EMU convergence criterion),%,1986,8.63,Eurostat irt_lt_mcby_a,2026-08-02
BEL,Belgium,EUROSTAT.IRT_LT_MCBY,Long-term government bond yield (EMU convergence criterion),%,1987,8.18,Eurostat irt_lt_mcby_a,2026-08-02
BEL,Belgium,EUROSTAT.IRT_LT_MCBY,Long-term government bond yield (EMU convergence criterion),%,1988,8.01,Eurostat irt_lt_mcby_a,2026-08-02
BEL,Belgium,EUROSTAT.IRT_LT_MCBY,Long-term government bond yield (EMU convergence criterion),%,1989,8.66,Eurostat irt_lt_mcby_a,2026-08-02
BEL,Belgium,EUROSTAT.IRT_LT_MCBY,Long-term government bond yield (EMU convergence criterion),%,1990,10.01,Eurostat irt_lt_mcby_a,2026-08-02
BEL,Belgium,EUROSTAT.IRT_LT_MCBY,Long-term government bond yield (EMU convergence criterion),%,1991,9.29,Eurostat irt_lt_mcby_a,2026-08-02
BEL,Belgium,EUROSTAT.IRT_LT_MCBY,Long-term government bond yield (EMU convergence criterion),%,1992,8.65,Eurostat irt_lt_mcby_a,2026-08-02
BEL,Belgium,EUROSTAT.IRT_LT_MCBY,Long-term government bond yield (EMU convergence criterion),%,1993,7.23,Eurostat irt_lt_mcby_a,2026-08-02
BEL,Belgium,EUROSTAT.IRT_LT_MCBY,Long-term government bond yield (EMU convergence criterion),%,1994,7.75,Eurostat irt_lt_mcby_a,2026-08-02
BEL,Belgium,EUROSTAT.IRT_LT_MCBY,Long-term government bond yield (EMU convergence criterion),%,1995,7.48,Eurostat irt_lt_mcby_a,2026-08-02
BEL,Belgium,EUROSTAT.IRT_LT_MCBY,Long-term government bond yield (EMU convergence criterion),%,1996,6.49,Eurostat irt_lt_mcby_a,2026-08-02
BEL,Belgium,EUROSTAT.IRT_LT_MCBY,Long-term government bond yield (EMU convergence criterion),%,1997,5.75,Eurostat irt_lt_mcby_a,2026-08-02
BEL,Belgium,EUROSTAT.IRT_LT_MCBY,Long-term government bond yield (EMU convergence criterion),%,1998,4.75,Eurostat irt_lt_mcby_a,2026-08-02
BEL,Belgium,EUROSTAT.IRT_LT_MCBY,Long-term government bond yield (EMU convergence criterion),%,1999,4.75,Eurostat irt_lt_mcby_a,2026-08-02
BEL,Belgium,EUROSTAT.IRT_LT_MCBY,Long-term government bond yield (EMU convergence criterion),%,2000,5.59,Eurostat irt_lt_mcby_a,2026-08-02
BEL,Belgium,EUROSTAT.IRT_LT_MCBY,Long-term government bond yield (EMU convergence criterion),%,2001,5.13,Eurostat irt_lt_mcby_a,2026-08-02
BEL,Belgium,EUROSTAT.IRT_LT_MCBY,Long-term government bond yield (EMU convergence criterion),%,2002,4.99,Eurostat irt_lt_mcby_a,2026-08-02
BEL,Belgium,EUROSTAT.IRT_LT_MCBY,Long-term government bond yield (EMU convergence criterion),%,2003,4.18,Eurostat irt_lt_mcby_a,2026-08-02
BEL,Belgium,EUROSTAT.IRT_LT_MCBY,Long-term government bond yield (EMU convergence criterion),%,2004,4.15,Eurostat irt_lt_mcby_a,2026-08-02
BEL,Belgium,EUROSTAT.IRT_LT_MCBY,Long-term government bond yield (EMU convergence criterion),%,2005,3.43,Eurostat irt_lt_mcby_a,2026-08-02
BEL,Belgium,EUROSTAT.IRT_LT_MCBY,Long-term government bond yield (EMU convergence criterion),%,2006,3.81,Eurostat irt_lt_mcby_a,2026-08-02
BEL,Belgium,EUROSTAT.IRT_LT_MCBY,Long-term government bond yield (EMU convergence criterion),%,2007,4.33,Eurostat irt_lt_mcby_a,2026-08-02
BEL,Belgium,EUROSTAT.IRT_LT_MCBY,Long-term government bond yield (EMU convergence criterion),%,2008,4.42,Eurostat irt_lt_mcby_a,2026-08-02
BEL,Belgium,EUROSTAT.IRT_LT_MCBY,Long-term government bond yield (EMU convergence criterion),%,2009,3.9,Eurostat irt_lt_mcby_a,2026-08-02
BEL,Belgium,EUROSTAT.IRT_LT_MCBY,Long-term government bond yield (EMU convergence criterion),%,2010,3.46,Eurostat irt_lt_mcby_a,2026-08-02
BEL,Belgium,EUROSTAT.IRT_LT_MCBY,Long-term government bond yield (EMU convergence criterion),%,2011,4.23,Eurostat irt_lt_mcby_a,2026-08-02
BEL,Belgium,EUROSTAT.IRT_LT_MCBY,Long-term government bond yield (EMU convergence criterion),%,2012,3.0,Eurostat irt_lt_mcby_a,2026-08-02
BEL,Belgium,EUROSTAT.IRT_LT_MCBY,Long-term government bond yield (EMU convergence criterion),%,2013,2.41,Eurostat irt_lt_mcby_a,2026-08-02
BEL,Belgium,EUROSTAT.IRT_LT_MCBY,Long-term government bond yield (EMU convergence criterion),%,2014,1.71,Eurostat irt_lt_mcby_a,2026-08-02
BEL,Belgium,EUROSTAT.IRT_LT_MCBY,Long-term government bond yield (EMU convergence criterion),%,2015,0.84,Eurostat irt_lt_mcby_a,2026-08-02
BEL,Belgium,EUROSTAT.IRT_LT_MCBY,Long-term government bond yield (EMU convergence criterion),%,2016,0.48,Eurostat irt_lt_mcby_a,2026-08-02
BEL,Belgium,EUROSTAT.IRT_LT_MCBY,Long-term government bond yield (EMU convergence criterion),%,2017,0.72,Eurostat irt_lt_mcby_a,2026-08-02
BEL,Belgium,EUROSTAT.IRT_LT_MCBY,Long-term government bond yield (EMU convergence criterion),%,2018,0.79,Eurostat irt_lt_mcby_a,2026-08-02
BEL,Belgium,EUROSTAT.IRT_LT_MCBY,Long-term government bond yield (EMU convergence criterion),%,2019,0.19,Eurostat irt_lt_mcby_a,2026-08-02
BEL,Belgium,EUROSTAT.IRT_LT_MCBY,Long-term government bond yield (EMU convergence criterion),%,2020,-0.15,Eurostat irt_lt_mcby_a,2026-08-02
BEL,Belgium,EUROSTAT.IRT_LT_MCBY,Long-term government bond yield (EMU convergence criterion),%,2021,-0.01,Eurostat irt_lt_mcby_a,2026-08-02
BEL,Belgium,EUROSTAT.IRT_LT_MCBY,Long-term government bond yield (EMU convergence criterion),%,2022,1.73,Eurostat irt_lt_mcby_a,2026-08-02
BEL,Belgium,EUROSTAT.IRT_LT_MCBY,Long-term government bond yield (EMU convergence criterion),%,2023,3.09,Eurostat irt_lt_mcby_a,2026-08-02
BEL,Belgium,EUROSTAT.IRT_LT_MCBY,Long-term government bond yield (EMU convergence criterion),%,2024,2.92,Eurostat irt_lt_mcby_a,2026-08-02
BEL,Belgium,EUROSTAT.IRT_LT_MCBY,Long-term government bond yield (EMU convergence criterion),%,2025,3.17326,Eurostat irt_lt_mcby_a,2026-08-02
BGR,Bulgaria,EUROSTAT.IRT_LT_MCBY,Long-term government bond yield (EMU convergence criterion),%,2003,6.44337,Eurostat irt_lt_mcby_a,2026-08-02
BGR,Bulgaria,EUROSTAT.IRT_LT_MCBY,Long-term government bond yield (EMU convergence criterion),%,2004,5.35997,Eurostat irt_lt_mcby_a,2026-08-02
BGR,Bulgaria,EUROSTAT.IRT_LT_MCBY,Long-term government bond yield (EMU convergence criterion),%,2005,3.87236,Eurostat irt_lt_mcby_a,2026-08-02
BGR,Bulgaria,EUROSTAT.IRT_LT_MCBY,Long-term government bond yield (EMU convergence criterion),%,2006,4.18649,Eurostat irt_lt_mcby_a,2026-08-02
BGR,Bulgaria,EUROSTAT.IRT_LT_MCBY,Long-term government bond yield (EMU convergence criterion),%,2007,4.54142,Eurostat irt_lt_mcby_a,2026-08-02
BGR,Bulgaria,EUROSTAT.IRT_LT_MCBY,Long-term government bond yield (EMU convergence criterion),%,2008,5.37842,Eurostat irt_lt_mcby_a,2026-08-02
BGR,Bulgaria,EUROSTAT.IRT_LT_MCBY,Long-term government bond yield (EMU convergence criterion),%,2009,7.21696,Eurostat irt_lt_mcby_a,2026-08-02
BGR,Bulgaria,EUROSTAT.IRT_LT_MCBY,Long-term government bond yield (EMU convergence criterion),%,2010,6.00526,Eurostat irt_lt_mcby_a,2026-08-02
BGR,Bulgaria,EUROSTAT.IRT_LT_MCBY,Long-term government bond yield (EMU convergence criterion),%,2011,5.35603,Eurostat irt_lt_mcby_a,2026-08-02
BGR,Bulgaria,EUROSTAT.IRT_LT_MCBY,Long-term government bond yield (EMU convergence criterion),%,2012,4.49522,Eurostat irt_lt_mcby_a,2026-08-02
BGR,Bulgaria,EUROSTAT.IRT_LT_MCBY,Long-term government bond yield (EMU convergence criterion),%,2013,3.47447,Eurostat irt_lt_mcby_a,2026-08-02
BGR,Bulgaria,EUROSTAT.IRT_LT_MCBY,Long-term government bond yield (EMU convergence criterion),%,2014,3.34597,Eurostat irt_lt_mcby_a,2026-08-02
BGR,Bulgaria,EUROSTAT.IRT_LT_MCBY,Long-term government bond yield (EMU convergence criterion),%,2015,2.49115,Eurostat irt_lt_mcby_a,2026-08-02
BGR,Bulgaria,EUROSTAT.IRT_LT_MCBY,Long-term government bond yield (EMU convergence criterion),%,2016,2.27025,Eurostat irt_lt_mcby_a,2026-08-02
BGR,Bulgaria,EUROSTAT.IRT_LT_MCBY,Long-term government bond yield (EMU convergence criterion),%,2017,1.60112,Eurostat irt_lt_mcby_a,2026-08-02
BGR,Bulgaria,EUROSTAT.IRT_LT_MCBY,Long-term government bond yield (EMU convergence criterion),%,2018,0.89186,Eurostat irt_lt_mcby_a,2026-08-02
BGR,Bulgaria,EUROSTAT.IRT_LT_MCBY,Long-term government bond yield (EMU convergence criterion),%,2019,0.428,Eurostat irt_lt_mcby_a,2026-08-02
BGR,Bulgaria,EUROSTAT.IRT_LT_MCBY,Long-term government bond yield (EMU convergence criterion),%,2020,0.25418,Eurostat irt_lt_mcby_a,2026-08-02
BGR,Bulgaria,EUROSTAT.IRT_LT_MCBY,Long-term government bond yield (EMU convergence criterion),%,2021,0.1897,Eurostat irt_lt_mcby_a,2026-08-02
BGR,Bulgaria,EUROSTAT.IRT_LT_MCBY,Long-term government bond yield (EMU convergence criterion),%,2022,1.5366,Eurostat irt_lt_mcby_a,2026-08-02
BGR,Bulgaria,EUROSTAT.IRT_LT_MCBY,Long-term government bond yield (EMU convergence criterion),%,2023,3.75871,Eurostat irt_lt_mcby_a,2026-08-02
BGR,Bulgaria,EUROSTAT.IRT_LT_MCBY,Long-term government bond yield (EMU convergence criterion),%,2024,3.93085,Eurostat irt_lt_mcby_a,2026-08-02
BGR,Bulgaria,EUROSTAT.IRT_LT_MCBY,Long-term government bond yield (EMU convergence criterion),%,2025,3.93,Eurostat irt_lt_mcby_a,2026-08-02
CYP,Cyprus,EUROSTAT.IRT_LT_MCBY,Long-term government bond yield (EMU convergence criterion),%,2001,7.62,Eurostat irt_lt_mcby_a,2026-08-02
CYP,Cyprus,EUROSTAT.IRT_LT_MCBY,Long-term government bond yield (EMU convergence criterion),%,2002,5.7,Eurostat irt_lt_mcby_a,2026-08-02
CYP,Cyprus,EUROSTAT.IRT_LT_MCBY,Long-term government bond yield (EMU convergence criterion),%,2003,4.74,Eurostat irt_lt_mcby_a,2026-08-02
CYP,Cyprus,EUROSTAT.IRT_LT_MCBY,Long-term government bond yield (EMU convergence criterion),%,2004,5.8,Eurostat irt_lt_mcby_a,2026-08-02
CYP,Cyprus,EUROSTAT.IRT_LT_MCBY,Long-term government bond yield (EMU convergence criterion),%,2005,5.16,Eurostat irt_lt_mcby_a,2026-08-02
CYP,Cyprus,EUROSTAT.IRT_LT_MCBY,Long-term government bond yield (EMU convergence criterion),%,2006,4.13,Eurostat irt_lt_mcby_a,2026-08-02
CYP,Cyprus,EUROSTAT.IRT_LT_MCBY,Long-term government bond yield (EMU convergence criterion),%,2007,4.48,Eurostat irt_lt_mcby_a,2026-08-02
CYP,Cyprus,EUROSTAT.IRT_LT_MCBY,Long-term government bond yield (EMU convergence criterion),%,2008,4.6,Eurostat irt_lt_mcby_a,2026-08-02
CYP,Cyprus,EUROSTAT.IRT_LT_MCBY,Long-term government bond yield (EMU convergence criterion),%,2009,4.6,Eurostat irt_lt_mcby_a,2026-08-02
CYP,Cyprus,EUROSTAT.IRT_LT_MCBY,Long-term government bond yield (EMU convergence criterion),%,2010,4.6,Eurostat irt_lt_mcby_a,2026-08-02
CYP,Cyprus,EUROSTAT.IRT_LT_MCBY,Long-term government bond yield (EMU convergence criterion),%,2011,5.79,Eurostat irt_lt_mcby_a,2026-08-02
CYP,Cyprus,EUROSTAT.IRT_LT_MCBY,Long-term government bond yield (EMU convergence criterion),%,2012,7.0,Eurostat irt_lt_mcby_a,2026-08-02
CYP,Cyprus,EUROSTAT.IRT_LT_MCBY,Long-term government bond yield (EMU convergence criterion),%,2013,6.5,Eurostat irt_lt_mcby_a,2026-08-02
CYP,Cyprus,EUROSTAT.IRT_LT_MCBY,Long-term government bond yield (EMU convergence criterion),%,2014,6.0,Eurostat irt_lt_mcby_a,2026-08-02
CYP,Cyprus,EUROSTAT.IRT_LT_MCBY,Long-term government bond yield (EMU convergence criterion),%,2015,4.54,Eurostat irt_lt_mcby_a,2026-08-02
CYP,Cyprus,EUROSTAT.IRT_LT_MCBY,Long-term government bond yield (EMU convergence criterion),%,2016,3.77,Eurostat irt_lt_mcby_a,2026-08-02
CYP,Cyprus,EUROSTAT.IRT_LT_MCBY,Long-term government bond yield (EMU convergence criterion),%,2017,2.62,Eurostat irt_lt_mcby_a,2026-08-02
CYP,Cyprus,EUROSTAT.IRT_LT_MCBY,Long-term government bond yield (EMU convergence criterion),%,2018,2.18,Eurostat irt_lt_mcby_a,2026-08-02
CYP,Cyprus,EUROSTAT.IRT_LT_MCBY,Long-term government bond yield (EMU convergence criterion),%,2019,1.07,Eurostat irt_lt_mcby_a,2026-08-02
CYP,Cyprus,EUROSTAT.IRT_LT_MCBY,Long-term government bond yield (EMU convergence criterion),%,2020,0.88,Eurostat irt_lt_mcby_a,2026-08-02
CYP,Cyprus,EUROSTAT.IRT_LT_MCBY,Long-term government bond yield (EMU convergence criterion),%,2021,0.37,Eurostat irt_lt_mcby_a,2026-08-02
CYP,Cyprus,EUROSTAT.IRT_LT_MCBY,Long-term government bond yield (EMU convergence criterion),%,2022,2.96,Eurostat irt_lt_mcby_a,2026-08-02
CYP,Cyprus,EUROSTAT.IRT_LT_MCBY,Long-term government bond yield (EMU convergence criterion),%,2023,3.91,Eurostat irt_lt_mcby_a,2026-08-02
CYP,Cyprus,EUROSTAT.IRT_LT_MCBY,Long-term government bond yield (EMU convergence criterion),%,2024,3.13,Eurostat irt_lt_mcby_a,2026-08-02
CYP,Cyprus,EUROSTAT.IRT_LT_MCBY,Long-term government bond yield (EMU convergence criterion),%,2025,2.92614,Eurostat irt_lt_mcby_a,2026-08-02
CZE,Czechia,EUROSTAT.IRT_LT_MCBY,Long-term government bond yield (EMU convergence criterion),%,2001,6.31,Eurostat irt_lt_mcby_a,2026-08-02
CZE,Czechia,EUROSTAT.IRT_LT_MCBY,Long-term government bond yield (EMU convergence criterion),%,2002,4.88,Eurostat irt_lt_mcby_a,2026-08-02
CZE,Czechia,EUROSTAT.IRT_LT_MCBY,Long-term government bond yield (EMU convergence criterion),%,2003,4.12,Eurostat irt_lt_mcby_a,2026-08-02
CZE,Czechia,EUROSTAT.IRT_LT_MCBY,Long-term government bond yield (EMU convergence criterion),%,2004,4.82,Eurostat irt_lt_mcby_a,2026-08-02
CZE,Czechia,EUROSTAT.IRT_LT_MCBY,Long-term government bond yield (EMU convergence criterion),%,2005,3.54,Eurostat irt_lt_mcby_a,2026-08-02
CZE,Czechia,EUROSTAT.IRT_LT_MCBY,Long-term government bond yield (EMU convergence criterion),%,2006,3.8,Eurostat irt_lt_mcby_a,2026-08-02
CZE,Czechia,EUROSTAT.IRT_LT_MCBY,Long-term government bond yield (EMU convergence criterion),%,2007,4.3,Eurostat irt_lt_mcby_a,2026-08-02
CZE,Czechia,EUROSTAT.IRT_LT_MCBY,Long-term government bond yield (EMU convergence criterion),%,2008,4.63,Eurostat irt_lt_mcby_a,2026-08-02
CZE,Czechia,EUROSTAT.IRT_LT_MCBY,Long-term government bond yield (EMU convergence criterion),%,2009,4.84,Eurostat irt_lt_mcby_a,2026-08-02
CZE,Czechia,EUROSTAT.IRT_LT_MCBY,Long-term government bond yield (EMU convergence criterion),%,2010,3.88,Eurostat irt_lt_mcby_a,2026-08-02
CZE,Czechia,EUROSTAT.IRT_LT_MCBY,Long-term government bond yield (EMU convergence criterion),%,2011,3.71,Eurostat irt_lt_mcby_a,2026-08-02
CZE,Czechia,EUROSTAT.IRT_LT_MCBY,Long-term government bond yield (EMU convergence criterion),%,2012,2.78,Eurostat irt_lt_mcby_a,2026-08-02
CZE,Czechia,EUROSTAT.IRT_LT_MCBY,Long-term government bond yield (EMU convergence criterion),%,2013,2.11,Eurostat irt_lt_mcby_a,2026-08-02
CZE,Czechia,EUROSTAT.IRT_LT_MCBY,Long-term government bond yield (EMU convergence criterion),%,2014,1.58,Eurostat irt_lt_mcby_a,2026-08-02
CZE,Czechia,EUROSTAT.IRT_LT_MCBY,Long-term government bond yield (EMU convergence criterion),%,2015,0.58,Eurostat irt_lt_mcby_a,2026-08-02
CZE,Czechia,EUROSTAT.IRT_LT_MCBY,Long-term government bond yield (EMU convergence criterion),%,2016,0.43,Eurostat irt_lt_mcby_a,2026-08-02
CZE,Czechia,EUROSTAT.IRT_LT_MCBY,Long-term government bond yield (EMU convergence criterion),%,2017,0.98,Eurostat irt_lt_mcby_a,2026-08-02
CZE,Czechia,EUROSTAT.IRT_LT_MCBY,Long-term government bond yield (EMU convergence criterion),%,2018,1.98,Eurostat irt_lt_mcby_a,2026-08-02
CZE,Czechia,EUROSTAT.IRT_LT_MCBY,Long-term government bond yield (EMU convergence criterion),%,2019,1.55,Eurostat irt_lt_mcby_a,2026-08-02
CZE,Czechia,EUROSTAT.IRT_LT_MCBY,Long-term government bond yield (EMU convergence criterion),%,2020,1.13,Eurostat irt_lt_mcby_a,2026-08-02
CZE,Czechia,EUROSTAT.IRT_LT_MCBY,Long-term government bond yield (EMU convergence criterion),%,2021,1.9,Eurostat irt_lt_mcby_a,2026-08-02
CZE,Czechia,EUROSTAT.IRT_LT_MCBY,Long-term government bond yield (EMU convergence criterion),%,2022,4.33,Eurostat irt_lt_mcby_a,2026-08-02
CZE,Czechia,EUROSTAT.IRT_LT_MCBY,Long-term government bond yield (EMU convergence criterion),%,2023,4.44,Eurostat irt_lt_mcby_a,2026-08-02
CZE,Czechia,EUROSTAT.IRT_LT_MCBY,Long-term government bond yield (EMU convergence criterion),%,2024,3.98,Eurostat irt_lt_mcby_a,2026-08-02
CZE,Czechia,EUROSTAT.IRT_LT_MCBY,Long-term government bond yield (EMU convergence criterion),%,2025,4.28686,Eurostat irt_lt_mcby_a,2026-08-02
DEU,Germany,EUROSTAT.IRT_LT_MCBY,Long-term government bond yield (EMU convergence criterion),%,1967,6.92,Eurostat irt_lt_mcby_a,2026-08-02
DEU,Germany,EUROSTAT.IRT_LT_MCBY,Long-term government bond yield (EMU convergence criterion),%,1968,6.53,Eurostat irt_lt_mcby_a,2026-08-02
DEU,Germany,EUROSTAT.IRT_LT_MCBY,Long-term government bond yield (EMU convergence criterion),%,1969,6.84,Eurostat irt_lt_mcby_a,2026-08-02
DEU,Germany,EUROSTAT.IRT_LT_MCBY,Long-term government bond yield (EMU convergence criterion),%,1970,8.29,Eurostat irt_lt_mcby_a,2026-08-02
DEU,Germany,EUROSTAT.IRT_LT_MCBY,Long-term government bond yield (EMU convergence criterion),%,1971,7.98,Eurostat irt_lt_mcby_a,2026-08-02
DEU,Germany,EUROSTAT.IRT_LT_MCBY,Long-term government bond yield (EMU convergence criterion),%,1972,7.95,Eurostat irt_lt_mcby_a,2026-08-02
DEU,Germany,EUROSTAT.IRT_LT_MCBY,Long-term government bond yield (EMU convergence criterion),%,1973,9.27,Eurostat irt_lt_mcby_a,2026-08-02
DEU,Germany,EUROSTAT.IRT_LT_MCBY,Long-term government bond yield (EMU convergence criterion),%,1974,10.4,Eurostat irt_lt_mcby_a,2026-08-02
DEU,Germany,EUROSTAT.IRT_LT_MCBY,Long-term government bond yield (EMU convergence criterion),%,1975,8.74,Eurostat irt_lt_mcby_a,2026-08-02
DEU,Germany,EUROSTAT.IRT_LT_MCBY,Long-term government bond yield (EMU convergence criterion),%,1976,8.15,Eurostat irt_lt_mcby_a,2026-08-02
DEU,Germany,EUROSTAT.IRT_LT_MCBY,Long-term government bond yield (EMU convergence criterion),%,1977,6.63,Eurostat irt_lt_mcby_a,2026-08-02
DEU,Germany,EUROSTAT.IRT_LT_MCBY,Long-term government bond yield (EMU convergence criterion),%,1978,6.18,Eurostat irt_lt_mcby_a,2026-08-02
DEU,Germany,EUROSTAT.IRT_LT_MCBY,Long-term government bond yield (EMU convergence criterion),%,1979,7.61,Eurostat irt_lt_mcby_a,2026-08-02
DEU,Germany,EUROSTAT.IRT_LT_MCBY,Long-term government bond yield (EMU convergence criterion),%,1980,8.49,Eurostat irt_lt_mcby_a,2026-08-02
DEU,Germany,EUROSTAT.IRT_LT_MCBY,Long-term government bond yield (EMU convergence criterion),%,1981,10.11,Eurostat irt_lt_mcby_a,2026-08-02
DEU,Germany,EUROSTAT.IRT_LT_MCBY,Long-term government bond yield (EMU convergence criterion),%,1982,8.97,Eurostat irt_lt_mcby_a,2026-08-02
DEU,Germany,EUROSTAT.IRT_LT_MCBY,Long-term government bond yield (EMU convergence criterion),%,1983,8.02,Eurostat irt_lt_mcby_a,2026-08-02
DEU,Germany,EUROSTAT.IRT_LT_MCBY,Long-term government bond yield (EMU convergence criterion),%,1984,7.95,Eurostat irt_lt_mcby_a,2026-08-02
DEU,Germany,EUROSTAT.IRT_LT_MCBY,Long-term government bond yield (EMU convergence criterion),%,1985,6.95,Eurostat irt_lt_mcby_a,2026-08-02
DEU,Germany,EUROSTAT.IRT_LT_MCBY,Long-term government bond yield (EMU convergence criterion),%,1986,5.89,Eurostat irt_lt_mcby_a,2026-08-02
DEU,Germany,EUROSTAT.IRT_LT_MCBY,Long-term government bond yield (EMU convergence criterion),%,1987,6.14,Eurostat irt_lt_mcby_a,2026-08-02
DEU,Germany,EUROSTAT.IRT_LT_MCBY,Long-term government bond yield (EMU convergence criterion),%,1988,6.49,Eurostat irt_lt_mcby_a,2026-08-02
DEU,Germany,EUROSTAT.IRT_LT_MCBY,Long-term government bond yield (EMU convergence criterion),%,1989,7.35,Eurostat irt_lt_mcby_a,2026-08-02
DEU,Germany,EUROSTAT.IRT_LT_MCBY,Long-term government bond yield (EMU convergence criterion),%,1990,8.73,Eurostat irt_lt_mcby_a,2026-08-02
DEU,Germany,EUROSTAT.IRT_LT_MCBY,Long-term government bond yield (EMU convergence criterion),%,1991,8.45,Eurostat irt_lt_mcby_a,2026-08-02
DEU,Germany,EUROSTAT.IRT_LT_MCBY,Long-term government bond yield (EMU convergence criterion),%,1992,7.84,Eurostat irt_lt_mcby_a,2026-08-02
DEU,Germany,EUROSTAT.IRT_LT_MCBY,Long-term government bond yield (EMU convergence criterion),%,1993,6.51,Eurostat irt_lt_mcby_a,2026-08-02
DEU,Germany,EUROSTAT.IRT_LT_MCBY,Long-term government bond yield (EMU convergence criterion),%,1994,6.87,Eurostat irt_lt_mcby_a,2026-08-02
DEU,Germany,EUROSTAT.IRT_LT_MCBY,Long-term government bond yield (EMU convergence criterion),%,1995,6.85,Eurostat irt_lt_mcby_a,2026-08-02
DEU,Germany,EUROSTAT.IRT_LT_MCBY,Long-term government bond yield (EMU convergence criterion),%,1996,6.22,Eurostat irt_lt_mcby_a,2026-08-02
DEU,Germany,EUROSTAT.IRT_LT_MCBY,Long-term government bond yield (EMU convergence criterion),%,1997,5.64,Eurostat irt_lt_mcby_a,2026-08-02
DEU,Germany,EUROSTAT.IRT_LT_MCBY,Long-term government bond yield (EMU convergence criterion),%,1998,4.57,Eurostat irt_lt_mcby_a,2026-08-02
DEU,Germany,EUROSTAT.IRT_LT_MCBY,Long-term government bond yield (EMU convergence criterion),%,1999,4.49,Eurostat irt_lt_mcby_a,2026-08-02
DEU,Germany,EUROSTAT.IRT_LT_MCBY,Long-term government bond yield (EMU convergence criterion),%,2000,5.26,Eurostat irt_lt_mcby_a,2026-08-02
DEU,Germany,EUROSTAT.IRT_LT_MCBY,Long-term government bond yield (EMU convergence criterion),%,2001,4.8,Eurostat irt_lt_mcby_a,2026-08-02
DEU,Germany,EUROSTAT.IRT_LT_MCBY,Long-term government bond yield (EMU convergence criterion),%,2002,4.78,Eurostat irt_lt_mcby_a,2026-08-02
DEU,Germany,EUROSTAT.IRT_LT_MCBY,Long-term government bond yield (EMU convergence criterion),%,2003,4.07,Eurostat irt_lt_mcby_a,2026-08-02
DEU,Germany,EUROSTAT.IRT_LT_MCBY,Long-term government bond yield (EMU convergence criterion),%,2004,4.04,Eurostat irt_lt_mcby_a,2026-08-02
DEU,Germany,EUROSTAT.IRT_LT_MCBY,Long-term government bond yield (EMU convergence criterion),%,2005,3.35,Eurostat irt_lt_mcby_a,2026-08-02
DEU,Germany,EUROSTAT.IRT_LT_MCBY,Long-term government bond yield (EMU convergence criterion),%,2006,3.76,Eurostat irt_lt_mcby_a,2026-08-02
DEU,Germany,EUROSTAT.IRT_LT_MCBY,Long-term government bond yield (EMU convergence criterion),%,2007,4.22,Eurostat irt_lt_mcby_a,2026-08-02
DEU,Germany,EUROSTAT.IRT_LT_MCBY,Long-term government bond yield (EMU convergence criterion),%,2008,3.98,Eurostat irt_lt_mcby_a,2026-08-02
DEU,Germany,EUROSTAT.IRT_LT_MCBY,Long-term government bond yield (EMU convergence criterion),%,2009,3.22,Eurostat irt_lt_mcby_a,2026-08-02
DEU,Germany,EUROSTAT.IRT_LT_MCBY,Long-term government bond yield (EMU convergence criterion),%,2010,2.74,Eurostat irt_lt_mcby_a,2026-08-02
DEU,Germany,EUROSTAT.IRT_LT_MCBY,Long-term government bond yield (EMU convergence criterion),%,2011,2.61,Eurostat irt_lt_mcby_a,2026-08-02
DEU,Germany,EUROSTAT.IRT_LT_MCBY,Long-term government bond yield (EMU convergence criterion),%,2012,1.5,Eurostat irt_lt_mcby_a,2026-08-02
DEU,Germany,EUROSTAT.IRT_LT_MCBY,Long-term government bond yield (EMU convergence criterion),%,2013,1.57,Eurostat irt_lt_mcby_a,2026-08-02
DEU,Germany,EUROSTAT.IRT_LT_MCBY,Long-term government bond yield (EMU convergence criterion),%,2014,1.16,Eurostat irt_lt_mcby_a,2026-08-02
DEU,Germany,EUROSTAT.IRT_LT_MCBY,Long-term government bond yield (EMU convergence criterion),%,2015,0.5,Eurostat irt_lt_mcby_a,2026-08-02
DEU,Germany,EUROSTAT.IRT_LT_MCBY,Long-term government bond yield (EMU convergence criterion),%,2016,0.09,Eurostat irt_lt_mcby_a,2026-08-02
DEU,Germany,EUROSTAT.IRT_LT_MCBY,Long-term government bond yield (EMU convergence criterion),%,2017,0.32,Eurostat irt_lt_mcby_a,2026-08-02
DEU,Germany,EUROSTAT.IRT_LT_MCBY,Long-term government bond yield (EMU convergence criterion),%,2018,0.4,Eurostat irt_lt_mcby_a,2026-08-02
DEU,Germany,EUROSTAT.IRT_LT_MCBY,Long-term government bond yield (EMU convergence criterion),%,2019,-0.25,Eurostat irt_lt_mcby_a,2026-08-02
DEU,Germany,EUROSTAT.IRT_LT_MCBY,Long-term government bond yield (EMU convergence criterion),%,2020,-0.51,Eurostat irt_lt_mcby_a,2026-08-02
DEU,Germany,EUROSTAT.IRT_LT_MCBY,Long-term government bond yield (EMU convergence criterion),%,2021,-0.37,Eurostat irt_lt_mcby_a,2026-08-02
DEU,Germany,EUROSTAT.IRT_LT_MCBY,Long-term government bond yield (EMU convergence criterion),%,2022,1.14,Eurostat irt_lt_mcby_a,2026-08-02
DEU,Germany,EUROSTAT.IRT_LT_MCBY,Long-term government bond yield (EMU convergence criterion),%,2023,2.43,Eurostat irt_lt_mcby_a,2026-08-02
DEU,Germany,EUROSTAT.IRT_LT_MCBY,Long-term government bond yield (EMU convergence criterion),%,2024,2.32,Eurostat irt_lt_mcby_a,2026-08-02
DEU,Germany,EUROSTAT.IRT_LT_MCBY,Long-term government bond yield (EMU convergence criterion),%,2025,2.59206,Eurostat irt_lt_mcby_a,2026-08-02
DNK,Denmark,EUROSTAT.IRT_LT_MCBY,Long-term government bond yield (EMU convergence criterion),%,1983,14.44,Eurostat irt_lt_mcby_a,2026-08-02
DNK,Denmark,EUROSTAT.IRT_LT_MCBY,Long-term government bond yield (EMU convergence criterion),%,1984,14.41,Eurostat irt_lt_mcby_a,2026-08-02
DNK,Denmark,EUROSTAT.IRT_LT_MCBY,Long-term government bond yield (EMU convergence criterion),%,1985,11.57,Eurostat irt_lt_mcby_a,2026-08-02
DNK,Denmark,EUROSTAT.IRT_LT_MCBY,Long-term government bond yield (EMU convergence criterion),%,1986,10.07,Eurostat irt_lt_mcby_a,2026-08-02
DNK,Denmark,EUROSTAT.IRT_LT_MCBY,Long-term government bond yield (EMU convergence criterion),%,1987,11.29,Eurostat irt_lt_mcby_a,2026-08-02
DNK,Denmark,EUROSTAT.IRT_LT_MCBY,Long-term government bond yield (EMU convergence criterion),%,1988,9.87,Eurostat irt_lt_mcby_a,2026-08-02
DNK,Denmark,EUROSTAT.IRT_LT_MCBY,Long-term government bond yield (EMU convergence criterion),%,1989,9.7,Eurostat irt_lt_mcby_a,2026-08-02
DNK,Denmark,EUROSTAT.IRT_LT_MCBY,Long-term government bond yield (EMU convergence criterion),%,1990,10.63,Eurostat irt_lt_mcby_a,2026-08-02
DNK,Denmark,EUROSTAT.IRT_LT_MCBY,Long-term government bond yield (EMU convergence criterion),%,1991,9.27,Eurostat irt_lt_mcby_a,2026-08-02
DNK,Denmark,EUROSTAT.IRT_LT_MCBY,Long-term government bond yield (EMU convergence criterion),%,1992,8.99,Eurostat irt_lt_mcby_a,2026-08-02
DNK,Denmark,EUROSTAT.IRT_LT_MCBY,Long-term government bond yield (EMU convergence criterion),%,1993,7.3,Eurostat irt_lt_mcby_a,2026-08-02
DNK,Denmark,EUROSTAT.IRT_LT_MCBY,Long-term government bond yield (EMU convergence criterion),%,1994,7.83,Eurostat irt_lt_mcby_a,2026-08-02
DNK,Denmark,EUROSTAT.IRT_LT_MCBY,Long-term government bond yield (EMU convergence criterion),%,1995,8.27,Eurostat irt_lt_mcby_a,2026-08-02
DNK,Denmark,EUROSTAT.IRT_LT_MCBY,Long-term government bond yield (EMU convergence criterion),%,1996,7.19,Eurostat irt_lt_mcby_a,2026-08-02
DNK,Denmark,EUROSTAT.IRT_LT_MCBY,Long-term government bond yield (EMU convergence criterion),%,1997,6.25,Eurostat irt_lt_mcby_a,2026-08-02
DNK,Denmark,EUROSTAT.IRT_LT_MCBY,Long-term government bond yield (EMU convergence criterion),%,1998,4.94,Eurostat irt_lt_mcby_a,2026-08-02
DNK,Denmark,EUROSTAT.IRT_LT_MCBY,Long-term government bond yield (EMU convergence criterion),%,1999,4.91,Eurostat irt_lt_mcby_a,2026-08-02
DNK,Denmark,EUROSTAT.IRT_LT_MCBY,Long-term government bond yield (EMU convergence criterion),%,2000,5.64,Eurostat irt_lt_mcby_a,2026-08-02
DNK,Denmark,EUROSTAT.IRT_LT_MCBY,Long-term government bond yield (EMU convergence criterion),%,2001,5.08,Eurostat irt_lt_mcby_a,2026-08-02
DNK,Denmark,EUROSTAT.IRT_LT_MCBY,Long-term government bond yield (EMU convergence criterion),%,2002,5.06,Eurostat irt_lt_mcby_a,2026-08-02
DNK,Denmark,EUROSTAT.IRT_LT_MCBY,Long-term government bond yield (EMU convergence criterion),%,2003,4.31,Eurostat irt_lt_mcby_a,2026-08-02
DNK,Denmark,EUROSTAT.IRT_LT_MCBY,Long-term government bond yield (EMU convergence criterion),%,2004,4.3,Eurostat irt_lt_mcby_a,2026-08-02
DNK,Denmark,EUROSTAT.IRT_LT_MCBY,Long-term government bond yield (EMU convergence criterion),%,2005,3.4,Eurostat irt_lt_mcby_a,2026-08-02
DNK,Denmark,EUROSTAT.IRT_LT_MCBY,Long-term government bond yield (EMU convergence criterion),%,2006,3.81,Eurostat irt_lt_mcby_a,2026-08-02
DNK,Denmark,EUROSTAT.IRT_LT_MCBY,Long-term government bond yield (EMU convergence criterion),%,2007,4.29,Eurostat irt_lt_mcby_a,2026-08-02
DNK,Denmark,EUROSTAT.IRT_LT_MCBY,Long-term government bond yield (EMU convergence criterion),%,2008,4.28,Eurostat irt_lt_mcby_a,2026-08-02
DNK,Denmark,EUROSTAT.IRT_LT_MCBY,Long-term government bond yield (EMU convergence criterion),%,2009,3.59,Eurostat irt_lt_mcby_a,2026-08-02
DNK,Denmark,EUROSTAT.IRT_LT_MCBY,Long-term government bond yield (EMU convergence criterion),%,2010,2.93,Eurostat irt_lt_mcby_a,2026-08-02
DNK,Denmark,EUROSTAT.IRT_LT_MCBY,Long-term government bond yield (EMU convergence criterion),%,2011,2.73,Eurostat irt_lt_mcby_a,2026-08-02
DNK,Denmark,EUROSTAT.IRT_LT_MCBY,Long-term government bond yield (EMU convergence criterion),%,2012,1.4,Eurostat irt_lt_mcby_a,2026-08-02
DNK,Denmark,EUROSTAT.IRT_LT_MCBY,Long-term government bond yield (EMU convergence criterion),%,2013,1.75,Eurostat irt_lt_mcby_a,2026-08-02
DNK,Denmark,EUROSTAT.IRT_LT_MCBY,Long-term government bond yield (EMU convergence criterion),%,2014,1.32,Eurostat irt_lt_mcby_a,2026-08-02
DNK,Denmark,EUROSTAT.IRT_LT_MCBY,Long-term government bond yield (EMU convergence criterion),%,2015,0.69,Eurostat irt_lt_mcby_a,2026-08-02
DNK,Denmark,EUROSTAT.IRT_LT_MCBY,Long-term government bond yield (EMU convergence criterion),%,2016,0.32,Eurostat irt_lt_mcby_a,2026-08-02
DNK,Denmark,EUROSTAT.IRT_LT_MCBY,Long-term government bond yield (EMU convergence criterion),%,2017,0.48,Eurostat irt_lt_mcby_a,2026-08-02
DNK,Denmark,EUROSTAT.IRT_LT_MCBY,Long-term government bond yield (EMU convergence criterion),%,2018,0.45,Eurostat irt_lt_mcby_a,2026-08-02
DNK,Denmark,EUROSTAT.IRT_LT_MCBY,Long-term government bond yield (EMU convergence criterion),%,2019,-0.18,Eurostat irt_lt_mcby_a,2026-08-02
DNK,Denmark,EUROSTAT.IRT_LT_MCBY,Long-term government bond yield (EMU convergence criterion),%,2020,-0.36,Eurostat irt_lt_mcby_a,2026-08-02
DNK,Denmark,EUROSTAT.IRT_LT_MCBY,Long-term government bond yield (EMU convergence criterion),%,2021,-0.06,Eurostat irt_lt_mcby_a,2026-08-02
DNK,Denmark,EUROSTAT.IRT_LT_MCBY,Long-term government bond yield (EMU convergence criterion),%,2022,1.48,Eurostat irt_lt_mcby_a,2026-08-02
DNK,Denmark,EUROSTAT.IRT_LT_MCBY,Long-term government bond yield (EMU convergence criterion),%,2023,2.68,Eurostat irt_lt_mcby_a,2026-08-02
DNK,Denmark,EUROSTAT.IRT_LT_MCBY,Long-term government bond yield (EMU convergence criterion),%,2024,2.3,Eurostat irt_lt_mcby_a,2026-08-02
DNK,Denmark,EUROSTAT.IRT_LT_MCBY,Long-term government bond yield (EMU convergence criterion),%,2025,2.32731,Eurostat irt_lt_mcby_a,2026-08-02
ESP,Spain,EUROSTAT.IRT_LT_MCBY,Long-term government bond yield (EMU convergence criterion),%,1978,12.03,Eurostat irt_lt_mcby_a,2026-08-02
ESP,Spain,EUROSTAT.IRT_LT_MCBY,Long-term government bond yield (EMU convergence criterion),%,1979,13.31,Eurostat irt_lt_mcby_a,2026-08-02
ESP,Spain,EUROSTAT.IRT_LT_MCBY,Long-term government bond yield (EMU convergence criterion),%,1980,15.96,Eurostat irt_lt_mcby_a,2026-08-02
ESP,Spain,EUROSTAT.IRT_LT_MCBY,Long-term government bond yield (EMU convergence criterion),%,1981,15.81,Eurostat irt_lt_mcby_a,2026-08-02
ESP,Spain,EUROSTAT.IRT_LT_MCBY,Long-term government bond yield (EMU convergence criterion),%,1982,15.99,Eurostat irt_lt_mcby_a,2026-08-02
ESP,Spain,EUROSTAT.IRT_LT_MCBY,Long-term government bond yield (EMU convergence criterion),%,1983,16.91,Eurostat irt_lt_mcby_a,2026-08-02
ESP,Spain,EUROSTAT.IRT_LT_MCBY,Long-term government bond yield (EMU convergence criterion),%,1984,16.52,Eurostat irt_lt_mcby_a,2026-08-02
ESP,Spain,EUROSTAT.IRT_LT_MCBY,Long-term government bond yield (EMU convergence criterion),%,1985,13.37,Eurostat irt_lt_mcby_a,2026-08-02
ESP,Spain,EUROSTAT.IRT_LT_MCBY,Long-term government bond yield (EMU convergence criterion),%,1986,11.36,Eurostat irt_lt_mcby_a,2026-08-02
ESP,Spain,EUROSTAT.IRT_LT_MCBY,Long-term government bond yield (EMU convergence criterion),%,1987,12.81,Eurostat irt_lt_mcby_a,2026-08-02
ESP,Spain,EUROSTAT.IRT_LT_MCBY,Long-term government bond yield (EMU convergence criterion),%,1988,11.75,Eurostat irt_lt_mcby_a,2026-08-02
ESP,Spain,EUROSTAT.IRT_LT_MCBY,Long-term government bond yield (EMU convergence criterion),%,1989,13.7,Eurostat irt_lt_mcby_a,2026-08-02
ESP,Spain,EUROSTAT.IRT_LT_MCBY,Long-term government bond yield (EMU convergence criterion),%,1990,14.68,Eurostat irt_lt_mcby_a,2026-08-02
ESP,Spain,EUROSTAT.IRT_LT_MCBY,Long-term government bond yield (EMU convergence criterion),%,1991,11.38,Eurostat irt_lt_mcby_a,2026-08-02
ESP,Spain,EUROSTAT.IRT_LT_MCBY,Long-term government bond yield (EMU convergence criterion),%,1992,11.72,Eurostat irt_lt_mcby_a,2026-08-02
ESP,Spain,EUROSTAT.IRT_LT_MCBY,Long-term government bond yield (EMU convergence criterion),%,1993,10.21,Eurostat irt_lt_mcby_a,2026-08-02
ESP,Spain,EUROSTAT.IRT_LT_MCBY,Long-term government bond yield (EMU convergence criterion),%,1994,9.99,Eurostat irt_lt_mcby_a,2026-08-02
ESP,Spain,EUROSTAT.IRT_LT_MCBY,Long-term government bond yield (EMU convergence criterion),%,1995,11.27,Eurostat irt_lt_mcby_a,2026-08-02
ESP,Spain,EUROSTAT.IRT_LT_MCBY,Long-term government bond yield (EMU convergence criterion),%,1996,8.74,Eurostat irt_lt_mcby_a,2026-08-02
ESP,Spain,EUROSTAT.IRT_LT_MCBY,Long-term government bond yield (EMU convergence criterion),%,1997,6.4,Eurostat irt_lt_mcby_a,2026-08-02
ESP,Spain,EUROSTAT.IRT_LT_MCBY,Long-term government bond yield (EMU convergence criterion),%,1998,4.83,Eurostat irt_lt_mcby_a,2026-08-02
ESP,Spain,EUROSTAT.IRT_LT_MCBY,Long-term government bond yield (EMU convergence criterion),%,1999,4.73,Eurostat irt_lt_mcby_a,2026-08-02
ESP,Spain,EUROSTAT.IRT_LT_MCBY,Long-term government bond yield (EMU convergence criterion),%,2000,5.53,Eurostat irt_lt_mcby_a,2026-08-02
ESP,Spain,EUROSTAT.IRT_LT_MCBY,Long-term government bond yield (EMU convergence criterion),%,2001,5.12,Eurostat irt_lt_mcby_a,2026-08-02
ESP,Spain,EUROSTAT.IRT_LT_MCBY,Long-term government bond yield (EMU convergence criterion),%,2002,4.96,Eurostat irt_lt_mcby_a,2026-08-02
ESP,Spain,EUROSTAT.IRT_LT_MCBY,Long-term government bond yield (EMU convergence criterion),%,2003,4.12,Eurostat irt_lt_mcby_a,2026-08-02
ESP,Spain,EUROSTAT.IRT_LT_MCBY,Long-term government bond yield (EMU convergence criterion),%,2004,4.1,Eurostat irt_lt_mcby_a,2026-08-02
ESP,Spain,EUROSTAT.IRT_LT_MCBY,Long-term government bond yield (EMU convergence criterion),%,2005,3.39,Eurostat irt_lt_mcby_a,2026-08-02
ESP,Spain,EUROSTAT.IRT_LT_MCBY,Long-term government bond yield (EMU convergence criterion),%,2006,3.78,Eurostat irt_lt_mcby_a,2026-08-02
ESP,Spain,EUROSTAT.IRT_LT_MCBY,Long-term government bond yield (EMU convergence criterion),%,2007,4.31,Eurostat irt_lt_mcby_a,2026-08-02
ESP,Spain,EUROSTAT.IRT_LT_MCBY,Long-term government bond yield (EMU convergence criterion),%,2008,4.37,Eurostat irt_lt_mcby_a,2026-08-02
ESP,Spain,EUROSTAT.IRT_LT_MCBY,Long-term government bond yield (EMU convergence criterion),%,2009,3.98,Eurostat irt_lt_mcby_a,2026-08-02
ESP,Spain,EUROSTAT.IRT_LT_MCBY,Long-term government bond yield (EMU convergence criterion),%,2010,4.25,Eurostat irt_lt_mcby_a,2026-08-02
ESP,Spain,EUROSTAT.IRT_LT_MCBY,Long-term government bond yield (EMU convergence criterion),%,2011,5.44,Eurostat irt_lt_mcby_a,2026-08-02
ESP,Spain,EUROSTAT.IRT_LT_MCBY,Long-term government bond yield (EMU convergence criterion),%,2012,5.85,Eurostat irt_lt_mcby_a,2026-08-02
ESP,Spain,EUROSTAT.IRT_LT_MCBY,Long-term government bond yield (EMU convergence criterion),%,2013,4.56,Eurostat irt_lt_mcby_a,2026-08-02
ESP,Spain,EUROSTAT.IRT_LT_MCBY,Long-term government bond yield (EMU convergence criterion),%,2014,2.72,Eurostat irt_lt_mcby_a,2026-08-02
ESP,Spain,EUROSTAT.IRT_LT_MCBY,Long-term government bond yield (EMU convergence criterion),%,2015,1.73,Eurostat irt_lt_mcby_a,2026-08-02
ESP,Spain,EUROSTAT.IRT_LT_MCBY,Long-term government bond yield (EMU convergence criterion),%,2016,1.39,Eurostat irt_lt_mcby_a,2026-08-02
ESP,Spain,EUROSTAT.IRT_LT_MCBY,Long-term government bond yield (EMU convergence criterion),%,2017,1.56,Eurostat irt_lt_mcby_a,2026-08-02
ESP,Spain,EUROSTAT.IRT_LT_MCBY,Long-term government bond yield (EMU convergence criterion),%,2018,1.42,Eurostat irt_lt_mcby_a,2026-08-02
ESP,Spain,EUROSTAT.IRT_LT_MCBY,Long-term government bond yield (EMU convergence criterion),%,2019,0.66,Eurostat irt_lt_mcby_a,2026-08-02
ESP,Spain,EUROSTAT.IRT_LT_MCBY,Long-term government bond yield (EMU convergence criterion),%,2020,0.38,Eurostat irt_lt_mcby_a,2026-08-02
ESP,Spain,EUROSTAT.IRT_LT_MCBY,Long-term government bond yield (EMU convergence criterion),%,2021,0.35,Eurostat irt_lt_mcby_a,2026-08-02
ESP,Spain,EUROSTAT.IRT_LT_MCBY,Long-term government bond yield (EMU convergence criterion),%,2022,2.18,Eurostat irt_lt_mcby_a,2026-08-02
ESP,Spain,EUROSTAT.IRT_LT_MCBY,Long-term government bond yield (EMU convergence criterion),%,2023,3.48,Eurostat irt_lt_mcby_a,2026-08-02
ESP,Spain,EUROSTAT.IRT_LT_MCBY,Long-term government bond yield (EMU convergence criterion),%,2024,3.15,Eurostat irt_lt_mcby_a,2026-08-02
ESP,Spain,EUROSTAT.IRT_LT_MCBY,Long-term government bond yield (EMU convergence criterion),%,2025,3.21381,Eurostat irt_lt_mcby_a,2026-08-02
EST,Estonia,EUROSTAT.IRT_LT_MCBY,Long-term government bond yield (EMU convergence criterion),%,2020,-0.03,Eurostat irt_lt_mcby_a,2026-08-02
EST,Estonia,EUROSTAT.IRT_LT_MCBY,Long-term government bond yield (EMU convergence criterion),%,2021,0.06,Eurostat irt_lt_mcby_a,2026-08-02
EST,Estonia,EUROSTAT.IRT_LT_MCBY,Long-term government bond yield (EMU convergence criterion),%,2022,2.29,Eurostat irt_lt_mcby_a,2026-08-02
EST,Estonia,EUROSTAT.IRT_LT_MCBY,Long-term government bond yield (EMU convergence criterion),%,2023,3.9,Eurostat irt_lt_mcby_a,2026-08-02
EST,Estonia,EUROSTAT.IRT_LT_MCBY,Long-term government bond yield (EMU convergence criterion),%,2024,3.55,Eurostat irt_lt_mcby_a,2026-08-02
EST,Estonia,EUROSTAT.IRT_LT_MCBY,Long-term government bond yield (EMU convergence criterion),%,2025,3.31443,Eurostat irt_lt_mcby_a,2026-08-02
FIN,Finland,EUROSTAT.IRT_LT_MCBY,Long-term government bond yield (EMU convergence criterion),%,1987,10.41,Eurostat irt_lt_mcby_a,2026-08-02
FIN,Finland,EUROSTAT.IRT_LT_MCBY,Long-term government bond yield (EMU convergence criterion),%,1988,10.56,Eurostat irt_lt_mcby_a,2026-08-02
FIN,Finland,EUROSTAT.IRT_LT_MCBY,Long-term government bond yield (EMU convergence criterion),%,1989,12.09,Eurostat irt_lt_mcby_a,2026-08-02
FIN,Finland,EUROSTAT.IRT_LT_MCBY,Long-term government bond yield (EMU convergence criterion),%,1990,13.3,Eurostat irt_lt_mcby_a,2026-08-02
FIN,Finland,EUROSTAT.IRT_LT_MCBY,Long-term government bond yield (EMU convergence criterion),%,1991,11.23,Eurostat irt_lt_mcby_a,2026-08-02
FIN,Finland,EUROSTAT.IRT_LT_MCBY,Long-term government bond yield (EMU convergence criterion),%,1992,11.98,Eurostat irt_lt_mcby_a,2026-08-02
FIN,Finland,EUROSTAT.IRT_LT_MCBY,Long-term government bond yield (EMU convergence criterion),%,1993,8.83,Eurostat irt_lt_mcby_a,2026-08-02
FIN,Finland,EUROSTAT.IRT_LT_MCBY,Long-term government bond yield (EMU convergence criterion),%,1994,9.04,Eurostat irt_lt_mcby_a,2026-08-02
FIN,Finland,EUROSTAT.IRT_LT_MCBY,Long-term government bond yield (EMU convergence criterion),%,1995,8.79,Eurostat irt_lt_mcby_a,2026-08-02
FIN,Finland,EUROSTAT.IRT_LT_MCBY,Long-term government bond yield (EMU convergence criterion),%,1996,7.08,Eurostat irt_lt_mcby_a,2026-08-02
FIN,Finland,EUROSTAT.IRT_LT_MCBY,Long-term government bond yield (EMU convergence criterion),%,1997,5.96,Eurostat irt_lt_mcby_a,2026-08-02
FIN,Finland,EUROSTAT.IRT_LT_MCBY,Long-term government bond yield (EMU convergence criterion),%,1998,4.79,Eurostat irt_lt_mcby_a,2026-08-02
FIN,Finland,EUROSTAT.IRT_LT_MCBY,Long-term government bond yield (EMU convergence criterion),%,1999,4.72,Eurostat irt_lt_mcby_a,2026-08-02
FIN,Finland,EUROSTAT.IRT_LT_MCBY,Long-term government bond yield (EMU convergence criterion),%,2000,5.48,Eurostat irt_lt_mcby_a,2026-08-02
FIN,Finland,EUROSTAT.IRT_LT_MCBY,Long-term government bond yield (EMU convergence criterion),%,2001,5.04,Eurostat irt_lt_mcby_a,2026-08-02
FIN,Finland,EUROSTAT.IRT_LT_MCBY,Long-term government bond yield (EMU convergence criterion),%,2002,4.98,Eurostat irt_lt_mcby_a,2026-08-02
FIN,Finland,EUROSTAT.IRT_LT_MCBY,Long-term government bond yield (EMU convergence criterion),%,2003,4.13,Eurostat irt_lt_mcby_a,2026-08-02
FIN,Finland,EUROSTAT.IRT_LT_MCBY,Long-term government bond yield (EMU convergence criterion),%,2004,4.11,Eurostat irt_lt_mcby_a,2026-08-02
FIN,Finland,EUROSTAT.IRT_LT_MCBY,Long-term government bond yield (EMU convergence criterion),%,2005,3.35,Eurostat irt_lt_mcby_a,2026-08-02
FIN,Finland,EUROSTAT.IRT_LT_MCBY,Long-term government bond yield (EMU convergence criterion),%,2006,3.78,Eurostat irt_lt_mcby_a,2026-08-02
FIN,Finland,EUROSTAT.IRT_LT_MCBY,Long-term government bond yield (EMU convergence criterion),%,2007,4.29,Eurostat irt_lt_mcby_a,2026-08-02
FIN,Finland,EUROSTAT.IRT_LT_MCBY,Long-term government bond yield (EMU convergence criterion),%,2008,4.29,Eurostat irt_lt_mcby_a,2026-08-02
FIN,Finland,EUROSTAT.IRT_LT_MCBY,Long-term government bond yield (EMU convergence criterion),%,2009,3.74,Eurostat irt_lt_mcby_a,2026-08-02
FIN,Finland,EUROSTAT.IRT_LT_MCBY,Long-term government bond yield (EMU convergence criterion),%,2010,3.01,Eurostat irt_lt_mcby_a,2026-08-02
FIN,Finland,EUROSTAT.IRT_LT_MCBY,Long-term government bond yield (EMU convergence criterion),%,2011,3.01,Eurostat irt_lt_mcby_a,2026-08-02
FIN,Finland,EUROSTAT.IRT_LT_MCBY,Long-term government bond yield (EMU convergence criterion),%,2012,1.89,Eurostat irt_lt_mcby_a,2026-08-02
FIN,Finland,EUROSTAT.IRT_LT_MCBY,Long-term government bond yield (EMU convergence criterion),%,2013,1.86,Eurostat irt_lt_mcby_a,2026-08-02
FIN,Finland,EUROSTAT.IRT_LT_MCBY,Long-term government bond yield (EMU convergence criterion),%,2014,1.45,Eurostat irt_lt_mcby_a,2026-08-02
FIN,Finland,EUROSTAT.IRT_LT_MCBY,Long-term government bond yield (EMU convergence criterion),%,2015,0.72,Eurostat irt_lt_mcby_a,2026-08-02
FIN,Finland,EUROSTAT.IRT_LT_MCBY,Long-term government bond yield (EMU convergence criterion),%,2016,0.37,Eurostat irt_lt_mcby_a,2026-08-02
FIN,Finland,EUROSTAT.IRT_LT_MCBY,Long-term government bond yield (EMU convergence criterion),%,2017,0.55,Eurostat irt_lt_mcby_a,2026-08-02
FIN,Finland,EUROSTAT.IRT_LT_MCBY,Long-term government bond yield (EMU convergence criterion),%,2018,0.66,Eurostat irt_lt_mcby_a,2026-08-02
FIN,Finland,EUROSTAT.IRT_LT_MCBY,Long-term government bond yield (EMU convergence criterion),%,2019,0.07,Eurostat irt_lt_mcby_a,2026-08-02
FIN,Finland,EUROSTAT.IRT_LT_MCBY,Long-term government bond yield (EMU convergence criterion),%,2020,-0.22,Eurostat irt_lt_mcby_a,2026-08-02
FIN,Finland,EUROSTAT.IRT_LT_MCBY,Long-term government bond yield (EMU convergence criterion),%,2021,-0.09,Eurostat irt_lt_mcby_a,2026-08-02
FIN,Finland,EUROSTAT.IRT_LT_MCBY,Long-term government bond yield (EMU convergence criterion),%,2022,1.69,Eurostat irt_lt_mcby_a,2026-08-02
FIN,Finland,EUROSTAT.IRT_LT_MCBY,Long-term government bond yield (EMU convergence criterion),%,2023,3.04,Eurostat irt_lt_mcby_a,2026-08-02
FIN,Finland,EUROSTAT.IRT_LT_MCBY,Long-term government bond yield (EMU convergence criterion),%,2024,2.85,Eurostat irt_lt_mcby_a,2026-08-02
FIN,Finland,EUROSTAT.IRT_LT_MCBY,Long-term government bond yield (EMU convergence criterion),%,2025,2.99698,Eurostat irt_lt_mcby_a,2026-08-02
FRA,France,EUROSTAT.IRT_LT_MCBY,Long-term government bond yield (EMU convergence criterion),%,1970,8.04,Eurostat irt_lt_mcby_a,2026-08-02
FRA,France,EUROSTAT.IRT_LT_MCBY,Long-term government bond yield (EMU convergence criterion),%,1971,7.75,Eurostat irt_lt_mcby_a,2026-08-02
FRA,France,EUROSTAT.IRT_LT_MCBY,Long-term government bond yield (EMU convergence criterion),%,1972,7.35,Eurostat irt_lt_mcby_a,2026-08-02
FRA,France,EUROSTAT.IRT_LT_MCBY,Long-term government bond yield (EMU convergence criterion),%,1973,8.29,Eurostat irt_lt_mcby_a,2026-08-02
FRA,France,EUROSTAT.IRT_LT_MCBY,Long-term government bond yield (EMU convergence criterion),%,1974,10.45,Eurostat irt_lt_mcby_a,2026-08-02
FRA,France,EUROSTAT.IRT_LT_MCBY,Long-term government bond yield (EMU convergence criterion),%,1975,9.52,Eurostat irt_lt_mcby_a,2026-08-02
FRA,France,EUROSTAT.IRT_LT_MCBY,Long-term government bond yield (EMU convergence criterion),%,1976,9.33,Eurostat irt_lt_mcby_a,2026-08-02
FRA,France,EUROSTAT.IRT_LT_MCBY,Long-term government bond yield (EMU convergence criterion),%,1977,9.87,Eurostat irt_lt_mcby_a,2026-08-02
FRA,France,EUROSTAT.IRT_LT_MCBY,Long-term government bond yield (EMU convergence criterion),%,1978,9.5,Eurostat irt_lt_mcby_a,2026-08-02
FRA,France,EUROSTAT.IRT_LT_MCBY,Long-term government bond yield (EMU convergence criterion),%,1979,9.89,Eurostat irt_lt_mcby_a,2026-08-02
FRA,France,EUROSTAT.IRT_LT_MCBY,Long-term government bond yield (EMU convergence criterion),%,1980,13.13,Eurostat irt_lt_mcby_a,2026-08-02
FRA,France,EUROSTAT.IRT_LT_MCBY,Long-term government bond yield (EMU convergence criterion),%,1981,15.85,Eurostat irt_lt_mcby_a,2026-08-02
FRA,France,EUROSTAT.IRT_LT_MCBY,Long-term government bond yield (EMU convergence criterion),%,1982,15.65,Eurostat irt_lt_mcby_a,2026-08-02
FRA,France,EUROSTAT.IRT_LT_MCBY,Long-term government bond yield (EMU convergence criterion),%,1983,13.59,Eurostat irt_lt_mcby_a,2026-08-02
FRA,France,EUROSTAT.IRT_LT_MCBY,Long-term government bond yield (EMU convergence criterion),%,1984,12.49,Eurostat irt_lt_mcby_a,2026-08-02
FRA,France,EUROSTAT.IRT_LT_MCBY,Long-term government bond yield (EMU convergence criterion),%,1985,11.12,Eurostat irt_lt_mcby_a,2026-08-02
FRA,France,EUROSTAT.IRT_LT_MCBY,Long-term government bond yield (EMU convergence criterion),%,1986,8.54,Eurostat irt_lt_mcby_a,2026-08-02
FRA,France,EUROSTAT.IRT_LT_MCBY,Long-term government bond yield (EMU convergence criterion),%,1987,9.5,Eurostat irt_lt_mcby_a,2026-08-02
FRA,France,EUROSTAT.IRT_LT_MCBY,Long-term government bond yield (EMU convergence criterion),%,1988,9.08,Eurostat irt_lt_mcby_a,2026-08-02
FRA,France,EUROSTAT.IRT_LT_MCBY,Long-term government bond yield (EMU convergence criterion),%,1989,8.79,Eurostat irt_lt_mcby_a,2026-08-02
FRA,France,EUROSTAT.IRT_LT_MCBY,Long-term government bond yield (EMU convergence criterion),%,1990,9.94,Eurostat irt_lt_mcby_a,2026-08-02
FRA,France,EUROSTAT.IRT_LT_MCBY,Long-term government bond yield (EMU convergence criterion),%,1991,9.05,Eurostat irt_lt_mcby_a,2026-08-02
FRA,France,EUROSTAT.IRT_LT_MCBY,Long-term government bond yield (EMU convergence criterion),%,1992,8.59,Eurostat irt_lt_mcby_a,2026-08-02
FRA,France,EUROSTAT.IRT_LT_MCBY,Long-term government bond yield (EMU convergence criterion),%,1993,6.78,Eurostat irt_lt_mcby_a,2026-08-02
FRA,France,EUROSTAT.IRT_LT_MCBY,Long-term government bond yield (EMU convergence criterion),%,1994,7.22,Eurostat irt_lt_mcby_a,2026-08-02
FRA,France,EUROSTAT.IRT_LT_MCBY,Long-term government bond yield (EMU convergence criterion),%,1995,7.54,Eurostat irt_lt_mcby_a,2026-08-02
FRA,France,EUROSTAT.IRT_LT_MCBY,Long-term government bond yield (EMU convergence criterion),%,1996,6.31,Eurostat irt_lt_mcby_a,2026-08-02
FRA,France,EUROSTAT.IRT_LT_MCBY,Long-term government bond yield (EMU convergence criterion),%,1997,5.58,Eurostat irt_lt_mcby_a,2026-08-02
FRA,France,EUROSTAT.IRT_LT_MCBY,Long-term government bond yield (EMU convergence criterion),%,1998,4.64,Eurostat irt_lt_mcby_a,2026-08-02
FRA,France,EUROSTAT.IRT_LT_MCBY,Long-term government bond yield (EMU convergence criterion),%,1999,4.61,Eurostat irt_lt_mcby_a,2026-08-02
FRA,France,EUROSTAT.IRT_LT_MCBY,Long-term government bond yield (EMU convergence criterion),%,2000,5.39,Eurostat irt_lt_mcby_a,2026-08-02
FRA,France,EUROSTAT.IRT_LT_MCBY,Long-term government bond yield (EMU convergence criterion),%,2001,4.94,Eurostat irt_lt_mcby_a,2026-08-02
FRA,France,EUROSTAT.IRT_LT_MCBY,Long-term government bond yield (EMU convergence criterion),%,2002,4.86,Eurostat irt_lt_mcby_a,2026-08-02
FRA,France,EUROSTAT.IRT_LT_MCBY,Long-term government bond yield (EMU convergence criterion),%,2003,4.13,Eurostat irt_lt_mcby_a,2026-08-02
FRA,France,EUROSTAT.IRT_LT_MCBY,Long-term government bond yield (EMU convergence criterion),%,2004,4.1,Eurostat irt_lt_mcby_a,2026-08-02
FRA,France,EUROSTAT.IRT_LT_MCBY,Long-term government bond yield (EMU convergence criterion),%,2005,3.41,Eurostat irt_lt_mcby_a,2026-08-02
FRA,France,EUROSTAT.IRT_LT_MCBY,Long-term government bond yield (EMU convergence criterion),%,2006,3.8,Eurostat irt_lt_mcby_a,2026-08-02
FRA,France,EUROSTAT.IRT_LT_MCBY,Long-term government bond yield (EMU convergence criterion),%,2007,4.3,Eurostat irt_lt_mcby_a,2026-08-02
FRA,France,EUROSTAT.IRT_LT_MCBY,Long-term government bond yield (EMU convergence criterion),%,2008,4.23,Eurostat irt_lt_mcby_a,2026-08-02
FRA,France,EUROSTAT.IRT_LT_MCBY,Long-term government bond yield (EMU convergence criterion),%,2009,3.65,Eurostat irt_lt_mcby_a,2026-08-02
FRA,France,EUROSTAT.IRT_LT_MCBY,Long-term government bond yield (EMU convergence criterion),%,2010,3.12,Eurostat irt_lt_mcby_a,2026-08-02
FRA,France,EUROSTAT.IRT_LT_MCBY,Long-term government bond yield (EMU convergence criterion),%,2011,3.32,Eurostat irt_lt_mcby_a,2026-08-02
FRA,France,EUROSTAT.IRT_LT_MCBY,Long-term government bond yield (EMU convergence criterion),%,2012,2.54,Eurostat irt_lt_mcby_a,2026-08-02
FRA,France,EUROSTAT.IRT_LT_MCBY,Long-term government bond yield (EMU convergence criterion),%,2013,2.2,Eurostat irt_lt_mcby_a,2026-08-02
FRA,France,EUROSTAT.IRT_LT_MCBY,Long-term government bond yield (EMU convergence criterion),%,2014,1.67,Eurostat irt_lt_mcby_a,2026-08-02
FRA,France,EUROSTAT.IRT_LT_MCBY,Long-term government bond yield (EMU convergence criterion),%,2015,0.84,Eurostat irt_lt_mcby_a,2026-08-02
FRA,France,EUROSTAT.IRT_LT_MCBY,Long-term government bond yield (EMU convergence criterion),%,2016,0.47,Eurostat irt_lt_mcby_a,2026-08-02
FRA,France,EUROSTAT.IRT_LT_MCBY,Long-term government bond yield (EMU convergence criterion),%,2017,0.81,Eurostat irt_lt_mcby_a,2026-08-02
FRA,France,EUROSTAT.IRT_LT_MCBY,Long-term government bond yield (EMU convergence criterion),%,2018,0.78,Eurostat irt_lt_mcby_a,2026-08-02
FRA,France,EUROSTAT.IRT_LT_MCBY,Long-term government bond yield (EMU convergence criterion),%,2019,0.13,Eurostat irt_lt_mcby_a,2026-08-02
FRA,France,EUROSTAT.IRT_LT_MCBY,Long-term government bond yield (EMU convergence criterion),%,2020,-0.15,Eurostat irt_lt_mcby_a,2026-08-02
FRA,France,EUROSTAT.IRT_LT_MCBY,Long-term government bond yield (EMU convergence criterion),%,2021,0.01,Eurostat irt_lt_mcby_a,2026-08-02
FRA,France,EUROSTAT.IRT_LT_MCBY,Long-term government bond yield (EMU convergence criterion),%,2022,1.7,Eurostat irt_lt_mcby_a,2026-08-02
FRA,France,EUROSTAT.IRT_LT_MCBY,Long-term government bond yield (EMU convergence criterion),%,2023,2.99,Eurostat irt_lt_mcby_a,2026-08-02
FRA,France,EUROSTAT.IRT_LT_MCBY,Long-term government bond yield (EMU convergence criterion),%,2024,2.97,Eurostat irt_lt_mcby_a,2026-08-02
FRA,France,EUROSTAT.IRT_LT_MCBY,Long-term government bond yield (EMU convergence criterion),%,2025,3.34979,Eurostat irt_lt_mcby_a,2026-08-02
GBR,United Kingdom,EUROSTAT.IRT_LT_MCBY,Long-term government bond yield (EMU convergence criterion),%,1984,11.13,Eurostat irt_lt_mcby_a,2026-08-02
GBR,United Kingdom,EUROSTAT.IRT_LT_MCBY,Long-term government bond yield (EMU convergence criterion),%,1985,10.97,Eurostat irt_lt_mcby_a,2026-08-02
GBR,United Kingdom,EUROSTAT.IRT_LT_MCBY,Long-term government bond yield (EMU convergence criterion),%,1986,10.13,Eurostat irt_lt_mcby_a,2026-08-02
GBR,United Kingdom,EUROSTAT.IRT_LT_MCBY,Long-term government bond yield (EMU convergence criterion),%,1987,9.57,Eurostat irt_lt_mcby_a,2026-08-02
GBR,United Kingdom,EUROSTAT.IRT_LT_MCBY,Long-term government bond yield (EMU convergence criterion),%,1988,9.67,Eurostat irt_lt_mcby_a,2026-08-02
GBR,United Kingdom,EUROSTAT.IRT_LT_MCBY,Long-term government bond yield (EMU convergence criterion),%,1989,10.19,Eurostat irt_lt_mcby_a,2026-08-02
GBR,United Kingdom,EUROSTAT.IRT_LT_MCBY,Long-term government bond yield (EMU convergence criterion),%,1990,11.8,Eurostat irt_lt_mcby_a,2026-08-02
GBR,United Kingdom,EUROSTAT.IRT_LT_MCBY,Long-term government bond yield (EMU convergence criterion),%,1991,10.11,Eurostat irt_lt_mcby_a,2026-08-02
GBR,United Kingdom,EUROSTAT.IRT_LT_MCBY,Long-term government bond yield (EMU convergence criterion),%,1992,9.06,Eurostat irt_lt_mcby_a,2026-08-02
GBR,United Kingdom,EUROSTAT.IRT_LT_MCBY,Long-term government bond yield (EMU convergence criterion),%,1993,7.55,Eurostat irt_lt_mcby_a,2026-08-02
GBR,United Kingdom,EUROSTAT.IRT_LT_MCBY,Long-term government bond yield (EMU convergence criterion),%,1994,8.15,Eurostat irt_lt_mcby_a,2026-08-02
GBR,United Kingdom,EUROSTAT.IRT_LT_MCBY,Long-term government bond yield (EMU convergence criterion),%,1995,8.32,Eurostat irt_lt_mcby_a,2026-08-02
GBR,United Kingdom,EUROSTAT.IRT_LT_MCBY,Long-term government bond yield (EMU convergence criterion),%,1996,7.94,Eurostat irt_lt_mcby_a,2026-08-02
GBR,United Kingdom,EUROSTAT.IRT_LT_MCBY,Long-term government bond yield (EMU convergence criterion),%,1997,7.13,Eurostat irt_lt_mcby_a,2026-08-02
GBR,United Kingdom,EUROSTAT.IRT_LT_MCBY,Long-term government bond yield (EMU convergence criterion),%,1998,5.6,Eurostat irt_lt_mcby_a,2026-08-02
GBR,United Kingdom,EUROSTAT.IRT_LT_MCBY,Long-term government bond yield (EMU convergence criterion),%,1999,5.01,Eurostat irt_lt_mcby_a,2026-08-02
GBR,United Kingdom,EUROSTAT.IRT_LT_MCBY,Long-term government bond yield (EMU convergence criterion),%,2000,5.33,Eurostat irt_lt_mcby_a,2026-08-02
GBR,United Kingdom,EUROSTAT.IRT_LT_MCBY,Long-term government bond yield (EMU convergence criterion),%,2001,5.01,Eurostat irt_lt_mcby_a,2026-08-02
GBR,United Kingdom,EUROSTAT.IRT_LT_MCBY,Long-term government bond yield (EMU convergence criterion),%,2002,4.91,Eurostat irt_lt_mcby_a,2026-08-02
GBR,United Kingdom,EUROSTAT.IRT_LT_MCBY,Long-term government bond yield (EMU convergence criterion),%,2003,4.58,Eurostat irt_lt_mcby_a,2026-08-02
GBR,United Kingdom,EUROSTAT.IRT_LT_MCBY,Long-term government bond yield (EMU convergence criterion),%,2004,4.93,Eurostat irt_lt_mcby_a,2026-08-02
GBR,United Kingdom,EUROSTAT.IRT_LT_MCBY,Long-term government bond yield (EMU convergence criterion),%,2005,4.46,Eurostat irt_lt_mcby_a,2026-08-02
GBR,United Kingdom,EUROSTAT.IRT_LT_MCBY,Long-term government bond yield (EMU convergence criterion),%,2006,4.37,Eurostat irt_lt_mcby_a,2026-08-02
GBR,United Kingdom,EUROSTAT.IRT_LT_MCBY,Long-term government bond yield (EMU convergence criterion),%,2007,5.06,Eurostat irt_lt_mcby_a,2026-08-02
GBR,United Kingdom,EUROSTAT.IRT_LT_MCBY,Long-term government bond yield (EMU convergence criterion),%,2008,4.5,Eurostat irt_lt_mcby_a,2026-08-02
GBR,United Kingdom,EUROSTAT.IRT_LT_MCBY,Long-term government bond yield (EMU convergence criterion),%,2009,3.36,Eurostat irt_lt_mcby_a,2026-08-02
GBR,United Kingdom,EUROSTAT.IRT_LT_MCBY,Long-term government bond yield (EMU convergence criterion),%,2010,3.36,Eurostat irt_lt_mcby_a,2026-08-02
GBR,United Kingdom,EUROSTAT.IRT_LT_MCBY,Long-term government bond yield (EMU convergence criterion),%,2011,2.87,Eurostat irt_lt_mcby_a,2026-08-02
GBR,United Kingdom,EUROSTAT.IRT_LT_MCBY,Long-term government bond yield (EMU convergence criterion),%,2012,1.74,Eurostat irt_lt_mcby_a,2026-08-02
GBR,United Kingdom,EUROSTAT.IRT_LT_MCBY,Long-term government bond yield (EMU convergence criterion),%,2013,2.03,Eurostat irt_lt_mcby_a,2026-08-02
GBR,United Kingdom,EUROSTAT.IRT_LT_MCBY,Long-term government bond yield (EMU convergence criterion),%,2014,2.14,Eurostat irt_lt_mcby_a,2026-08-02
GBR,United Kingdom,EUROSTAT.IRT_LT_MCBY,Long-term government bond yield (EMU convergence criterion),%,2015,1.79,Eurostat irt_lt_mcby_a,2026-08-02
GBR,United Kingdom,EUROSTAT.IRT_LT_MCBY,Long-term government bond yield (EMU convergence criterion),%,2016,1.22,Eurostat irt_lt_mcby_a,2026-08-02
GBR,United Kingdom,EUROSTAT.IRT_LT_MCBY,Long-term government bond yield (EMU convergence criterion),%,2017,1.18,Eurostat irt_lt_mcby_a,2026-08-02
GBR,United Kingdom,EUROSTAT.IRT_LT_MCBY,Long-term government bond yield (EMU convergence criterion),%,2018,1.41,Eurostat irt_lt_mcby_a,2026-08-02
GBR,United Kingdom,EUROSTAT.IRT_LT_MCBY,Long-term government bond yield (EMU convergence criterion),%,2019,0.88,Eurostat irt_lt_mcby_a,2026-08-02
GBR,United Kingdom,EUROSTAT.IRT_LT_MCBY,Long-term government bond yield (EMU convergence criterion),%,2020,0.32,Eurostat irt_lt_mcby_a,2026-08-02
GBR,United Kingdom,EUROSTAT.IRT_LT_MCBY,Long-term government bond yield (EMU convergence criterion),%,2021,0.74,Eurostat irt_lt_mcby_a,2026-08-02
GBR,United Kingdom,EUROSTAT.IRT_LT_MCBY,Long-term government bond yield (EMU convergence criterion),%,2022,2.38,Eurostat irt_lt_mcby_a,2026-08-02
GBR,United Kingdom,EUROSTAT.IRT_LT_MCBY,Long-term government bond yield (EMU convergence criterion),%,2023,4.01,Eurostat irt_lt_mcby_a,2026-08-02
GBR,United Kingdom,EUROSTAT.IRT_LT_MCBY,Long-term government bond yield (EMU convergence criterion),%,2024,4.12,Eurostat irt_lt_mcby_a,2026-08-02
GRC,Greece,EUROSTAT.IRT_LT_MCBY,Long-term government bond yield (EMU convergence criterion),%,1992,24.13,Eurostat irt_lt_mcby_a,2026-08-02
GRC,Greece,EUROSTAT.IRT_LT_MCBY,Long-term government bond yield (EMU convergence criterion),%,1993,23.27,Eurostat irt_lt_mcby_a,2026-08-02
GRC,Greece,EUROSTAT.IRT_LT_MCBY,Long-term government bond yield (EMU convergence criterion),%,1994,20.7,Eurostat irt_lt_mcby_a,2026-08-02
GRC,Greece,EUROSTAT.IRT_LT_MCBY,Long-term government bond yield (EMU convergence criterion),%,1995,16.96,Eurostat irt_lt_mcby_a,2026-08-02
GRC,Greece,EUROSTAT.IRT_LT_MCBY,Long-term government bond yield (EMU convergence criterion),%,1996,14.43,Eurostat irt_lt_mcby_a,2026-08-02
GRC,Greece,EUROSTAT.IRT_LT_MCBY,Long-term government bond yield (EMU convergence criterion),%,1997,9.92,Eurostat irt_lt_mcby_a,2026-08-02
GRC,Greece,EUROSTAT.IRT_LT_MCBY,Long-term government bond yield (EMU convergence criterion),%,1998,8.48,Eurostat irt_lt_mcby_a,2026-08-02
GRC,Greece,EUROSTAT.IRT_LT_MCBY,Long-term government bond yield (EMU convergence criterion),%,1999,6.3,Eurostat irt_lt_mcby_a,2026-08-02
GRC,Greece,EUROSTAT.IRT_LT_MCBY,Long-term government bond yield (EMU convergence criterion),%,2000,6.1,Eurostat irt_lt_mcby_a,2026-08-02
GRC,Greece,EUROSTAT.IRT_LT_MCBY,Long-term government bond yield (EMU convergence criterion),%,2001,5.3,Eurostat irt_lt_mcby_a,2026-08-02
GRC,Greece,EUROSTAT.IRT_LT_MCBY,Long-term government bond yield (EMU convergence criterion),%,2002,5.12,Eurostat irt_lt_mcby_a,2026-08-02
GRC,Greece,EUROSTAT.IRT_LT_MCBY,Long-term government bond yield (EMU convergence criterion),%,2003,4.27,Eurostat irt_lt_mcby_a,2026-08-02
GRC,Greece,EUROSTAT.IRT_LT_MCBY,Long-term government bond yield (EMU convergence criterion),%,2004,4.26,Eurostat irt_lt_mcby_a,2026-08-02
GRC,Greece,EUROSTAT.IRT_LT_MCBY,Long-term government bond yield (EMU convergence criterion),%,2005,3.59,Eurostat irt_lt_mcby_a,2026-08-02
GRC,Greece,EUROSTAT.IRT_LT_MCBY,Long-term government bond yield (EMU convergence criterion),%,2006,4.07,Eurostat irt_lt_mcby_a,2026-08-02
GRC,Greece,EUROSTAT.IRT_LT_MCBY,Long-term government bond yield (EMU convergence criterion),%,2007,4.5,Eurostat irt_lt_mcby_a,2026-08-02
GRC,Greece,EUROSTAT.IRT_LT_MCBY,Long-term government bond yield (EMU convergence criterion),%,2008,4.8,Eurostat irt_lt_mcby_a,2026-08-02
GRC,Greece,EUROSTAT.IRT_LT_MCBY,Long-term government bond yield (EMU convergence criterion),%,2009,5.17,Eurostat irt_lt_mcby_a,2026-08-02
GRC,Greece,EUROSTAT.IRT_LT_MCBY,Long-term government bond yield (EMU convergence criterion),%,2010,9.09,Eurostat irt_lt_mcby_a,2026-08-02
GRC,Greece,EUROSTAT.IRT_LT_MCBY,Long-term government bond yield (EMU convergence criterion),%,2011,15.75,Eurostat irt_lt_mcby_a,2026-08-02
GRC,Greece,EUROSTAT.IRT_LT_MCBY,Long-term government bond yield (EMU convergence criterion),%,2012,22.5,Eurostat irt_lt_mcby_a,2026-08-02
GRC,Greece,EUROSTAT.IRT_LT_MCBY,Long-term government bond yield (EMU convergence criterion),%,2013,10.05,Eurostat irt_lt_mcby_a,2026-08-02
GRC,Greece,EUROSTAT.IRT_LT_MCBY,Long-term government bond yield (EMU convergence criterion),%,2014,6.93,Eurostat irt_lt_mcby_a,2026-08-02
GRC,Greece,EUROSTAT.IRT_LT_MCBY,Long-term government bond yield (EMU convergence criterion),%,2015,9.67,Eurostat irt_lt_mcby_a,2026-08-02
GRC,Greece,EUROSTAT.IRT_LT_MCBY,Long-term government bond yield (EMU convergence criterion),%,2016,8.36,Eurostat irt_lt_mcby_a,2026-08-02
GRC,Greece,EUROSTAT.IRT_LT_MCBY,Long-term government bond yield (EMU convergence criterion),%,2017,5.98,Eurostat irt_lt_mcby_a,2026-08-02
GRC,Greece,EUROSTAT.IRT_LT_MCBY,Long-term government bond yield (EMU convergence criterion),%,2018,4.19,Eurostat irt_lt_mcby_a,2026-08-02
GRC,Greece,EUROSTAT.IRT_LT_MCBY,Long-term government bond yield (EMU convergence criterion),%,2019,2.59,Eurostat irt_lt_mcby_a,2026-08-02
GRC,Greece,EUROSTAT.IRT_LT_MCBY,Long-term government bond yield (EMU convergence criterion),%,2020,1.27,Eurostat irt_lt_mcby_a,2026-08-02
GRC,Greece,EUROSTAT.IRT_LT_MCBY,Long-term government bond yield (EMU convergence criterion),%,2021,0.88,Eurostat irt_lt_mcby_a,2026-08-02
GRC,Greece,EUROSTAT.IRT_LT_MCBY,Long-term government bond yield (EMU convergence criterion),%,2022,3.49,Eurostat irt_lt_mcby_a,2026-08-02
GRC,Greece,EUROSTAT.IRT_LT_MCBY,Long-term government bond yield (EMU convergence criterion),%,2023,4.0,Eurostat irt_lt_mcby_a,2026-08-02
GRC,Greece,EUROSTAT.IRT_LT_MCBY,Long-term government bond yield (EMU convergence criterion),%,2024,3.35,Eurostat irt_lt_mcby_a,2026-08-02
GRC,Greece,EUROSTAT.IRT_LT_MCBY,Long-term government bond yield (EMU convergence criterion),%,2025,3.36997,Eurostat irt_lt_mcby_a,2026-08-02
HRV,Croatia,EUROSTAT.IRT_LT_MCBY,Long-term government bond yield (EMU convergence criterion),%,2005,4.42,Eurostat irt_lt_mcby_a,2026-08-02
HRV,Croatia,EUROSTAT.IRT_LT_MCBY,Long-term government bond yield (EMU convergence criterion),%,2006,4.43,Eurostat irt_lt_mcby_a,2026-08-02
HRV,Croatia,EUROSTAT.IRT_LT_MCBY,Long-term government bond yield (EMU convergence criterion),%,2007,4.93,Eurostat irt_lt_mcby_a,2026-08-02
HRV,Croatia,EUROSTAT.IRT_LT_MCBY,Long-term government bond yield (EMU convergence criterion),%,2008,6.04,Eurostat irt_lt_mcby_a,2026-08-02
HRV,Croatia,EUROSTAT.IRT_LT_MCBY,Long-term government bond yield (EMU convergence criterion),%,2009,7.83,Eurostat irt_lt_mcby_a,2026-08-02
HRV,Croatia,EUROSTAT.IRT_LT_MCBY,Long-term government bond yield (EMU convergence criterion),%,2010,6.27,Eurostat irt_lt_mcby_a,2026-08-02
HRV,Croatia,EUROSTAT.IRT_LT_MCBY,Long-term government bond yield (EMU convergence criterion),%,2011,6.54,Eurostat irt_lt_mcby_a,2026-08-02
HRV,Croatia,EUROSTAT.IRT_LT_MCBY,Long-term government bond yield (EMU convergence criterion),%,2012,6.13,Eurostat irt_lt_mcby_a,2026-08-02
HRV,Croatia,EUROSTAT.IRT_LT_MCBY,Long-term government bond yield (EMU convergence criterion),%,2013,4.68,Eurostat irt_lt_mcby_a,2026-08-02
HRV,Croatia,EUROSTAT.IRT_LT_MCBY,Long-term government bond yield (EMU convergence criterion),%,2014,4.05,Eurostat irt_lt_mcby_a,2026-08-02
HRV,Croatia,EUROSTAT.IRT_LT_MCBY,Long-term government bond yield (EMU convergence criterion),%,2015,3.53,Eurostat irt_lt_mcby_a,2026-08-02
HRV,Croatia,EUROSTAT.IRT_LT_MCBY,Long-term government bond yield (EMU convergence criterion),%,2016,3.48,Eurostat irt_lt_mcby_a,2026-08-02
HRV,Croatia,EUROSTAT.IRT_LT_MCBY,Long-term government bond yield (EMU convergence criterion),%,2017,2.77,Eurostat irt_lt_mcby_a,2026-08-02
HRV,Croatia,EUROSTAT.IRT_LT_MCBY,Long-term government bond yield (EMU convergence criterion),%,2018,2.17,Eurostat irt_lt_mcby_a,2026-08-02
HRV,Croatia,EUROSTAT.IRT_LT_MCBY,Long-term government bond yield (EMU convergence criterion),%,2019,1.29,Eurostat irt_lt_mcby_a,2026-08-02
HRV,Croatia,EUROSTAT.IRT_LT_MCBY,Long-term government bond yield (EMU convergence criterion),%,2020,0.83,Eurostat irt_lt_mcby_a,2026-08-02
HRV,Croatia,EUROSTAT.IRT_LT_MCBY,Long-term government bond yield (EMU convergence criterion),%,2021,0.45,Eurostat irt_lt_mcby_a,2026-08-02
HRV,Croatia,EUROSTAT.IRT_LT_MCBY,Long-term government bond yield (EMU convergence criterion),%,2022,2.7,Eurostat irt_lt_mcby_a,2026-08-02
HRV,Croatia,EUROSTAT.IRT_LT_MCBY,Long-term government bond yield (EMU convergence criterion),%,2023,3.8,Eurostat irt_lt_mcby_a,2026-08-02
HRV,Croatia,EUROSTAT.IRT_LT_MCBY,Long-term government bond yield (EMU convergence criterion),%,2024,3.31,Eurostat irt_lt_mcby_a,2026-08-02
HRV,Croatia,EUROSTAT.IRT_LT_MCBY,Long-term government bond yield (EMU convergence criterion),%,2025,2.99293,Eurostat irt_lt_mcby_a,2026-08-02
HUN,Hungary,EUROSTAT.IRT_LT_MCBY,Long-term government bond yield (EMU convergence criterion),%,2001,7.95,Eurostat irt_lt_mcby_a,2026-08-02
HUN,Hungary,EUROSTAT.IRT_LT_MCBY,Long-term government bond yield (EMU convergence criterion),%,2002,7.09,Eurostat irt_lt_mcby_a,2026-08-02
HUN,Hungary,EUROSTAT.IRT_LT_MCBY,Long-term government bond yield (EMU convergence criterion),%,2003,6.82,Eurostat irt_lt_mcby_a,2026-08-02
HUN,Hungary,EUROSTAT.IRT_LT_MCBY,Long-term government bond yield (EMU convergence criterion),%,2004,8.19,Eurostat irt_lt_mcby_a,2026-08-02
HUN,Hungary,EUROSTAT.IRT_LT_MCBY,Long-term government bond yield (EMU convergence criterion),%,2005,6.6,Eurostat irt_lt_mcby_a,2026-08-02
HUN,Hungary,EUROSTAT.IRT_LT_MCBY,Long-term government bond yield (EMU convergence criterion),%,2006,7.12,Eurostat irt_lt_mcby_a,2026-08-02
HUN,Hungary,EUROSTAT.IRT_LT_MCBY,Long-term government bond yield (EMU convergence criterion),%,2007,6.74,Eurostat irt_lt_mcby_a,2026-08-02
HUN,Hungary,EUROSTAT.IRT_LT_MCBY,Long-term government bond yield (EMU convergence criterion),%,2008,8.24,Eurostat irt_lt_mcby_a,2026-08-02
HUN,Hungary,EUROSTAT.IRT_LT_MCBY,Long-term government bond yield (EMU convergence criterion),%,2009,9.12,Eurostat irt_lt_mcby_a,2026-08-02
HUN,Hungary,EUROSTAT.IRT_LT_MCBY,Long-term government bond yield (EMU convergence criterion),%,2010,7.28,Eurostat irt_lt_mcby_a,2026-08-02
HUN,Hungary,EUROSTAT.IRT_LT_MCBY,Long-term government bond yield (EMU convergence criterion),%,2011,7.63,Eurostat irt_lt_mcby_a,2026-08-02
HUN,Hungary,EUROSTAT.IRT_LT_MCBY,Long-term government bond yield (EMU convergence criterion),%,2012,7.89,Eurostat irt_lt_mcby_a,2026-08-02
HUN,Hungary,EUROSTAT.IRT_LT_MCBY,Long-term government bond yield (EMU convergence criterion),%,2013,5.92,Eurostat irt_lt_mcby_a,2026-08-02
HUN,Hungary,EUROSTAT.IRT_LT_MCBY,Long-term government bond yield (EMU convergence criterion),%,2014,4.81,Eurostat irt_lt_mcby_a,2026-08-02
HUN,Hungary,EUROSTAT.IRT_LT_MCBY,Long-term government bond yield (EMU convergence criterion),%,2015,3.43,Eurostat irt_lt_mcby_a,2026-08-02
HUN,Hungary,EUROSTAT.IRT_LT_MCBY,Long-term government bond yield (EMU convergence criterion),%,2016,3.14,Eurostat irt_lt_mcby_a,2026-08-02
HUN,Hungary,EUROSTAT.IRT_LT_MCBY,Long-term government bond yield (EMU convergence criterion),%,2017,2.96,Eurostat irt_lt_mcby_a,2026-08-02
HUN,Hungary,EUROSTAT.IRT_LT_MCBY,Long-term government bond yield (EMU convergence criterion),%,2018,3.06,Eurostat irt_lt_mcby_a,2026-08-02
HUN,Hungary,EUROSTAT.IRT_LT_MCBY,Long-term government bond yield (EMU convergence criterion),%,2019,2.47,Eurostat irt_lt_mcby_a,2026-08-02
HUN,Hungary,EUROSTAT.IRT_LT_MCBY,Long-term government bond yield (EMU convergence criterion),%,2020,2.23,Eurostat irt_lt_mcby_a,2026-08-02
HUN,Hungary,EUROSTAT.IRT_LT_MCBY,Long-term government bond yield (EMU convergence criterion),%,2021,3.06,Eurostat irt_lt_mcby_a,2026-08-02
HUN,Hungary,EUROSTAT.IRT_LT_MCBY,Long-term government bond yield (EMU convergence criterion),%,2022,7.57,Eurostat irt_lt_mcby_a,2026-08-02
HUN,Hungary,EUROSTAT.IRT_LT_MCBY,Long-term government bond yield (EMU convergence criterion),%,2023,7.51,Eurostat irt_lt_mcby_a,2026-08-02
HUN,Hungary,EUROSTAT.IRT_LT_MCBY,Long-term government bond yield (EMU convergence criterion),%,2024,6.5,Eurostat irt_lt_mcby_a,2026-08-02
HUN,Hungary,EUROSTAT.IRT_LT_MCBY,Long-term government bond yield (EMU convergence criterion),%,2025,6.93975,Eurostat irt_lt_mcby_a,2026-08-02
IRL,Ireland,EUROSTAT.IRT_LT_MCBY,Long-term government bond yield (EMU convergence criterion),%,1988,8.64,Eurostat irt_lt_mcby_a,2026-08-02
IRL,Ireland,EUROSTAT.IRT_LT_MCBY,Long-term government bond yield (EMU convergence criterion),%,1989,8.94,Eurostat irt_lt_mcby_a,2026-08-02
IRL,Ireland,EUROSTAT.IRT_LT_MCBY,Long-term government bond yield (EMU convergence criterion),%,1990,10.08,Eurostat irt_lt_mcby_a,2026-08-02
IRL,Ireland,EUROSTAT.IRT_LT_MCBY,Long-term government bond yield (EMU convergence criterion),%,1991,9.21,Eurostat irt_lt_mcby_a,2026-08-02
IRL,Ireland,EUROSTAT.IRT_LT_MCBY,Long-term government bond yield (EMU convergence criterion),%,1992,9.07,Eurostat irt_lt_mcby_a,2026-08-02
IRL,Ireland,EUROSTAT.IRT_LT_MCBY,Long-term government bond yield (EMU convergence criterion),%,1993,7.7,Eurostat irt_lt_mcby_a,2026-08-02
IRL,Ireland,EUROSTAT.IRT_LT_MCBY,Long-term government bond yield (EMU convergence criterion),%,1994,7.92,Eurostat irt_lt_mcby_a,2026-08-02
IRL,Ireland,EUROSTAT.IRT_LT_MCBY,Long-term government bond yield (EMU convergence criterion),%,1995,8.25,Eurostat irt_lt_mcby_a,2026-08-02
IRL,Ireland,EUROSTAT.IRT_LT_MCBY,Long-term government bond yield (EMU convergence criterion),%,1996,7.29,Eurostat irt_lt_mcby_a,2026-08-02
IRL,Ireland,EUROSTAT.IRT_LT_MCBY,Long-term government bond yield (EMU convergence criterion),%,1997,6.29,Eurostat irt_lt_mcby_a,2026-08-02
IRL,Ireland,EUROSTAT.IRT_LT_MCBY,Long-term government bond yield (EMU convergence criterion),%,1998,4.8,Eurostat irt_lt_mcby_a,2026-08-02
IRL,Ireland,EUROSTAT.IRT_LT_MCBY,Long-term government bond yield (EMU convergence criterion),%,1999,4.71,Eurostat irt_lt_mcby_a,2026-08-02
IRL,Ireland,EUROSTAT.IRT_LT_MCBY,Long-term government bond yield (EMU convergence criterion),%,2000,5.51,Eurostat irt_lt_mcby_a,2026-08-02
IRL,Ireland,EUROSTAT.IRT_LT_MCBY,Long-term government bond yield (EMU convergence criterion),%,2001,5.01,Eurostat irt_lt_mcby_a,2026-08-02
IRL,Ireland,EUROSTAT.IRT_LT_MCBY,Long-term government bond yield (EMU convergence criterion),%,2002,5.01,Eurostat irt_lt_mcby_a,2026-08-02
IRL,Ireland,EUROSTAT.IRT_LT_MCBY,Long-term government bond yield (EMU convergence criterion),%,2003,4.13,Eurostat irt_lt_mcby_a,2026-08-02
IRL,Ireland,EUROSTAT.IRT_LT_MCBY,Long-term government bond yield (EMU convergence criterion),%,2004,4.08,Eurostat irt_lt_mcby_a,2026-08-02
IRL,Ireland,EUROSTAT.IRT_LT_MCBY,Long-term government bond yield (EMU convergence criterion),%,2005,3.33,Eurostat irt_lt_mcby_a,2026-08-02
IRL,Ireland,EUROSTAT.IRT_LT_MCBY,Long-term government bond yield (EMU convergence criterion),%,2006,3.77,Eurostat irt_lt_mcby_a,2026-08-02
IRL,Ireland,EUROSTAT.IRT_LT_MCBY,Long-term government bond yield (EMU convergence criterion),%,2007,4.31,Eurostat irt_lt_mcby_a,2026-08-02
IRL,Ireland,EUROSTAT.IRT_LT_MCBY,Long-term government bond yield (EMU convergence criterion),%,2008,4.53,Eurostat irt_lt_mcby_a,2026-08-02
IRL,Ireland,EUROSTAT.IRT_LT_MCBY,Long-term government bond yield (EMU convergence criterion),%,2009,5.23,Eurostat irt_lt_mcby_a,2026-08-02
IRL,Ireland,EUROSTAT.IRT_LT_MCBY,Long-term government bond yield (EMU convergence criterion),%,2010,5.74,Eurostat irt_lt_mcby_a,2026-08-02
IRL,Ireland,EUROSTAT.IRT_LT_MCBY,Long-term government bond yield (EMU convergence criterion),%,2011,9.6,Eurostat irt_lt_mcby_a,2026-08-02
IRL,Ireland,EUROSTAT.IRT_LT_MCBY,Long-term government bond yield (EMU convergence criterion),%,2012,6.17,Eurostat irt_lt_mcby_a,2026-08-02
IRL,Ireland,EUROSTAT.IRT_LT_MCBY,Long-term government bond yield (EMU convergence criterion),%,2013,3.79,Eurostat irt_lt_mcby_a,2026-08-02
IRL,Ireland,EUROSTAT.IRT_LT_MCBY,Long-term government bond yield (EMU convergence criterion),%,2014,2.37,Eurostat irt_lt_mcby_a,2026-08-02
IRL,Ireland,EUROSTAT.IRT_LT_MCBY,Long-term government bond yield (EMU convergence criterion),%,2015,1.18,Eurostat irt_lt_mcby_a,2026-08-02
IRL,Ireland,EUROSTAT.IRT_LT_MCBY,Long-term government bond yield (EMU convergence criterion),%,2016,0.74,Eurostat irt_lt_mcby_a,2026-08-02
IRL,Ireland,EUROSTAT.IRT_LT_MCBY,Long-term government bond yield (EMU convergence criterion),%,2017,0.8,Eurostat irt_lt_mcby_a,2026-08-02
IRL,Ireland,EUROSTAT.IRT_LT_MCBY,Long-term government bond yield (EMU convergence criterion),%,2018,0.95,Eurostat irt_lt_mcby_a,2026-08-02
IRL,Ireland,EUROSTAT.IRT_LT_MCBY,Long-term government bond yield (EMU convergence criterion),%,2019,0.33,Eurostat irt_lt_mcby_a,2026-08-02
IRL,Ireland,EUROSTAT.IRT_LT_MCBY,Long-term government bond yield (EMU convergence criterion),%,2020,-0.06,Eurostat irt_lt_mcby_a,2026-08-02
IRL,Ireland,EUROSTAT.IRT_LT_MCBY,Long-term government bond yield (EMU convergence criterion),%,2021,0.06,Eurostat irt_lt_mcby_a,2026-08-02
IRL,Ireland,EUROSTAT.IRT_LT_MCBY,Long-term government bond yield (EMU convergence criterion),%,2022,1.75,Eurostat irt_lt_mcby_a,2026-08-02
IRL,Ireland,EUROSTAT.IRT_LT_MCBY,Long-term government bond yield (EMU convergence criterion),%,2023,2.87,Eurostat irt_lt_mcby_a,2026-08-02
IRL,Ireland,EUROSTAT.IRT_LT_MCBY,Long-term government bond yield (EMU convergence criterion),%,2024,2.72,Eurostat irt_lt_mcby_a,2026-08-02
IRL,Ireland,EUROSTAT.IRT_LT_MCBY,Long-term government bond yield (EMU convergence criterion),%,2025,2.88975,Eurostat irt_lt_mcby_a,2026-08-02
ITA,Italy,EUROSTAT.IRT_LT_MCBY,Long-term government bond yield (EMU convergence criterion),%,1949,5.33,Eurostat irt_lt_mcby_a,2026-08-02
ITA,Italy,EUROSTAT.IRT_LT_MCBY,Long-term government bond yield (EMU convergence criterion),%,1950,5.75,Eurostat irt_lt_mcby_a,2026-08-02
ITA,Italy,EUROSTAT.IRT_LT_MCBY,Long-term government bond yield (EMU convergence criterion),%,1951,6.06,Eurostat irt_lt_mcby_a,2026-08-02
ITA,Italy,EUROSTAT.IRT_LT_MCBY,Long-term government bond yield (EMU convergence criterion),%,1952,5.93,Eurostat irt_lt_mcby_a,2026-08-02
ITA,Italy,EUROSTAT.IRT_LT_MCBY,Long-term government bond yield (EMU convergence criterion),%,1953,6.13,Eurostat irt_lt_mcby_a,2026-08-02
ITA,Italy,EUROSTAT.IRT_LT_MCBY,Long-term government bond yield (EMU convergence criterion),%,1954,6.22,Eurostat irt_lt_mcby_a,2026-08-02
ITA,Italy,EUROSTAT.IRT_LT_MCBY,Long-term government bond yield (EMU convergence criterion),%,1955,6.4,Eurostat irt_lt_mcby_a,2026-08-02
ITA,Italy,EUROSTAT.IRT_LT_MCBY,Long-term government bond yield (EMU convergence criterion),%,1956,6.93,Eurostat irt_lt_mcby_a,2026-08-02
ITA,Italy,EUROSTAT.IRT_LT_MCBY,Long-term government bond yield (EMU convergence criterion),%,1957,7.27,Eurostat irt_lt_mcby_a,2026-08-02
ITA,Italy,EUROSTAT.IRT_LT_MCBY,Long-term government bond yield (EMU convergence criterion),%,1958,6.19,Eurostat irt_lt_mcby_a,2026-08-02
ITA,Italy,EUROSTAT.IRT_LT_MCBY,Long-term government bond yield (EMU convergence criterion),%,1959,5.42,Eurostat irt_lt_mcby_a,2026-08-02
ITA,Italy,EUROSTAT.IRT_LT_MCBY,Long-term government bond yield (EMU convergence criterion),%,1960,5.26,Eurostat irt_lt_mcby_a,2026-08-02
ITA,Italy,EUROSTAT.IRT_LT_MCBY,Long-term government bond yield (EMU convergence criterion),%,1961,4.97,Eurostat irt_lt_mcby_a,2026-08-02
ITA,Italy,EUROSTAT.IRT_LT_MCBY,Long-term government bond yield (EMU convergence criterion),%,1962,5.05,Eurostat irt_lt_mcby_a,2026-08-02
ITA,Italy,EUROSTAT.IRT_LT_MCBY,Long-term government bond yield (EMU convergence criterion),%,1963,5.19,Eurostat irt_lt_mcby_a,2026-08-02
ITA,Italy,EUROSTAT.IRT_LT_MCBY,Long-term government bond yield (EMU convergence criterion),%,1964,5.74,Eurostat irt_lt_mcby_a,2026-08-02
ITA,Italy,EUROSTAT.IRT_LT_MCBY,Long-term government bond yield (EMU convergence criterion),%,1965,5.39,Eurostat irt_lt_mcby_a,2026-08-02
ITA,Italy,EUROSTAT.IRT_LT_MCBY,Long-term government bond yield (EMU convergence criterion),%,1966,5.49,Eurostat irt_lt_mcby_a,2026-08-02
ITA,Italy,EUROSTAT.IRT_LT_MCBY,Long-term government bond yield (EMU convergence criterion),%,1967,5.59,Eurostat irt_lt_mcby_a,2026-08-02
ITA,Italy,EUROSTAT.IRT_LT_MCBY,Long-term government bond yield (EMU convergence criterion),%,1968,5.61,Eurostat irt_lt_mcby_a,2026-08-02
ITA,Italy,EUROSTAT.IRT_LT_MCBY,Long-term government bond yield (EMU convergence criterion),%,1969,5.8,Eurostat irt_lt_mcby_a,2026-08-02
ITA,Italy,EUROSTAT.IRT_LT_MCBY,Long-term government bond yield (EMU convergence criterion),%,1970,7.73,Eurostat irt_lt_mcby_a,2026-08-02
ITA,Italy,EUROSTAT.IRT_LT_MCBY,Long-term government bond yield (EMU convergence criterion),%,1971,7.0,Eurostat irt_lt_mcby_a,2026-08-02
ITA,Italy,EUROSTAT.IRT_LT_MCBY,Long-term government bond yield (EMU convergence criterion),%,1972,6.59,Eurostat irt_lt_mcby_a,2026-08-02
ITA,Italy,EUROSTAT.IRT_LT_MCBY,Long-term government bond yield (EMU convergence criterion),%,1973,6.92,Eurostat irt_lt_mcby_a,2026-08-02
ITA,Italy,EUROSTAT.IRT_LT_MCBY,Long-term government bond yield (EMU convergence criterion),%,1974,9.61,Eurostat irt_lt_mcby_a,2026-08-02
ITA,Italy,EUROSTAT.IRT_LT_MCBY,Long-term government bond yield (EMU convergence criterion),%,1975,10.04,Eurostat irt_lt_mcby_a,2026-08-02
ITA,Italy,EUROSTAT.IRT_LT_MCBY,Long-term government bond yield (EMU convergence criterion),%,1976,12.66,Eurostat irt_lt_mcby_a,2026-08-02
ITA,Italy,EUROSTAT.IRT_LT_MCBY,Long-term government bond yield (EMU convergence criterion),%,1977,14.71,Eurostat irt_lt_mcby_a,2026-08-02
ITA,Italy,EUROSTAT.IRT_LT_MCBY,Long-term government bond yield (EMU convergence criterion),%,1978,13.05,Eurostat irt_lt_mcby_a,2026-08-02
ITA,Italy,EUROSTAT.IRT_LT_MCBY,Long-term government bond yield (EMU convergence criterion),%,1979,13.02,Eurostat irt_lt_mcby_a,2026-08-02
ITA,Italy,EUROSTAT.IRT_LT_MCBY,Long-term government bond yield (EMU convergence criterion),%,1980,15.25,Eurostat irt_lt_mcby_a,2026-08-02
ITA,Italy,EUROSTAT.IRT_LT_MCBY,Long-term government bond yield (EMU convergence criterion),%,1981,19.36,Eurostat irt_lt_mcby_a,2026-08-02
ITA,Italy,EUROSTAT.IRT_LT_MCBY,Long-term government bond yield (EMU convergence criterion),%,1982,20.22,Eurostat irt_lt_mcby_a,2026-08-02
ITA,Italy,EUROSTAT.IRT_LT_MCBY,Long-term government bond yield (EMU convergence criterion),%,1983,18.3,Eurostat irt_lt_mcby_a,2026-08-02
ITA,Italy,EUROSTAT.IRT_LT_MCBY,Long-term government bond yield (EMU convergence criterion),%,1984,15.6,Eurostat irt_lt_mcby_a,2026-08-02
ITA,Italy,EUROSTAT.IRT_LT_MCBY,Long-term government bond yield (EMU convergence criterion),%,1985,13.71,Eurostat irt_lt_mcby_a,2026-08-02
ITA,Italy,EUROSTAT.IRT_LT_MCBY,Long-term government bond yield (EMU convergence criterion),%,1986,11.47,Eurostat irt_lt_mcby_a,2026-08-02
ITA,Italy,EUROSTAT.IRT_LT_MCBY,Long-term government bond yield (EMU convergence criterion),%,1987,10.64,Eurostat irt_lt_mcby_a,2026-08-02
ITA,Italy,EUROSTAT.IRT_LT_MCBY,Long-term government bond yield (EMU convergence criterion),%,1988,10.9,Eurostat irt_lt_mcby_a,2026-08-02
ITA,Italy,EUROSTAT.IRT_LT_MCBY,Long-term government bond yield (EMU convergence criterion),%,1989,12.79,Eurostat irt_lt_mcby_a,2026-08-02
ITA,Italy,EUROSTAT.IRT_LT_MCBY,Long-term government bond yield (EMU convergence criterion),%,1990,13.54,Eurostat irt_lt_mcby_a,2026-08-02
ITA,Italy,EUROSTAT.IRT_LT_MCBY,Long-term government bond yield (EMU convergence criterion),%,1991,13.17,Eurostat irt_lt_mcby_a,2026-08-02
ITA,Italy,EUROSTAT.IRT_LT_MCBY,Long-term government bond yield (EMU convergence criterion),%,1992,13.28,Eurostat irt_lt_mcby_a,2026-08-02
ITA,Italy,EUROSTAT.IRT_LT_MCBY,Long-term government bond yield (EMU convergence criterion),%,1993,11.19,Eurostat irt_lt_mcby_a,2026-08-02
ITA,Italy,EUROSTAT.IRT_LT_MCBY,Long-term government bond yield (EMU convergence criterion),%,1994,10.52,Eurostat irt_lt_mcby_a,2026-08-02
ITA,Italy,EUROSTAT.IRT_LT_MCBY,Long-term government bond yield (EMU convergence criterion),%,1995,12.21,Eurostat irt_lt_mcby_a,2026-08-02
ITA,Italy,EUROSTAT.IRT_LT_MCBY,Long-term government bond yield (EMU convergence criterion),%,1996,9.4,Eurostat irt_lt_mcby_a,2026-08-02
ITA,Italy,EUROSTAT.IRT_LT_MCBY,Long-term government bond yield (EMU convergence criterion),%,1997,6.86,Eurostat irt_lt_mcby_a,2026-08-02
ITA,Italy,EUROSTAT.IRT_LT_MCBY,Long-term government bond yield (EMU convergence criterion),%,1998,4.88,Eurostat irt_lt_mcby_a,2026-08-02
ITA,Italy,EUROSTAT.IRT_LT_MCBY,Long-term government bond yield (EMU convergence criterion),%,1999,4.73,Eurostat irt_lt_mcby_a,2026-08-02
ITA,Italy,EUROSTAT.IRT_LT_MCBY,Long-term government bond yield (EMU convergence criterion),%,2000,5.58,Eurostat irt_lt_mcby_a,2026-08-02
ITA,Italy,EUROSTAT.IRT_LT_MCBY,Long-term government bond yield (EMU convergence criterion),%,2001,5.19,Eurostat irt_lt_mcby_a,2026-08-02
ITA,Italy,EUROSTAT.IRT_LT_MCBY,Long-term government bond yield (EMU convergence criterion),%,2002,5.03,Eurostat irt_lt_mcby_a,2026-08-02
ITA,Italy,EUROSTAT.IRT_LT_MCBY,Long-term government bond yield (EMU convergence criterion),%,2003,4.25,Eurostat irt_lt_mcby_a,2026-08-02
ITA,Italy,EUROSTAT.IRT_LT_MCBY,Long-term government bond yield (EMU convergence criterion),%,2004,4.26,Eurostat irt_lt_mcby_a,2026-08-02
ITA,Italy,EUROSTAT.IRT_LT_MCBY,Long-term government bond yield (EMU convergence criterion),%,2005,3.56,Eurostat irt_lt_mcby_a,2026-08-02
ITA,Italy,EUROSTAT.IRT_LT_MCBY,Long-term government bond yield (EMU convergence criterion),%,2006,4.05,Eurostat irt_lt_mcby_a,2026-08-02
ITA,Italy,EUROSTAT.IRT_LT_MCBY,Long-term government bond yield (EMU convergence criterion),%,2007,4.49,Eurostat irt_lt_mcby_a,2026-08-02
ITA,Italy,EUROSTAT.IRT_LT_MCBY,Long-term government bond yield (EMU convergence criterion),%,2008,4.68,Eurostat irt_lt_mcby_a,2026-08-02
ITA,Italy,EUROSTAT.IRT_LT_MCBY,Long-term government bond yield (EMU convergence criterion),%,2009,4.31,Eurostat irt_lt_mcby_a,2026-08-02
ITA,Italy,EUROSTAT.IRT_LT_MCBY,Long-term government bond yield (EMU convergence criterion),%,2010,4.04,Eurostat irt_lt_mcby_a,2026-08-02
ITA,Italy,EUROSTAT.IRT_LT_MCBY,Long-term government bond yield (EMU convergence criterion),%,2011,5.42,Eurostat irt_lt_mcby_a,2026-08-02
ITA,Italy,EUROSTAT.IRT_LT_MCBY,Long-term government bond yield (EMU convergence criterion),%,2012,5.49,Eurostat irt_lt_mcby_a,2026-08-02
ITA,Italy,EUROSTAT.IRT_LT_MCBY,Long-term government bond yield (EMU convergence criterion),%,2013,4.32,Eurostat irt_lt_mcby_a,2026-08-02
ITA,Italy,EUROSTAT.IRT_LT_MCBY,Long-term government bond yield (EMU convergence criterion),%,2014,2.89,Eurostat irt_lt_mcby_a,2026-08-02
ITA,Italy,EUROSTAT.IRT_LT_MCBY,Long-term government bond yield (EMU convergence criterion),%,2015,1.71,Eurostat irt_lt_mcby_a,2026-08-02
ITA,Italy,EUROSTAT.IRT_LT_MCBY,Long-term government bond yield (EMU convergence criterion),%,2016,1.49,Eurostat irt_lt_mcby_a,2026-08-02
ITA,Italy,EUROSTAT.IRT_LT_MCBY,Long-term government bond yield (EMU convergence criterion),%,2017,2.11,Eurostat irt_lt_mcby_a,2026-08-02
ITA,Italy,EUROSTAT.IRT_LT_MCBY,Long-term government bond yield (EMU convergence criterion),%,2018,2.61,Eurostat irt_lt_mcby_a,2026-08-02
ITA,Italy,EUROSTAT.IRT_LT_MCBY,Long-term government bond yield (EMU convergence criterion),%,2019,1.95,Eurostat irt_lt_mcby_a,2026-08-02
ITA,Italy,EUROSTAT.IRT_LT_MCBY,Long-term government bond yield (EMU convergence criterion),%,2020,1.17,Eurostat irt_lt_mcby_a,2026-08-02
ITA,Italy,EUROSTAT.IRT_LT_MCBY,Long-term government bond yield (EMU convergence criterion),%,2021,0.81,Eurostat irt_lt_mcby_a,2026-08-02
ITA,Italy,EUROSTAT.IRT_LT_MCBY,Long-term government bond yield (EMU convergence criterion),%,2022,3.16,Eurostat irt_lt_mcby_a,2026-08-02
ITA,Italy,EUROSTAT.IRT_LT_MCBY,Long-term government bond yield (EMU convergence criterion),%,2023,4.28,Eurostat irt_lt_mcby_a,2026-08-02
ITA,Italy,EUROSTAT.IRT_LT_MCBY,Long-term government bond yield (EMU convergence criterion),%,2024,3.71,Eurostat irt_lt_mcby_a,2026-08-02
ITA,Italy,EUROSTAT.IRT_LT_MCBY,Long-term government bond yield (EMU convergence criterion),%,2025,3.59284,Eurostat irt_lt_mcby_a,2026-08-02
LTU,Lithuania,EUROSTAT.IRT_LT_MCBY,Long-term government bond yield (EMU convergence criterion),%,2001,8.15,Eurostat irt_lt_mcby_a,2026-08-02
LTU,Lithuania,EUROSTAT.IRT_LT_MCBY,Long-term government bond yield (EMU convergence criterion),%,2002,6.06,Eurostat irt_lt_mcby_a,2026-08-02
LTU,Lithuania,EUROSTAT.IRT_LT_MCBY,Long-term government bond yield (EMU convergence criterion),%,2003,5.32,Eurostat irt_lt_mcby_a,2026-08-02
LTU,Lithuania,EUROSTAT.IRT_LT_MCBY,Long-term government bond yield (EMU convergence criterion),%,2004,4.5,Eurostat irt_lt_mcby_a,2026-08-02
LTU,Lithuania,EUROSTAT.IRT_LT_MCBY,Long-term government bond yield (EMU convergence criterion),%,2005,3.7,Eurostat irt_lt_mcby_a,2026-08-02
LTU,Lithuania,EUROSTAT.IRT_LT_MCBY,Long-term government bond yield (EMU convergence criterion),%,2006,4.08,Eurostat irt_lt_mcby_a,2026-08-02
LTU,Lithuania,EUROSTAT.IRT_LT_MCBY,Long-term government bond yield (EMU convergence criterion),%,2007,4.54,Eurostat irt_lt_mcby_a,2026-08-02
LTU,Lithuania,EUROSTAT.IRT_LT_MCBY,Long-term government bond yield (EMU convergence criterion),%,2008,5.61,Eurostat irt_lt_mcby_a,2026-08-02
LTU,Lithuania,EUROSTAT.IRT_LT_MCBY,Long-term government bond yield (EMU convergence criterion),%,2009,14.0,Eurostat irt_lt_mcby_a,2026-08-02
LTU,Lithuania,EUROSTAT.IRT_LT_MCBY,Long-term government bond yield (EMU convergence criterion),%,2010,5.57,Eurostat irt_lt_mcby_a,2026-08-02
LTU,Lithuania,EUROSTAT.IRT_LT_MCBY,Long-term government bond yield (EMU convergence criterion),%,2011,5.16,Eurostat irt_lt_mcby_a,2026-08-02
LTU,Lithuania,EUROSTAT.IRT_LT_MCBY,Long-term government bond yield (EMU convergence criterion),%,2012,4.83,Eurostat irt_lt_mcby_a,2026-08-02
LTU,Lithuania,EUROSTAT.IRT_LT_MCBY,Long-term government bond yield (EMU convergence criterion),%,2013,3.83,Eurostat irt_lt_mcby_a,2026-08-02
LTU,Lithuania,EUROSTAT.IRT_LT_MCBY,Long-term government bond yield (EMU convergence criterion),%,2014,2.79,Eurostat irt_lt_mcby_a,2026-08-02
LTU,Lithuania,EUROSTAT.IRT_LT_MCBY,Long-term government bond yield (EMU convergence criterion),%,2015,1.38,Eurostat irt_lt_mcby_a,2026-08-02
LTU,Lithuania,EUROSTAT.IRT_LT_MCBY,Long-term government bond yield (EMU convergence criterion),%,2016,0.9,Eurostat irt_lt_mcby_a,2026-08-02
LTU,Lithuania,EUROSTAT.IRT_LT_MCBY,Long-term government bond yield (EMU convergence criterion),%,2017,0.31,Eurostat irt_lt_mcby_a,2026-08-02
LTU,Lithuania,EUROSTAT.IRT_LT_MCBY,Long-term government bond yield (EMU convergence criterion),%,2018,0.31,Eurostat irt_lt_mcby_a,2026-08-02
LTU,Lithuania,EUROSTAT.IRT_LT_MCBY,Long-term government bond yield (EMU convergence criterion),%,2019,0.31,Eurostat irt_lt_mcby_a,2026-08-02
LTU,Lithuania,EUROSTAT.IRT_LT_MCBY,Long-term government bond yield (EMU convergence criterion),%,2020,0.22,Eurostat irt_lt_mcby_a,2026-08-02
LTU,Lithuania,EUROSTAT.IRT_LT_MCBY,Long-term government bond yield (EMU convergence criterion),%,2021,0.16,Eurostat irt_lt_mcby_a,2026-08-02
LTU,Lithuania,EUROSTAT.IRT_LT_MCBY,Long-term government bond yield (EMU convergence criterion),%,2022,0.61,Eurostat irt_lt_mcby_a,2026-08-02
LTU,Lithuania,EUROSTAT.IRT_LT_MCBY,Long-term government bond yield (EMU convergence criterion),%,2023,2.88,Eurostat irt_lt_mcby_a,2026-08-02
LTU,Lithuania,EUROSTAT.IRT_LT_MCBY,Long-term government bond yield (EMU convergence criterion),%,2024,2.88,Eurostat irt_lt_mcby_a,2026-08-02
LTU,Lithuania,EUROSTAT.IRT_LT_MCBY,Long-term government bond yield (EMU convergence criterion),%,2025,2.88,Eurostat irt_lt_mcby_a,2026-08-02
LUX,Luxembourg,EUROSTAT.IRT_LT_MCBY,Long-term government bond yield (EMU convergence criterion),%,1985,9.51,Eurostat irt_lt_mcby_a,2026-08-02
LUX,Luxembourg,EUROSTAT.IRT_LT_MCBY,Long-term government bond yield (EMU convergence criterion),%,1986,8.6,Eurostat irt_lt_mcby_a,2026-08-02
LUX,Luxembourg,EUROSTAT.IRT_LT_MCBY,Long-term government bond yield (EMU convergence criterion),%,1987,7.97,Eurostat irt_lt_mcby_a,2026-08-02
LUX,Luxembourg,EUROSTAT.IRT_LT_MCBY,Long-term government bond yield (EMU convergence criterion),%,1988,7.18,Eurostat irt_lt_mcby_a,2026-08-02
LUX,Luxembourg,EUROSTAT.IRT_LT_MCBY,Long-term government bond yield (EMU convergence criterion),%,1989,7.7,Eurostat irt_lt_mcby_a,2026-08-02
LUX,Luxembourg,EUROSTAT.IRT_LT_MCBY,Long-term government bond yield (EMU convergence criterion),%,1990,8.52,Eurostat irt_lt_mcby_a,2026-08-02
LUX,Luxembourg,EUROSTAT.IRT_LT_MCBY,Long-term government bond yield (EMU convergence criterion),%,1991,8.16,Eurostat irt_lt_mcby_a,2026-08-02
LUX,Luxembourg,EUROSTAT.IRT_LT_MCBY,Long-term government bond yield (EMU convergence criterion),%,1992,7.91,Eurostat irt_lt_mcby_a,2026-08-02
LUX,Luxembourg,EUROSTAT.IRT_LT_MCBY,Long-term government bond yield (EMU convergence criterion),%,1993,6.5,Eurostat irt_lt_mcby_a,2026-08-02
LUX,Luxembourg,EUROSTAT.IRT_LT_MCBY,Long-term government bond yield (EMU convergence criterion),%,1994,7.15,Eurostat irt_lt_mcby_a,2026-08-02
LUX,Luxembourg,EUROSTAT.IRT_LT_MCBY,Long-term government bond yield (EMU convergence criterion),%,1995,7.23,Eurostat irt_lt_mcby_a,2026-08-02
LUX,Luxembourg,EUROSTAT.IRT_LT_MCBY,Long-term government bond yield (EMU convergence criterion),%,1996,6.32,Eurostat irt_lt_mcby_a,2026-08-02
LUX,Luxembourg,EUROSTAT.IRT_LT_MCBY,Long-term government bond yield (EMU convergence criterion),%,1997,5.6,Eurostat irt_lt_mcby_a,2026-08-02
LUX,Luxembourg,EUROSTAT.IRT_LT_MCBY,Long-term government bond yield (EMU convergence criterion),%,1998,4.73,Eurostat irt_lt_mcby_a,2026-08-02
LUX,Luxembourg,EUROSTAT.IRT_LT_MCBY,Long-term government bond yield (EMU convergence criterion),%,1999,4.66,Eurostat irt_lt_mcby_a,2026-08-02
LUX,Luxembourg,EUROSTAT.IRT_LT_MCBY,Long-term government bond yield (EMU convergence criterion),%,2000,5.52,Eurostat irt_lt_mcby_a,2026-08-02
LUX,Luxembourg,EUROSTAT.IRT_LT_MCBY,Long-term government bond yield (EMU convergence criterion),%,2001,4.86,Eurostat irt_lt_mcby_a,2026-08-02
LUX,Luxembourg,EUROSTAT.IRT_LT_MCBY,Long-term government bond yield (EMU convergence criterion),%,2002,4.7,Eurostat irt_lt_mcby_a,2026-08-02
LUX,Luxembourg,EUROSTAT.IRT_LT_MCBY,Long-term government bond yield (EMU convergence criterion),%,2003,3.32,Eurostat irt_lt_mcby_a,2026-08-02
LUX,Luxembourg,EUROSTAT.IRT_LT_MCBY,Long-term government bond yield (EMU convergence criterion),%,2004,2.84,Eurostat irt_lt_mcby_a,2026-08-02
LUX,Luxembourg,EUROSTAT.IRT_LT_MCBY,Long-term government bond yield (EMU convergence criterion),%,2005,2.41,Eurostat irt_lt_mcby_a,2026-08-02
LUX,Luxembourg,EUROSTAT.IRT_LT_MCBY,Long-term government bond yield (EMU convergence criterion),%,2006,3.3,Eurostat irt_lt_mcby_a,2026-08-02
LUX,Luxembourg,EUROSTAT.IRT_LT_MCBY,Long-term government bond yield (EMU convergence criterion),%,2007,4.46,Eurostat irt_lt_mcby_a,2026-08-02
LUX,Luxembourg,EUROSTAT.IRT_LT_MCBY,Long-term government bond yield (EMU convergence criterion),%,2008,4.61,Eurostat irt_lt_mcby_a,2026-08-02
LUX,Luxembourg,EUROSTAT.IRT_LT_MCBY,Long-term government bond yield (EMU convergence criterion),%,2009,4.23,Eurostat irt_lt_mcby_a,2026-08-02
LUX,Luxembourg,EUROSTAT.IRT_LT_MCBY,Long-term government bond yield (EMU convergence criterion),%,2010,3.17,Eurostat irt_lt_mcby_a,2026-08-02
LUX,Luxembourg,EUROSTAT.IRT_LT_MCBY,Long-term government bond yield (EMU convergence criterion),%,2011,2.92,Eurostat irt_lt_mcby_a,2026-08-02
LUX,Luxembourg,EUROSTAT.IRT_LT_MCBY,Long-term government bond yield (EMU convergence criterion),%,2012,1.82,Eurostat irt_lt_mcby_a,2026-08-02
LUX,Luxembourg,EUROSTAT.IRT_LT_MCBY,Long-term government bond yield (EMU convergence criterion),%,2013,1.85,Eurostat irt_lt_mcby_a,2026-08-02
LUX,Luxembourg,EUROSTAT.IRT_LT_MCBY,Long-term government bond yield (EMU convergence criterion),%,2014,1.34,Eurostat irt_lt_mcby_a,2026-08-02
LUX,Luxembourg,EUROSTAT.IRT_LT_MCBY,Long-term government bond yield (EMU convergence criterion),%,2015,0.37,Eurostat irt_lt_mcby_a,2026-08-02
LUX,Luxembourg,EUROSTAT.IRT_LT_MCBY,Long-term government bond yield (EMU convergence criterion),%,2016,0.25,Eurostat irt_lt_mcby_a,2026-08-02
LUX,Luxembourg,EUROSTAT.IRT_LT_MCBY,Long-term government bond yield (EMU convergence criterion),%,2017,0.54,Eurostat irt_lt_mcby_a,2026-08-02
LUX,Luxembourg,EUROSTAT.IRT_LT_MCBY,Long-term government bond yield (EMU convergence criterion),%,2018,0.56,Eurostat irt_lt_mcby_a,2026-08-02
LUX,Luxembourg,EUROSTAT.IRT_LT_MCBY,Long-term government bond yield (EMU convergence criterion),%,2019,-0.12,Eurostat irt_lt_mcby_a,2026-08-02
LUX,Luxembourg,EUROSTAT.IRT_LT_MCBY,Long-term government bond yield (EMU convergence criterion),%,2020,-0.41,Eurostat irt_lt_mcby_a,2026-08-02
LUX,Luxembourg,EUROSTAT.IRT_LT_MCBY,Long-term government bond yield (EMU convergence criterion),%,2021,-0.36,Eurostat irt_lt_mcby_a,2026-08-02
LUX,Luxembourg,EUROSTAT.IRT_LT_MCBY,Long-term government bond yield (EMU convergence criterion),%,2022,1.73,Eurostat irt_lt_mcby_a,2026-08-02
LUX,Luxembourg,EUROSTAT.IRT_LT_MCBY,Long-term government bond yield (EMU convergence criterion),%,2023,2.97,Eurostat irt_lt_mcby_a,2026-08-02
LUX,Luxembourg,EUROSTAT.IRT_LT_MCBY,Long-term government bond yield (EMU convergence criterion),%,2024,2.76,Eurostat irt_lt_mcby_a,2026-08-02
LUX,Luxembourg,EUROSTAT.IRT_LT_MCBY,Long-term government bond yield (EMU convergence criterion),%,2025,2.90111,Eurostat irt_lt_mcby_a,2026-08-02
LVA,Latvia,EUROSTAT.IRT_LT_MCBY,Long-term government bond yield (EMU convergence criterion),%,2001,7.57,Eurostat irt_lt_mcby_a,2026-08-02
LVA,Latvia,EUROSTAT.IRT_LT_MCBY,Long-term government bond yield (EMU convergence criterion),%,2002,5.41,Eurostat irt_lt_mcby_a,2026-08-02
LVA,Latvia,EUROSTAT.IRT_LT_MCBY,Long-term government bond yield (EMU convergence criterion),%,2003,4.9,Eurostat irt_lt_mcby_a,2026-08-02
LVA,Latvia,EUROSTAT.IRT_LT_MCBY,Long-term government bond yield (EMU convergence criterion),%,2004,4.86,Eurostat irt_lt_mcby_a,2026-08-02
LVA,Latvia,EUROSTAT.IRT_LT_MCBY,Long-term government bond yield (EMU convergence criterion),%,2005,3.88,Eurostat irt_lt_mcby_a,2026-08-02
LVA,Latvia,EUROSTAT.IRT_LT_MCBY,Long-term government bond yield (EMU convergence criterion),%,2006,4.13,Eurostat irt_lt_mcby_a,2026-08-02
LVA,Latvia,EUROSTAT.IRT_LT_MCBY,Long-term government bond yield (EMU convergence criterion),%,2007,5.28,Eurostat irt_lt_mcby_a,2026-08-02
LVA,Latvia,EUROSTAT.IRT_LT_MCBY,Long-term government bond yield (EMU convergence criterion),%,2008,6.43,Eurostat irt_lt_mcby_a,2026-08-02
LVA,Latvia,EUROSTAT.IRT_LT_MCBY,Long-term government bond yield (EMU convergence criterion),%,2009,12.36,Eurostat irt_lt_mcby_a,2026-08-02
LVA,Latvia,EUROSTAT.IRT_LT_MCBY,Long-term government bond yield (EMU convergence criterion),%,2010,10.34,Eurostat irt_lt_mcby_a,2026-08-02
LVA,Latvia,EUROSTAT.IRT_LT_MCBY,Long-term government bond yield (EMU convergence criterion),%,2011,5.91,Eurostat irt_lt_mcby_a,2026-08-02
LVA,Latvia,EUROSTAT.IRT_LT_MCBY,Long-term government bond yield (EMU convergence criterion),%,2012,4.57,Eurostat irt_lt_mcby_a,2026-08-02
LVA,Latvia,EUROSTAT.IRT_LT_MCBY,Long-term government bond yield (EMU convergence criterion),%,2013,3.34,Eurostat irt_lt_mcby_a,2026-08-02
LVA,Latvia,EUROSTAT.IRT_LT_MCBY,Long-term government bond yield (EMU convergence criterion),%,2014,2.51,Eurostat irt_lt_mcby_a,2026-08-02
LVA,Latvia,EUROSTAT.IRT_LT_MCBY,Long-term government bond yield (EMU convergence criterion),%,2015,0.96,Eurostat irt_lt_mcby_a,2026-08-02
LVA,Latvia,EUROSTAT.IRT_LT_MCBY,Long-term government bond yield (EMU convergence criterion),%,2016,0.53,Eurostat irt_lt_mcby_a,2026-08-02
LVA,Latvia,EUROSTAT.IRT_LT_MCBY,Long-term government bond yield (EMU convergence criterion),%,2017,0.83,Eurostat irt_lt_mcby_a,2026-08-02
LVA,Latvia,EUROSTAT.IRT_LT_MCBY,Long-term government bond yield (EMU convergence criterion),%,2018,0.9,Eurostat irt_lt_mcby_a,2026-08-02
LVA,Latvia,EUROSTAT.IRT_LT_MCBY,Long-term government bond yield (EMU convergence criterion),%,2019,0.34,Eurostat irt_lt_mcby_a,2026-08-02
LVA,Latvia,EUROSTAT.IRT_LT_MCBY,Long-term government bond yield (EMU convergence criterion),%,2020,-0.06,Eurostat irt_lt_mcby_a,2026-08-02
LVA,Latvia,EUROSTAT.IRT_LT_MCBY,Long-term government bond yield (EMU convergence criterion),%,2021,0.0,Eurostat irt_lt_mcby_a,2026-08-02
LVA,Latvia,EUROSTAT.IRT_LT_MCBY,Long-term government bond yield (EMU convergence criterion),%,2022,2.27,Eurostat irt_lt_mcby_a,2026-08-02
LVA,Latvia,EUROSTAT.IRT_LT_MCBY,Long-term government bond yield (EMU convergence criterion),%,2023,3.83,Eurostat irt_lt_mcby_a,2026-08-02
LVA,Latvia,EUROSTAT.IRT_LT_MCBY,Long-term government bond yield (EMU convergence criterion),%,2024,3.29,Eurostat irt_lt_mcby_a,2026-08-02
LVA,Latvia,EUROSTAT.IRT_LT_MCBY,Long-term government bond yield (EMU convergence criterion),%,2025,3.27045,Eurostat irt_lt_mcby_a,2026-08-02
MLT,Malta,EUROSTAT.IRT_LT_MCBY,Long-term government bond yield (EMU convergence criterion),%,2001,6.19,Eurostat irt_lt_mcby_a,2026-08-02
MLT,Malta,EUROSTAT.IRT_LT_MCBY,Long-term government bond yield (EMU convergence criterion),%,2002,5.82,Eurostat irt_lt_mcby_a,2026-08-02
MLT,Malta,EUROSTAT.IRT_LT_MCBY,Long-term government bond yield (EMU convergence criterion),%,2003,5.04,Eurostat irt_lt_mcby_a,2026-08-02
MLT,Malta,EUROSTAT.IRT_LT_MCBY,Long-term government bond yield (EMU convergence criterion),%,2004,4.69,Eurostat irt_lt_mcby_a,2026-08-02
MLT,Malta,EUROSTAT.IRT_LT_MCBY,Long-term government bond yield (EMU convergence criterion),%,2005,4.56,Eurostat irt_lt_mcby_a,2026-08-02
MLT,Malta,EUROSTAT.IRT_LT_MCBY,Long-term government bond yield (EMU convergence criterion),%,2006,4.32,Eurostat irt_lt_mcby_a,2026-08-02
MLT,Malta,EUROSTAT.IRT_LT_MCBY,Long-term government bond yield (EMU convergence criterion),%,2007,4.72,Eurostat irt_lt_mcby_a,2026-08-02
MLT,Malta,EUROSTAT.IRT_LT_MCBY,Long-term government bond yield (EMU convergence criterion),%,2008,4.81,Eurostat irt_lt_mcby_a,2026-08-02
MLT,Malta,EUROSTAT.IRT_LT_MCBY,Long-term government bond yield (EMU convergence criterion),%,2009,4.54,Eurostat irt_lt_mcby_a,2026-08-02
MLT,Malta,EUROSTAT.IRT_LT_MCBY,Long-term government bond yield (EMU convergence criterion),%,2010,4.19,Eurostat irt_lt_mcby_a,2026-08-02
MLT,Malta,EUROSTAT.IRT_LT_MCBY,Long-term government bond yield (EMU convergence criterion),%,2011,4.49,Eurostat irt_lt_mcby_a,2026-08-02
MLT,Malta,EUROSTAT.IRT_LT_MCBY,Long-term government bond yield (EMU convergence criterion),%,2012,4.13,Eurostat irt_lt_mcby_a,2026-08-02
MLT,Malta,EUROSTAT.IRT_LT_MCBY,Long-term government bond yield (EMU convergence criterion),%,2013,3.36,Eurostat irt_lt_mcby_a,2026-08-02
MLT,Malta,EUROSTAT.IRT_LT_MCBY,Long-term government bond yield (EMU convergence criterion),%,2014,2.61,Eurostat irt_lt_mcby_a,2026-08-02
MLT,Malta,EUROSTAT.IRT_LT_MCBY,Long-term government bond yield (EMU convergence criterion),%,2015,1.49,Eurostat irt_lt_mcby_a,2026-08-02
MLT,Malta,EUROSTAT.IRT_LT_MCBY,Long-term government bond yield (EMU convergence criterion),%,2016,0.89,Eurostat irt_lt_mcby_a,2026-08-02
MLT,Malta,EUROSTAT.IRT_LT_MCBY,Long-term government bond yield (EMU convergence criterion),%,2017,1.28,Eurostat irt_lt_mcby_a,2026-08-02
MLT,Malta,EUROSTAT.IRT_LT_MCBY,Long-term government bond yield (EMU convergence criterion),%,2018,1.39,Eurostat irt_lt_mcby_a,2026-08-02
MLT,Malta,EUROSTAT.IRT_LT_MCBY,Long-term government bond yield (EMU convergence criterion),%,2019,0.67,Eurostat irt_lt_mcby_a,2026-08-02
MLT,Malta,EUROSTAT.IRT_LT_MCBY,Long-term government bond yield (EMU convergence criterion),%,2020,0.48,Eurostat irt_lt_mcby_a,2026-08-02
MLT,Malta,EUROSTAT.IRT_LT_MCBY,Long-term government bond yield (EMU convergence criterion),%,2021,0.5,Eurostat irt_lt_mcby_a,2026-08-02
MLT,Malta,EUROSTAT.IRT_LT_MCBY,Long-term government bond yield (EMU convergence criterion),%,2022,2.41,Eurostat irt_lt_mcby_a,2026-08-02
MLT,Malta,EUROSTAT.IRT_LT_MCBY,Long-term government bond yield (EMU convergence criterion),%,2023,3.71,Eurostat irt_lt_mcby_a,2026-08-02
MLT,Malta,EUROSTAT.IRT_LT_MCBY,Long-term government bond yield (EMU convergence criterion),%,2024,3.37,Eurostat irt_lt_mcby_a,2026-08-02
MLT,Malta,EUROSTAT.IRT_LT_MCBY,Long-term government bond yield (EMU convergence criterion),%,2025,3.43704,Eurostat irt_lt_mcby_a,2026-08-02
NLD,Netherlands,EUROSTAT.IRT_LT_MCBY,Long-term government bond yield (EMU convergence criterion),%,1986,6.19,Eurostat irt_lt_mcby_a,2026-08-02
NLD,Netherlands,EUROSTAT.IRT_LT_MCBY,Long-term government bond yield (EMU convergence criterion),%,1987,6.41,Eurostat irt_lt_mcby_a,2026-08-02
NLD,Netherlands,EUROSTAT.IRT_LT_MCBY,Long-term government bond yield (EMU convergence criterion),%,1988,6.42,Eurostat irt_lt_mcby_a,2026-08-02
NLD,Netherlands,EUROSTAT.IRT_LT_MCBY,Long-term government bond yield (EMU convergence criterion),%,1989,7.21,Eurostat irt_lt_mcby_a,2026-08-02
NLD,Netherlands,EUROSTAT.IRT_LT_MCBY,Long-term government bond yield (EMU convergence criterion),%,1990,8.92,Eurostat irt_lt_mcby_a,2026-08-02
NLD,Netherlands,EUROSTAT.IRT_LT_MCBY,Long-term government bond yield (EMU convergence criterion),%,1991,8.74,Eurostat irt_lt_mcby_a,2026-08-02
NLD,Netherlands,EUROSTAT.IRT_LT_MCBY,Long-term government bond yield (EMU convergence criterion),%,1992,8.1,Eurostat irt_lt_mcby_a,2026-08-02
NLD,Netherlands,EUROSTAT.IRT_LT_MCBY,Long-term government bond yield (EMU convergence criterion),%,1993,6.36,Eurostat irt_lt_mcby_a,2026-08-02
NLD,Netherlands,EUROSTAT.IRT_LT_MCBY,Long-term government bond yield (EMU convergence criterion),%,1994,6.86,Eurostat irt_lt_mcby_a,2026-08-02
NLD,Netherlands,EUROSTAT.IRT_LT_MCBY,Long-term government bond yield (EMU convergence criterion),%,1995,6.9,Eurostat irt_lt_mcby_a,2026-08-02
NLD,Netherlands,EUROSTAT.IRT_LT_MCBY,Long-term government bond yield (EMU convergence criterion),%,1996,6.15,Eurostat irt_lt_mcby_a,2026-08-02
NLD,Netherlands,EUROSTAT.IRT_LT_MCBY,Long-term government bond yield (EMU convergence criterion),%,1997,5.58,Eurostat irt_lt_mcby_a,2026-08-02
NLD,Netherlands,EUROSTAT.IRT_LT_MCBY,Long-term government bond yield (EMU convergence criterion),%,1998,4.63,Eurostat irt_lt_mcby_a,2026-08-02
NLD,Netherlands,EUROSTAT.IRT_LT_MCBY,Long-term government bond yield (EMU convergence criterion),%,1999,4.63,Eurostat irt_lt_mcby_a,2026-08-02
NLD,Netherlands,EUROSTAT.IRT_LT_MCBY,Long-term government bond yield (EMU convergence criterion),%,2000,5.4,Eurostat irt_lt_mcby_a,2026-08-02
NLD,Netherlands,EUROSTAT.IRT_LT_MCBY,Long-term government bond yield (EMU convergence criterion),%,2001,4.96,Eurostat irt_lt_mcby_a,2026-08-02
NLD,Netherlands,EUROSTAT.IRT_LT_MCBY,Long-term government bond yield (EMU convergence criterion),%,2002,4.89,Eurostat irt_lt_mcby_a,2026-08-02
NLD,Netherlands,EUROSTAT.IRT_LT_MCBY,Long-term government bond yield (EMU convergence criterion),%,2003,4.12,Eurostat irt_lt_mcby_a,2026-08-02
NLD,Netherlands,EUROSTAT.IRT_LT_MCBY,Long-term government bond yield (EMU convergence criterion),%,2004,4.1,Eurostat irt_lt_mcby_a,2026-08-02
NLD,Netherlands,EUROSTAT.IRT_LT_MCBY,Long-term government bond yield (EMU convergence criterion),%,2005,3.37,Eurostat irt_lt_mcby_a,2026-08-02
NLD,Netherlands,EUROSTAT.IRT_LT_MCBY,Long-term government bond yield (EMU convergence criterion),%,2006,3.78,Eurostat irt_lt_mcby_a,2026-08-02
NLD,Netherlands,EUROSTAT.IRT_LT_MCBY,Long-term government bond yield (EMU convergence criterion),%,2007,4.29,Eurostat irt_lt_mcby_a,2026-08-02
NLD,Netherlands,EUROSTAT.IRT_LT_MCBY,Long-term government bond yield (EMU convergence criterion),%,2008,4.23,Eurostat irt_lt_mcby_a,2026-08-02
NLD,Netherlands,EUROSTAT.IRT_LT_MCBY,Long-term government bond yield (EMU convergence criterion),%,2009,3.69,Eurostat irt_lt_mcby_a,2026-08-02
NLD,Netherlands,EUROSTAT.IRT_LT_MCBY,Long-term government bond yield (EMU convergence criterion),%,2010,2.99,Eurostat irt_lt_mcby_a,2026-08-02
NLD,Netherlands,EUROSTAT.IRT_LT_MCBY,Long-term government bond yield (EMU convergence criterion),%,2011,2.99,Eurostat irt_lt_mcby_a,2026-08-02
NLD,Netherlands,EUROSTAT.IRT_LT_MCBY,Long-term government bond yield (EMU convergence criterion),%,2012,1.93,Eurostat irt_lt_mcby_a,2026-08-02
NLD,Netherlands,EUROSTAT.IRT_LT_MCBY,Long-term government bond yield (EMU convergence criterion),%,2013,1.96,Eurostat irt_lt_mcby_a,2026-08-02
NLD,Netherlands,EUROSTAT.IRT_LT_MCBY,Long-term government bond yield (EMU convergence criterion),%,2014,1.45,Eurostat irt_lt_mcby_a,2026-08-02
NLD,Netherlands,EUROSTAT.IRT_LT_MCBY,Long-term government bond yield (EMU convergence criterion),%,2015,0.69,Eurostat irt_lt_mcby_a,2026-08-02
NLD,Netherlands,EUROSTAT.IRT_LT_MCBY,Long-term government bond yield (EMU convergence criterion),%,2016,0.29,Eurostat irt_lt_mcby_a,2026-08-02
NLD,Netherlands,EUROSTAT.IRT_LT_MCBY,Long-term government bond yield (EMU convergence criterion),%,2017,0.52,Eurostat irt_lt_mcby_a,2026-08-02
NLD,Netherlands,EUROSTAT.IRT_LT_MCBY,Long-term government bond yield (EMU convergence criterion),%,2018,0.58,Eurostat irt_lt_mcby_a,2026-08-02
NLD,Netherlands,EUROSTAT.IRT_LT_MCBY,Long-term government bond yield (EMU convergence criterion),%,2019,-0.07,Eurostat irt_lt_mcby_a,2026-08-02
NLD,Netherlands,EUROSTAT.IRT_LT_MCBY,Long-term government bond yield (EMU convergence criterion),%,2020,-0.38,Eurostat irt_lt_mcby_a,2026-08-02
NLD,Netherlands,EUROSTAT.IRT_LT_MCBY,Long-term government bond yield (EMU convergence criterion),%,2021,-0.33,Eurostat irt_lt_mcby_a,2026-08-02
NLD,Netherlands,EUROSTAT.IRT_LT_MCBY,Long-term government bond yield (EMU convergence criterion),%,2022,1.38,Eurostat irt_lt_mcby_a,2026-08-02
NLD,Netherlands,EUROSTAT.IRT_LT_MCBY,Long-term government bond yield (EMU convergence criterion),%,2023,2.79,Eurostat irt_lt_mcby_a,2026-08-02
NLD,Netherlands,EUROSTAT.IRT_LT_MCBY,Long-term government bond yield (EMU convergence criterion),%,2024,2.62,Eurostat irt_lt_mcby_a,2026-08-02
NLD,Netherlands,EUROSTAT.IRT_LT_MCBY,Long-term government bond yield (EMU convergence criterion),%,2025,2.80112,Eurostat irt_lt_mcby_a,2026-08-02
POL,Poland,EUROSTAT.IRT_LT_MCBY,Long-term government bond yield (EMU convergence criterion),%,2001,10.68,Eurostat irt_lt_mcby_a,2026-08-02
POL,Poland,EUROSTAT.IRT_LT_MCBY,Long-term government bond yield (EMU convergence criterion),%,2002,7.36,Eurostat irt_lt_mcby_a,2026-08-02
POL,Poland,EUROSTAT.IRT_LT_MCBY,Long-term government bond yield (EMU convergence criterion),%,2003,5.78,Eurostat irt_lt_mcby_a,2026-08-02
POL,Poland,EUROSTAT.IRT_LT_MCBY,Long-term government bond yield (EMU convergence criterion),%,2004,6.9,Eurostat irt_lt_mcby_a,2026-08-02
POL,Poland,EUROSTAT.IRT_LT_MCBY,Long-term government bond yield (EMU convergence criterion),%,2005,5.22,Eurostat irt_lt_mcby_a,2026-08-02
POL,Poland,EUROSTAT.IRT_LT_MCBY,Long-term government bond yield (EMU convergence criterion),%,2006,5.23,Eurostat irt_lt_mcby_a,2026-08-02
POL,Poland,EUROSTAT.IRT_LT_MCBY,Long-term government bond yield (EMU convergence criterion),%,2007,5.48,Eurostat irt_lt_mcby_a,2026-08-02
POL,Poland,EUROSTAT.IRT_LT_MCBY,Long-term government bond yield (EMU convergence criterion),%,2008,6.07,Eurostat irt_lt_mcby_a,2026-08-02
POL,Poland,EUROSTAT.IRT_LT_MCBY,Long-term government bond yield (EMU convergence criterion),%,2009,6.12,Eurostat irt_lt_mcby_a,2026-08-02
POL,Poland,EUROSTAT.IRT_LT_MCBY,Long-term government bond yield (EMU convergence criterion),%,2010,5.78,Eurostat irt_lt_mcby_a,2026-08-02
POL,Poland,EUROSTAT.IRT_LT_MCBY,Long-term government bond yield (EMU convergence criterion),%,2011,5.96,Eurostat irt_lt_mcby_a,2026-08-02
POL,Poland,EUROSTAT.IRT_LT_MCBY,Long-term government bond yield (EMU convergence criterion),%,2012,5.0,Eurostat irt_lt_mcby_a,2026-08-02
POL,Poland,EUROSTAT.IRT_LT_MCBY,Long-term government bond yield (EMU convergence criterion),%,2013,4.03,Eurostat irt_lt_mcby_a,2026-08-02
POL,Poland,EUROSTAT.IRT_LT_MCBY,Long-term government bond yield (EMU convergence criterion),%,2014,3.52,Eurostat irt_lt_mcby_a,2026-08-02
POL,Poland,EUROSTAT.IRT_LT_MCBY,Long-term government bond yield (EMU convergence criterion),%,2015,2.7,Eurostat irt_lt_mcby_a,2026-08-02
POL,Poland,EUROSTAT.IRT_LT_MCBY,Long-term government bond yield (EMU convergence criterion),%,2016,3.04,Eurostat irt_lt_mcby_a,2026-08-02
POL,Poland,EUROSTAT.IRT_LT_MCBY,Long-term government bond yield (EMU convergence criterion),%,2017,3.42,Eurostat irt_lt_mcby_a,2026-08-02
POL,Poland,EUROSTAT.IRT_LT_MCBY,Long-term government bond yield (EMU convergence criterion),%,2018,3.2,Eurostat irt_lt_mcby_a,2026-08-02
POL,Poland,EUROSTAT.IRT_LT_MCBY,Long-term government bond yield (EMU convergence criterion),%,2019,2.35,Eurostat irt_lt_mcby_a,2026-08-02
POL,Poland,EUROSTAT.IRT_LT_MCBY,Long-term government bond yield (EMU convergence criterion),%,2020,1.5,Eurostat irt_lt_mcby_a,2026-08-02
POL,Poland,EUROSTAT.IRT_LT_MCBY,Long-term government bond yield (EMU convergence criterion),%,2021,1.95,Eurostat irt_lt_mcby_a,2026-08-02
POL,Poland,EUROSTAT.IRT_LT_MCBY,Long-term government bond yield (EMU convergence criterion),%,2022,6.05,Eurostat irt_lt_mcby_a,2026-08-02
POL,Poland,EUROSTAT.IRT_LT_MCBY,Long-term government bond yield (EMU convergence criterion),%,2023,5.8,Eurostat irt_lt_mcby_a,2026-08-02
POL,Poland,EUROSTAT.IRT_LT_MCBY,Long-term government bond yield (EMU convergence criterion),%,2024,5.53,Eurostat irt_lt_mcby_a,2026-08-02
POL,Poland,EUROSTAT.IRT_LT_MCBY,Long-term government bond yield (EMU convergence criterion),%,2025,5.52335,Eurostat irt_lt_mcby_a,2026-08-02
PRT,Portugal,EUROSTAT.IRT_LT_MCBY,Long-term government bond yield (EMU convergence criterion),%,1986,15.76,Eurostat irt_lt_mcby_a,2026-08-02
PRT,Portugal,EUROSTAT.IRT_LT_MCBY,Long-term government bond yield (EMU convergence criterion),%,1987,15.12,Eurostat irt_lt_mcby_a,2026-08-02
PRT,Portugal,EUROSTAT.IRT_LT_MCBY,Long-term government bond yield (EMU convergence criterion),%,1988,14.15,Eurostat irt_lt_mcby_a,2026-08-02
PRT,Portugal,EUROSTAT.IRT_LT_MCBY,Long-term government bond yield (EMU convergence criterion),%,1989,14.94,Eurostat irt_lt_mcby_a,2026-08-02
PRT,Portugal,EUROSTAT.IRT_LT_MCBY,Long-term government bond yield (EMU convergence criterion),%,1990,15.4,Eurostat irt_lt_mcby_a,2026-08-02
PRT,Portugal,EUROSTAT.IRT_LT_MCBY,Long-term government bond yield (EMU convergence criterion),%,1991,14.54,Eurostat irt_lt_mcby_a,2026-08-02
PRT,Portugal,EUROSTAT.IRT_LT_MCBY,Long-term government bond yield (EMU convergence criterion),%,1992,13.83,Eurostat irt_lt_mcby_a,2026-08-02
PRT,Portugal,EUROSTAT.IRT_LT_MCBY,Long-term government bond yield (EMU convergence criterion),%,1993,9.77,Eurostat irt_lt_mcby_a,2026-08-02
PRT,Portugal,EUROSTAT.IRT_LT_MCBY,Long-term government bond yield (EMU convergence criterion),%,1994,10.48,Eurostat irt_lt_mcby_a,2026-08-02
PRT,Portugal,EUROSTAT.IRT_LT_MCBY,Long-term government bond yield (EMU convergence criterion),%,1995,11.47,Eurostat irt_lt_mcby_a,2026-08-02
PRT,Portugal,EUROSTAT.IRT_LT_MCBY,Long-term government bond yield (EMU convergence criterion),%,1996,8.56,Eurostat irt_lt_mcby_a,2026-08-02
PRT,Portugal,EUROSTAT.IRT_LT_MCBY,Long-term government bond yield (EMU convergence criterion),%,1997,6.36,Eurostat irt_lt_mcby_a,2026-08-02
PRT,Portugal,EUROSTAT.IRT_LT_MCBY,Long-term government bond yield (EMU convergence criterion),%,1998,4.88,Eurostat irt_lt_mcby_a,2026-08-02
PRT,Portugal,EUROSTAT.IRT_LT_MCBY,Long-term government bond yield (EMU convergence criterion),%,1999,4.78,Eurostat irt_lt_mcby_a,2026-08-02
PRT,Portugal,EUROSTAT.IRT_LT_MCBY,Long-term government bond yield (EMU convergence criterion),%,2000,5.59,Eurostat irt_lt_mcby_a,2026-08-02
PRT,Portugal,EUROSTAT.IRT_LT_MCBY,Long-term government bond yield (EMU convergence criterion),%,2001,5.16,Eurostat irt_lt_mcby_a,2026-08-02
PRT,Portugal,EUROSTAT.IRT_LT_MCBY,Long-term government bond yield (EMU convergence criterion),%,2002,5.01,Eurostat irt_lt_mcby_a,2026-08-02
PRT,Portugal,EUROSTAT.IRT_LT_MCBY,Long-term government bond yield (EMU convergence criterion),%,2003,4.18,Eurostat irt_lt_mcby_a,2026-08-02
PRT,Portugal,EUROSTAT.IRT_LT_MCBY,Long-term government bond yield (EMU convergence criterion),%,2004,4.14,Eurostat irt_lt_mcby_a,2026-08-02
PRT,Portugal,EUROSTAT.IRT_LT_MCBY,Long-term government bond yield (EMU convergence criterion),%,2005,3.44,Eurostat irt_lt_mcby_a,2026-08-02
PRT,Portugal,EUROSTAT.IRT_LT_MCBY,Long-term government bond yield (EMU convergence criterion),%,2006,3.91,Eurostat irt_lt_mcby_a,2026-08-02
PRT,Portugal,EUROSTAT.IRT_LT_MCBY,Long-term government bond yield (EMU convergence criterion),%,2007,4.42,Eurostat irt_lt_mcby_a,2026-08-02
PRT,Portugal,EUROSTAT.IRT_LT_MCBY,Long-term government bond yield (EMU convergence criterion),%,2008,4.52,Eurostat irt_lt_mcby_a,2026-08-02
PRT,Portugal,EUROSTAT.IRT_LT_MCBY,Long-term government bond yield (EMU convergence criterion),%,2009,4.21,Eurostat irt_lt_mcby_a,2026-08-02
PRT,Portugal,EUROSTAT.IRT_LT_MCBY,Long-term government bond yield (EMU convergence criterion),%,2010,5.4,Eurostat irt_lt_mcby_a,2026-08-02
PRT,Portugal,EUROSTAT.IRT_LT_MCBY,Long-term government bond yield (EMU convergence criterion),%,2011,10.24,Eurostat irt_lt_mcby_a,2026-08-02
PRT,Portugal,EUROSTAT.IRT_LT_MCBY,Long-term government bond yield (EMU convergence criterion),%,2012,10.55,Eurostat irt_lt_mcby_a,2026-08-02
PRT,Portugal,EUROSTAT.IRT_LT_MCBY,Long-term government bond yield (EMU convergence criterion),%,2013,6.29,Eurostat irt_lt_mcby_a,2026-08-02
PRT,Portugal,EUROSTAT.IRT_LT_MCBY,Long-term government bond yield (EMU convergence criterion),%,2014,3.75,Eurostat irt_lt_mcby_a,2026-08-02
PRT,Portugal,EUROSTAT.IRT_LT_MCBY,Long-term government bond yield (EMU convergence criterion),%,2015,2.42,Eurostat irt_lt_mcby_a,2026-08-02
PRT,Portugal,EUROSTAT.IRT_LT_MCBY,Long-term government bond yield (EMU convergence criterion),%,2016,3.17,Eurostat irt_lt_mcby_a,2026-08-02
PRT,Portugal,EUROSTAT.IRT_LT_MCBY,Long-term government bond yield (EMU convergence criterion),%,2017,3.05,Eurostat irt_lt_mcby_a,2026-08-02
PRT,Portugal,EUROSTAT.IRT_LT_MCBY,Long-term government bond yield (EMU convergence criterion),%,2018,1.84,Eurostat irt_lt_mcby_a,2026-08-02
PRT,Portugal,EUROSTAT.IRT_LT_MCBY,Long-term government bond yield (EMU convergence criterion),%,2019,0.76,Eurostat irt_lt_mcby_a,2026-08-02
PRT,Portugal,EUROSTAT.IRT_LT_MCBY,Long-term government bond yield (EMU convergence criterion),%,2020,0.41,Eurostat irt_lt_mcby_a,2026-08-02
PRT,Portugal,EUROSTAT.IRT_LT_MCBY,Long-term government bond yield (EMU convergence criterion),%,2021,0.3,Eurostat irt_lt_mcby_a,2026-08-02
PRT,Portugal,EUROSTAT.IRT_LT_MCBY,Long-term government bond yield (EMU convergence criterion),%,2022,2.17,Eurostat irt_lt_mcby_a,2026-08-02
PRT,Portugal,EUROSTAT.IRT_LT_MCBY,Long-term government bond yield (EMU convergence criterion),%,2023,3.24,Eurostat irt_lt_mcby_a,2026-08-02
PRT,Portugal,EUROSTAT.IRT_LT_MCBY,Long-term government bond yield (EMU convergence criterion),%,2024,2.96,Eurostat irt_lt_mcby_a,2026-08-02
PRT,Portugal,EUROSTAT.IRT_LT_MCBY,Long-term government bond yield (EMU convergence criterion),%,2025,3.07583,Eurostat irt_lt_mcby_a,2026-08-02
ROU,Romania,EUROSTAT.IRT_LT_MCBY,Long-term government bond yield (EMU convergence criterion),%,2005,6.99,Eurostat irt_lt_mcby_a,2026-08-02
ROU,Romania,EUROSTAT.IRT_LT_MCBY,Long-term government bond yield (EMU convergence criterion),%,2006,7.23,Eurostat irt_lt_mcby_a,2026-08-02
ROU,Romania,EUROSTAT.IRT_LT_MCBY,Long-term government bond yield (EMU convergence criterion),%,2007,7.13,Eurostat irt_lt_mcby_a,2026-08-02
ROU,Romania,EUROSTAT.IRT_LT_MCBY,Long-term government bond yield (EMU convergence criterion),%,2008,7.7,Eurostat irt_lt_mcby_a,2026-08-02
ROU,Romania,EUROSTAT.IRT_LT_MCBY,Long-term government bond yield (EMU convergence criterion),%,2009,9.69,Eurostat irt_lt_mcby_a,2026-08-02
ROU,Romania,EUROSTAT.IRT_LT_MCBY,Long-term government bond yield (EMU convergence criterion),%,2010,7.34,Eurostat irt_lt_mcby_a,2026-08-02
ROU,Romania,EUROSTAT.IRT_LT_MCBY,Long-term government bond yield (EMU convergence criterion),%,2011,7.29,Eurostat irt_lt_mcby_a,2026-08-02
ROU,Romania,EUROSTAT.IRT_LT_MCBY,Long-term government bond yield (EMU convergence criterion),%,2012,6.68,Eurostat irt_lt_mcby_a,2026-08-02
ROU,Romania,EUROSTAT.IRT_LT_MCBY,Long-term government bond yield (EMU convergence criterion),%,2013,5.41,Eurostat irt_lt_mcby_a,2026-08-02
ROU,Romania,EUROSTAT.IRT_LT_MCBY,Long-term government bond yield (EMU convergence criterion),%,2014,4.49,Eurostat irt_lt_mcby_a,2026-08-02
ROU,Romania,EUROSTAT.IRT_LT_MCBY,Long-term government bond yield (EMU convergence criterion),%,2015,3.47,Eurostat irt_lt_mcby_a,2026-08-02
ROU,Romania,EUROSTAT.IRT_LT_MCBY,Long-term government bond yield (EMU convergence criterion),%,2016,3.32,Eurostat irt_lt_mcby_a,2026-08-02
ROU,Romania,EUROSTAT.IRT_LT_MCBY,Long-term government bond yield (EMU convergence criterion),%,2017,3.96,Eurostat irt_lt_mcby_a,2026-08-02
ROU,Romania,EUROSTAT.IRT_LT_MCBY,Long-term government bond yield (EMU convergence criterion),%,2018,4.69,Eurostat irt_lt_mcby_a,2026-08-02
ROU,Romania,EUROSTAT.IRT_LT_MCBY,Long-term government bond yield (EMU convergence criterion),%,2019,4.54,Eurostat irt_lt_mcby_a,2026-08-02
ROU,Romania,EUROSTAT.IRT_LT_MCBY,Long-term government bond yield (EMU convergence criterion),%,2020,3.89,Eurostat irt_lt_mcby_a,2026-08-02
ROU,Romania,EUROSTAT.IRT_LT_MCBY,Long-term government bond yield (EMU convergence criterion),%,2021,3.62,Eurostat irt_lt_mcby_a,2026-08-02
ROU,Romania,EUROSTAT.IRT_LT_MCBY,Long-term government bond yield (EMU convergence criterion),%,2022,7.48,Eurostat irt_lt_mcby_a,2026-08-02
ROU,Romania,EUROSTAT.IRT_LT_MCBY,Long-term government bond yield (EMU convergence criterion),%,2023,6.71,Eurostat irt_lt_mcby_a,2026-08-02
ROU,Romania,EUROSTAT.IRT_LT_MCBY,Long-term government bond yield (EMU convergence criterion),%,2024,6.32,Eurostat irt_lt_mcby_a,2026-08-02
ROU,Romania,EUROSTAT.IRT_LT_MCBY,Long-term government bond yield (EMU convergence criterion),%,2025,6.9585,Eurostat irt_lt_mcby_a,2026-08-02
SVK,Slovakia,EUROSTAT.IRT_LT_MCBY,Long-term government bond yield (EMU convergence criterion),%,2001,8.04,Eurostat irt_lt_mcby_a,2026-08-02
SVK,Slovakia,EUROSTAT.IRT_LT_MCBY,Long-term government bond yield (EMU convergence criterion),%,2002,6.93,Eurostat irt_lt_mcby_a,2026-08-02
SVK,Slovakia,EUROSTAT.IRT_LT_MCBY,Long-term government bond yield (EMU convergence criterion),%,2003,4.99,Eurostat irt_lt_mcby_a,2026-08-02
SVK,Slovakia,EUROSTAT.IRT_LT_MCBY,Long-term government bond yield (EMU convergence criterion),%,2004,5.03,Eurostat irt_lt_mcby_a,2026-08-02
SVK,Slovakia,EUROSTAT.IRT_LT_MCBY,Long-term government bond yield (EMU convergence criterion),%,2005,3.52,Eurostat irt_lt_mcby_a,2026-08-02
SVK,Slovakia,EUROSTAT.IRT_LT_MCBY,Long-term government bond yield (EMU convergence criterion),%,2006,4.41,Eurostat irt_lt_mcby_a,2026-08-02
SVK,Slovakia,EUROSTAT.IRT_LT_MCBY,Long-term government bond yield (EMU convergence criterion),%,2007,4.49,Eurostat irt_lt_mcby_a,2026-08-02
SVK,Slovakia,EUROSTAT.IRT_LT_MCBY,Long-term government bond yield (EMU convergence criterion),%,2008,4.72,Eurostat irt_lt_mcby_a,2026-08-02
SVK,Slovakia,EUROSTAT.IRT_LT_MCBY,Long-term government bond yield (EMU convergence criterion),%,2009,4.71,Eurostat irt_lt_mcby_a,2026-08-02
SVK,Slovakia,EUROSTAT.IRT_LT_MCBY,Long-term government bond yield (EMU convergence criterion),%,2010,3.87,Eurostat irt_lt_mcby_a,2026-08-02
SVK,Slovakia,EUROSTAT.IRT_LT_MCBY,Long-term government bond yield (EMU convergence criterion),%,2011,4.45,Eurostat irt_lt_mcby_a,2026-08-02
SVK,Slovakia,EUROSTAT.IRT_LT_MCBY,Long-term government bond yield (EMU convergence criterion),%,2012,4.55,Eurostat irt_lt_mcby_a,2026-08-02
SVK,Slovakia,EUROSTAT.IRT_LT_MCBY,Long-term government bond yield (EMU convergence criterion),%,2013,3.19,Eurostat irt_lt_mcby_a,2026-08-02
SVK,Slovakia,EUROSTAT.IRT_LT_MCBY,Long-term government bond yield (EMU convergence criterion),%,2014,2.07,Eurostat irt_lt_mcby_a,2026-08-02
SVK,Slovakia,EUROSTAT.IRT_LT_MCBY,Long-term government bond yield (EMU convergence criterion),%,2015,0.89,Eurostat irt_lt_mcby_a,2026-08-02
SVK,Slovakia,EUROSTAT.IRT_LT_MCBY,Long-term government bond yield (EMU convergence criterion),%,2016,0.54,Eurostat irt_lt_mcby_a,2026-08-02
SVK,Slovakia,EUROSTAT.IRT_LT_MCBY,Long-term government bond yield (EMU convergence criterion),%,2017,0.92,Eurostat irt_lt_mcby_a,2026-08-02
SVK,Slovakia,EUROSTAT.IRT_LT_MCBY,Long-term government bond yield (EMU convergence criterion),%,2018,0.89,Eurostat irt_lt_mcby_a,2026-08-02
SVK,Slovakia,EUROSTAT.IRT_LT_MCBY,Long-term government bond yield (EMU convergence criterion),%,2019,0.25,Eurostat irt_lt_mcby_a,2026-08-02
SVK,Slovakia,EUROSTAT.IRT_LT_MCBY,Long-term government bond yield (EMU convergence criterion),%,2020,-0.04,Eurostat irt_lt_mcby_a,2026-08-02
SVK,Slovakia,EUROSTAT.IRT_LT_MCBY,Long-term government bond yield (EMU convergence criterion),%,2021,-0.08,Eurostat irt_lt_mcby_a,2026-08-02
SVK,Slovakia,EUROSTAT.IRT_LT_MCBY,Long-term government bond yield (EMU convergence criterion),%,2022,2.07,Eurostat irt_lt_mcby_a,2026-08-02
SVK,Slovakia,EUROSTAT.IRT_LT_MCBY,Long-term government bond yield (EMU convergence criterion),%,2023,3.65,Eurostat irt_lt_mcby_a,2026-08-02
SVK,Slovakia,EUROSTAT.IRT_LT_MCBY,Long-term government bond yield (EMU convergence criterion),%,2024,3.47,Eurostat irt_lt_mcby_a,2026-08-02
SVK,Slovakia,EUROSTAT.IRT_LT_MCBY,Long-term government bond yield (EMU convergence criterion),%,2025,3.42929,Eurostat irt_lt_mcby_a,2026-08-02
SVN,Slovenia,EUROSTAT.IRT_LT_MCBY,Long-term government bond yield (EMU convergence criterion),%,2002,8.71,Eurostat irt_lt_mcby_a,2026-08-02
SVN,Slovenia,EUROSTAT.IRT_LT_MCBY,Long-term government bond yield (EMU convergence criterion),%,2003,6.4,Eurostat irt_lt_mcby_a,2026-08-02
SVN,Slovenia,EUROSTAT.IRT_LT_MCBY,Long-term government bond yield (EMU convergence criterion),%,2004,4.68,Eurostat irt_lt_mcby_a,2026-08-02
SVN,Slovenia,EUROSTAT.IRT_LT_MCBY,Long-term government bond yield (EMU convergence criterion),%,2005,3.81,Eurostat irt_lt_mcby_a,2026-08-02
SVN,Slovenia,EUROSTAT.IRT_LT_MCBY,Long-term government bond yield (EMU convergence criterion),%,2006,3.85,Eurostat irt_lt_mcby_a,2026-08-02
SVN,Slovenia,EUROSTAT.IRT_LT_MCBY,Long-term government bond yield (EMU convergence criterion),%,2007,4.53,Eurostat irt_lt_mcby_a,2026-08-02
SVN,Slovenia,EUROSTAT.IRT_LT_MCBY,Long-term government bond yield (EMU convergence criterion),%,2008,4.61,Eurostat irt_lt_mcby_a,2026-08-02
SVN,Slovenia,EUROSTAT.IRT_LT_MCBY,Long-term government bond yield (EMU convergence criterion),%,2009,4.38,Eurostat irt_lt_mcby_a,2026-08-02
SVN,Slovenia,EUROSTAT.IRT_LT_MCBY,Long-term government bond yield (EMU convergence criterion),%,2010,3.83,Eurostat irt_lt_mcby_a,2026-08-02
SVN,Slovenia,EUROSTAT.IRT_LT_MCBY,Long-term government bond yield (EMU convergence criterion),%,2011,4.97,Eurostat irt_lt_mcby_a,2026-08-02
SVN,Slovenia,EUROSTAT.IRT_LT_MCBY,Long-term government bond yield (EMU convergence criterion),%,2012,5.81,Eurostat irt_lt_mcby_a,2026-08-02
SVN,Slovenia,EUROSTAT.IRT_LT_MCBY,Long-term government bond yield (EMU convergence criterion),%,2013,5.81,Eurostat irt_lt_mcby_a,2026-08-02
SVN,Slovenia,EUROSTAT.IRT_LT_MCBY,Long-term government bond yield (EMU convergence criterion),%,2014,3.27,Eurostat irt_lt_mcby_a,2026-08-02
SVN,Slovenia,EUROSTAT.IRT_LT_MCBY,Long-term government bond yield (EMU convergence criterion),%,2015,1.71,Eurostat irt_lt_mcby_a,2026-08-02
SVN,Slovenia,EUROSTAT.IRT_LT_MCBY,Long-term government bond yield (EMU convergence criterion),%,2016,1.15,Eurostat irt_lt_mcby_a,2026-08-02
SVN,Slovenia,EUROSTAT.IRT_LT_MCBY,Long-term government bond yield (EMU convergence criterion),%,2017,0.96,Eurostat irt_lt_mcby_a,2026-08-02
SVN,Slovenia,EUROSTAT.IRT_LT_MCBY,Long-term government bond yield (EMU convergence criterion),%,2018,0.93,Eurostat irt_lt_mcby_a,2026-08-02
SVN,Slovenia,EUROSTAT.IRT_LT_MCBY,Long-term government bond yield (EMU convergence criterion),%,2019,0.28,Eurostat irt_lt_mcby_a,2026-08-02
SVN,Slovenia,EUROSTAT.IRT_LT_MCBY,Long-term government bond yield (EMU convergence criterion),%,2020,0.08,Eurostat irt_lt_mcby_a,2026-08-02
SVN,Slovenia,EUROSTAT.IRT_LT_MCBY,Long-term government bond yield (EMU convergence criterion),%,2021,0.07,Eurostat irt_lt_mcby_a,2026-08-02
SVN,Slovenia,EUROSTAT.IRT_LT_MCBY,Long-term government bond yield (EMU convergence criterion),%,2022,1.89,Eurostat irt_lt_mcby_a,2026-08-02
SVN,Slovenia,EUROSTAT.IRT_LT_MCBY,Long-term government bond yield (EMU convergence criterion),%,2023,3.4,Eurostat irt_lt_mcby_a,2026-08-02
SVN,Slovenia,EUROSTAT.IRT_LT_MCBY,Long-term government bond yield (EMU convergence criterion),%,2024,3.11,Eurostat irt_lt_mcby_a,2026-08-02
SVN,Slovenia,EUROSTAT.IRT_LT_MCBY,Long-term government bond yield (EMU convergence criterion),%,2025,3.1024,Eurostat irt_lt_mcby_a,2026-08-02
SWE,Sweden,EUROSTAT.IRT_LT_MCBY,Long-term government bond yield (EMU convergence criterion),%,1987,11.69,Eurostat irt_lt_mcby_a,2026-08-02
SWE,Sweden,EUROSTAT.IRT_LT_MCBY,Long-term government bond yield (EMU convergence criterion),%,1988,11.35,Eurostat irt_lt_mcby_a,2026-08-02
SWE,Sweden,EUROSTAT.IRT_LT_MCBY,Long-term government bond yield (EMU convergence criterion),%,1989,11.18,Eurostat irt_lt_mcby_a,2026-08-02
SWE,Sweden,EUROSTAT.IRT_LT_MCBY,Long-term government bond yield (EMU convergence criterion),%,1990,13.15,Eurostat irt_lt_mcby_a,2026-08-02
SWE,Sweden,EUROSTAT.IRT_LT_MCBY,Long-term government bond yield (EMU convergence criterion),%,1991,10.7,Eurostat irt_lt_mcby_a,2026-08-02
SWE,Sweden,EUROSTAT.IRT_LT_MCBY,Long-term government bond yield (EMU convergence criterion),%,1992,10.03,Eurostat irt_lt_mcby_a,2026-08-02
SWE,Sweden,EUROSTAT.IRT_LT_MCBY,Long-term government bond yield (EMU convergence criterion),%,1993,8.57,Eurostat irt_lt_mcby_a,2026-08-02
SWE,Sweden,EUROSTAT.IRT_LT_MCBY,Long-term government bond yield (EMU convergence criterion),%,1994,9.7,Eurostat irt_lt_mcby_a,2026-08-02
SWE,Sweden,EUROSTAT.IRT_LT_MCBY,Long-term government bond yield (EMU convergence criterion),%,1995,10.24,Eurostat irt_lt_mcby_a,2026-08-02
SWE,Sweden,EUROSTAT.IRT_LT_MCBY,Long-term government bond yield (EMU convergence criterion),%,1996,8.03,Eurostat irt_lt_mcby_a,2026-08-02
SWE,Sweden,EUROSTAT.IRT_LT_MCBY,Long-term government bond yield (EMU convergence criterion),%,1997,6.62,Eurostat irt_lt_mcby_a,2026-08-02
SWE,Sweden,EUROSTAT.IRT_LT_MCBY,Long-term government bond yield (EMU convergence criterion),%,1998,4.99,Eurostat irt_lt_mcby_a,2026-08-02
SWE,Sweden,EUROSTAT.IRT_LT_MCBY,Long-term government bond yield (EMU convergence criterion),%,1999,4.98,Eurostat irt_lt_mcby_a,2026-08-02
SWE,Sweden,EUROSTAT.IRT_LT_MCBY,Long-term government bond yield (EMU convergence criterion),%,2000,5.37,Eurostat irt_lt_mcby_a,2026-08-02
SWE,Sweden,EUROSTAT.IRT_LT_MCBY,Long-term government bond yield (EMU convergence criterion),%,2001,5.11,Eurostat irt_lt_mcby_a,2026-08-02
SWE,Sweden,EUROSTAT.IRT_LT_MCBY,Long-term government bond yield (EMU convergence criterion),%,2002,5.3,Eurostat irt_lt_mcby_a,2026-08-02
SWE,Sweden,EUROSTAT.IRT_LT_MCBY,Long-term government bond yield (EMU convergence criterion),%,2003,4.64,Eurostat irt_lt_mcby_a,2026-08-02
SWE,Sweden,EUROSTAT.IRT_LT_MCBY,Long-term government bond yield (EMU convergence criterion),%,2004,4.43,Eurostat irt_lt_mcby_a,2026-08-02
SWE,Sweden,EUROSTAT.IRT_LT_MCBY,Long-term government bond yield (EMU convergence criterion),%,2005,3.38,Eurostat irt_lt_mcby_a,2026-08-02
SWE,Sweden,EUROSTAT.IRT_LT_MCBY,Long-term government bond yield (EMU convergence criterion),%,2006,3.7,Eurostat irt_lt_mcby_a,2026-08-02
SWE,Sweden,EUROSTAT.IRT_LT_MCBY,Long-term government bond yield (EMU convergence criterion),%,2007,4.17,Eurostat irt_lt_mcby_a,2026-08-02
SWE,Sweden,EUROSTAT.IRT_LT_MCBY,Long-term government bond yield (EMU convergence criterion),%,2008,3.89,Eurostat irt_lt_mcby_a,2026-08-02
SWE,Sweden,EUROSTAT.IRT_LT_MCBY,Long-term government bond yield (EMU convergence criterion),%,2009,3.25,Eurostat irt_lt_mcby_a,2026-08-02
SWE,Sweden,EUROSTAT.IRT_LT_MCBY,Long-term government bond yield (EMU convergence criterion),%,2010,2.89,Eurostat irt_lt_mcby_a,2026-08-02
SWE,Sweden,EUROSTAT.IRT_LT_MCBY,Long-term government bond yield (EMU convergence criterion),%,2011,2.61,Eurostat irt_lt_mcby_a,2026-08-02
SWE,Sweden,EUROSTAT.IRT_LT_MCBY,Long-term government bond yield (EMU convergence criterion),%,2012,1.59,Eurostat irt_lt_mcby_a,2026-08-02
SWE,Sweden,EUROSTAT.IRT_LT_MCBY,Long-term government bond yield (EMU convergence criterion),%,2013,2.12,Eurostat irt_lt_mcby_a,2026-08-02
SWE,Sweden,EUROSTAT.IRT_LT_MCBY,Long-term government bond yield (EMU convergence criterion),%,2014,1.72,Eurostat irt_lt_mcby_a,2026-08-02
SWE,Sweden,EUROSTAT.IRT_LT_MCBY,Long-term government bond yield (EMU convergence criterion),%,2015,0.72,Eurostat irt_lt_mcby_a,2026-08-02
SWE,Sweden,EUROSTAT.IRT_LT_MCBY,Long-term government bond yield (EMU convergence criterion),%,2016,0.54,Eurostat irt_lt_mcby_a,2026-08-02
SWE,Sweden,EUROSTAT.IRT_LT_MCBY,Long-term government bond yield (EMU convergence criterion),%,2017,0.65,Eurostat irt_lt_mcby_a,2026-08-02
SWE,Sweden,EUROSTAT.IRT_LT_MCBY,Long-term government bond yield (EMU convergence criterion),%,2018,0.65,Eurostat irt_lt_mcby_a,2026-08-02
SWE,Sweden,EUROSTAT.IRT_LT_MCBY,Long-term government bond yield (EMU convergence criterion),%,2019,0.04,Eurostat irt_lt_mcby_a,2026-08-02
SWE,Sweden,EUROSTAT.IRT_LT_MCBY,Long-term government bond yield (EMU convergence criterion),%,2020,-0.04,Eurostat irt_lt_mcby_a,2026-08-02
SWE,Sweden,EUROSTAT.IRT_LT_MCBY,Long-term government bond yield (EMU convergence criterion),%,2021,0.27,Eurostat irt_lt_mcby_a,2026-08-02
SWE,Sweden,EUROSTAT.IRT_LT_MCBY,Long-term government bond yield (EMU convergence criterion),%,2022,1.53,Eurostat irt_lt_mcby_a,2026-08-02
SWE,Sweden,EUROSTAT.IRT_LT_MCBY,Long-term government bond yield (EMU convergence criterion),%,2023,2.51,Eurostat irt_lt_mcby_a,2026-08-02
SWE,Sweden,EUROSTAT.IRT_LT_MCBY,Long-term government bond yield (EMU convergence criterion),%,2024,2.2,Eurostat irt_lt_mcby_a,2026-08-02
SWE,Sweden,EUROSTAT.IRT_LT_MCBY,Long-term government bond yield (EMU convergence criterion),%,2025,2.44662,Eurostat irt_lt_mcby_a,2026-08-02
