iso3,country,indicator_code,indicator_name,unit,year,value,source,retrieved
BEL,Belgium,BUDGET.EXPEND,EU expenditure allocated to the member state,EUR million,2000,4239.1803,"European Commission, EU spending and revenue 2000-2024 workbook (published 25 Sep 2025)",2026-08-04
BGR,Bulgaria,BUDGET.EXPEND,EU expenditure allocated to the member state,EUR million,2000,90.2317,"European Commission, EU spending and revenue 2000-2024 workbook (published 25 Sep 2025)",2026-08-04
CZE,Czechia,BUDGET.EXPEND,EU expenditure allocated to the member state,EUR million,2000,100.3024,"European Commission, EU spending and revenue 2000-2024 workbook (published 25 Sep 2025)",2026-08-04
DNK,Denmark,BUDGET.EXPEND,EU expenditure allocated to the member state,EUR million,2000,1642.796,"European Commission, EU spending and revenue 2000-2024 workbook (published 25 Sep 2025)",2026-08-04
DEU,Germany,BUDGET.EXPEND,EU expenditure allocated to the member state,EUR million,2000,10256.517,"European Commission, EU spending and revenue 2000-2024 workbook (published 25 Sep 2025)",2026-08-04
EST,Estonia,BUDGET.EXPEND,EU expenditure allocated to the member state,EUR million,2000,44.6094,"European Commission, EU spending and revenue 2000-2024 workbook (published 25 Sep 2025)",2026-08-04
IRL,Ireland,BUDGET.EXPEND,EU expenditure allocated to the member state,EUR million,2000,2617.1799,"European Commission, EU spending and revenue 2000-2024 workbook (published 25 Sep 2025)",2026-08-04
GRC,Greece,BUDGET.EXPEND,EU expenditure allocated to the member state,EUR million,2000,5528.559,"European Commission, EU spending and revenue 2000-2024 workbook (published 25 Sep 2025)",2026-08-04
ESP,Spain,BUDGET.EXPEND,EU expenditure allocated to the member state,EUR million,2000,10803.6659,"European Commission, EU spending and revenue 2000-2024 workbook (published 25 Sep 2025)",2026-08-04
FRA,France,BUDGET.EXPEND,EU expenditure allocated to the member state,EUR million,2000,12377.792,"European Commission, EU spending and revenue 2000-2024 workbook (published 25 Sep 2025)",2026-08-04
ITA,Italy,BUDGET.EXPEND,EU expenditure allocated to the member state,EUR million,2000,10811.5611,"European Commission, EU spending and revenue 2000-2024 workbook (published 25 Sep 2025)",2026-08-04
CYP,Cyprus,BUDGET.EXPEND,EU expenditure allocated to the member state,EUR million,2000,4.3699,"European Commission, EU spending and revenue 2000-2024 workbook (published 25 Sep 2025)",2026-08-04
LVA,Latvia,BUDGET.EXPEND,EU expenditure allocated to the member state,EUR million,2000,50.8965,"European Commission, EU spending and revenue 2000-2024 workbook (published 25 Sep 2025)",2026-08-04
LTU,Lithuania,BUDGET.EXPEND,EU expenditure allocated to the member state,EUR million,2000,48.2056,"European Commission, EU spending and revenue 2000-2024 workbook (published 25 Sep 2025)",2026-08-04
LUX,Luxembourg,BUDGET.EXPEND,EU expenditure allocated to the member state,EUR million,2000,885.1534,"European Commission, EU spending and revenue 2000-2024 workbook (published 25 Sep 2025)",2026-08-04
HUN,Hungary,BUDGET.EXPEND,EU expenditure allocated to the member state,EUR million,2000,155.6908,"European Commission, EU spending and revenue 2000-2024 workbook (published 25 Sep 2025)",2026-08-04
MLT,Malta,BUDGET.EXPEND,EU expenditure allocated to the member state,EUR million,2000,2.5227,"European Commission, EU spending and revenue 2000-2024 workbook (published 25 Sep 2025)",2026-08-04
NLD,Netherlands,BUDGET.EXPEND,EU expenditure allocated to the member state,EUR million,2000,2241.2182,"European Commission, EU spending and revenue 2000-2024 workbook (published 25 Sep 2025)",2026-08-04
AUT,Austria,BUDGET.EXPEND,EU expenditure allocated to the member state,EUR million,2000,1398.3704,"European Commission, EU spending and revenue 2000-2024 workbook (published 25 Sep 2025)",2026-08-04
POL,Poland,BUDGET.EXPEND,EU expenditure allocated to the member state,EUR million,2000,248.0463,"European Commission, EU spending and revenue 2000-2024 workbook (published 25 Sep 2025)",2026-08-04
PRT,Portugal,BUDGET.EXPEND,EU expenditure allocated to the member state,EUR million,2000,3210.0935,"European Commission, EU spending and revenue 2000-2024 workbook (published 25 Sep 2025)",2026-08-04
ROU,Romania,BUDGET.EXPEND,EU expenditure allocated to the member state,EUR million,2000,158.3272,"European Commission, EU spending and revenue 2000-2024 workbook (published 25 Sep 2025)",2026-08-04
SVN,Slovenia,BUDGET.EXPEND,EU expenditure allocated to the member state,EUR million,2000,34.1846,"European Commission, EU spending and revenue 2000-2024 workbook (published 25 Sep 2025)",2026-08-04
SVK,Slovakia,BUDGET.EXPEND,EU expenditure allocated to the member state,EUR million,2000,61.7696,"European Commission, EU spending and revenue 2000-2024 workbook (published 25 Sep 2025)",2026-08-04
FIN,Finland,BUDGET.EXPEND,EU expenditure allocated to the member state,EUR million,2000,1392.6853,"European Commission, EU spending and revenue 2000-2024 workbook (published 25 Sep 2025)",2026-08-04
SWE,Sweden,BUDGET.EXPEND,EU expenditure allocated to the member state,EUR million,2000,1200.9059,"European Commission, EU spending and revenue 2000-2024 workbook (published 25 Sep 2025)",2026-08-04
GBR,United Kingdom,BUDGET.EXPEND,EU expenditure allocated to the member state,EUR million,2000,7857.1816,"European Commission, EU spending and revenue 2000-2024 workbook (published 25 Sep 2025)",2026-08-04
HRV,Croatia,BUDGET.EXPEND,EU expenditure allocated to the member state,EUR million,2000,13.9573,"European Commission, EU spending and revenue 2000-2024 workbook (published 25 Sep 2025)",2026-08-04
BEL,Belgium,BUDGET.CONTRIB,National contributions to the EU budget (excludes customs duties),EUR million,2000,2161.8881,"European Commission, EU spending and revenue 2000-2024 workbook (published 25 Sep 2025)",2026-08-04
BGR,Bulgaria,BUDGET.CONTRIB,National contributions to the EU budget (excludes customs duties),EUR million,2000,0.0,"European Commission, EU spending and revenue 2000-2024 workbook (published 25 Sep 2025)",2026-08-04
CZE,Czechia,BUDGET.CONTRIB,National contributions to the EU budget (excludes customs duties),EUR million,2000,0.0,"European Commission, EU spending and revenue 2000-2024 workbook (published 25 Sep 2025)",2026-08-04
DNK,Denmark,BUDGET.CONTRIB,National contributions to the EU budget (excludes customs duties),EUR million,2000,1368.1537,"European Commission, EU spending and revenue 2000-2024 workbook (published 25 Sep 2025)",2026-08-04
DEU,Germany,BUDGET.CONTRIB,National contributions to the EU budget (excludes customs duties),EUR million,2000,18423.0626,"European Commission, EU spending and revenue 2000-2024 workbook (published 25 Sep 2025)",2026-08-04
EST,Estonia,BUDGET.CONTRIB,National contributions to the EU budget (excludes customs duties),EUR million,2000,0.0,"European Commission, EU spending and revenue 2000-2024 workbook (published 25 Sep 2025)",2026-08-04
IRL,Ireland,BUDGET.CONTRIB,National contributions to the EU budget (excludes customs duties),EUR million,2000,875.2273,"European Commission, EU spending and revenue 2000-2024 workbook (published 25 Sep 2025)",2026-08-04
GRC,Greece,BUDGET.CONTRIB,National contributions to the EU budget (excludes customs duties),EUR million,2000,1132.1357,"European Commission, EU spending and revenue 2000-2024 workbook (published 25 Sep 2025)",2026-08-04
ESP,Spain,BUDGET.CONTRIB,National contributions to the EU budget (excludes customs duties),EUR million,2000,5527.5484,"European Commission, EU spending and revenue 2000-2024 workbook (published 25 Sep 2025)",2026-08-04
FRA,France,BUDGET.CONTRIB,National contributions to the EU budget (excludes customs duties),EUR million,2000,12865.9873,"European Commission, EU spending and revenue 2000-2024 workbook (published 25 Sep 2025)",2026-08-04
ITA,Italy,BUDGET.CONTRIB,National contributions to the EU budget (excludes customs duties),EUR million,2000,9515.8531,"European Commission, EU spending and revenue 2000-2024 workbook (published 25 Sep 2025)",2026-08-04
CYP,Cyprus,BUDGET.CONTRIB,National contributions to the EU budget (excludes customs duties),EUR million,2000,0.0,"European Commission, EU spending and revenue 2000-2024 workbook (published 25 Sep 2025)",2026-08-04
LVA,Latvia,BUDGET.CONTRIB,National contributions to the EU budget (excludes customs duties),EUR million,2000,0.0,"European Commission, EU spending and revenue 2000-2024 workbook (published 25 Sep 2025)",2026-08-04
LTU,Lithuania,BUDGET.CONTRIB,National contributions to the EU budget (excludes customs duties),EUR million,2000,0.0,"European Commission, EU spending and revenue 2000-2024 workbook (published 25 Sep 2025)",2026-08-04
LUX,Luxembourg,BUDGET.CONTRIB,National contributions to the EU budget (excludes customs duties),EUR million,2000,161.3575,"European Commission, EU spending and revenue 2000-2024 workbook (published 25 Sep 2025)",2026-08-04
HUN,Hungary,BUDGET.CONTRIB,National contributions to the EU budget (excludes customs duties),EUR million,2000,0.0,"European Commission, EU spending and revenue 2000-2024 workbook (published 25 Sep 2025)",2026-08-04
MLT,Malta,BUDGET.CONTRIB,National contributions to the EU budget (excludes customs duties),EUR million,2000,0.0,"European Commission, EU spending and revenue 2000-2024 workbook (published 25 Sep 2025)",2026-08-04
NLD,Netherlands,BUDGET.CONTRIB,National contributions to the EU budget (excludes customs duties),EUR million,2000,3749.1223,"European Commission, EU spending and revenue 2000-2024 workbook (published 25 Sep 2025)",2026-08-04
AUT,Austria,BUDGET.CONTRIB,National contributions to the EU budget (excludes customs duties),EUR million,2000,1823.6231,"European Commission, EU spending and revenue 2000-2024 workbook (published 25 Sep 2025)",2026-08-04
POL,Poland,BUDGET.CONTRIB,National contributions to the EU budget (excludes customs duties),EUR million,2000,0.0,"European Commission, EU spending and revenue 2000-2024 workbook (published 25 Sep 2025)",2026-08-04
PRT,Portugal,BUDGET.CONTRIB,National contributions to the EU budget (excludes customs duties),EUR million,2000,1071.8897,"European Commission, EU spending and revenue 2000-2024 workbook (published 25 Sep 2025)",2026-08-04
ROU,Romania,BUDGET.CONTRIB,National contributions to the EU budget (excludes customs duties),EUR million,2000,0.0,"European Commission, EU spending and revenue 2000-2024 workbook (published 25 Sep 2025)",2026-08-04
SVN,Slovenia,BUDGET.CONTRIB,National contributions to the EU budget (excludes customs duties),EUR million,2000,0.0,"European Commission, EU spending and revenue 2000-2024 workbook (published 25 Sep 2025)",2026-08-04
SVK,Slovakia,BUDGET.CONTRIB,National contributions to the EU budget (excludes customs duties),EUR million,2000,0.0,"European Commission, EU spending and revenue 2000-2024 workbook (published 25 Sep 2025)",2026-08-04
FIN,Finland,BUDGET.CONTRIB,National contributions to the EU budget (excludes customs duties),EUR million,2000,1100.2101,"European Commission, EU spending and revenue 2000-2024 workbook (published 25 Sep 2025)",2026-08-04
SWE,Sweden,BUDGET.CONTRIB,National contributions to the EU budget (excludes customs duties),EUR million,2000,2243.3443,"European Commission, EU spending and revenue 2000-2024 workbook (published 25 Sep 2025)",2026-08-04
GBR,United Kingdom,BUDGET.CONTRIB,National contributions to the EU budget (excludes customs duties),EUR million,2000,10682.6323,"European Commission, EU spending and revenue 2000-2024 workbook (published 25 Sep 2025)",2026-08-04
HRV,Croatia,BUDGET.CONTRIB,National contributions to the EU budget (excludes customs duties),EUR million,2000,0.0,"European Commission, EU spending and revenue 2000-2024 workbook (published 25 Sep 2025)",2026-08-04
BEL,Belgium,BUDGET.GNI,Gross national income (European Commission definition),EUR million,2000,264204.4,"European Commission, EU spending and revenue 2000-2024 workbook (published 25 Sep 2025)",2026-08-04
BGR,Bulgaria,BUDGET.GNI,Gross national income (European Commission definition),EUR million,2000,14189.4809,"European Commission, EU spending and revenue 2000-2024 workbook (published 25 Sep 2025)",2026-08-04
CZE,Czechia,BUDGET.GNI,Gross national income (European Commission definition),EUR million,2000,65425.2001,"European Commission, EU spending and revenue 2000-2024 workbook (published 25 Sep 2025)",2026-08-04
DNK,Denmark,BUDGET.GNI,Gross national income (European Commission definition),EUR million,2000,174374.9577,"European Commission, EU spending and revenue 2000-2024 workbook (published 25 Sep 2025)",2026-08-04
DEU,Germany,BUDGET.GNI,Gross national income (European Commission definition),EUR million,2000,2099048.0,"European Commission, EU spending and revenue 2000-2024 workbook (published 25 Sep 2025)",2026-08-04
EST,Estonia,BUDGET.GNI,Gross national income (European Commission definition),EUR million,2000,5938.8876,"European Commission, EU spending and revenue 2000-2024 workbook (published 25 Sep 2025)",2026-08-04
IRL,Ireland,BUDGET.GNI,Gross national income (European Commission definition),EUR million,2000,93727.0,"European Commission, EU spending and revenue 2000-2024 workbook (published 25 Sep 2025)",2026-08-04
GRC,Greece,BUDGET.GNI,Gross national income (European Commission definition),EUR million,2000,144330.4776,"European Commission, EU spending and revenue 2000-2024 workbook (published 25 Sep 2025)",2026-08-04
ESP,Spain,BUDGET.GNI,Gross national income (European Commission definition),EUR million,2000,643849.0,"European Commission, EU spending and revenue 2000-2024 workbook (published 25 Sep 2025)",2026-08-04
FRA,France,BUDGET.GNI,Gross national income (European Commission definition),EUR million,2000,1513097.0,"European Commission, EU spending and revenue 2000-2024 workbook (published 25 Sep 2025)",2026-08-04
ITA,Italy,BUDGET.GNI,Gross national income (European Commission definition),EUR million,2000,1234822.228,"European Commission, EU spending and revenue 2000-2024 workbook (published 25 Sep 2025)",2026-08-04
CYP,Cyprus,BUDGET.GNI,Gross national income (European Commission definition),EUR million,2000,9668.7689,"European Commission, EU spending and revenue 2000-2024 workbook (published 25 Sep 2025)",2026-08-04
LVA,Latvia,BUDGET.GNI,Gross national income (European Commission definition),EUR million,2000,8508.0645,"European Commission, EU spending and revenue 2000-2024 workbook (published 25 Sep 2025)",2026-08-04
LTU,Lithuania,BUDGET.GNI,Gross national income (European Commission definition),EUR million,2000,12226.1283,"European Commission, EU spending and revenue 2000-2024 workbook (published 25 Sep 2025)",2026-08-04
LUX,Luxembourg,BUDGET.GNI,Gross national income (European Commission definition),EUR million,2000,17170.3,"European Commission, EU spending and revenue 2000-2024 workbook (published 25 Sep 2025)",2026-08-04
HUN,Hungary,BUDGET.GNI,Gross national income (European Commission definition),EUR million,2000,48661.4864,"European Commission, EU spending and revenue 2000-2024 workbook (published 25 Sep 2025)",2026-08-04
MLT,Malta,BUDGET.GNI,Gross national income (European Commission definition),EUR million,2000,4259.4305,"European Commission, EU spending and revenue 2000-2024 workbook (published 25 Sep 2025)",2026-08-04
NLD,Netherlands,BUDGET.GNI,Gross national income (European Commission definition),EUR million,2000,457356.0,"European Commission, EU spending and revenue 2000-2024 workbook (published 25 Sep 2025)",2026-08-04
AUT,Austria,BUDGET.GNI,Gross national income (European Commission definition),EUR million,2000,211027.9,"European Commission, EU spending and revenue 2000-2024 workbook (published 25 Sep 2025)",2026-08-04
POL,Poland,BUDGET.GNI,Gross national income (European Commission definition),EUR million,2000,185705.7415,"European Commission, EU spending and revenue 2000-2024 workbook (published 25 Sep 2025)",2026-08-04
PRT,Portugal,BUDGET.GNI,Gross national income (European Commission definition),EUR million,2000,126019.28,"European Commission, EU spending and revenue 2000-2024 workbook (published 25 Sep 2025)",2026-08-04
ROU,Romania,BUDGET.GNI,Gross national income (European Commission definition),EUR million,2000,40458.1493,"European Commission, EU spending and revenue 2000-2024 workbook (published 25 Sep 2025)",2026-08-04
SVN,Slovenia,BUDGET.GNI,Gross national income (European Commission definition),EUR million,2000,21966.075,"European Commission, EU spending and revenue 2000-2024 workbook (published 25 Sep 2025)",2026-08-04
SVK,Slovakia,BUDGET.GNI,Gross national income (European Commission definition),EUR million,2000,22226.4497,"European Commission, EU spending and revenue 2000-2024 workbook (published 25 Sep 2025)",2026-08-04
FIN,Finland,BUDGET.GNI,Gross national income (European Commission definition),EUR million,2000,135412.0,"European Commission, EU spending and revenue 2000-2024 workbook (published 25 Sep 2025)",2026-08-04
SWE,Sweden,BUDGET.GNI,Gross national income (European Commission definition),EUR million,2000,281897.5651,"European Commission, EU spending and revenue 2000-2024 workbook (published 25 Sep 2025)",2026-08-04
GBR,United Kingdom,BUDGET.GNI,Gross national income (European Commission definition),EUR million,2000,1688954.4761,"European Commission, EU spending and revenue 2000-2024 workbook (published 25 Sep 2025)",2026-08-04
HRV,Croatia,BUDGET.GNI,Gross national income (European Commission definition),EUR million,2000,23098.6928,"European Commission, EU spending and revenue 2000-2024 workbook (published 25 Sep 2025)",2026-08-04
BEL,Belgium,BUDGET.ADMIN,EU administrative expenditure allocated to the member state,EUR million,2000,2408.2277,"European Commission, EU spending and revenue 2000-2024 workbook (published 25 Sep 2025)",2026-08-04
BGR,Bulgaria,BUDGET.ADMIN,EU administrative expenditure allocated to the member state,EUR million,2000,1.0932,"European Commission, EU spending and revenue 2000-2024 workbook (published 25 Sep 2025)",2026-08-04
CZE,Czechia,BUDGET.ADMIN,EU administrative expenditure allocated to the member state,EUR million,2000,1.6875,"European Commission, EU spending and revenue 2000-2024 workbook (published 25 Sep 2025)",2026-08-04
DNK,Denmark,BUDGET.ADMIN,EU administrative expenditure allocated to the member state,EUR million,2000,39.8908,"European Commission, EU spending and revenue 2000-2024 workbook (published 25 Sep 2025)",2026-08-04
DEU,Germany,BUDGET.ADMIN,EU administrative expenditure allocated to the member state,EUR million,2000,131.5482,"European Commission, EU spending and revenue 2000-2024 workbook (published 25 Sep 2025)",2026-08-04
EST,Estonia,BUDGET.ADMIN,EU administrative expenditure allocated to the member state,EUR million,2000,0.7598,"European Commission, EU spending and revenue 2000-2024 workbook (published 25 Sep 2025)",2026-08-04
IRL,Ireland,BUDGET.ADMIN,EU administrative expenditure allocated to the member state,EUR million,2000,25.62,"European Commission, EU spending and revenue 2000-2024 workbook (published 25 Sep 2025)",2026-08-04
GRC,Greece,BUDGET.ADMIN,EU administrative expenditure allocated to the member state,EUR million,2000,19.8126,"European Commission, EU spending and revenue 2000-2024 workbook (published 25 Sep 2025)",2026-08-04
ESP,Spain,BUDGET.ADMIN,EU administrative expenditure allocated to the member state,EUR million,2000,32.2618,"European Commission, EU spending and revenue 2000-2024 workbook (published 25 Sep 2025)",2026-08-04
FRA,France,BUDGET.ADMIN,EU administrative expenditure allocated to the member state,EUR million,2000,234.2818,"European Commission, EU spending and revenue 2000-2024 workbook (published 25 Sep 2025)",2026-08-04
ITA,Italy,BUDGET.ADMIN,EU administrative expenditure allocated to the member state,EUR million,2000,98.4585,"European Commission, EU spending and revenue 2000-2024 workbook (published 25 Sep 2025)",2026-08-04
CYP,Cyprus,BUDGET.ADMIN,EU administrative expenditure allocated to the member state,EUR million,2000,0.6618,"European Commission, EU spending and revenue 2000-2024 workbook (published 25 Sep 2025)",2026-08-04
LVA,Latvia,BUDGET.ADMIN,EU administrative expenditure allocated to the member state,EUR million,2000,1.0081,"European Commission, EU spending and revenue 2000-2024 workbook (published 25 Sep 2025)",2026-08-04
LTU,Lithuania,BUDGET.ADMIN,EU administrative expenditure allocated to the member state,EUR million,2000,0.6959,"European Commission, EU spending and revenue 2000-2024 workbook (published 25 Sep 2025)",2026-08-04
LUX,Luxembourg,BUDGET.ADMIN,EU administrative expenditure allocated to the member state,EUR million,2000,778.9459,"European Commission, EU spending and revenue 2000-2024 workbook (published 25 Sep 2025)",2026-08-04
HUN,Hungary,BUDGET.ADMIN,EU administrative expenditure allocated to the member state,EUR million,2000,2.3579,"European Commission, EU spending and revenue 2000-2024 workbook (published 25 Sep 2025)",2026-08-04
MLT,Malta,BUDGET.ADMIN,EU administrative expenditure allocated to the member state,EUR million,2000,0.5755,"European Commission, EU spending and revenue 2000-2024 workbook (published 25 Sep 2025)",2026-08-04
NLD,Netherlands,BUDGET.ADMIN,EU administrative expenditure allocated to the member state,EUR million,2000,49.3355,"European Commission, EU spending and revenue 2000-2024 workbook (published 25 Sep 2025)",2026-08-04
AUT,Austria,BUDGET.ADMIN,EU administrative expenditure allocated to the member state,EUR million,2000,16.7595,"European Commission, EU spending and revenue 2000-2024 workbook (published 25 Sep 2025)",2026-08-04
POL,Poland,BUDGET.ADMIN,EU administrative expenditure allocated to the member state,EUR million,2000,2.9198,"European Commission, EU spending and revenue 2000-2024 workbook (published 25 Sep 2025)",2026-08-04
PRT,Portugal,BUDGET.ADMIN,EU administrative expenditure allocated to the member state,EUR million,2000,13.8413,"European Commission, EU spending and revenue 2000-2024 workbook (published 25 Sep 2025)",2026-08-04
ROU,Romania,BUDGET.ADMIN,EU administrative expenditure allocated to the member state,EUR million,2000,2.1314,"European Commission, EU spending and revenue 2000-2024 workbook (published 25 Sep 2025)",2026-08-04
SVN,Slovenia,BUDGET.ADMIN,EU administrative expenditure allocated to the member state,EUR million,2000,1.0239,"European Commission, EU spending and revenue 2000-2024 workbook (published 25 Sep 2025)",2026-08-04
SVK,Slovakia,BUDGET.ADMIN,EU administrative expenditure allocated to the member state,EUR million,2000,1.0559,"European Commission, EU spending and revenue 2000-2024 workbook (published 25 Sep 2025)",2026-08-04
FIN,Finland,BUDGET.ADMIN,EU administrative expenditure allocated to the member state,EUR million,2000,20.477,"European Commission, EU spending and revenue 2000-2024 workbook (published 25 Sep 2025)",2026-08-04
SWE,Sweden,BUDGET.ADMIN,EU administrative expenditure allocated to the member state,EUR million,2000,24.3006,"European Commission, EU spending and revenue 2000-2024 workbook (published 25 Sep 2025)",2026-08-04
GBR,United Kingdom,BUDGET.ADMIN,EU administrative expenditure allocated to the member state,EUR million,2000,126.3531,"European Commission, EU spending and revenue 2000-2024 workbook (published 25 Sep 2025)",2026-08-04
HRV,Croatia,BUDGET.ADMIN,EU administrative expenditure allocated to the member state,EUR million,2000,0.3068,"European Commission, EU spending and revenue 2000-2024 workbook (published 25 Sep 2025)",2026-08-04
BEL,Belgium,BUDGET.CUSTOMS,Customs duties collected for the EU budget (traditional own resources),EUR million,2000,1259.1076,"European Commission, EU spending and revenue 2000-2024 workbook (published 25 Sep 2025)",2026-08-04
BGR,Bulgaria,BUDGET.CUSTOMS,Customs duties collected for the EU budget (traditional own resources),EUR million,2000,0.0,"European Commission, EU spending and revenue 2000-2024 workbook (published 25 Sep 2025)",2026-08-04
CZE,Czechia,BUDGET.CUSTOMS,Customs duties collected for the EU budget (traditional own resources),EUR million,2000,0.0,"European Commission, EU spending and revenue 2000-2024 workbook (published 25 Sep 2025)",2026-08-04
DNK,Denmark,BUDGET.CUSTOMS,Customs duties collected for the EU budget (traditional own resources),EUR million,2000,300.0664,"European Commission, EU spending and revenue 2000-2024 workbook (published 25 Sep 2025)",2026-08-04
DEU,Germany,BUDGET.CUSTOMS,Customs duties collected for the EU budget (traditional own resources),EUR million,2000,3184.1978,"European Commission, EU spending and revenue 2000-2024 workbook (published 25 Sep 2025)",2026-08-04
EST,Estonia,BUDGET.CUSTOMS,Customs duties collected for the EU budget (traditional own resources),EUR million,2000,0.0,"European Commission, EU spending and revenue 2000-2024 workbook (published 25 Sep 2025)",2026-08-04
IRL,Ireland,BUDGET.CUSTOMS,Customs duties collected for the EU budget (traditional own resources),EUR million,2000,207.8635,"European Commission, EU spending and revenue 2000-2024 workbook (published 25 Sep 2025)",2026-08-04
GRC,Greece,BUDGET.CUSTOMS,Customs duties collected for the EU budget (traditional own resources),EUR million,2000,204.1978,"European Commission, EU spending and revenue 2000-2024 workbook (published 25 Sep 2025)",2026-08-04
ESP,Spain,BUDGET.CUSTOMS,Customs duties collected for the EU budget (traditional own resources),EUR million,2000,929.3585,"European Commission, EU spending and revenue 2000-2024 workbook (published 25 Sep 2025)",2026-08-04
FRA,France,BUDGET.CUSTOMS,Customs duties collected for the EU budget (traditional own resources),EUR million,2000,1425.84,"European Commission, EU spending and revenue 2000-2024 workbook (published 25 Sep 2025)",2026-08-04
ITA,Italy,BUDGET.CUSTOMS,Customs duties collected for the EU budget (traditional own resources),EUR million,2000,1435.8975,"European Commission, EU spending and revenue 2000-2024 workbook (published 25 Sep 2025)",2026-08-04
CYP,Cyprus,BUDGET.CUSTOMS,Customs duties collected for the EU budget (traditional own resources),EUR million,2000,0.0,"European Commission, EU spending and revenue 2000-2024 workbook (published 25 Sep 2025)",2026-08-04
LVA,Latvia,BUDGET.CUSTOMS,Customs duties collected for the EU budget (traditional own resources),EUR million,2000,0.0,"European Commission, EU spending and revenue 2000-2024 workbook (published 25 Sep 2025)",2026-08-04
LTU,Lithuania,BUDGET.CUSTOMS,Customs duties collected for the EU budget (traditional own resources),EUR million,2000,0.0,"European Commission, EU spending and revenue 2000-2024 workbook (published 25 Sep 2025)",2026-08-04
LUX,Luxembourg,BUDGET.CUSTOMS,Customs duties collected for the EU budget (traditional own resources),EUR million,2000,26.4391,"European Commission, EU spending and revenue 2000-2024 workbook (published 25 Sep 2025)",2026-08-04
HUN,Hungary,BUDGET.CUSTOMS,Customs duties collected for the EU budget (traditional own resources),EUR million,2000,0.0,"European Commission, EU spending and revenue 2000-2024 workbook (published 25 Sep 2025)",2026-08-04
MLT,Malta,BUDGET.CUSTOMS,Customs duties collected for the EU budget (traditional own resources),EUR million,2000,0.0,"European Commission, EU spending and revenue 2000-2024 workbook (published 25 Sep 2025)",2026-08-04
NLD,Netherlands,BUDGET.CUSTOMS,Customs duties collected for the EU budget (traditional own resources),EUR million,2000,1672.5935,"European Commission, EU spending and revenue 2000-2024 workbook (published 25 Sep 2025)",2026-08-04
AUT,Austria,BUDGET.CUSTOMS,Customs duties collected for the EU budget (traditional own resources),EUR million,2000,252.7688,"European Commission, EU spending and revenue 2000-2024 workbook (published 25 Sep 2025)",2026-08-04
POL,Poland,BUDGET.CUSTOMS,Customs duties collected for the EU budget (traditional own resources),EUR million,2000,0.0,"European Commission, EU spending and revenue 2000-2024 workbook (published 25 Sep 2025)",2026-08-04
PRT,Portugal,BUDGET.CUSTOMS,Customs duties collected for the EU budget (traditional own resources),EUR million,2000,169.7894,"European Commission, EU spending and revenue 2000-2024 workbook (published 25 Sep 2025)",2026-08-04
ROU,Romania,BUDGET.CUSTOMS,Customs duties collected for the EU budget (traditional own resources),EUR million,2000,0.0,"European Commission, EU spending and revenue 2000-2024 workbook (published 25 Sep 2025)",2026-08-04
SVN,Slovenia,BUDGET.CUSTOMS,Customs duties collected for the EU budget (traditional own resources),EUR million,2000,0.0,"European Commission, EU spending and revenue 2000-2024 workbook (published 25 Sep 2025)",2026-08-04
SVK,Slovakia,BUDGET.CUSTOMS,Customs duties collected for the EU budget (traditional own resources),EUR million,2000,0.0,"European Commission, EU spending and revenue 2000-2024 workbook (published 25 Sep 2025)",2026-08-04
FIN,Finland,BUDGET.CUSTOMS,Customs duties collected for the EU budget (traditional own resources),EUR million,2000,122.9923,"European Commission, EU spending and revenue 2000-2024 workbook (published 25 Sep 2025)",2026-08-04
SWE,Sweden,BUDGET.CUSTOMS,Customs duties collected for the EU budget (traditional own resources),EUR million,2000,392.0507,"European Commission, EU spending and revenue 2000-2024 workbook (published 25 Sep 2025)",2026-08-04
GBR,United Kingdom,BUDGET.CUSTOMS,Customs duties collected for the EU budget (traditional own resources),EUR million,2000,2985.1194,"European Commission, EU spending and revenue 2000-2024 workbook (published 25 Sep 2025)",2026-08-04
HRV,Croatia,BUDGET.CUSTOMS,Customs duties collected for the EU budget (traditional own resources),EUR million,2000,0.0,"European Commission, EU spending and revenue 2000-2024 workbook (published 25 Sep 2025)",2026-08-04
BEL,Belgium,BUDGET.EXPEND,EU expenditure allocated to the member state,EUR million,2001,3988.0498,"European Commission, EU spending and revenue 2000-2024 workbook (published 25 Sep 2025)",2026-08-04
BGR,Bulgaria,BUDGET.EXPEND,EU expenditure allocated to the member state,EUR million,2001,159.5361,"European Commission, EU spending and revenue 2000-2024 workbook (published 25 Sep 2025)",2026-08-04
CZE,Czechia,BUDGET.EXPEND,EU expenditure allocated to the member state,EUR million,2001,99.0787,"European Commission, EU spending and revenue 2000-2024 workbook (published 25 Sep 2025)",2026-08-04
DNK,Denmark,BUDGET.EXPEND,EU expenditure allocated to the member state,EUR million,2001,1350.4665,"European Commission, EU spending and revenue 2000-2024 workbook (published 25 Sep 2025)",2026-08-04
DEU,Germany,BUDGET.EXPEND,EU expenditure allocated to the member state,EUR million,2001,10246.9013,"European Commission, EU spending and revenue 2000-2024 workbook (published 25 Sep 2025)",2026-08-04
EST,Estonia,BUDGET.EXPEND,EU expenditure allocated to the member state,EUR million,2001,33.1665,"European Commission, EU spending and revenue 2000-2024 workbook (published 25 Sep 2025)",2026-08-04
IRL,Ireland,BUDGET.EXPEND,EU expenditure allocated to the member state,EUR million,2001,2310.4906,"European Commission, EU spending and revenue 2000-2024 workbook (published 25 Sep 2025)",2026-08-04
GRC,Greece,BUDGET.EXPEND,EU expenditure allocated to the member state,EUR million,2001,5727.8813,"European Commission, EU spending and revenue 2000-2024 workbook (published 25 Sep 2025)",2026-08-04
ESP,Spain,BUDGET.EXPEND,EU expenditure allocated to the member state,EUR million,2001,13557.9418,"European Commission, EU spending and revenue 2000-2024 workbook (published 25 Sep 2025)",2026-08-04
FRA,France,BUDGET.EXPEND,EU expenditure allocated to the member state,EUR million,2001,11674.5034,"European Commission, EU spending and revenue 2000-2024 workbook (published 25 Sep 2025)",2026-08-04
ITA,Italy,BUDGET.EXPEND,EU expenditure allocated to the member state,EUR million,2001,8598.8131,"European Commission, EU spending and revenue 2000-2024 workbook (published 25 Sep 2025)",2026-08-04
CYP,Cyprus,BUDGET.EXPEND,EU expenditure allocated to the member state,EUR million,2001,8.216,"European Commission, EU spending and revenue 2000-2024 workbook (published 25 Sep 2025)",2026-08-04
LVA,Latvia,BUDGET.EXPEND,EU expenditure allocated to the member state,EUR million,2001,56.6276,"European Commission, EU spending and revenue 2000-2024 workbook (published 25 Sep 2025)",2026-08-04
LTU,Lithuania,BUDGET.EXPEND,EU expenditure allocated to the member state,EUR million,2001,70.3904,"European Commission, EU spending and revenue 2000-2024 workbook (published 25 Sep 2025)",2026-08-04
LUX,Luxembourg,BUDGET.EXPEND,EU expenditure allocated to the member state,EUR million,2001,889.7024,"European Commission, EU spending and revenue 2000-2024 workbook (published 25 Sep 2025)",2026-08-04
HUN,Hungary,BUDGET.EXPEND,EU expenditure allocated to the member state,EUR million,2001,195.161,"European Commission, EU spending and revenue 2000-2024 workbook (published 25 Sep 2025)",2026-08-04
MLT,Malta,BUDGET.EXPEND,EU expenditure allocated to the member state,EUR million,2001,5.1158,"European Commission, EU spending and revenue 2000-2024 workbook (published 25 Sep 2025)",2026-08-04
NLD,Netherlands,BUDGET.EXPEND,EU expenditure allocated to the member state,EUR million,2001,1676.4264,"European Commission, EU spending and revenue 2000-2024 workbook (published 25 Sep 2025)",2026-08-04
AUT,Austria,BUDGET.EXPEND,EU expenditure allocated to the member state,EUR million,2001,1394.4296,"European Commission, EU spending and revenue 2000-2024 workbook (published 25 Sep 2025)",2026-08-04
POL,Poland,BUDGET.EXPEND,EU expenditure allocated to the member state,EUR million,2001,328.2655,"European Commission, EU spending and revenue 2000-2024 workbook (published 25 Sep 2025)",2026-08-04
PRT,Portugal,BUDGET.EXPEND,EU expenditure allocated to the member state,EUR million,2001,2923.15,"European Commission, EU spending and revenue 2000-2024 workbook (published 25 Sep 2025)",2026-08-04
ROU,Romania,BUDGET.EXPEND,EU expenditure allocated to the member state,EUR million,2001,247.5168,"European Commission, EU spending and revenue 2000-2024 workbook (published 25 Sep 2025)",2026-08-04
SVN,Slovenia,BUDGET.EXPEND,EU expenditure allocated to the member state,EUR million,2001,55.6677,"European Commission, EU spending and revenue 2000-2024 workbook (published 25 Sep 2025)",2026-08-04
SVK,Slovakia,BUDGET.EXPEND,EU expenditure allocated to the member state,EUR million,2001,69.1039,"European Commission, EU spending and revenue 2000-2024 workbook (published 25 Sep 2025)",2026-08-04
FIN,Finland,BUDGET.EXPEND,EU expenditure allocated to the member state,EUR million,2001,1019.1531,"European Commission, EU spending and revenue 2000-2024 workbook (published 25 Sep 2025)",2026-08-04
SWE,Sweden,BUDGET.EXPEND,EU expenditure allocated to the member state,EUR million,2001,1082.0058,"European Commission, EU spending and revenue 2000-2024 workbook (published 25 Sep 2025)",2026-08-04
GBR,United Kingdom,BUDGET.EXPEND,EU expenditure allocated to the member state,EUR million,2001,5863.6245,"European Commission, EU spending and revenue 2000-2024 workbook (published 25 Sep 2025)",2026-08-04
HRV,Croatia,BUDGET.EXPEND,EU expenditure allocated to the member state,EUR million,2001,16.2056,"European Commission, EU spending and revenue 2000-2024 workbook (published 25 Sep 2025)",2026-08-04
BEL,Belgium,BUDGET.CONTRIB,National contributions to the EU budget (excludes customs duties),EUR million,2001,2284.5485,"European Commission, EU spending and revenue 2000-2024 workbook (published 25 Sep 2025)",2026-08-04
BGR,Bulgaria,BUDGET.CONTRIB,National contributions to the EU budget (excludes customs duties),EUR million,2001,0.0,"European Commission, EU spending and revenue 2000-2024 workbook (published 25 Sep 2025)",2026-08-04
CZE,Czechia,BUDGET.CONTRIB,National contributions to the EU budget (excludes customs duties),EUR million,2001,0.0,"European Commission, EU spending and revenue 2000-2024 workbook (published 25 Sep 2025)",2026-08-04
DNK,Denmark,BUDGET.CONTRIB,National contributions to the EU budget (excludes customs duties),EUR million,2001,1486.803,"European Commission, EU spending and revenue 2000-2024 workbook (published 25 Sep 2025)",2026-08-04
DEU,Germany,BUDGET.CONTRIB,National contributions to the EU budget (excludes customs duties),EUR million,2001,16578.5025,"European Commission, EU spending and revenue 2000-2024 workbook (published 25 Sep 2025)",2026-08-04
EST,Estonia,BUDGET.CONTRIB,National contributions to the EU budget (excludes customs duties),EUR million,2001,0.0,"European Commission, EU spending and revenue 2000-2024 workbook (published 25 Sep 2025)",2026-08-04
IRL,Ireland,BUDGET.CONTRIB,National contributions to the EU budget (excludes customs duties),EUR million,2001,1051.1997,"European Commission, EU spending and revenue 2000-2024 workbook (published 25 Sep 2025)",2026-08-04
GRC,Greece,BUDGET.CONTRIB,National contributions to the EU budget (excludes customs duties),EUR million,2001,1168.0439,"European Commission, EU spending and revenue 2000-2024 workbook (published 25 Sep 2025)",2026-08-04
ESP,Spain,BUDGET.CONTRIB,National contributions to the EU budget (excludes customs duties),EUR million,2001,5686.8933,"European Commission, EU spending and revenue 2000-2024 workbook (published 25 Sep 2025)",2026-08-04
FRA,France,BUDGET.CONTRIB,National contributions to the EU budget (excludes customs duties),EUR million,2001,12961.9314,"European Commission, EU spending and revenue 2000-2024 workbook (published 25 Sep 2025)",2026-08-04
ITA,Italy,BUDGET.CONTRIB,National contributions to the EU budget (excludes customs duties),EUR million,2001,10213.5692,"European Commission, EU spending and revenue 2000-2024 workbook (published 25 Sep 2025)",2026-08-04
CYP,Cyprus,BUDGET.CONTRIB,National contributions to the EU budget (excludes customs duties),EUR million,2001,0.0,"European Commission, EU spending and revenue 2000-2024 workbook (published 25 Sep 2025)",2026-08-04
LVA,Latvia,BUDGET.CONTRIB,National contributions to the EU budget (excludes customs duties),EUR million,2001,0.0,"European Commission, EU spending and revenue 2000-2024 workbook (published 25 Sep 2025)",2026-08-04
LTU,Lithuania,BUDGET.CONTRIB,National contributions to the EU budget (excludes customs duties),EUR million,2001,0.0,"European Commission, EU spending and revenue 2000-2024 workbook (published 25 Sep 2025)",2026-08-04
LUX,Luxembourg,BUDGET.CONTRIB,National contributions to the EU budget (excludes customs duties),EUR million,2001,236.5241,"European Commission, EU spending and revenue 2000-2024 workbook (published 25 Sep 2025)",2026-08-04
HUN,Hungary,BUDGET.CONTRIB,National contributions to the EU budget (excludes customs duties),EUR million,2001,0.0,"European Commission, EU spending and revenue 2000-2024 workbook (published 25 Sep 2025)",2026-08-04
MLT,Malta,BUDGET.CONTRIB,National contributions to the EU budget (excludes customs duties),EUR million,2001,0.0,"European Commission, EU spending and revenue 2000-2024 workbook (published 25 Sep 2025)",2026-08-04
NLD,Netherlands,BUDGET.CONTRIB,National contributions to the EU budget (excludes customs duties),EUR million,2001,3771.3123,"European Commission, EU spending and revenue 2000-2024 workbook (published 25 Sep 2025)",2026-08-04
AUT,Austria,BUDGET.CONTRIB,National contributions to the EU budget (excludes customs duties),EUR million,2001,1862.3283,"European Commission, EU spending and revenue 2000-2024 workbook (published 25 Sep 2025)",2026-08-04
POL,Poland,BUDGET.CONTRIB,National contributions to the EU budget (excludes customs duties),EUR million,2001,0.0,"European Commission, EU spending and revenue 2000-2024 workbook (published 25 Sep 2025)",2026-08-04
PRT,Portugal,BUDGET.CONTRIB,National contributions to the EU budget (excludes customs duties),EUR million,2001,1100.4048,"European Commission, EU spending and revenue 2000-2024 workbook (published 25 Sep 2025)",2026-08-04
ROU,Romania,BUDGET.CONTRIB,National contributions to the EU budget (excludes customs duties),EUR million,2001,0.0,"European Commission, EU spending and revenue 2000-2024 workbook (published 25 Sep 2025)",2026-08-04
SVN,Slovenia,BUDGET.CONTRIB,National contributions to the EU budget (excludes customs duties),EUR million,2001,0.0,"European Commission, EU spending and revenue 2000-2024 workbook (published 25 Sep 2025)",2026-08-04
SVK,Slovakia,BUDGET.CONTRIB,National contributions to the EU budget (excludes customs duties),EUR million,2001,0.0,"European Commission, EU spending and revenue 2000-2024 workbook (published 25 Sep 2025)",2026-08-04
FIN,Finland,BUDGET.CONTRIB,National contributions to the EU budget (excludes customs duties),EUR million,2001,1114.8315,"European Commission, EU spending and revenue 2000-2024 workbook (published 25 Sep 2025)",2026-08-04
SWE,Sweden,BUDGET.CONTRIB,National contributions to the EU budget (excludes customs duties),EUR million,2001,1977.5527,"European Commission, EU spending and revenue 2000-2024 workbook (published 25 Sep 2025)",2026-08-04
GBR,United Kingdom,BUDGET.CONTRIB,National contributions to the EU budget (excludes customs duties),EUR million,2001,4634.3939,"European Commission, EU spending and revenue 2000-2024 workbook (published 25 Sep 2025)",2026-08-04
HRV,Croatia,BUDGET.CONTRIB,National contributions to the EU budget (excludes customs duties),EUR million,2001,0.0,"European Commission, EU spending and revenue 2000-2024 workbook (published 25 Sep 2025)",2026-08-04
BEL,Belgium,BUDGET.GNI,Gross national income (European Commission definition),EUR million,2001,270112.6,"European Commission, EU spending and revenue 2000-2024 workbook (published 25 Sep 2025)",2026-08-04
BGR,Bulgaria,BUDGET.GNI,Gross national income (European Commission definition),EUR million,2001,16077.8268,"European Commission, EU spending and revenue 2000-2024 workbook (published 25 Sep 2025)",2026-08-04
CZE,Czechia,BUDGET.GNI,Gross national income (European Commission definition),EUR million,2001,73169.539,"European Commission, EU spending and revenue 2000-2024 workbook (published 25 Sep 2025)",2026-08-04
DNK,Denmark,BUDGET.GNI,Gross national income (European Commission definition),EUR million,2001,181477.3115,"European Commission, EU spending and revenue 2000-2024 workbook (published 25 Sep 2025)",2026-08-04
DEU,Germany,BUDGET.GNI,Gross national income (European Commission definition),EUR million,2001,2157979.0,"European Commission, EU spending and revenue 2000-2024 workbook (published 25 Sep 2025)",2026-08-04
EST,Estonia,BUDGET.GNI,Gross national income (European Commission definition),EUR million,2001,6644.4019,"European Commission, EU spending and revenue 2000-2024 workbook (published 25 Sep 2025)",2026-08-04
IRL,Ireland,BUDGET.GNI,Gross national income (European Commission definition),EUR million,2001,103570.0,"European Commission, EU spending and revenue 2000-2024 workbook (published 25 Sep 2025)",2026-08-04
GRC,Greece,BUDGET.GNI,Gross national income (European Commission definition),EUR million,2001,153436.9861,"European Commission, EU spending and revenue 2000-2024 workbook (published 25 Sep 2025)",2026-08-04
ESP,Spain,BUDGET.GNI,Gross national income (European Commission definition),EUR million,2001,692127.0,"European Commission, EU spending and revenue 2000-2024 workbook (published 25 Sep 2025)",2026-08-04
FRA,France,BUDGET.GNI,Gross national income (European Commission definition),EUR million,2001,1572414.1,"European Commission, EU spending and revenue 2000-2024 workbook (published 25 Sep 2025)",2026-08-04
ITA,Italy,BUDGET.GNI,Gross national income (European Commission definition),EUR million,2001,1295155.067,"European Commission, EU spending and revenue 2000-2024 workbook (published 25 Sep 2025)",2026-08-04
CYP,Cyprus,BUDGET.GNI,Gross national income (European Commission definition),EUR million,2001,10566.1119,"European Commission, EU spending and revenue 2000-2024 workbook (published 25 Sep 2025)",2026-08-04
LVA,Latvia,BUDGET.GNI,Gross national income (European Commission definition),EUR million,2001,9354.6695,"European Commission, EU spending and revenue 2000-2024 workbook (published 25 Sep 2025)",2026-08-04
LTU,Lithuania,BUDGET.GNI,Gross national income (European Commission definition),EUR million,2001,13458.2033,"European Commission, EU spending and revenue 2000-2024 workbook (published 25 Sep 2025)",2026-08-04
LUX,Luxembourg,BUDGET.GNI,Gross national income (European Commission definition),EUR million,2001,18237.6,"European Commission, EU spending and revenue 2000-2024 workbook (published 25 Sep 2025)",2026-08-04
HUN,Hungary,BUDGET.GNI,Gross national income (European Commission definition),EUR million,2001,56847.5354,"European Commission, EU spending and revenue 2000-2024 workbook (published 25 Sep 2025)",2026-08-04
MLT,Malta,BUDGET.GNI,Gross national income (European Commission definition),EUR million,2001,4561.86,"European Commission, EU spending and revenue 2000-2024 workbook (published 25 Sep 2025)",2026-08-04
NLD,Netherlands,BUDGET.GNI,Gross national income (European Commission definition),EUR million,2001,473075.0,"European Commission, EU spending and revenue 2000-2024 workbook (published 25 Sep 2025)",2026-08-04
AUT,Austria,BUDGET.GNI,Gross national income (European Commission definition),EUR million,2001,217184.5,"European Commission, EU spending and revenue 2000-2024 workbook (published 25 Sep 2025)",2026-08-04
POL,Poland,BUDGET.GNI,Gross national income (European Commission definition),EUR million,2001,211881.5961,"European Commission, EU spending and revenue 2000-2024 workbook (published 25 Sep 2025)",2026-08-04
PRT,Portugal,BUDGET.GNI,Gross national income (European Commission definition),EUR million,2001,133102.23,"European Commission, EU spending and revenue 2000-2024 workbook (published 25 Sep 2025)",2026-08-04
ROU,Romania,BUDGET.GNI,Gross national income (European Commission definition),EUR million,2001,45160.5163,"European Commission, EU spending and revenue 2000-2024 workbook (published 25 Sep 2025)",2026-08-04
SVN,Slovenia,BUDGET.GNI,Gross national income (European Commission definition),EUR million,2001,23322.6944,"European Commission, EU spending and revenue 2000-2024 workbook (published 25 Sep 2025)",2026-08-04
SVK,Slovakia,BUDGET.GNI,Gross national income (European Commission definition),EUR million,2001,23875.2446,"European Commission, EU spending and revenue 2000-2024 workbook (published 25 Sep 2025)",2026-08-04
FIN,Finland,BUDGET.GNI,Gross national income (European Commission definition),EUR million,2001,144379.0,"European Commission, EU spending and revenue 2000-2024 workbook (published 25 Sep 2025)",2026-08-04
SWE,Sweden,BUDGET.GNI,Gross national income (European Commission definition),EUR million,2001,267846.3931,"European Commission, EU spending and revenue 2000-2024 workbook (published 25 Sep 2025)",2026-08-04
GBR,United Kingdom,BUDGET.GNI,Gross national income (European Commission definition),EUR million,2001,1723755.8933,"European Commission, EU spending and revenue 2000-2024 workbook (published 25 Sep 2025)",2026-08-04
HRV,Croatia,BUDGET.GNI,Gross national income (European Commission definition),EUR million,2001,25449.8716,"European Commission, EU spending and revenue 2000-2024 workbook (published 25 Sep 2025)",2026-08-04
BEL,Belgium,BUDGET.ADMIN,EU administrative expenditure allocated to the member state,EUR million,2001,2378.9462,"European Commission, EU spending and revenue 2000-2024 workbook (published 25 Sep 2025)",2026-08-04
BGR,Bulgaria,BUDGET.ADMIN,EU administrative expenditure allocated to the member state,EUR million,2001,1.4038,"European Commission, EU spending and revenue 2000-2024 workbook (published 25 Sep 2025)",2026-08-04
CZE,Czechia,BUDGET.ADMIN,EU administrative expenditure allocated to the member state,EUR million,2001,1.4889,"European Commission, EU spending and revenue 2000-2024 workbook (published 25 Sep 2025)",2026-08-04
DNK,Denmark,BUDGET.ADMIN,EU administrative expenditure allocated to the member state,EUR million,2001,41.3218,"European Commission, EU spending and revenue 2000-2024 workbook (published 25 Sep 2025)",2026-08-04
DEU,Germany,BUDGET.ADMIN,EU administrative expenditure allocated to the member state,EUR million,2001,133.4769,"European Commission, EU spending and revenue 2000-2024 workbook (published 25 Sep 2025)",2026-08-04
EST,Estonia,BUDGET.ADMIN,EU administrative expenditure allocated to the member state,EUR million,2001,0.743,"European Commission, EU spending and revenue 2000-2024 workbook (published 25 Sep 2025)",2026-08-04
IRL,Ireland,BUDGET.ADMIN,EU administrative expenditure allocated to the member state,EUR million,2001,28.8723,"European Commission, EU spending and revenue 2000-2024 workbook (published 25 Sep 2025)",2026-08-04
GRC,Greece,BUDGET.ADMIN,EU administrative expenditure allocated to the member state,EUR million,2001,20.5499,"European Commission, EU spending and revenue 2000-2024 workbook (published 25 Sep 2025)",2026-08-04
ESP,Spain,BUDGET.ADMIN,EU administrative expenditure allocated to the member state,EUR million,2001,36.1764,"European Commission, EU spending and revenue 2000-2024 workbook (published 25 Sep 2025)",2026-08-04
FRA,France,BUDGET.ADMIN,EU administrative expenditure allocated to the member state,EUR million,2001,360.0403,"European Commission, EU spending and revenue 2000-2024 workbook (published 25 Sep 2025)",2026-08-04
ITA,Italy,BUDGET.ADMIN,EU administrative expenditure allocated to the member state,EUR million,2001,104.1193,"European Commission, EU spending and revenue 2000-2024 workbook (published 25 Sep 2025)",2026-08-04
CYP,Cyprus,BUDGET.ADMIN,EU administrative expenditure allocated to the member state,EUR million,2001,0.813,"European Commission, EU spending and revenue 2000-2024 workbook (published 25 Sep 2025)",2026-08-04
LVA,Latvia,BUDGET.ADMIN,EU administrative expenditure allocated to the member state,EUR million,2001,0.8549,"European Commission, EU spending and revenue 2000-2024 workbook (published 25 Sep 2025)",2026-08-04
LTU,Lithuania,BUDGET.ADMIN,EU administrative expenditure allocated to the member state,EUR million,2001,0.5376,"European Commission, EU spending and revenue 2000-2024 workbook (published 25 Sep 2025)",2026-08-04
LUX,Luxembourg,BUDGET.ADMIN,EU administrative expenditure allocated to the member state,EUR million,2001,785.9203,"European Commission, EU spending and revenue 2000-2024 workbook (published 25 Sep 2025)",2026-08-04
HUN,Hungary,BUDGET.ADMIN,EU administrative expenditure allocated to the member state,EUR million,2001,2.35,"European Commission, EU spending and revenue 2000-2024 workbook (published 25 Sep 2025)",2026-08-04
MLT,Malta,BUDGET.ADMIN,EU administrative expenditure allocated to the member state,EUR million,2001,0.6638,"European Commission, EU spending and revenue 2000-2024 workbook (published 25 Sep 2025)",2026-08-04
NLD,Netherlands,BUDGET.ADMIN,EU administrative expenditure allocated to the member state,EUR million,2001,49.8248,"European Commission, EU spending and revenue 2000-2024 workbook (published 25 Sep 2025)",2026-08-04
AUT,Austria,BUDGET.ADMIN,EU administrative expenditure allocated to the member state,EUR million,2001,17.613,"European Commission, EU spending and revenue 2000-2024 workbook (published 25 Sep 2025)",2026-08-04
POL,Poland,BUDGET.ADMIN,EU administrative expenditure allocated to the member state,EUR million,2001,4.4519,"European Commission, EU spending and revenue 2000-2024 workbook (published 25 Sep 2025)",2026-08-04
PRT,Portugal,BUDGET.ADMIN,EU administrative expenditure allocated to the member state,EUR million,2001,15.3336,"European Commission, EU spending and revenue 2000-2024 workbook (published 25 Sep 2025)",2026-08-04
ROU,Romania,BUDGET.ADMIN,EU administrative expenditure allocated to the member state,EUR million,2001,1.5499,"European Commission, EU spending and revenue 2000-2024 workbook (published 25 Sep 2025)",2026-08-04
SVN,Slovenia,BUDGET.ADMIN,EU administrative expenditure allocated to the member state,EUR million,2001,1.0868,"European Commission, EU spending and revenue 2000-2024 workbook (published 25 Sep 2025)",2026-08-04
SVK,Slovakia,BUDGET.ADMIN,EU administrative expenditure allocated to the member state,EUR million,2001,1.0618,"European Commission, EU spending and revenue 2000-2024 workbook (published 25 Sep 2025)",2026-08-04
FIN,Finland,BUDGET.ADMIN,EU administrative expenditure allocated to the member state,EUR million,2001,23.2892,"European Commission, EU spending and revenue 2000-2024 workbook (published 25 Sep 2025)",2026-08-04
SWE,Sweden,BUDGET.ADMIN,EU administrative expenditure allocated to the member state,EUR million,2001,26.9833,"European Commission, EU spending and revenue 2000-2024 workbook (published 25 Sep 2025)",2026-08-04
GBR,United Kingdom,BUDGET.ADMIN,EU administrative expenditure allocated to the member state,EUR million,2001,132.2222,"European Commission, EU spending and revenue 2000-2024 workbook (published 25 Sep 2025)",2026-08-04
HRV,Croatia,BUDGET.ADMIN,EU administrative expenditure allocated to the member state,EUR million,2001,0.6549,"European Commission, EU spending and revenue 2000-2024 workbook (published 25 Sep 2025)",2026-08-04
BEL,Belgium,BUDGET.CUSTOMS,Customs duties collected for the EU budget (traditional own resources),EUR million,2001,1311.564,"European Commission, EU spending and revenue 2000-2024 workbook (published 25 Sep 2025)",2026-08-04
BGR,Bulgaria,BUDGET.CUSTOMS,Customs duties collected for the EU budget (traditional own resources),EUR million,2001,0.0,"European Commission, EU spending and revenue 2000-2024 workbook (published 25 Sep 2025)",2026-08-04
CZE,Czechia,BUDGET.CUSTOMS,Customs duties collected for the EU budget (traditional own resources),EUR million,2001,0.0,"European Commission, EU spending and revenue 2000-2024 workbook (published 25 Sep 2025)",2026-08-04
DNK,Denmark,BUDGET.CUSTOMS,Customs duties collected for the EU budget (traditional own resources),EUR million,2001,290.5868,"European Commission, EU spending and revenue 2000-2024 workbook (published 25 Sep 2025)",2026-08-04
DEU,Germany,BUDGET.CUSTOMS,Customs duties collected for the EU budget (traditional own resources),EUR million,2001,3127.0211,"European Commission, EU spending and revenue 2000-2024 workbook (published 25 Sep 2025)",2026-08-04
EST,Estonia,BUDGET.CUSTOMS,Customs duties collected for the EU budget (traditional own resources),EUR million,2001,0.0,"European Commission, EU spending and revenue 2000-2024 workbook (published 25 Sep 2025)",2026-08-04
IRL,Ireland,BUDGET.CUSTOMS,Customs duties collected for the EU budget (traditional own resources),EUR million,2001,168.144,"European Commission, EU spending and revenue 2000-2024 workbook (published 25 Sep 2025)",2026-08-04
GRC,Greece,BUDGET.CUSTOMS,Customs duties collected for the EU budget (traditional own resources),EUR million,2001,178.4558,"European Commission, EU spending and revenue 2000-2024 workbook (published 25 Sep 2025)",2026-08-04
ESP,Spain,BUDGET.CUSTOMS,Customs duties collected for the EU budget (traditional own resources),EUR million,2001,932.6566,"European Commission, EU spending and revenue 2000-2024 workbook (published 25 Sep 2025)",2026-08-04
FRA,France,BUDGET.CUSTOMS,Customs duties collected for the EU budget (traditional own resources),EUR million,2001,1358.7166,"European Commission, EU spending and revenue 2000-2024 workbook (published 25 Sep 2025)",2026-08-04
ITA,Italy,BUDGET.CUSTOMS,Customs duties collected for the EU budget (traditional own resources),EUR million,2001,1417.0859,"European Commission, EU spending and revenue 2000-2024 workbook (published 25 Sep 2025)",2026-08-04
CYP,Cyprus,BUDGET.CUSTOMS,Customs duties collected for the EU budget (traditional own resources),EUR million,2001,0.0,"European Commission, EU spending and revenue 2000-2024 workbook (published 25 Sep 2025)",2026-08-04
LVA,Latvia,BUDGET.CUSTOMS,Customs duties collected for the EU budget (traditional own resources),EUR million,2001,0.0,"European Commission, EU spending and revenue 2000-2024 workbook (published 25 Sep 2025)",2026-08-04
LTU,Lithuania,BUDGET.CUSTOMS,Customs duties collected for the EU budget (traditional own resources),EUR million,2001,0.0,"European Commission, EU spending and revenue 2000-2024 workbook (published 25 Sep 2025)",2026-08-04
LUX,Luxembourg,BUDGET.CUSTOMS,Customs duties collected for the EU budget (traditional own resources),EUR million,2001,21.9541,"European Commission, EU spending and revenue 2000-2024 workbook (published 25 Sep 2025)",2026-08-04
HUN,Hungary,BUDGET.CUSTOMS,Customs duties collected for the EU budget (traditional own resources),EUR million,2001,0.0,"European Commission, EU spending and revenue 2000-2024 workbook (published 25 Sep 2025)",2026-08-04
MLT,Malta,BUDGET.CUSTOMS,Customs duties collected for the EU budget (traditional own resources),EUR million,2001,0.0,"European Commission, EU spending and revenue 2000-2024 workbook (published 25 Sep 2025)",2026-08-04
NLD,Netherlands,BUDGET.CUSTOMS,Customs duties collected for the EU budget (traditional own resources),EUR million,2001,1645.1447,"European Commission, EU spending and revenue 2000-2024 workbook (published 25 Sep 2025)",2026-08-04
AUT,Austria,BUDGET.CUSTOMS,Customs duties collected for the EU budget (traditional own resources),EUR million,2001,222.6064,"European Commission, EU spending and revenue 2000-2024 workbook (published 25 Sep 2025)",2026-08-04
POL,Poland,BUDGET.CUSTOMS,Customs duties collected for the EU budget (traditional own resources),EUR million,2001,0.0,"European Commission, EU spending and revenue 2000-2024 workbook (published 25 Sep 2025)",2026-08-04
PRT,Portugal,BUDGET.CUSTOMS,Customs duties collected for the EU budget (traditional own resources),EUR million,2001,149.449,"European Commission, EU spending and revenue 2000-2024 workbook (published 25 Sep 2025)",2026-08-04
ROU,Romania,BUDGET.CUSTOMS,Customs duties collected for the EU budget (traditional own resources),EUR million,2001,0.0,"European Commission, EU spending and revenue 2000-2024 workbook (published 25 Sep 2025)",2026-08-04
SVN,Slovenia,BUDGET.CUSTOMS,Customs duties collected for the EU budget (traditional own resources),EUR million,2001,0.0,"European Commission, EU spending and revenue 2000-2024 workbook (published 25 Sep 2025)",2026-08-04
SVK,Slovakia,BUDGET.CUSTOMS,Customs duties collected for the EU budget (traditional own resources),EUR million,2001,0.0,"European Commission, EU spending and revenue 2000-2024 workbook (published 25 Sep 2025)",2026-08-04
FIN,Finland,BUDGET.CUSTOMS,Customs duties collected for the EU budget (traditional own resources),EUR million,2001,118.3632,"European Commission, EU spending and revenue 2000-2024 workbook (published 25 Sep 2025)",2026-08-04
SWE,Sweden,BUDGET.CUSTOMS,Customs duties collected for the EU budget (traditional own resources),EUR million,2001,366.7281,"European Commission, EU spending and revenue 2000-2024 workbook (published 25 Sep 2025)",2026-08-04
GBR,United Kingdom,BUDGET.CUSTOMS,Customs duties collected for the EU budget (traditional own resources),EUR million,2001,2928.876,"European Commission, EU spending and revenue 2000-2024 workbook (published 25 Sep 2025)",2026-08-04
HRV,Croatia,BUDGET.CUSTOMS,Customs duties collected for the EU budget (traditional own resources),EUR million,2001,0.0,"European Commission, EU spending and revenue 2000-2024 workbook (published 25 Sep 2025)",2026-08-04
BEL,Belgium,BUDGET.EXPEND,EU expenditure allocated to the member state,EUR million,2002,4338.7922,"European Commission, EU spending and revenue 2000-2024 workbook (published 25 Sep 2025)",2026-08-04
BGR,Bulgaria,BUDGET.EXPEND,EU expenditure allocated to the member state,EUR million,2002,143.1058,"European Commission, EU spending and revenue 2000-2024 workbook (published 25 Sep 2025)",2026-08-04
CZE,Czechia,BUDGET.EXPEND,EU expenditure allocated to the member state,EUR million,2002,254.4301,"European Commission, EU spending and revenue 2000-2024 workbook (published 25 Sep 2025)",2026-08-04
DNK,Denmark,BUDGET.EXPEND,EU expenditure allocated to the member state,EUR million,2002,1468.995,"European Commission, EU spending and revenue 2000-2024 workbook (published 25 Sep 2025)",2026-08-04
DEU,Germany,BUDGET.EXPEND,EU expenditure allocated to the member state,EUR million,2002,11697.2571,"European Commission, EU spending and revenue 2000-2024 workbook (published 25 Sep 2025)",2026-08-04
EST,Estonia,BUDGET.EXPEND,EU expenditure allocated to the member state,EUR million,2002,43.1881,"European Commission, EU spending and revenue 2000-2024 workbook (published 25 Sep 2025)",2026-08-04
IRL,Ireland,BUDGET.EXPEND,EU expenditure allocated to the member state,EUR million,2002,2597.4744,"European Commission, EU spending and revenue 2000-2024 workbook (published 25 Sep 2025)",2026-08-04
GRC,Greece,BUDGET.EXPEND,EU expenditure allocated to the member state,EUR million,2002,4683.3419,"European Commission, EU spending and revenue 2000-2024 workbook (published 25 Sep 2025)",2026-08-04
ESP,Spain,BUDGET.EXPEND,EU expenditure allocated to the member state,EUR million,2002,15210.892,"European Commission, EU spending and revenue 2000-2024 workbook (published 25 Sep 2025)",2026-08-04
FRA,France,BUDGET.EXPEND,EU expenditure allocated to the member state,EUR million,2002,12155.6926,"European Commission, EU spending and revenue 2000-2024 workbook (published 25 Sep 2025)",2026-08-04
ITA,Italy,BUDGET.EXPEND,EU expenditure allocated to the member state,EUR million,2002,8200.0407,"European Commission, EU spending and revenue 2000-2024 workbook (published 25 Sep 2025)",2026-08-04
CYP,Cyprus,BUDGET.EXPEND,EU expenditure allocated to the member state,EUR million,2002,17.373,"European Commission, EU spending and revenue 2000-2024 workbook (published 25 Sep 2025)",2026-08-04
LVA,Latvia,BUDGET.EXPEND,EU expenditure allocated to the member state,EUR million,2002,54.0481,"European Commission, EU spending and revenue 2000-2024 workbook (published 25 Sep 2025)",2026-08-04
LTU,Lithuania,BUDGET.EXPEND,EU expenditure allocated to the member state,EUR million,2002,99.9623,"European Commission, EU spending and revenue 2000-2024 workbook (published 25 Sep 2025)",2026-08-04
LUX,Luxembourg,BUDGET.EXPEND,EU expenditure allocated to the member state,EUR million,2002,954.1319,"European Commission, EU spending and revenue 2000-2024 workbook (published 25 Sep 2025)",2026-08-04
HUN,Hungary,BUDGET.EXPEND,EU expenditure allocated to the member state,EUR million,2002,139.7809,"European Commission, EU spending and revenue 2000-2024 workbook (published 25 Sep 2025)",2026-08-04
MLT,Malta,BUDGET.EXPEND,EU expenditure allocated to the member state,EUR million,2002,13.8946,"European Commission, EU spending and revenue 2000-2024 workbook (published 25 Sep 2025)",2026-08-04
NLD,Netherlands,BUDGET.EXPEND,EU expenditure allocated to the member state,EUR million,2002,1585.4646,"European Commission, EU spending and revenue 2000-2024 workbook (published 25 Sep 2025)",2026-08-04
AUT,Austria,BUDGET.EXPEND,EU expenditure allocated to the member state,EUR million,2002,1560.1867,"European Commission, EU spending and revenue 2000-2024 workbook (published 25 Sep 2025)",2026-08-04
POL,Poland,BUDGET.EXPEND,EU expenditure allocated to the member state,EUR million,2002,532.4068,"European Commission, EU spending and revenue 2000-2024 workbook (published 25 Sep 2025)",2026-08-04
PRT,Portugal,BUDGET.EXPEND,EU expenditure allocated to the member state,EUR million,2002,3866.5011,"European Commission, EU spending and revenue 2000-2024 workbook (published 25 Sep 2025)",2026-08-04
ROU,Romania,BUDGET.EXPEND,EU expenditure allocated to the member state,EUR million,2002,239.9312,"European Commission, EU spending and revenue 2000-2024 workbook (published 25 Sep 2025)",2026-08-04
SVN,Slovenia,BUDGET.EXPEND,EU expenditure allocated to the member state,EUR million,2002,67.618,"European Commission, EU spending and revenue 2000-2024 workbook (published 25 Sep 2025)",2026-08-04
SVK,Slovakia,BUDGET.EXPEND,EU expenditure allocated to the member state,EUR million,2002,121.6972,"European Commission, EU spending and revenue 2000-2024 workbook (published 25 Sep 2025)",2026-08-04
FIN,Finland,BUDGET.EXPEND,EU expenditure allocated to the member state,EUR million,2002,1208.0831,"European Commission, EU spending and revenue 2000-2024 workbook (published 25 Sep 2025)",2026-08-04
SWE,Sweden,BUDGET.EXPEND,EU expenditure allocated to the member state,EUR million,2002,1236.5177,"European Commission, EU spending and revenue 2000-2024 workbook (published 25 Sep 2025)",2026-08-04
GBR,United Kingdom,BUDGET.EXPEND,EU expenditure allocated to the member state,EUR million,2002,6161.0249,"European Commission, EU spending and revenue 2000-2024 workbook (published 25 Sep 2025)",2026-08-04
HRV,Croatia,BUDGET.EXPEND,EU expenditure allocated to the member state,EUR million,2002,9.2626,"European Commission, EU spending and revenue 2000-2024 workbook (published 25 Sep 2025)",2026-08-04
BEL,Belgium,BUDGET.CONTRIB,National contributions to the EU budget (excludes customs duties),EUR million,2002,2129.3749,"European Commission, EU spending and revenue 2000-2024 workbook (published 25 Sep 2025)",2026-08-04
BGR,Bulgaria,BUDGET.CONTRIB,National contributions to the EU budget (excludes customs duties),EUR million,2002,0.0,"European Commission, EU spending and revenue 2000-2024 workbook (published 25 Sep 2025)",2026-08-04
CZE,Czechia,BUDGET.CONTRIB,National contributions to the EU budget (excludes customs duties),EUR million,2002,0.0,"European Commission, EU spending and revenue 2000-2024 workbook (published 25 Sep 2025)",2026-08-04
DNK,Denmark,BUDGET.CONTRIB,National contributions to the EU budget (excludes customs duties),EUR million,2002,1507.5105,"European Commission, EU spending and revenue 2000-2024 workbook (published 25 Sep 2025)",2026-08-04
DEU,Germany,BUDGET.CONTRIB,National contributions to the EU budget (excludes customs duties),EUR million,2002,15617.5949,"European Commission, EU spending and revenue 2000-2024 workbook (published 25 Sep 2025)",2026-08-04
EST,Estonia,BUDGET.CONTRIB,National contributions to the EU budget (excludes customs duties),EUR million,2002,0.0,"European Commission, EU spending and revenue 2000-2024 workbook (published 25 Sep 2025)",2026-08-04
IRL,Ireland,BUDGET.CONTRIB,National contributions to the EU budget (excludes customs duties),EUR million,2002,933.7518,"European Commission, EU spending and revenue 2000-2024 workbook (published 25 Sep 2025)",2026-08-04
GRC,Greece,BUDGET.CONTRIB,National contributions to the EU budget (excludes customs duties),EUR million,2002,1215.8682,"European Commission, EU spending and revenue 2000-2024 workbook (published 25 Sep 2025)",2026-08-04
ESP,Spain,BUDGET.CONTRIB,National contributions to the EU budget (excludes customs duties),EUR million,2002,5965.8609,"European Commission, EU spending and revenue 2000-2024 workbook (published 25 Sep 2025)",2026-08-04
FRA,France,BUDGET.CONTRIB,National contributions to the EU budget (excludes customs duties),EUR million,2002,13202.7218,"European Commission, EU spending and revenue 2000-2024 workbook (published 25 Sep 2025)",2026-08-04
ITA,Italy,BUDGET.CONTRIB,National contributions to the EU budget (excludes customs duties),EUR million,2002,10411.3352,"European Commission, EU spending and revenue 2000-2024 workbook (published 25 Sep 2025)",2026-08-04
CYP,Cyprus,BUDGET.CONTRIB,National contributions to the EU budget (excludes customs duties),EUR million,2002,0.0,"European Commission, EU spending and revenue 2000-2024 workbook (published 25 Sep 2025)",2026-08-04
LVA,Latvia,BUDGET.CONTRIB,National contributions to the EU budget (excludes customs duties),EUR million,2002,0.0,"European Commission, EU spending and revenue 2000-2024 workbook (published 25 Sep 2025)",2026-08-04
LTU,Lithuania,BUDGET.CONTRIB,National contributions to the EU budget (excludes customs duties),EUR million,2002,0.0,"European Commission, EU spending and revenue 2000-2024 workbook (published 25 Sep 2025)",2026-08-04
LUX,Luxembourg,BUDGET.CONTRIB,National contributions to the EU budget (excludes customs duties),EUR million,2002,173.7363,"European Commission, EU spending and revenue 2000-2024 workbook (published 25 Sep 2025)",2026-08-04
HUN,Hungary,BUDGET.CONTRIB,National contributions to the EU budget (excludes customs duties),EUR million,2002,0.0,"European Commission, EU spending and revenue 2000-2024 workbook (published 25 Sep 2025)",2026-08-04
MLT,Malta,BUDGET.CONTRIB,National contributions to the EU budget (excludes customs duties),EUR million,2002,0.0,"European Commission, EU spending and revenue 2000-2024 workbook (published 25 Sep 2025)",2026-08-04
NLD,Netherlands,BUDGET.CONTRIB,National contributions to the EU budget (excludes customs duties),EUR million,2002,3506.3234,"European Commission, EU spending and revenue 2000-2024 workbook (published 25 Sep 2025)",2026-08-04
AUT,Austria,BUDGET.CONTRIB,National contributions to the EU budget (excludes customs duties),EUR million,2002,1658.2454,"European Commission, EU spending and revenue 2000-2024 workbook (published 25 Sep 2025)",2026-08-04
POL,Poland,BUDGET.CONTRIB,National contributions to the EU budget (excludes customs duties),EUR million,2002,0.0,"European Commission, EU spending and revenue 2000-2024 workbook (published 25 Sep 2025)",2026-08-04
PRT,Portugal,BUDGET.CONTRIB,National contributions to the EU budget (excludes customs duties),EUR million,2002,1101.8122,"European Commission, EU spending and revenue 2000-2024 workbook (published 25 Sep 2025)",2026-08-04
ROU,Romania,BUDGET.CONTRIB,National contributions to the EU budget (excludes customs duties),EUR million,2002,0.0,"European Commission, EU spending and revenue 2000-2024 workbook (published 25 Sep 2025)",2026-08-04
SVN,Slovenia,BUDGET.CONTRIB,National contributions to the EU budget (excludes customs duties),EUR million,2002,0.0,"European Commission, EU spending and revenue 2000-2024 workbook (published 25 Sep 2025)",2026-08-04
SVK,Slovakia,BUDGET.CONTRIB,National contributions to the EU budget (excludes customs duties),EUR million,2002,0.0,"European Commission, EU spending and revenue 2000-2024 workbook (published 25 Sep 2025)",2026-08-04
FIN,Finland,BUDGET.CONTRIB,National contributions to the EU budget (excludes customs duties),EUR million,2002,1120.3021,"European Commission, EU spending and revenue 2000-2024 workbook (published 25 Sep 2025)",2026-08-04
SWE,Sweden,BUDGET.CONTRIB,National contributions to the EU budget (excludes customs duties),EUR million,2002,1853.8774,"European Commission, EU spending and revenue 2000-2024 workbook (published 25 Sep 2025)",2026-08-04
GBR,United Kingdom,BUDGET.CONTRIB,National contributions to the EU budget (excludes customs duties),EUR million,2002,8085.6932,"European Commission, EU spending and revenue 2000-2024 workbook (published 25 Sep 2025)",2026-08-04
HRV,Croatia,BUDGET.CONTRIB,National contributions to the EU budget (excludes customs duties),EUR million,2002,0.0,"European Commission, EU spending and revenue 2000-2024 workbook (published 25 Sep 2025)",2026-08-04
BEL,Belgium,BUDGET.GNI,Gross national income (European Commission definition),EUR million,2002,279097.6,"European Commission, EU spending and revenue 2000-2024 workbook (published 25 Sep 2025)",2026-08-04
BGR,Bulgaria,BUDGET.GNI,Gross national income (European Commission definition),EUR million,2002,17815.1454,"European Commission, EU spending and revenue 2000-2024 workbook (published 25 Sep 2025)",2026-08-04
CZE,Czechia,BUDGET.GNI,Gross national income (European Commission definition),EUR million,2002,83811.535,"European Commission, EU spending and revenue 2000-2024 workbook (published 25 Sep 2025)",2026-08-04
DNK,Denmark,BUDGET.GNI,Gross national income (European Commission definition),EUR million,2002,187565.6771,"European Commission, EU spending and revenue 2000-2024 workbook (published 25 Sep 2025)",2026-08-04
DEU,Germany,BUDGET.GNI,Gross national income (European Commission definition),EUR million,2002,2180217.0,"European Commission, EU spending and revenue 2000-2024 workbook (published 25 Sep 2025)",2026-08-04
EST,Estonia,BUDGET.GNI,Gross national income (European Commission definition),EUR million,2002,7409.3742,"European Commission, EU spending and revenue 2000-2024 workbook (published 25 Sep 2025)",2026-08-04
IRL,Ireland,BUDGET.GNI,Gross national income (European Commission definition),EUR million,2002,113201.0,"European Commission, EU spending and revenue 2000-2024 workbook (published 25 Sep 2025)",2026-08-04
GRC,Greece,BUDGET.GNI,Gross national income (European Commission definition),EUR million,2002,163244.1121,"European Commission, EU spending and revenue 2000-2024 workbook (published 25 Sep 2025)",2026-08-04
ESP,Spain,BUDGET.GNI,Gross national income (European Commission definition),EUR million,2002,740968.0,"European Commission, EU spending and revenue 2000-2024 workbook (published 25 Sep 2025)",2026-08-04
FRA,France,BUDGET.GNI,Gross national income (European Commission definition),EUR million,2002,1610451.8,"European Commission, EU spending and revenue 2000-2024 workbook (published 25 Sep 2025)",2026-08-04
ITA,Italy,BUDGET.GNI,Gross national income (European Commission definition),EUR million,2002,1340097.167,"European Commission, EU spending and revenue 2000-2024 workbook (published 25 Sep 2025)",2026-08-04
CYP,Cyprus,BUDGET.GNI,Gross national income (European Commission definition),EUR million,2002,11242.7951,"European Commission, EU spending and revenue 2000-2024 workbook (published 25 Sep 2025)",2026-08-04
LVA,Latvia,BUDGET.GNI,Gross national income (European Commission definition),EUR million,2002,10150.722,"European Commission, EU spending and revenue 2000-2024 workbook (published 25 Sep 2025)",2026-08-04
LTU,Lithuania,BUDGET.GNI,Gross national income (European Commission definition),EUR million,2002,14977.4526,"European Commission, EU spending and revenue 2000-2024 workbook (published 25 Sep 2025)",2026-08-04
LUX,Luxembourg,BUDGET.GNI,Gross national income (European Commission definition),EUR million,2002,20208.8,"European Commission, EU spending and revenue 2000-2024 workbook (published 25 Sep 2025)",2026-08-04
HUN,Hungary,BUDGET.GNI,Gross national income (European Commission definition),EUR million,2002,67893.5069,"European Commission, EU spending and revenue 2000-2024 workbook (published 25 Sep 2025)",2026-08-04
MLT,Malta,BUDGET.GNI,Gross national income (European Commission definition),EUR million,2002,4732.4629,"European Commission, EU spending and revenue 2000-2024 workbook (published 25 Sep 2025)",2026-08-04
NLD,Netherlands,BUDGET.GNI,Gross national income (European Commission definition),EUR million,2002,493219.0,"European Commission, EU spending and revenue 2000-2024 workbook (published 25 Sep 2025)",2026-08-04
AUT,Austria,BUDGET.GNI,Gross national income (European Commission definition),EUR million,2002,225205.2,"European Commission, EU spending and revenue 2000-2024 workbook (published 25 Sep 2025)",2026-08-04
POL,Poland,BUDGET.GNI,Gross national income (European Commission definition),EUR million,2002,209435.6915,"European Commission, EU spending and revenue 2000-2024 workbook (published 25 Sep 2025)",2026-08-04
PRT,Portugal,BUDGET.GNI,Gross national income (European Commission definition),EUR million,2002,140136.96,"European Commission, EU spending and revenue 2000-2024 workbook (published 25 Sep 2025)",2026-08-04
ROU,Romania,BUDGET.GNI,Gross national income (European Commission definition),EUR million,2002,48298.3204,"European Commission, EU spending and revenue 2000-2024 workbook (published 25 Sep 2025)",2026-08-04
SVN,Slovenia,BUDGET.GNI,Gross national income (European Commission definition),EUR million,2002,24927.6833,"European Commission, EU spending and revenue 2000-2024 workbook (published 25 Sep 2025)",2026-08-04
SVK,Slovakia,BUDGET.GNI,Gross national income (European Commission definition),EUR million,2002,26267.0227,"European Commission, EU spending and revenue 2000-2024 workbook (published 25 Sep 2025)",2026-08-04
FIN,Finland,BUDGET.GNI,Gross national income (European Commission definition),EUR million,2002,148731.0,"European Commission, EU spending and revenue 2000-2024 workbook (published 25 Sep 2025)",2026-08-04
SWE,Sweden,BUDGET.GNI,Gross national income (European Commission definition),EUR million,2002,281132.6203,"European Commission, EU spending and revenue 2000-2024 workbook (published 25 Sep 2025)",2026-08-04
GBR,United Kingdom,BUDGET.GNI,Gross national income (European Commission definition),EUR million,2002,1804006.684,"European Commission, EU spending and revenue 2000-2024 workbook (published 25 Sep 2025)",2026-08-04
HRV,Croatia,BUDGET.GNI,Gross national income (European Commission definition),EUR million,2002,28046.5192,"European Commission, EU spending and revenue 2000-2024 workbook (published 25 Sep 2025)",2026-08-04
BEL,Belgium,BUDGET.ADMIN,EU administrative expenditure allocated to the member state,EUR million,2002,2605.7458,"European Commission, EU spending and revenue 2000-2024 workbook (published 25 Sep 2025)",2026-08-04
BGR,Bulgaria,BUDGET.ADMIN,EU administrative expenditure allocated to the member state,EUR million,2002,1.1811,"European Commission, EU spending and revenue 2000-2024 workbook (published 25 Sep 2025)",2026-08-04
CZE,Czechia,BUDGET.ADMIN,EU administrative expenditure allocated to the member state,EUR million,2002,1.3253,"European Commission, EU spending and revenue 2000-2024 workbook (published 25 Sep 2025)",2026-08-04
DNK,Denmark,BUDGET.ADMIN,EU administrative expenditure allocated to the member state,EUR million,2002,44.7121,"European Commission, EU spending and revenue 2000-2024 workbook (published 25 Sep 2025)",2026-08-04
DEU,Germany,BUDGET.ADMIN,EU administrative expenditure allocated to the member state,EUR million,2002,143.5646,"European Commission, EU spending and revenue 2000-2024 workbook (published 25 Sep 2025)",2026-08-04
EST,Estonia,BUDGET.ADMIN,EU administrative expenditure allocated to the member state,EUR million,2002,0.6747,"European Commission, EU spending and revenue 2000-2024 workbook (published 25 Sep 2025)",2026-08-04
IRL,Ireland,BUDGET.ADMIN,EU administrative expenditure allocated to the member state,EUR million,2002,36.4337,"European Commission, EU spending and revenue 2000-2024 workbook (published 25 Sep 2025)",2026-08-04
GRC,Greece,BUDGET.ADMIN,EU administrative expenditure allocated to the member state,EUR million,2002,22.4585,"European Commission, EU spending and revenue 2000-2024 workbook (published 25 Sep 2025)",2026-08-04
ESP,Spain,BUDGET.ADMIN,EU administrative expenditure allocated to the member state,EUR million,2002,45.5908,"European Commission, EU spending and revenue 2000-2024 workbook (published 25 Sep 2025)",2026-08-04
FRA,France,BUDGET.ADMIN,EU administrative expenditure allocated to the member state,EUR million,2002,418.926,"European Commission, EU spending and revenue 2000-2024 workbook (published 25 Sep 2025)",2026-08-04
ITA,Italy,BUDGET.ADMIN,EU administrative expenditure allocated to the member state,EUR million,2002,112.439,"European Commission, EU spending and revenue 2000-2024 workbook (published 25 Sep 2025)",2026-08-04
CYP,Cyprus,BUDGET.ADMIN,EU administrative expenditure allocated to the member state,EUR million,2002,0.9272,"European Commission, EU spending and revenue 2000-2024 workbook (published 25 Sep 2025)",2026-08-04
LVA,Latvia,BUDGET.ADMIN,EU administrative expenditure allocated to the member state,EUR million,2002,1.2245,"European Commission, EU spending and revenue 2000-2024 workbook (published 25 Sep 2025)",2026-08-04
LTU,Lithuania,BUDGET.ADMIN,EU administrative expenditure allocated to the member state,EUR million,2002,0.8668,"European Commission, EU spending and revenue 2000-2024 workbook (published 25 Sep 2025)",2026-08-04
LUX,Luxembourg,BUDGET.ADMIN,EU administrative expenditure allocated to the member state,EUR million,2002,818.6283,"European Commission, EU spending and revenue 2000-2024 workbook (published 25 Sep 2025)",2026-08-04
HUN,Hungary,BUDGET.ADMIN,EU administrative expenditure allocated to the member state,EUR million,2002,2.1896,"European Commission, EU spending and revenue 2000-2024 workbook (published 25 Sep 2025)",2026-08-04
MLT,Malta,BUDGET.ADMIN,EU administrative expenditure allocated to the member state,EUR million,2002,0.8297,"European Commission, EU spending and revenue 2000-2024 workbook (published 25 Sep 2025)",2026-08-04
NLD,Netherlands,BUDGET.ADMIN,EU administrative expenditure allocated to the member state,EUR million,2002,50.582,"European Commission, EU spending and revenue 2000-2024 workbook (published 25 Sep 2025)",2026-08-04
AUT,Austria,BUDGET.ADMIN,EU administrative expenditure allocated to the member state,EUR million,2002,20.0506,"European Commission, EU spending and revenue 2000-2024 workbook (published 25 Sep 2025)",2026-08-04
POL,Poland,BUDGET.ADMIN,EU administrative expenditure allocated to the member state,EUR million,2002,2.4747,"European Commission, EU spending and revenue 2000-2024 workbook (published 25 Sep 2025)",2026-08-04
PRT,Portugal,BUDGET.ADMIN,EU administrative expenditure allocated to the member state,EUR million,2002,19.1499,"European Commission, EU spending and revenue 2000-2024 workbook (published 25 Sep 2025)",2026-08-04
ROU,Romania,BUDGET.ADMIN,EU administrative expenditure allocated to the member state,EUR million,2002,1.576,"European Commission, EU spending and revenue 2000-2024 workbook (published 25 Sep 2025)",2026-08-04
SVN,Slovenia,BUDGET.ADMIN,EU administrative expenditure allocated to the member state,EUR million,2002,1.1437,"European Commission, EU spending and revenue 2000-2024 workbook (published 25 Sep 2025)",2026-08-04
SVK,Slovakia,BUDGET.ADMIN,EU administrative expenditure allocated to the member state,EUR million,2002,1.0692,"European Commission, EU spending and revenue 2000-2024 workbook (published 25 Sep 2025)",2026-08-04
FIN,Finland,BUDGET.ADMIN,EU administrative expenditure allocated to the member state,EUR million,2002,28.7864,"European Commission, EU spending and revenue 2000-2024 workbook (published 25 Sep 2025)",2026-08-04
SWE,Sweden,BUDGET.ADMIN,EU administrative expenditure allocated to the member state,EUR million,2002,27.3475,"European Commission, EU spending and revenue 2000-2024 workbook (published 25 Sep 2025)",2026-08-04
GBR,United Kingdom,BUDGET.ADMIN,EU administrative expenditure allocated to the member state,EUR million,2002,142.8704,"European Commission, EU spending and revenue 2000-2024 workbook (published 25 Sep 2025)",2026-08-04
HRV,Croatia,BUDGET.ADMIN,EU administrative expenditure allocated to the member state,EUR million,2002,0.7906,"European Commission, EU spending and revenue 2000-2024 workbook (published 25 Sep 2025)",2026-08-04
BEL,Belgium,BUDGET.CUSTOMS,Customs duties collected for the EU budget (traditional own resources),EUR million,2002,1346.2186,"European Commission, EU spending and revenue 2000-2024 workbook (published 25 Sep 2025)",2026-08-04
BGR,Bulgaria,BUDGET.CUSTOMS,Customs duties collected for the EU budget (traditional own resources),EUR million,2002,0.0,"European Commission, EU spending and revenue 2000-2024 workbook (published 25 Sep 2025)",2026-08-04
CZE,Czechia,BUDGET.CUSTOMS,Customs duties collected for the EU budget (traditional own resources),EUR million,2002,0.0,"European Commission, EU spending and revenue 2000-2024 workbook (published 25 Sep 2025)",2026-08-04
DNK,Denmark,BUDGET.CUSTOMS,Customs duties collected for the EU budget (traditional own resources),EUR million,2002,258.4584,"European Commission, EU spending and revenue 2000-2024 workbook (published 25 Sep 2025)",2026-08-04
DEU,Germany,BUDGET.CUSTOMS,Customs duties collected for the EU budget (traditional own resources),EUR million,2002,2743.1571,"European Commission, EU spending and revenue 2000-2024 workbook (published 25 Sep 2025)",2026-08-04
EST,Estonia,BUDGET.CUSTOMS,Customs duties collected for the EU budget (traditional own resources),EUR million,2002,0.0,"European Commission, EU spending and revenue 2000-2024 workbook (published 25 Sep 2025)",2026-08-04
IRL,Ireland,BUDGET.CUSTOMS,Customs duties collected for the EU budget (traditional own resources),EUR million,2002,135.3528,"European Commission, EU spending and revenue 2000-2024 workbook (published 25 Sep 2025)",2026-08-04
GRC,Greece,BUDGET.CUSTOMS,Customs duties collected for the EU budget (traditional own resources),EUR million,2002,173.185,"European Commission, EU spending and revenue 2000-2024 workbook (published 25 Sep 2025)",2026-08-04
ESP,Spain,BUDGET.CUSTOMS,Customs duties collected for the EU budget (traditional own resources),EUR million,2002,887.7488,"European Commission, EU spending and revenue 2000-2024 workbook (published 25 Sep 2025)",2026-08-04
FRA,France,BUDGET.CUSTOMS,Customs duties collected for the EU budget (traditional own resources),EUR million,2002,1178.1039,"European Commission, EU spending and revenue 2000-2024 workbook (published 25 Sep 2025)",2026-08-04
ITA,Italy,BUDGET.CUSTOMS,Customs duties collected for the EU budget (traditional own resources),EUR million,2002,1290.7358,"European Commission, EU spending and revenue 2000-2024 workbook (published 25 Sep 2025)",2026-08-04
CYP,Cyprus,BUDGET.CUSTOMS,Customs duties collected for the EU budget (traditional own resources),EUR million,2002,0.0,"European Commission, EU spending and revenue 2000-2024 workbook (published 25 Sep 2025)",2026-08-04
LVA,Latvia,BUDGET.CUSTOMS,Customs duties collected for the EU budget (traditional own resources),EUR million,2002,0.0,"European Commission, EU spending and revenue 2000-2024 workbook (published 25 Sep 2025)",2026-08-04
LTU,Lithuania,BUDGET.CUSTOMS,Customs duties collected for the EU budget (traditional own resources),EUR million,2002,0.0,"European Commission, EU spending and revenue 2000-2024 workbook (published 25 Sep 2025)",2026-08-04
LUX,Luxembourg,BUDGET.CUSTOMS,Customs duties collected for the EU budget (traditional own resources),EUR million,2002,16.6961,"European Commission, EU spending and revenue 2000-2024 workbook (published 25 Sep 2025)",2026-08-04
HUN,Hungary,BUDGET.CUSTOMS,Customs duties collected for the EU budget (traditional own resources),EUR million,2002,0.0,"European Commission, EU spending and revenue 2000-2024 workbook (published 25 Sep 2025)",2026-08-04
MLT,Malta,BUDGET.CUSTOMS,Customs duties collected for the EU budget (traditional own resources),EUR million,2002,0.0,"European Commission, EU spending and revenue 2000-2024 workbook (published 25 Sep 2025)",2026-08-04
NLD,Netherlands,BUDGET.CUSTOMS,Customs duties collected for the EU budget (traditional own resources),EUR million,2002,1340.4537,"European Commission, EU spending and revenue 2000-2024 workbook (published 25 Sep 2025)",2026-08-04
AUT,Austria,BUDGET.CUSTOMS,Customs duties collected for the EU budget (traditional own resources),EUR million,2002,208.9412,"European Commission, EU spending and revenue 2000-2024 workbook (published 25 Sep 2025)",2026-08-04
POL,Poland,BUDGET.CUSTOMS,Customs duties collected for the EU budget (traditional own resources),EUR million,2002,0.0,"European Commission, EU spending and revenue 2000-2024 workbook (published 25 Sep 2025)",2026-08-04
PRT,Portugal,BUDGET.CUSTOMS,Customs duties collected for the EU budget (traditional own resources),EUR million,2002,123.0217,"European Commission, EU spending and revenue 2000-2024 workbook (published 25 Sep 2025)",2026-08-04
ROU,Romania,BUDGET.CUSTOMS,Customs duties collected for the EU budget (traditional own resources),EUR million,2002,0.0,"European Commission, EU spending and revenue 2000-2024 workbook (published 25 Sep 2025)",2026-08-04
SVN,Slovenia,BUDGET.CUSTOMS,Customs duties collected for the EU budget (traditional own resources),EUR million,2002,0.0,"European Commission, EU spending and revenue 2000-2024 workbook (published 25 Sep 2025)",2026-08-04
SVK,Slovakia,BUDGET.CUSTOMS,Customs duties collected for the EU budget (traditional own resources),EUR million,2002,0.0,"European Commission, EU spending and revenue 2000-2024 workbook (published 25 Sep 2025)",2026-08-04
FIN,Finland,BUDGET.CUSTOMS,Customs duties collected for the EU budget (traditional own resources),EUR million,2002,98.7347,"European Commission, EU spending and revenue 2000-2024 workbook (published 25 Sep 2025)",2026-08-04
SWE,Sweden,BUDGET.CUSTOMS,Customs duties collected for the EU budget (traditional own resources),EUR million,2002,348.0049,"European Commission, EU spending and revenue 2000-2024 workbook (published 25 Sep 2025)",2026-08-04
GBR,United Kingdom,BUDGET.CUSTOMS,Customs duties collected for the EU budget (traditional own resources),EUR million,2002,2768.696,"European Commission, EU spending and revenue 2000-2024 workbook (published 25 Sep 2025)",2026-08-04
HRV,Croatia,BUDGET.CUSTOMS,Customs duties collected for the EU budget (traditional own resources),EUR million,2002,0.0,"European Commission, EU spending and revenue 2000-2024 workbook (published 25 Sep 2025)",2026-08-04
BEL,Belgium,BUDGET.EXPEND,EU expenditure allocated to the member state,EUR million,2003,4477.1296,"European Commission, EU spending and revenue 2000-2024 workbook (published 25 Sep 2025)",2026-08-04
BGR,Bulgaria,BUDGET.EXPEND,EU expenditure allocated to the member state,EUR million,2003,175.898,"European Commission, EU spending and revenue 2000-2024 workbook (published 25 Sep 2025)",2026-08-04
CZE,Czechia,BUDGET.EXPEND,EU expenditure allocated to the member state,EUR million,2003,228.1301,"European Commission, EU spending and revenue 2000-2024 workbook (published 25 Sep 2025)",2026-08-04
DNK,Denmark,BUDGET.EXPEND,EU expenditure allocated to the member state,EUR million,2003,1489.7565,"European Commission, EU spending and revenue 2000-2024 workbook (published 25 Sep 2025)",2026-08-04
DEU,Germany,BUDGET.EXPEND,EU expenditure allocated to the member state,EUR million,2003,10594.9079,"European Commission, EU spending and revenue 2000-2024 workbook (published 25 Sep 2025)",2026-08-04
EST,Estonia,BUDGET.EXPEND,EU expenditure allocated to the member state,EUR million,2003,75.1611,"European Commission, EU spending and revenue 2000-2024 workbook (published 25 Sep 2025)",2026-08-04
IRL,Ireland,BUDGET.EXPEND,EU expenditure allocated to the member state,EUR million,2003,2690.213,"European Commission, EU spending and revenue 2000-2024 workbook (published 25 Sep 2025)",2026-08-04
GRC,Greece,BUDGET.EXPEND,EU expenditure allocated to the member state,EUR million,2003,4850.0089,"European Commission, EU spending and revenue 2000-2024 workbook (published 25 Sep 2025)",2026-08-04
ESP,Spain,BUDGET.EXPEND,EU expenditure allocated to the member state,EUR million,2003,15875.0991,"European Commission, EU spending and revenue 2000-2024 workbook (published 25 Sep 2025)",2026-08-04
FRA,France,BUDGET.EXPEND,EU expenditure allocated to the member state,EUR million,2003,13359.0616,"European Commission, EU spending and revenue 2000-2024 workbook (published 25 Sep 2025)",2026-08-04
ITA,Italy,BUDGET.EXPEND,EU expenditure allocated to the member state,EUR million,2003,10625.8505,"European Commission, EU spending and revenue 2000-2024 workbook (published 25 Sep 2025)",2026-08-04
CYP,Cyprus,BUDGET.EXPEND,EU expenditure allocated to the member state,EUR million,2003,17.0011,"European Commission, EU spending and revenue 2000-2024 workbook (published 25 Sep 2025)",2026-08-04
LVA,Latvia,BUDGET.EXPEND,EU expenditure allocated to the member state,EUR million,2003,79.2847,"European Commission, EU spending and revenue 2000-2024 workbook (published 25 Sep 2025)",2026-08-04
LTU,Lithuania,BUDGET.EXPEND,EU expenditure allocated to the member state,EUR million,2003,307.3301,"European Commission, EU spending and revenue 2000-2024 workbook (published 25 Sep 2025)",2026-08-04
LUX,Luxembourg,BUDGET.EXPEND,EU expenditure allocated to the member state,EUR million,2003,1095.8013,"European Commission, EU spending and revenue 2000-2024 workbook (published 25 Sep 2025)",2026-08-04
HUN,Hungary,BUDGET.EXPEND,EU expenditure allocated to the member state,EUR million,2003,189.6699,"European Commission, EU spending and revenue 2000-2024 workbook (published 25 Sep 2025)",2026-08-04
MLT,Malta,BUDGET.EXPEND,EU expenditure allocated to the member state,EUR million,2003,10.4054,"European Commission, EU spending and revenue 2000-2024 workbook (published 25 Sep 2025)",2026-08-04
NLD,Netherlands,BUDGET.EXPEND,EU expenditure allocated to the member state,EUR million,2003,1991.5964,"European Commission, EU spending and revenue 2000-2024 workbook (published 25 Sep 2025)",2026-08-04
AUT,Austria,BUDGET.EXPEND,EU expenditure allocated to the member state,EUR million,2003,1577.2736,"European Commission, EU spending and revenue 2000-2024 workbook (published 25 Sep 2025)",2026-08-04
POL,Poland,BUDGET.EXPEND,EU expenditure allocated to the member state,EUR million,2003,684.1315,"European Commission, EU spending and revenue 2000-2024 workbook (published 25 Sep 2025)",2026-08-04
PRT,Portugal,BUDGET.EXPEND,EU expenditure allocated to the member state,EUR million,2003,4769.7564,"European Commission, EU spending and revenue 2000-2024 workbook (published 25 Sep 2025)",2026-08-04
ROU,Romania,BUDGET.EXPEND,EU expenditure allocated to the member state,EUR million,2003,302.9974,"European Commission, EU spending and revenue 2000-2024 workbook (published 25 Sep 2025)",2026-08-04
SVN,Slovenia,BUDGET.EXPEND,EU expenditure allocated to the member state,EUR million,2003,58.6269,"European Commission, EU spending and revenue 2000-2024 workbook (published 25 Sep 2025)",2026-08-04
SVK,Slovakia,BUDGET.EXPEND,EU expenditure allocated to the member state,EUR million,2003,103.9769,"European Commission, EU spending and revenue 2000-2024 workbook (published 25 Sep 2025)",2026-08-04
FIN,Finland,BUDGET.EXPEND,EU expenditure allocated to the member state,EUR million,2003,1348.0203,"European Commission, EU spending and revenue 2000-2024 workbook (published 25 Sep 2025)",2026-08-04
SWE,Sweden,BUDGET.EXPEND,EU expenditure allocated to the member state,EUR million,2003,1451.1752,"European Commission, EU spending and revenue 2000-2024 workbook (published 25 Sep 2025)",2026-08-04
GBR,United Kingdom,BUDGET.EXPEND,EU expenditure allocated to the member state,EUR million,2003,6174.5368,"European Commission, EU spending and revenue 2000-2024 workbook (published 25 Sep 2025)",2026-08-04
HRV,Croatia,BUDGET.EXPEND,EU expenditure allocated to the member state,EUR million,2003,27.5722,"European Commission, EU spending and revenue 2000-2024 workbook (published 25 Sep 2025)",2026-08-04
BEL,Belgium,BUDGET.CONTRIB,National contributions to the EU budget (excludes customs duties),EUR million,2003,2322.2838,"European Commission, EU spending and revenue 2000-2024 workbook (published 25 Sep 2025)",2026-08-04
BGR,Bulgaria,BUDGET.CONTRIB,National contributions to the EU budget (excludes customs duties),EUR million,2003,0.0,"European Commission, EU spending and revenue 2000-2024 workbook (published 25 Sep 2025)",2026-08-04
CZE,Czechia,BUDGET.CONTRIB,National contributions to the EU budget (excludes customs duties),EUR million,2003,0.0,"European Commission, EU spending and revenue 2000-2024 workbook (published 25 Sep 2025)",2026-08-04
DNK,Denmark,BUDGET.CONTRIB,National contributions to the EU budget (excludes customs duties),EUR million,2003,1559.7724,"European Commission, EU spending and revenue 2000-2024 workbook (published 25 Sep 2025)",2026-08-04
DEU,Germany,BUDGET.CONTRIB,National contributions to the EU budget (excludes customs duties),EUR million,2003,16915.3754,"European Commission, EU spending and revenue 2000-2024 workbook (published 25 Sep 2025)",2026-08-04
EST,Estonia,BUDGET.CONTRIB,National contributions to the EU budget (excludes customs duties),EUR million,2003,0.0,"European Commission, EU spending and revenue 2000-2024 workbook (published 25 Sep 2025)",2026-08-04
IRL,Ireland,BUDGET.CONTRIB,National contributions to the EU budget (excludes customs duties),EUR million,2003,1023.0266,"European Commission, EU spending and revenue 2000-2024 workbook (published 25 Sep 2025)",2026-08-04
GRC,Greece,BUDGET.CONTRIB,National contributions to the EU budget (excludes customs duties),EUR million,2003,1378.3718,"European Commission, EU spending and revenue 2000-2024 workbook (published 25 Sep 2025)",2026-08-04
ESP,Spain,BUDGET.CONTRIB,National contributions to the EU budget (excludes customs duties),EUR million,2003,6676.2377,"European Commission, EU spending and revenue 2000-2024 workbook (published 25 Sep 2025)",2026-08-04
FRA,France,BUDGET.CONTRIB,National contributions to the EU budget (excludes customs duties),EUR million,2003,14113.7967,"European Commission, EU spending and revenue 2000-2024 workbook (published 25 Sep 2025)",2026-08-04
ITA,Italy,BUDGET.CONTRIB,National contributions to the EU budget (excludes customs duties),EUR million,2003,10639.8838,"European Commission, EU spending and revenue 2000-2024 workbook (published 25 Sep 2025)",2026-08-04
CYP,Cyprus,BUDGET.CONTRIB,National contributions to the EU budget (excludes customs duties),EUR million,2003,0.0,"European Commission, EU spending and revenue 2000-2024 workbook (published 25 Sep 2025)",2026-08-04
LVA,Latvia,BUDGET.CONTRIB,National contributions to the EU budget (excludes customs duties),EUR million,2003,0.0,"European Commission, EU spending and revenue 2000-2024 workbook (published 25 Sep 2025)",2026-08-04
LTU,Lithuania,BUDGET.CONTRIB,National contributions to the EU budget (excludes customs duties),EUR million,2003,0.0,"European Commission, EU spending and revenue 2000-2024 workbook (published 25 Sep 2025)",2026-08-04
LUX,Luxembourg,BUDGET.CONTRIB,National contributions to the EU budget (excludes customs duties),EUR million,2003,192.0626,"European Commission, EU spending and revenue 2000-2024 workbook (published 25 Sep 2025)",2026-08-04
HUN,Hungary,BUDGET.CONTRIB,National contributions to the EU budget (excludes customs duties),EUR million,2003,0.0,"European Commission, EU spending and revenue 2000-2024 workbook (published 25 Sep 2025)",2026-08-04
MLT,Malta,BUDGET.CONTRIB,National contributions to the EU budget (excludes customs duties),EUR million,2003,0.0,"European Commission, EU spending and revenue 2000-2024 workbook (published 25 Sep 2025)",2026-08-04
NLD,Netherlands,BUDGET.CONTRIB,National contributions to the EU budget (excludes customs duties),EUR million,2003,3635.9232,"European Commission, EU spending and revenue 2000-2024 workbook (published 25 Sep 2025)",2026-08-04
AUT,Austria,BUDGET.CONTRIB,National contributions to the EU budget (excludes customs duties),EUR million,2003,1769.1918,"European Commission, EU spending and revenue 2000-2024 workbook (published 25 Sep 2025)",2026-08-04
POL,Poland,BUDGET.CONTRIB,National contributions to the EU budget (excludes customs duties),EUR million,2003,0.0,"European Commission, EU spending and revenue 2000-2024 workbook (published 25 Sep 2025)",2026-08-04
PRT,Portugal,BUDGET.CONTRIB,National contributions to the EU budget (excludes customs duties),EUR million,2003,1195.1316,"European Commission, EU spending and revenue 2000-2024 workbook (published 25 Sep 2025)",2026-08-04
ROU,Romania,BUDGET.CONTRIB,National contributions to the EU budget (excludes customs duties),EUR million,2003,0.0,"European Commission, EU spending and revenue 2000-2024 workbook (published 25 Sep 2025)",2026-08-04
SVN,Slovenia,BUDGET.CONTRIB,National contributions to the EU budget (excludes customs duties),EUR million,2003,0.0,"European Commission, EU spending and revenue 2000-2024 workbook (published 25 Sep 2025)",2026-08-04
SVK,Slovakia,BUDGET.CONTRIB,National contributions to the EU budget (excludes customs duties),EUR million,2003,0.0,"European Commission, EU spending and revenue 2000-2024 workbook (published 25 Sep 2025)",2026-08-04
FIN,Finland,BUDGET.CONTRIB,National contributions to the EU budget (excludes customs duties),EUR million,2003,1261.7592,"European Commission, EU spending and revenue 2000-2024 workbook (published 25 Sep 2025)",2026-08-04
SWE,Sweden,BUDGET.CONTRIB,National contributions to the EU budget (excludes customs duties),EUR million,2003,2220.444,"European Commission, EU spending and revenue 2000-2024 workbook (published 25 Sep 2025)",2026-08-04
GBR,United Kingdom,BUDGET.CONTRIB,National contributions to the EU budget (excludes customs duties),EUR million,2003,7872.0704,"European Commission, EU spending and revenue 2000-2024 workbook (published 25 Sep 2025)",2026-08-04
HRV,Croatia,BUDGET.CONTRIB,National contributions to the EU budget (excludes customs duties),EUR million,2003,0.0,"European Commission, EU spending and revenue 2000-2024 workbook (published 25 Sep 2025)",2026-08-04
BEL,Belgium,BUDGET.GNI,Gross national income (European Commission definition),EUR million,2003,287291.7,"European Commission, EU spending and revenue 2000-2024 workbook (published 25 Sep 2025)",2026-08-04
BGR,Bulgaria,BUDGET.GNI,Gross national income (European Commission definition),EUR million,2003,19060.7826,"European Commission, EU spending and revenue 2000-2024 workbook (published 25 Sep 2025)",2026-08-04
CZE,Czechia,BUDGET.GNI,Gross national income (European Commission definition),EUR million,2003,85038.948,"European Commission, EU spending and revenue 2000-2024 workbook (published 25 Sep 2025)",2026-08-04
DNK,Denmark,BUDGET.GNI,Gross national income (European Commission definition),EUR million,2003,192161.7555,"European Commission, EU spending and revenue 2000-2024 workbook (published 25 Sep 2025)",2026-08-04
DEU,Germany,BUDGET.GNI,Gross national income (European Commission definition),EUR million,2003,2198493.0,"European Commission, EU spending and revenue 2000-2024 workbook (published 25 Sep 2025)",2026-08-04
EST,Estonia,BUDGET.GNI,Gross national income (European Commission definition),EUR million,2003,8237.2433,"European Commission, EU spending and revenue 2000-2024 workbook (published 25 Sep 2025)",2026-08-04
IRL,Ireland,BUDGET.GNI,Gross national income (European Commission definition),EUR million,2003,124765.0,"European Commission, EU spending and revenue 2000-2024 workbook (published 25 Sep 2025)",2026-08-04
GRC,Greece,BUDGET.GNI,Gross national income (European Commission definition),EUR million,2003,178159.1391,"European Commission, EU spending and revenue 2000-2024 workbook (published 25 Sep 2025)",2026-08-04
ESP,Spain,BUDGET.GNI,Gross national income (European Commission definition),EUR million,2003,796978.0,"European Commission, EU spending and revenue 2000-2024 workbook (published 25 Sep 2025)",2026-08-04
FRA,France,BUDGET.GNI,Gross national income (European Commission definition),EUR million,2003,1657927.0,"European Commission, EU spending and revenue 2000-2024 workbook (published 25 Sep 2025)",2026-08-04
ITA,Italy,BUDGET.GNI,Gross national income (European Commission definition),EUR million,2003,1384179.554,"European Commission, EU spending and revenue 2000-2024 workbook (published 25 Sep 2025)",2026-08-04
CYP,Cyprus,BUDGET.GNI,Gross national income (European Commission definition),EUR million,2003,12111.6918,"European Commission, EU spending and revenue 2000-2024 workbook (published 25 Sep 2025)",2026-08-04
LVA,Latvia,BUDGET.GNI,Gross national income (European Commission definition),EUR million,2003,10426.1846,"European Commission, EU spending and revenue 2000-2024 workbook (published 25 Sep 2025)",2026-08-04
LTU,Lithuania,BUDGET.GNI,Gross national income (European Commission definition),EUR million,2003,16160.6897,"European Commission, EU spending and revenue 2000-2024 workbook (published 25 Sep 2025)",2026-08-04
LUX,Luxembourg,BUDGET.GNI,Gross national income (European Commission definition),EUR million,2003,20425.3,"European Commission, EU spending and revenue 2000-2024 workbook (published 25 Sep 2025)",2026-08-04
HUN,Hungary,BUDGET.GNI,Gross national income (European Commission definition),EUR million,2003,71580.2969,"European Commission, EU spending and revenue 2000-2024 workbook (published 25 Sep 2025)",2026-08-04
MLT,Malta,BUDGET.GNI,Gross national income (European Commission definition),EUR million,2003,4737.6494,"European Commission, EU spending and revenue 2000-2024 workbook (published 25 Sep 2025)",2026-08-04
NLD,Netherlands,BUDGET.GNI,Gross national income (European Commission definition),EUR million,2003,511897.0,"European Commission, EU spending and revenue 2000-2024 workbook (published 25 Sep 2025)",2026-08-04
AUT,Austria,BUDGET.GNI,Gross national income (European Commission definition),EUR million,2003,230556.8,"European Commission, EU spending and revenue 2000-2024 workbook (published 25 Sep 2025)",2026-08-04
POL,Poland,BUDGET.GNI,Gross national income (European Commission definition),EUR million,2003,190415.1299,"European Commission, EU spending and revenue 2000-2024 workbook (published 25 Sep 2025)",2026-08-04
PRT,Portugal,BUDGET.GNI,Gross national income (European Commission definition),EUR million,2003,144323.82,"European Commission, EU spending and revenue 2000-2024 workbook (published 25 Sep 2025)",2026-08-04
ROU,Romania,BUDGET.GNI,Gross national income (European Commission definition),EUR million,2003,51714.2318,"European Commission, EU spending and revenue 2000-2024 workbook (published 25 Sep 2025)",2026-08-04
SVN,Slovenia,BUDGET.GNI,Gross national income (European Commission definition),EUR million,2003,26116.8314,"European Commission, EU spending and revenue 2000-2024 workbook (published 25 Sep 2025)",2026-08-04
SVK,Slovakia,BUDGET.GNI,Gross national income (European Commission definition),EUR million,2003,28657.756,"European Commission, EU spending and revenue 2000-2024 workbook (published 25 Sep 2025)",2026-08-04
FIN,Finland,BUDGET.GNI,Gross national income (European Commission definition),EUR million,2003,150671.0,"European Commission, EU spending and revenue 2000-2024 workbook (published 25 Sep 2025)",2026-08-04
SWE,Sweden,BUDGET.GNI,Gross national income (European Commission definition),EUR million,2003,298376.0815,"European Commission, EU spending and revenue 2000-2024 workbook (published 25 Sep 2025)",2026-08-04
GBR,United Kingdom,BUDGET.GNI,Gross national income (European Commission definition),EUR million,2003,1747710.4797,"European Commission, EU spending and revenue 2000-2024 workbook (published 25 Sep 2025)",2026-08-04
HRV,Croatia,BUDGET.GNI,Gross national income (European Commission definition),EUR million,2003,29677.7622,"European Commission, EU spending and revenue 2000-2024 workbook (published 25 Sep 2025)",2026-08-04
BEL,Belgium,BUDGET.ADMIN,EU administrative expenditure allocated to the member state,EUR million,2003,2778.7392,"European Commission, EU spending and revenue 2000-2024 workbook (published 25 Sep 2025)",2026-08-04
BGR,Bulgaria,BUDGET.ADMIN,EU administrative expenditure allocated to the member state,EUR million,2003,1.0639,"European Commission, EU spending and revenue 2000-2024 workbook (published 25 Sep 2025)",2026-08-04
CZE,Czechia,BUDGET.ADMIN,EU administrative expenditure allocated to the member state,EUR million,2003,1.6103,"European Commission, EU spending and revenue 2000-2024 workbook (published 25 Sep 2025)",2026-08-04
DNK,Denmark,BUDGET.ADMIN,EU administrative expenditure allocated to the member state,EUR million,2003,45.3021,"European Commission, EU spending and revenue 2000-2024 workbook (published 25 Sep 2025)",2026-08-04
DEU,Germany,BUDGET.ADMIN,EU administrative expenditure allocated to the member state,EUR million,2003,149.7548,"European Commission, EU spending and revenue 2000-2024 workbook (published 25 Sep 2025)",2026-08-04
EST,Estonia,BUDGET.ADMIN,EU administrative expenditure allocated to the member state,EUR million,2003,0.7812,"European Commission, EU spending and revenue 2000-2024 workbook (published 25 Sep 2025)",2026-08-04
IRL,Ireland,BUDGET.ADMIN,EU administrative expenditure allocated to the member state,EUR million,2003,39.5223,"European Commission, EU spending and revenue 2000-2024 workbook (published 25 Sep 2025)",2026-08-04
GRC,Greece,BUDGET.ADMIN,EU administrative expenditure allocated to the member state,EUR million,2003,20.7954,"European Commission, EU spending and revenue 2000-2024 workbook (published 25 Sep 2025)",2026-08-04
ESP,Spain,BUDGET.ADMIN,EU administrative expenditure allocated to the member state,EUR million,2003,45.9453,"European Commission, EU spending and revenue 2000-2024 workbook (published 25 Sep 2025)",2026-08-04
FRA,France,BUDGET.ADMIN,EU administrative expenditure allocated to the member state,EUR million,2003,274.174,"European Commission, EU spending and revenue 2000-2024 workbook (published 25 Sep 2025)",2026-08-04
ITA,Italy,BUDGET.ADMIN,EU administrative expenditure allocated to the member state,EUR million,2003,121.7485,"European Commission, EU spending and revenue 2000-2024 workbook (published 25 Sep 2025)",2026-08-04
CYP,Cyprus,BUDGET.ADMIN,EU administrative expenditure allocated to the member state,EUR million,2003,1.0337,"European Commission, EU spending and revenue 2000-2024 workbook (published 25 Sep 2025)",2026-08-04
LVA,Latvia,BUDGET.ADMIN,EU administrative expenditure allocated to the member state,EUR million,2003,1.0567,"European Commission, EU spending and revenue 2000-2024 workbook (published 25 Sep 2025)",2026-08-04
LTU,Lithuania,BUDGET.ADMIN,EU administrative expenditure allocated to the member state,EUR million,2003,1.0227,"European Commission, EU spending and revenue 2000-2024 workbook (published 25 Sep 2025)",2026-08-04
LUX,Luxembourg,BUDGET.ADMIN,EU administrative expenditure allocated to the member state,EUR million,2003,948.0,"European Commission, EU spending and revenue 2000-2024 workbook (published 25 Sep 2025)",2026-08-04
HUN,Hungary,BUDGET.ADMIN,EU administrative expenditure allocated to the member state,EUR million,2003,2.3475,"European Commission, EU spending and revenue 2000-2024 workbook (published 25 Sep 2025)",2026-08-04
MLT,Malta,BUDGET.ADMIN,EU administrative expenditure allocated to the member state,EUR million,2003,0.9214,"European Commission, EU spending and revenue 2000-2024 workbook (published 25 Sep 2025)",2026-08-04
NLD,Netherlands,BUDGET.ADMIN,EU administrative expenditure allocated to the member state,EUR million,2003,53.9123,"European Commission, EU spending and revenue 2000-2024 workbook (published 25 Sep 2025)",2026-08-04
AUT,Austria,BUDGET.ADMIN,EU administrative expenditure allocated to the member state,EUR million,2003,20.2563,"European Commission, EU spending and revenue 2000-2024 workbook (published 25 Sep 2025)",2026-08-04
POL,Poland,BUDGET.ADMIN,EU administrative expenditure allocated to the member state,EUR million,2003,2.2844,"European Commission, EU spending and revenue 2000-2024 workbook (published 25 Sep 2025)",2026-08-04
PRT,Portugal,BUDGET.ADMIN,EU administrative expenditure allocated to the member state,EUR million,2003,18.0827,"European Commission, EU spending and revenue 2000-2024 workbook (published 25 Sep 2025)",2026-08-04
ROU,Romania,BUDGET.ADMIN,EU administrative expenditure allocated to the member state,EUR million,2003,2.0864,"European Commission, EU spending and revenue 2000-2024 workbook (published 25 Sep 2025)",2026-08-04
SVN,Slovenia,BUDGET.ADMIN,EU administrative expenditure allocated to the member state,EUR million,2003,1.2316,"European Commission, EU spending and revenue 2000-2024 workbook (published 25 Sep 2025)",2026-08-04
SVK,Slovakia,BUDGET.ADMIN,EU administrative expenditure allocated to the member state,EUR million,2003,1.1356,"European Commission, EU spending and revenue 2000-2024 workbook (published 25 Sep 2025)",2026-08-04
FIN,Finland,BUDGET.ADMIN,EU administrative expenditure allocated to the member state,EUR million,2003,28.3332,"European Commission, EU spending and revenue 2000-2024 workbook (published 25 Sep 2025)",2026-08-04
SWE,Sweden,BUDGET.ADMIN,EU administrative expenditure allocated to the member state,EUR million,2003,27.3181,"European Commission, EU spending and revenue 2000-2024 workbook (published 25 Sep 2025)",2026-08-04
GBR,United Kingdom,BUDGET.ADMIN,EU administrative expenditure allocated to the member state,EUR million,2003,139.1043,"European Commission, EU spending and revenue 2000-2024 workbook (published 25 Sep 2025)",2026-08-04
HRV,Croatia,BUDGET.ADMIN,EU administrative expenditure allocated to the member state,EUR million,2003,0.8343,"European Commission, EU spending and revenue 2000-2024 workbook (published 25 Sep 2025)",2026-08-04
BEL,Belgium,BUDGET.CUSTOMS,Customs duties collected for the EU budget (traditional own resources),EUR million,2003,1494.8429,"European Commission, EU spending and revenue 2000-2024 workbook (published 25 Sep 2025)",2026-08-04
BGR,Bulgaria,BUDGET.CUSTOMS,Customs duties collected for the EU budget (traditional own resources),EUR million,2003,0.0,"European Commission, EU spending and revenue 2000-2024 workbook (published 25 Sep 2025)",2026-08-04
CZE,Czechia,BUDGET.CUSTOMS,Customs duties collected for the EU budget (traditional own resources),EUR million,2003,0.0,"European Commission, EU spending and revenue 2000-2024 workbook (published 25 Sep 2025)",2026-08-04
DNK,Denmark,BUDGET.CUSTOMS,Customs duties collected for the EU budget (traditional own resources),EUR million,2003,255.0198,"European Commission, EU spending and revenue 2000-2024 workbook (published 25 Sep 2025)",2026-08-04
DEU,Germany,BUDGET.CUSTOMS,Customs duties collected for the EU budget (traditional own resources),EUR million,2003,2680.5129,"European Commission, EU spending and revenue 2000-2024 workbook (published 25 Sep 2025)",2026-08-04
EST,Estonia,BUDGET.CUSTOMS,Customs duties collected for the EU budget (traditional own resources),EUR million,2003,0.0,"European Commission, EU spending and revenue 2000-2024 workbook (published 25 Sep 2025)",2026-08-04
IRL,Ireland,BUDGET.CUSTOMS,Customs duties collected for the EU budget (traditional own resources),EUR million,2003,133.9365,"European Commission, EU spending and revenue 2000-2024 workbook (published 25 Sep 2025)",2026-08-04
GRC,Greece,BUDGET.CUSTOMS,Customs duties collected for the EU budget (traditional own resources),EUR million,2003,184.5833,"European Commission, EU spending and revenue 2000-2024 workbook (published 25 Sep 2025)",2026-08-04
ESP,Spain,BUDGET.CUSTOMS,Customs duties collected for the EU budget (traditional own resources),EUR million,2003,947.2023,"European Commission, EU spending and revenue 2000-2024 workbook (published 25 Sep 2025)",2026-08-04
FRA,France,BUDGET.CUSTOMS,Customs duties collected for the EU budget (traditional own resources),EUR million,2003,1112.3396,"European Commission, EU spending and revenue 2000-2024 workbook (published 25 Sep 2025)",2026-08-04
ITA,Italy,BUDGET.CUSTOMS,Customs duties collected for the EU budget (traditional own resources),EUR million,2003,1351.1182,"European Commission, EU spending and revenue 2000-2024 workbook (published 25 Sep 2025)",2026-08-04
CYP,Cyprus,BUDGET.CUSTOMS,Customs duties collected for the EU budget (traditional own resources),EUR million,2003,0.0,"European Commission, EU spending and revenue 2000-2024 workbook (published 25 Sep 2025)",2026-08-04
LVA,Latvia,BUDGET.CUSTOMS,Customs duties collected for the EU budget (traditional own resources),EUR million,2003,0.0,"European Commission, EU spending and revenue 2000-2024 workbook (published 25 Sep 2025)",2026-08-04
LTU,Lithuania,BUDGET.CUSTOMS,Customs duties collected for the EU budget (traditional own resources),EUR million,2003,0.0,"European Commission, EU spending and revenue 2000-2024 workbook (published 25 Sep 2025)",2026-08-04
LUX,Luxembourg,BUDGET.CUSTOMS,Customs duties collected for the EU budget (traditional own resources),EUR million,2003,16.3622,"European Commission, EU spending and revenue 2000-2024 workbook (published 25 Sep 2025)",2026-08-04
HUN,Hungary,BUDGET.CUSTOMS,Customs duties collected for the EU budget (traditional own resources),EUR million,2003,0.0,"European Commission, EU spending and revenue 2000-2024 workbook (published 25 Sep 2025)",2026-08-04
MLT,Malta,BUDGET.CUSTOMS,Customs duties collected for the EU budget (traditional own resources),EUR million,2003,0.0,"European Commission, EU spending and revenue 2000-2024 workbook (published 25 Sep 2025)",2026-08-04
NLD,Netherlands,BUDGET.CUSTOMS,Customs duties collected for the EU budget (traditional own resources),EUR million,2003,1384.0085,"European Commission, EU spending and revenue 2000-2024 workbook (published 25 Sep 2025)",2026-08-04
AUT,Austria,BUDGET.CUSTOMS,Customs duties collected for the EU budget (traditional own resources),EUR million,2003,200.3353,"European Commission, EU spending and revenue 2000-2024 workbook (published 25 Sep 2025)",2026-08-04
POL,Poland,BUDGET.CUSTOMS,Customs duties collected for the EU budget (traditional own resources),EUR million,2003,0.0,"European Commission, EU spending and revenue 2000-2024 workbook (published 25 Sep 2025)",2026-08-04
PRT,Portugal,BUDGET.CUSTOMS,Customs duties collected for the EU budget (traditional own resources),EUR million,2003,107.1092,"European Commission, EU spending and revenue 2000-2024 workbook (published 25 Sep 2025)",2026-08-04
ROU,Romania,BUDGET.CUSTOMS,Customs duties collected for the EU budget (traditional own resources),EUR million,2003,0.0,"European Commission, EU spending and revenue 2000-2024 workbook (published 25 Sep 2025)",2026-08-04
SVN,Slovenia,BUDGET.CUSTOMS,Customs duties collected for the EU budget (traditional own resources),EUR million,2003,0.0,"European Commission, EU spending and revenue 2000-2024 workbook (published 25 Sep 2025)",2026-08-04
SVK,Slovakia,BUDGET.CUSTOMS,Customs duties collected for the EU budget (traditional own resources),EUR million,2003,0.0,"European Commission, EU spending and revenue 2000-2024 workbook (published 25 Sep 2025)",2026-08-04
FIN,Finland,BUDGET.CUSTOMS,Customs duties collected for the EU budget (traditional own resources),EUR million,2003,94.7987,"European Commission, EU spending and revenue 2000-2024 workbook (published 25 Sep 2025)",2026-08-04
SWE,Sweden,BUDGET.CUSTOMS,Customs duties collected for the EU budget (traditional own resources),EUR million,2003,348.9049,"European Commission, EU spending and revenue 2000-2024 workbook (published 25 Sep 2025)",2026-08-04
GBR,United Kingdom,BUDGET.CUSTOMS,Customs duties collected for the EU budget (traditional own resources),EUR million,2003,2305.122,"European Commission, EU spending and revenue 2000-2024 workbook (published 25 Sep 2025)",2026-08-04
HRV,Croatia,BUDGET.CUSTOMS,Customs duties collected for the EU budget (traditional own resources),EUR million,2003,0.0,"European Commission, EU spending and revenue 2000-2024 workbook (published 25 Sep 2025)",2026-08-04
BEL,Belgium,BUDGET.EXPEND,EU expenditure allocated to the member state,EUR million,2004,5163.5589,"European Commission, EU spending and revenue 2000-2024 workbook (published 25 Sep 2025)",2026-08-04
BGR,Bulgaria,BUDGET.EXPEND,EU expenditure allocated to the member state,EUR million,2004,291.9633,"European Commission, EU spending and revenue 2000-2024 workbook (published 25 Sep 2025)",2026-08-04
CZE,Czechia,BUDGET.EXPEND,EU expenditure allocated to the member state,EUR million,2004,815.686,"European Commission, EU spending and revenue 2000-2024 workbook (published 25 Sep 2025)",2026-08-04
DNK,Denmark,BUDGET.EXPEND,EU expenditure allocated to the member state,EUR million,2004,1591.0417,"European Commission, EU spending and revenue 2000-2024 workbook (published 25 Sep 2025)",2026-08-04
DEU,Germany,BUDGET.EXPEND,EU expenditure allocated to the member state,EUR million,2004,11745.478,"European Commission, EU spending and revenue 2000-2024 workbook (published 25 Sep 2025)",2026-08-04
EST,Estonia,BUDGET.EXPEND,EU expenditure allocated to the member state,EUR million,2004,202.0075,"European Commission, EU spending and revenue 2000-2024 workbook (published 25 Sep 2025)",2026-08-04
IRL,Ireland,BUDGET.EXPEND,EU expenditure allocated to the member state,EUR million,2004,2814.8173,"European Commission, EU spending and revenue 2000-2024 workbook (published 25 Sep 2025)",2026-08-04
GRC,Greece,BUDGET.EXPEND,EU expenditure allocated to the member state,EUR million,2004,5808.102,"European Commission, EU spending and revenue 2000-2024 workbook (published 25 Sep 2025)",2026-08-04
ESP,Spain,BUDGET.EXPEND,EU expenditure allocated to the member state,EUR million,2004,16356.6527,"European Commission, EU spending and revenue 2000-2024 workbook (published 25 Sep 2025)",2026-08-04
FRA,France,BUDGET.EXPEND,EU expenditure allocated to the member state,EUR million,2004,12944.9335,"European Commission, EU spending and revenue 2000-2024 workbook (published 25 Sep 2025)",2026-08-04
ITA,Italy,BUDGET.EXPEND,EU expenditure allocated to the member state,EUR million,2004,10366.9689,"European Commission, EU spending and revenue 2000-2024 workbook (published 25 Sep 2025)",2026-08-04
CYP,Cyprus,BUDGET.EXPEND,EU expenditure allocated to the member state,EUR million,2004,147.4824,"European Commission, EU spending and revenue 2000-2024 workbook (published 25 Sep 2025)",2026-08-04
LVA,Latvia,BUDGET.EXPEND,EU expenditure allocated to the member state,EUR million,2004,267.0028,"European Commission, EU spending and revenue 2000-2024 workbook (published 25 Sep 2025)",2026-08-04
LTU,Lithuania,BUDGET.EXPEND,EU expenditure allocated to the member state,EUR million,2004,487.5781,"European Commission, EU spending and revenue 2000-2024 workbook (published 25 Sep 2025)",2026-08-04
LUX,Luxembourg,BUDGET.EXPEND,EU expenditure allocated to the member state,EUR million,2004,1132.0099,"European Commission, EU spending and revenue 2000-2024 workbook (published 25 Sep 2025)",2026-08-04
HUN,Hungary,BUDGET.EXPEND,EU expenditure allocated to the member state,EUR million,2004,713.3895,"European Commission, EU spending and revenue 2000-2024 workbook (published 25 Sep 2025)",2026-08-04
MLT,Malta,BUDGET.EXPEND,EU expenditure allocated to the member state,EUR million,2004,78.7448,"European Commission, EU spending and revenue 2000-2024 workbook (published 25 Sep 2025)",2026-08-04
NLD,Netherlands,BUDGET.EXPEND,EU expenditure allocated to the member state,EUR million,2004,2115.8167,"European Commission, EU spending and revenue 2000-2024 workbook (published 25 Sep 2025)",2026-08-04
AUT,Austria,BUDGET.EXPEND,EU expenditure allocated to the member state,EUR million,2004,1620.5288,"European Commission, EU spending and revenue 2000-2024 workbook (published 25 Sep 2025)",2026-08-04
POL,Poland,BUDGET.EXPEND,EU expenditure allocated to the member state,EUR million,2004,2720.2565,"European Commission, EU spending and revenue 2000-2024 workbook (published 25 Sep 2025)",2026-08-04
PRT,Portugal,BUDGET.EXPEND,EU expenditure allocated to the member state,EUR million,2004,4414.4027,"European Commission, EU spending and revenue 2000-2024 workbook (published 25 Sep 2025)",2026-08-04
ROU,Romania,BUDGET.EXPEND,EU expenditure allocated to the member state,EUR million,2004,572.1801,"European Commission, EU spending and revenue 2000-2024 workbook (published 25 Sep 2025)",2026-08-04
SVN,Slovenia,BUDGET.EXPEND,EU expenditure allocated to the member state,EUR million,2004,281.9556,"European Commission, EU spending and revenue 2000-2024 workbook (published 25 Sep 2025)",2026-08-04
SVK,Slovakia,BUDGET.EXPEND,EU expenditure allocated to the member state,EUR million,2004,388.0705,"European Commission, EU spending and revenue 2000-2024 workbook (published 25 Sep 2025)",2026-08-04
FIN,Finland,BUDGET.EXPEND,EU expenditure allocated to the member state,EUR million,2004,1374.7962,"European Commission, EU spending and revenue 2000-2024 workbook (published 25 Sep 2025)",2026-08-04
SWE,Sweden,BUDGET.EXPEND,EU expenditure allocated to the member state,EUR million,2004,1450.7989,"European Commission, EU spending and revenue 2000-2024 workbook (published 25 Sep 2025)",2026-08-04
GBR,United Kingdom,BUDGET.EXPEND,EU expenditure allocated to the member state,EUR million,2004,7130.171,"European Commission, EU spending and revenue 2000-2024 workbook (published 25 Sep 2025)",2026-08-04
HRV,Croatia,BUDGET.EXPEND,EU expenditure allocated to the member state,EUR million,2004,24.2629,"European Commission, EU spending and revenue 2000-2024 workbook (published 25 Sep 2025)",2026-08-04
BEL,Belgium,BUDGET.CONTRIB,National contributions to the EU budget (excludes customs duties),EUR million,2004,2570.0718,"European Commission, EU spending and revenue 2000-2024 workbook (published 25 Sep 2025)",2026-08-04
BGR,Bulgaria,BUDGET.CONTRIB,National contributions to the EU budget (excludes customs duties),EUR million,2004,0.0,"European Commission, EU spending and revenue 2000-2024 workbook (published 25 Sep 2025)",2026-08-04
CZE,Czechia,BUDGET.CONTRIB,National contributions to the EU budget (excludes customs duties),EUR million,2004,504.7573,"European Commission, EU spending and revenue 2000-2024 workbook (published 25 Sep 2025)",2026-08-04
DNK,Denmark,BUDGET.CONTRIB,National contributions to the EU budget (excludes customs duties),EUR million,2004,1682.6421,"European Commission, EU spending and revenue 2000-2024 workbook (published 25 Sep 2025)",2026-08-04
DEU,Germany,BUDGET.CONTRIB,National contributions to the EU budget (excludes customs duties),EUR million,2004,17823.2664,"European Commission, EU spending and revenue 2000-2024 workbook (published 25 Sep 2025)",2026-08-04
EST,Estonia,BUDGET.CONTRIB,National contributions to the EU budget (excludes customs duties),EUR million,2004,48.2828,"European Commission, EU spending and revenue 2000-2024 workbook (published 25 Sep 2025)",2026-08-04
IRL,Ireland,BUDGET.CONTRIB,National contributions to the EU budget (excludes customs duties),EUR million,2004,1122.0682,"European Commission, EU spending and revenue 2000-2024 workbook (published 25 Sep 2025)",2026-08-04
GRC,Greece,BUDGET.CONTRIB,National contributions to the EU budget (excludes customs duties),EUR million,2004,1545.762,"European Commission, EU spending and revenue 2000-2024 workbook (published 25 Sep 2025)",2026-08-04
ESP,Spain,BUDGET.CONTRIB,National contributions to the EU budget (excludes customs duties),EUR million,2004,7428.8985,"European Commission, EU spending and revenue 2000-2024 workbook (published 25 Sep 2025)",2026-08-04
FRA,France,BUDGET.CONTRIB,National contributions to the EU budget (excludes customs duties),EUR million,2004,14878.5769,"European Commission, EU spending and revenue 2000-2024 workbook (published 25 Sep 2025)",2026-08-04
ITA,Italy,BUDGET.CONTRIB,National contributions to the EU budget (excludes customs duties),EUR million,2004,12549.4871,"European Commission, EU spending and revenue 2000-2024 workbook (published 25 Sep 2025)",2026-08-04
CYP,Cyprus,BUDGET.CONTRIB,National contributions to the EU budget (excludes customs duties),EUR million,2004,76.023,"European Commission, EU spending and revenue 2000-2024 workbook (published 25 Sep 2025)",2026-08-04
LVA,Latvia,BUDGET.CONTRIB,National contributions to the EU budget (excludes customs duties),EUR million,2004,59.6345,"European Commission, EU spending and revenue 2000-2024 workbook (published 25 Sep 2025)",2026-08-04
LTU,Lithuania,BUDGET.CONTRIB,National contributions to the EU budget (excludes customs duties),EUR million,2004,104.9439,"European Commission, EU spending and revenue 2000-2024 workbook (published 25 Sep 2025)",2026-08-04
LUX,Luxembourg,BUDGET.CONTRIB,National contributions to the EU budget (excludes customs duties),EUR million,2004,218.6807,"European Commission, EU spending and revenue 2000-2024 workbook (published 25 Sep 2025)",2026-08-04
HUN,Hungary,BUDGET.CONTRIB,National contributions to the EU budget (excludes customs duties),EUR million,2004,482.7566,"European Commission, EU spending and revenue 2000-2024 workbook (published 25 Sep 2025)",2026-08-04
MLT,Malta,BUDGET.CONTRIB,National contributions to the EU budget (excludes customs duties),EUR million,2004,27.942,"European Commission, EU spending and revenue 2000-2024 workbook (published 25 Sep 2025)",2026-08-04
NLD,Netherlands,BUDGET.CONTRIB,National contributions to the EU budget (excludes customs duties),EUR million,2004,3891.7562,"European Commission, EU spending and revenue 2000-2024 workbook (published 25 Sep 2025)",2026-08-04
AUT,Austria,BUDGET.CONTRIB,National contributions to the EU budget (excludes customs duties),EUR million,2004,1870.5219,"European Commission, EU spending and revenue 2000-2024 workbook (published 25 Sep 2025)",2026-08-04
POL,Poland,BUDGET.CONTRIB,National contributions to the EU budget (excludes customs duties),EUR million,2004,1197.9623,"European Commission, EU spending and revenue 2000-2024 workbook (published 25 Sep 2025)",2026-08-04
PRT,Portugal,BUDGET.CONTRIB,National contributions to the EU budget (excludes customs duties),EUR million,2004,1210.6285,"European Commission, EU spending and revenue 2000-2024 workbook (published 25 Sep 2025)",2026-08-04
ROU,Romania,BUDGET.CONTRIB,National contributions to the EU budget (excludes customs duties),EUR million,2004,0.0,"European Commission, EU spending and revenue 2000-2024 workbook (published 25 Sep 2025)",2026-08-04
SVN,Slovenia,BUDGET.CONTRIB,National contributions to the EU budget (excludes customs duties),EUR million,2004,158.1371,"European Commission, EU spending and revenue 2000-2024 workbook (published 25 Sep 2025)",2026-08-04
SVK,Slovakia,BUDGET.CONTRIB,National contributions to the EU budget (excludes customs duties),EUR million,2004,200.4114,"European Commission, EU spending and revenue 2000-2024 workbook (published 25 Sep 2025)",2026-08-04
FIN,Finland,BUDGET.CONTRIB,National contributions to the EU budget (excludes customs duties),EUR million,2004,1348.6634,"European Commission, EU spending and revenue 2000-2024 workbook (published 25 Sep 2025)",2026-08-04
SWE,Sweden,BUDGET.CONTRIB,National contributions to the EU budget (excludes customs duties),EUR million,2004,2365.3564,"European Commission, EU spending and revenue 2000-2024 workbook (published 25 Sep 2025)",2026-08-04
GBR,United Kingdom,BUDGET.CONTRIB,National contributions to the EU budget (excludes customs duties),EUR million,2004,9378.9492,"European Commission, EU spending and revenue 2000-2024 workbook (published 25 Sep 2025)",2026-08-04
HRV,Croatia,BUDGET.CONTRIB,National contributions to the EU budget (excludes customs duties),EUR million,2004,0.0,"European Commission, EU spending and revenue 2000-2024 workbook (published 25 Sep 2025)",2026-08-04
BEL,Belgium,BUDGET.GNI,Gross national income (European Commission definition),EUR million,2004,302066.1,"European Commission, EU spending and revenue 2000-2024 workbook (published 25 Sep 2025)",2026-08-04
BGR,Bulgaria,BUDGET.GNI,Gross national income (European Commission definition),EUR million,2004,21176.9392,"European Commission, EU spending and revenue 2000-2024 workbook (published 25 Sep 2025)",2026-08-04
CZE,Czechia,BUDGET.GNI,Gross national income (European Commission definition),EUR million,2004,91463.0827,"European Commission, EU spending and revenue 2000-2024 workbook (published 25 Sep 2025)",2026-08-04
DNK,Denmark,BUDGET.GNI,Gross national income (European Commission definition),EUR million,2004,203200.3939,"European Commission, EU spending and revenue 2000-2024 workbook (published 25 Sep 2025)",2026-08-04
DEU,Germany,BUDGET.GNI,Gross national income (European Commission definition),EUR million,2004,2284712.0,"European Commission, EU spending and revenue 2000-2024 workbook (published 25 Sep 2025)",2026-08-04
EST,Estonia,BUDGET.GNI,Gross national income (European Commission definition),EUR million,2004,9229.4011,"European Commission, EU spending and revenue 2000-2024 workbook (published 25 Sep 2025)",2026-08-04
IRL,Ireland,BUDGET.GNI,Gross national income (European Commission definition),EUR million,2004,134084.0,"European Commission, EU spending and revenue 2000-2024 workbook (published 25 Sep 2025)",2026-08-04
GRC,Greece,BUDGET.GNI,Gross national income (European Commission definition),EUR million,2004,192354.8085,"European Commission, EU spending and revenue 2000-2024 workbook (published 25 Sep 2025)",2026-08-04
ESP,Spain,BUDGET.GNI,Gross national income (European Commission definition),EUR million,2004,853508.0,"European Commission, EU spending and revenue 2000-2024 workbook (published 25 Sep 2025)",2026-08-04
FRA,France,BUDGET.GNI,Gross national income (European Commission definition),EUR million,2004,1735638.9,"European Commission, EU spending and revenue 2000-2024 workbook (published 25 Sep 2025)",2026-08-04
ITA,Italy,BUDGET.GNI,Gross national income (European Commission definition),EUR million,2004,1446114.354,"European Commission, EU spending and revenue 2000-2024 workbook (published 25 Sep 2025)",2026-08-04
CYP,Cyprus,BUDGET.GNI,Gross national income (European Commission definition),EUR million,2004,13053.5163,"European Commission, EU spending and revenue 2000-2024 workbook (published 25 Sep 2025)",2026-08-04
LVA,Latvia,BUDGET.GNI,Gross national income (European Commission definition),EUR million,2004,11493.1872,"European Commission, EU spending and revenue 2000-2024 workbook (published 25 Sep 2025)",2026-08-04
LTU,Lithuania,BUDGET.GNI,Gross national income (European Commission definition),EUR million,2004,17882.3351,"European Commission, EU spending and revenue 2000-2024 workbook (published 25 Sep 2025)",2026-08-04
LUX,Luxembourg,BUDGET.GNI,Gross national income (European Commission definition),EUR million,2004,22450.5,"European Commission, EU spending and revenue 2000-2024 workbook (published 25 Sep 2025)",2026-08-04
HUN,Hungary,BUDGET.GNI,Gross national income (European Commission definition),EUR million,2004,78985.7149,"European Commission, EU spending and revenue 2000-2024 workbook (published 25 Sep 2025)",2026-08-04
MLT,Malta,BUDGET.GNI,Gross national income (European Commission definition),EUR million,2004,4850.3247,"European Commission, EU spending and revenue 2000-2024 workbook (published 25 Sep 2025)",2026-08-04
NLD,Netherlands,BUDGET.GNI,Gross national income (European Commission definition),EUR million,2004,531282.0,"European Commission, EU spending and revenue 2000-2024 workbook (published 25 Sep 2025)",2026-08-04
AUT,Austria,BUDGET.GNI,Gross national income (European Commission definition),EUR million,2004,241143.6,"European Commission, EU spending and revenue 2000-2024 workbook (published 25 Sep 2025)",2026-08-04
POL,Poland,BUDGET.GNI,Gross national income (European Commission definition),EUR million,2004,199055.6056,"European Commission, EU spending and revenue 2000-2024 workbook (published 25 Sep 2025)",2026-08-04
PRT,Portugal,BUDGET.GNI,Gross national income (European Commission definition),EUR million,2004,150089.55,"European Commission, EU spending and revenue 2000-2024 workbook (published 25 Sep 2025)",2026-08-04
ROU,Romania,BUDGET.GNI,Gross national income (European Commission definition),EUR million,2004,58845.5632,"European Commission, EU spending and revenue 2000-2024 workbook (published 25 Sep 2025)",2026-08-04
SVN,Slovenia,BUDGET.GNI,Gross national income (European Commission definition),EUR million,2004,27480.3185,"European Commission, EU spending and revenue 2000-2024 workbook (published 25 Sep 2025)",2026-08-04
SVK,Slovakia,BUDGET.GNI,Gross national income (European Commission definition),EUR million,2004,33423.4805,"European Commission, EU spending and revenue 2000-2024 workbook (published 25 Sep 2025)",2026-08-04
FIN,Finland,BUDGET.GNI,Gross national income (European Commission definition),EUR million,2004,159592.0,"European Commission, EU spending and revenue 2000-2024 workbook (published 25 Sep 2025)",2026-08-04
SWE,Sweden,BUDGET.GNI,Gross national income (European Commission definition),EUR million,2004,309122.0303,"European Commission, EU spending and revenue 2000-2024 workbook (published 25 Sep 2025)",2026-08-04
GBR,United Kingdom,BUDGET.GNI,Gross national income (European Commission definition),EUR million,2004,1881486.2676,"European Commission, EU spending and revenue 2000-2024 workbook (published 25 Sep 2025)",2026-08-04
HRV,Croatia,BUDGET.GNI,Gross national income (European Commission definition),EUR million,2004,32903.5944,"European Commission, EU spending and revenue 2000-2024 workbook (published 25 Sep 2025)",2026-08-04
BEL,Belgium,BUDGET.ADMIN,EU administrative expenditure allocated to the member state,EUR million,2004,2999.1577,"European Commission, EU spending and revenue 2000-2024 workbook (published 25 Sep 2025)",2026-08-04
BGR,Bulgaria,BUDGET.ADMIN,EU administrative expenditure allocated to the member state,EUR million,2004,1.2154,"European Commission, EU spending and revenue 2000-2024 workbook (published 25 Sep 2025)",2026-08-04
CZE,Czechia,BUDGET.ADMIN,EU administrative expenditure allocated to the member state,EUR million,2004,13.1066,"European Commission, EU spending and revenue 2000-2024 workbook (published 25 Sep 2025)",2026-08-04
DNK,Denmark,BUDGET.ADMIN,EU administrative expenditure allocated to the member state,EUR million,2004,47.5928,"European Commission, EU spending and revenue 2000-2024 workbook (published 25 Sep 2025)",2026-08-04
DEU,Germany,BUDGET.ADMIN,EU administrative expenditure allocated to the member state,EUR million,2004,158.4375,"European Commission, EU spending and revenue 2000-2024 workbook (published 25 Sep 2025)",2026-08-04
EST,Estonia,BUDGET.ADMIN,EU administrative expenditure allocated to the member state,EUR million,2004,6.2789,"European Commission, EU spending and revenue 2000-2024 workbook (published 25 Sep 2025)",2026-08-04
IRL,Ireland,BUDGET.ADMIN,EU administrative expenditure allocated to the member state,EUR million,2004,42.0078,"European Commission, EU spending and revenue 2000-2024 workbook (published 25 Sep 2025)",2026-08-04
GRC,Greece,BUDGET.ADMIN,EU administrative expenditure allocated to the member state,EUR million,2004,20.668,"European Commission, EU spending and revenue 2000-2024 workbook (published 25 Sep 2025)",2026-08-04
ESP,Spain,BUDGET.ADMIN,EU administrative expenditure allocated to the member state,EUR million,2004,48.5736,"European Commission, EU spending and revenue 2000-2024 workbook (published 25 Sep 2025)",2026-08-04
FRA,France,BUDGET.ADMIN,EU administrative expenditure allocated to the member state,EUR million,2004,362.2852,"European Commission, EU spending and revenue 2000-2024 workbook (published 25 Sep 2025)",2026-08-04
ITA,Italy,BUDGET.ADMIN,EU administrative expenditure allocated to the member state,EUR million,2004,127.7867,"European Commission, EU spending and revenue 2000-2024 workbook (published 25 Sep 2025)",2026-08-04
CYP,Cyprus,BUDGET.ADMIN,EU administrative expenditure allocated to the member state,EUR million,2004,4.1135,"European Commission, EU spending and revenue 2000-2024 workbook (published 25 Sep 2025)",2026-08-04
LVA,Latvia,BUDGET.ADMIN,EU administrative expenditure allocated to the member state,EUR million,2004,6.6833,"European Commission, EU spending and revenue 2000-2024 workbook (published 25 Sep 2025)",2026-08-04
LTU,Lithuania,BUDGET.ADMIN,EU administrative expenditure allocated to the member state,EUR million,2004,8.0546,"European Commission, EU spending and revenue 2000-2024 workbook (published 25 Sep 2025)",2026-08-04
LUX,Luxembourg,BUDGET.ADMIN,EU administrative expenditure allocated to the member state,EUR million,2004,995.8358,"European Commission, EU spending and revenue 2000-2024 workbook (published 25 Sep 2025)",2026-08-04
HUN,Hungary,BUDGET.ADMIN,EU administrative expenditure allocated to the member state,EUR million,2004,12.7377,"European Commission, EU spending and revenue 2000-2024 workbook (published 25 Sep 2025)",2026-08-04
MLT,Malta,BUDGET.ADMIN,EU administrative expenditure allocated to the member state,EUR million,2004,4.3918,"European Commission, EU spending and revenue 2000-2024 workbook (published 25 Sep 2025)",2026-08-04
NLD,Netherlands,BUDGET.ADMIN,EU administrative expenditure allocated to the member state,EUR million,2004,61.5816,"European Commission, EU spending and revenue 2000-2024 workbook (published 25 Sep 2025)",2026-08-04
AUT,Austria,BUDGET.ADMIN,EU administrative expenditure allocated to the member state,EUR million,2004,20.1657,"European Commission, EU spending and revenue 2000-2024 workbook (published 25 Sep 2025)",2026-08-04
POL,Poland,BUDGET.ADMIN,EU administrative expenditure allocated to the member state,EUR million,2004,23.1795,"European Commission, EU spending and revenue 2000-2024 workbook (published 25 Sep 2025)",2026-08-04
PRT,Portugal,BUDGET.ADMIN,EU administrative expenditure allocated to the member state,EUR million,2004,18.3512,"European Commission, EU spending and revenue 2000-2024 workbook (published 25 Sep 2025)",2026-08-04
ROU,Romania,BUDGET.ADMIN,EU administrative expenditure allocated to the member state,EUR million,2004,1.3678,"European Commission, EU spending and revenue 2000-2024 workbook (published 25 Sep 2025)",2026-08-04
SVN,Slovenia,BUDGET.ADMIN,EU administrative expenditure allocated to the member state,EUR million,2004,6.0885,"European Commission, EU spending and revenue 2000-2024 workbook (published 25 Sep 2025)",2026-08-04
SVK,Slovakia,BUDGET.ADMIN,EU administrative expenditure allocated to the member state,EUR million,2004,8.3205,"European Commission, EU spending and revenue 2000-2024 workbook (published 25 Sep 2025)",2026-08-04
FIN,Finland,BUDGET.ADMIN,EU administrative expenditure allocated to the member state,EUR million,2004,27.3298,"European Commission, EU spending and revenue 2000-2024 workbook (published 25 Sep 2025)",2026-08-04
SWE,Sweden,BUDGET.ADMIN,EU administrative expenditure allocated to the member state,EUR million,2004,25.2962,"European Commission, EU spending and revenue 2000-2024 workbook (published 25 Sep 2025)",2026-08-04
GBR,United Kingdom,BUDGET.ADMIN,EU administrative expenditure allocated to the member state,EUR million,2004,140.3417,"European Commission, EU spending and revenue 2000-2024 workbook (published 25 Sep 2025)",2026-08-04
HRV,Croatia,BUDGET.ADMIN,EU administrative expenditure allocated to the member state,EUR million,2004,0.969,"European Commission, EU spending and revenue 2000-2024 workbook (published 25 Sep 2025)",2026-08-04
BEL,Belgium,BUDGET.CUSTOMS,Customs duties collected for the EU budget (traditional own resources),EUR million,2004,1640.793,"European Commission, EU spending and revenue 2000-2024 workbook (published 25 Sep 2025)",2026-08-04
BGR,Bulgaria,BUDGET.CUSTOMS,Customs duties collected for the EU budget (traditional own resources),EUR million,2004,0.0,"European Commission, EU spending and revenue 2000-2024 workbook (published 25 Sep 2025)",2026-08-04
CZE,Czechia,BUDGET.CUSTOMS,Customs duties collected for the EU budget (traditional own resources),EUR million,2004,77.5256,"European Commission, EU spending and revenue 2000-2024 workbook (published 25 Sep 2025)",2026-08-04
DNK,Denmark,BUDGET.CUSTOMS,Customs duties collected for the EU budget (traditional own resources),EUR million,2004,285.0931,"European Commission, EU spending and revenue 2000-2024 workbook (published 25 Sep 2025)",2026-08-04
DEU,Germany,BUDGET.CUSTOMS,Customs duties collected for the EU budget (traditional own resources),EUR million,2004,2783.9613,"European Commission, EU spending and revenue 2000-2024 workbook (published 25 Sep 2025)",2026-08-04
EST,Estonia,BUDGET.CUSTOMS,Customs duties collected for the EU budget (traditional own resources),EUR million,2004,8.9547,"European Commission, EU spending and revenue 2000-2024 workbook (published 25 Sep 2025)",2026-08-04
IRL,Ireland,BUDGET.CUSTOMS,Customs duties collected for the EU budget (traditional own resources),EUR million,2004,164.7242,"European Commission, EU spending and revenue 2000-2024 workbook (published 25 Sep 2025)",2026-08-04
GRC,Greece,BUDGET.CUSTOMS,Customs duties collected for the EU budget (traditional own resources),EUR million,2004,241.5061,"European Commission, EU spending and revenue 2000-2024 workbook (published 25 Sep 2025)",2026-08-04
ESP,Spain,BUDGET.CUSTOMS,Customs duties collected for the EU budget (traditional own resources),EUR million,2004,1163.5688,"European Commission, EU spending and revenue 2000-2024 workbook (published 25 Sep 2025)",2026-08-04
FRA,France,BUDGET.CUSTOMS,Customs duties collected for the EU budget (traditional own resources),EUR million,2004,1203.9891,"European Commission, EU spending and revenue 2000-2024 workbook (published 25 Sep 2025)",2026-08-04
ITA,Italy,BUDGET.CUSTOMS,Customs duties collected for the EU budget (traditional own resources),EUR million,2004,1498.1736,"European Commission, EU spending and revenue 2000-2024 workbook (published 25 Sep 2025)",2026-08-04
CYP,Cyprus,BUDGET.CUSTOMS,Customs duties collected for the EU budget (traditional own resources),EUR million,2004,23.0603,"European Commission, EU spending and revenue 2000-2024 workbook (published 25 Sep 2025)",2026-08-04
LVA,Latvia,BUDGET.CUSTOMS,Customs duties collected for the EU budget (traditional own resources),EUR million,2004,10.0336,"European Commission, EU spending and revenue 2000-2024 workbook (published 25 Sep 2025)",2026-08-04
LTU,Lithuania,BUDGET.CUSTOMS,Customs duties collected for the EU budget (traditional own resources),EUR million,2004,17.6731,"European Commission, EU spending and revenue 2000-2024 workbook (published 25 Sep 2025)",2026-08-04
LUX,Luxembourg,BUDGET.CUSTOMS,Customs duties collected for the EU budget (traditional own resources),EUR million,2004,16.4629,"European Commission, EU spending and revenue 2000-2024 workbook (published 25 Sep 2025)",2026-08-04
HUN,Hungary,BUDGET.CUSTOMS,Customs duties collected for the EU budget (traditional own resources),EUR million,2004,68.6725,"European Commission, EU spending and revenue 2000-2024 workbook (published 25 Sep 2025)",2026-08-04
MLT,Malta,BUDGET.CUSTOMS,Customs duties collected for the EU budget (traditional own resources),EUR million,2004,5.4278,"European Commission, EU spending and revenue 2000-2024 workbook (published 25 Sep 2025)",2026-08-04
NLD,Netherlands,BUDGET.CUSTOMS,Customs duties collected for the EU budget (traditional own resources),EUR million,2004,1395.7307,"European Commission, EU spending and revenue 2000-2024 workbook (published 25 Sep 2025)",2026-08-04
AUT,Austria,BUDGET.CUSTOMS,Customs duties collected for the EU budget (traditional own resources),EUR million,2004,208.1151,"European Commission, EU spending and revenue 2000-2024 workbook (published 25 Sep 2025)",2026-08-04
POL,Poland,BUDGET.CUSTOMS,Customs duties collected for the EU budget (traditional own resources),EUR million,2004,125.8727,"European Commission, EU spending and revenue 2000-2024 workbook (published 25 Sep 2025)",2026-08-04
PRT,Portugal,BUDGET.CUSTOMS,Customs duties collected for the EU budget (traditional own resources),EUR million,2004,113.5063,"European Commission, EU spending and revenue 2000-2024 workbook (published 25 Sep 2025)",2026-08-04
ROU,Romania,BUDGET.CUSTOMS,Customs duties collected for the EU budget (traditional own resources),EUR million,2004,0.0,"European Commission, EU spending and revenue 2000-2024 workbook (published 25 Sep 2025)",2026-08-04
SVN,Slovenia,BUDGET.CUSTOMS,Customs duties collected for the EU budget (traditional own resources),EUR million,2004,16.2734,"European Commission, EU spending and revenue 2000-2024 workbook (published 25 Sep 2025)",2026-08-04
SVK,Slovakia,BUDGET.CUSTOMS,Customs duties collected for the EU budget (traditional own resources),EUR million,2004,24.7871,"European Commission, EU spending and revenue 2000-2024 workbook (published 25 Sep 2025)",2026-08-04
FIN,Finland,BUDGET.CUSTOMS,Customs duties collected for the EU budget (traditional own resources),EUR million,2004,115.0464,"European Commission, EU spending and revenue 2000-2024 workbook (published 25 Sep 2025)",2026-08-04
SWE,Sweden,BUDGET.CUSTOMS,Customs duties collected for the EU budget (traditional own resources),EUR million,2004,389.418,"European Commission, EU spending and revenue 2000-2024 workbook (published 25 Sep 2025)",2026-08-04
GBR,United Kingdom,BUDGET.CUSTOMS,Customs duties collected for the EU budget (traditional own resources),EUR million,2004,2524.4239,"European Commission, EU spending and revenue 2000-2024 workbook (published 25 Sep 2025)",2026-08-04
HRV,Croatia,BUDGET.CUSTOMS,Customs duties collected for the EU budget (traditional own resources),EUR million,2004,0.0,"European Commission, EU spending and revenue 2000-2024 workbook (published 25 Sep 2025)",2026-08-04
BEL,Belgium,BUDGET.EXPEND,EU expenditure allocated to the member state,EUR million,2005,5575.8812,"European Commission, EU spending and revenue 2000-2024 workbook (published 25 Sep 2025)",2026-08-04
BGR,Bulgaria,BUDGET.EXPEND,EU expenditure allocated to the member state,EUR million,2005,285.9786,"European Commission, EU spending and revenue 2000-2024 workbook (published 25 Sep 2025)",2026-08-04
CZE,Czechia,BUDGET.EXPEND,EU expenditure allocated to the member state,EUR million,2005,1074.8665,"European Commission, EU spending and revenue 2000-2024 workbook (published 25 Sep 2025)",2026-08-04
DNK,Denmark,BUDGET.EXPEND,EU expenditure allocated to the member state,EUR million,2005,1552.4264,"European Commission, EU spending and revenue 2000-2024 workbook (published 25 Sep 2025)",2026-08-04
DEU,Germany,BUDGET.EXPEND,EU expenditure allocated to the member state,EUR million,2005,12284.1391,"European Commission, EU spending and revenue 2000-2024 workbook (published 25 Sep 2025)",2026-08-04
EST,Estonia,BUDGET.EXPEND,EU expenditure allocated to the member state,EUR million,2005,248.7238,"European Commission, EU spending and revenue 2000-2024 workbook (published 25 Sep 2025)",2026-08-04
IRL,Ireland,BUDGET.EXPEND,EU expenditure allocated to the member state,EUR million,2005,2493.565,"European Commission, EU spending and revenue 2000-2024 workbook (published 25 Sep 2025)",2026-08-04
GRC,Greece,BUDGET.EXPEND,EU expenditure allocated to the member state,EUR million,2005,5596.2695,"European Commission, EU spending and revenue 2000-2024 workbook (published 25 Sep 2025)",2026-08-04
ESP,Spain,BUDGET.EXPEND,EU expenditure allocated to the member state,EUR million,2005,14823.5669,"European Commission, EU spending and revenue 2000-2024 workbook (published 25 Sep 2025)",2026-08-04
FRA,France,BUDGET.EXPEND,EU expenditure allocated to the member state,EUR million,2005,13620.4503,"European Commission, EU spending and revenue 2000-2024 workbook (published 25 Sep 2025)",2026-08-04
ITA,Italy,BUDGET.EXPEND,EU expenditure allocated to the member state,EUR million,2005,10696.2779,"European Commission, EU spending and revenue 2000-2024 workbook (published 25 Sep 2025)",2026-08-04
CYP,Cyprus,BUDGET.EXPEND,EU expenditure allocated to the member state,EUR million,2005,215.2694,"European Commission, EU spending and revenue 2000-2024 workbook (published 25 Sep 2025)",2026-08-04
LVA,Latvia,BUDGET.EXPEND,EU expenditure allocated to the member state,EUR million,2005,385.0112,"European Commission, EU spending and revenue 2000-2024 workbook (published 25 Sep 2025)",2026-08-04
LTU,Lithuania,BUDGET.EXPEND,EU expenditure allocated to the member state,EUR million,2005,665.5988,"European Commission, EU spending and revenue 2000-2024 workbook (published 25 Sep 2025)",2026-08-04
LUX,Luxembourg,BUDGET.EXPEND,EU expenditure allocated to the member state,EUR million,2005,1105.7557,"European Commission, EU spending and revenue 2000-2024 workbook (published 25 Sep 2025)",2026-08-04
HUN,Hungary,BUDGET.EXPEND,EU expenditure allocated to the member state,EUR million,2005,1356.9608,"European Commission, EU spending and revenue 2000-2024 workbook (published 25 Sep 2025)",2026-08-04
MLT,Malta,BUDGET.EXPEND,EU expenditure allocated to the member state,EUR million,2005,134.7176,"European Commission, EU spending and revenue 2000-2024 workbook (published 25 Sep 2025)",2026-08-04
NLD,Netherlands,BUDGET.EXPEND,EU expenditure allocated to the member state,EUR million,2005,2093.5445,"European Commission, EU spending and revenue 2000-2024 workbook (published 25 Sep 2025)",2026-08-04
AUT,Austria,BUDGET.EXPEND,EU expenditure allocated to the member state,EUR million,2005,1786.2382,"European Commission, EU spending and revenue 2000-2024 workbook (published 25 Sep 2025)",2026-08-04
POL,Poland,BUDGET.EXPEND,EU expenditure allocated to the member state,EUR million,2005,4029.1579,"European Commission, EU spending and revenue 2000-2024 workbook (published 25 Sep 2025)",2026-08-04
PRT,Portugal,BUDGET.EXPEND,EU expenditure allocated to the member state,EUR million,2005,3880.6069,"European Commission, EU spending and revenue 2000-2024 workbook (published 25 Sep 2025)",2026-08-04
ROU,Romania,BUDGET.EXPEND,EU expenditure allocated to the member state,EUR million,2005,634.4592,"European Commission, EU spending and revenue 2000-2024 workbook (published 25 Sep 2025)",2026-08-04
SVN,Slovenia,BUDGET.EXPEND,EU expenditure allocated to the member state,EUR million,2005,366.0698,"European Commission, EU spending and revenue 2000-2024 workbook (published 25 Sep 2025)",2026-08-04
SVK,Slovakia,BUDGET.EXPEND,EU expenditure allocated to the member state,EUR million,2005,609.4608,"European Commission, EU spending and revenue 2000-2024 workbook (published 25 Sep 2025)",2026-08-04
FIN,Finland,BUDGET.EXPEND,EU expenditure allocated to the member state,EUR million,2005,1350.6519,"European Commission, EU spending and revenue 2000-2024 workbook (published 25 Sep 2025)",2026-08-04
SWE,Sweden,BUDGET.EXPEND,EU expenditure allocated to the member state,EUR million,2005,1562.5724,"European Commission, EU spending and revenue 2000-2024 workbook (published 25 Sep 2025)",2026-08-04
GBR,United Kingdom,BUDGET.EXPEND,EU expenditure allocated to the member state,EUR million,2005,8670.3549,"European Commission, EU spending and revenue 2000-2024 workbook (published 25 Sep 2025)",2026-08-04
HRV,Croatia,BUDGET.EXPEND,EU expenditure allocated to the member state,EUR million,2005,45.1871,"European Commission, EU spending and revenue 2000-2024 workbook (published 25 Sep 2025)",2026-08-04
BEL,Belgium,BUDGET.CONTRIB,National contributions to the EU budget (excludes customs duties),EUR million,2005,2650.5592,"European Commission, EU spending and revenue 2000-2024 workbook (published 25 Sep 2025)",2026-08-04
BGR,Bulgaria,BUDGET.CONTRIB,National contributions to the EU budget (excludes customs duties),EUR million,2005,0.0,"European Commission, EU spending and revenue 2000-2024 workbook (published 25 Sep 2025)",2026-08-04
CZE,Czechia,BUDGET.CONTRIB,National contributions to the EU budget (excludes customs duties),EUR million,2005,844.063,"European Commission, EU spending and revenue 2000-2024 workbook (published 25 Sep 2025)",2026-08-04
DNK,Denmark,BUDGET.CONTRIB,National contributions to the EU budget (excludes customs duties),EUR million,2005,1690.8165,"European Commission, EU spending and revenue 2000-2024 workbook (published 25 Sep 2025)",2026-08-04
DEU,Germany,BUDGET.CONTRIB,National contributions to the EU budget (excludes customs duties),EUR million,2005,17411.9488,"European Commission, EU spending and revenue 2000-2024 workbook (published 25 Sep 2025)",2026-08-04
EST,Estonia,BUDGET.CONTRIB,National contributions to the EU budget (excludes customs duties),EUR million,2005,83.712,"European Commission, EU spending and revenue 2000-2024 workbook (published 25 Sep 2025)",2026-08-04
IRL,Ireland,BUDGET.CONTRIB,National contributions to the EU budget (excludes customs duties),EUR million,2005,1260.2197,"European Commission, EU spending and revenue 2000-2024 workbook (published 25 Sep 2025)",2026-08-04
GRC,Greece,BUDGET.CONTRIB,National contributions to the EU budget (excludes customs duties),EUR million,2005,1601.9064,"European Commission, EU spending and revenue 2000-2024 workbook (published 25 Sep 2025)",2026-08-04
ESP,Spain,BUDGET.CONTRIB,National contributions to the EU budget (excludes customs duties),EUR million,2005,8377.1077,"European Commission, EU spending and revenue 2000-2024 workbook (published 25 Sep 2025)",2026-08-04
FRA,France,BUDGET.CONTRIB,National contributions to the EU budget (excludes customs duties),EUR million,2005,15516.8306,"European Commission, EU spending and revenue 2000-2024 workbook (published 25 Sep 2025)",2026-08-04
ITA,Italy,BUDGET.CONTRIB,National contributions to the EU budget (excludes customs duties),EUR million,2005,12204.7859,"European Commission, EU spending and revenue 2000-2024 workbook (published 25 Sep 2025)",2026-08-04
CYP,Cyprus,BUDGET.CONTRIB,National contributions to the EU budget (excludes customs duties),EUR million,2005,114.7691,"European Commission, EU spending and revenue 2000-2024 workbook (published 25 Sep 2025)",2026-08-04
LVA,Latvia,BUDGET.CONTRIB,National contributions to the EU budget (excludes customs duties),EUR million,2005,109.3967,"European Commission, EU spending and revenue 2000-2024 workbook (published 25 Sep 2025)",2026-08-04
LTU,Lithuania,BUDGET.CONTRIB,National contributions to the EU budget (excludes customs duties),EUR million,2005,172.8642,"European Commission, EU spending and revenue 2000-2024 workbook (published 25 Sep 2025)",2026-08-04
LUX,Luxembourg,BUDGET.CONTRIB,National contributions to the EU budget (excludes customs duties),EUR million,2005,211.2175,"European Commission, EU spending and revenue 2000-2024 workbook (published 25 Sep 2025)",2026-08-04
HUN,Hungary,BUDGET.CONTRIB,National contributions to the EU budget (excludes customs duties),EUR million,2005,719.9268,"European Commission, EU spending and revenue 2000-2024 workbook (published 25 Sep 2025)",2026-08-04
MLT,Malta,BUDGET.CONTRIB,National contributions to the EU budget (excludes customs duties),EUR million,2005,38.2452,"European Commission, EU spending and revenue 2000-2024 workbook (published 25 Sep 2025)",2026-08-04
NLD,Netherlands,BUDGET.CONTRIB,National contributions to the EU budget (excludes customs duties),EUR million,2005,4462.75,"European Commission, EU spending and revenue 2000-2024 workbook (published 25 Sep 2025)",2026-08-04
AUT,Austria,BUDGET.CONTRIB,National contributions to the EU budget (excludes customs duties),EUR million,2005,1955.5155,"European Commission, EU spending and revenue 2000-2024 workbook (published 25 Sep 2025)",2026-08-04
POL,Poland,BUDGET.CONTRIB,National contributions to the EU budget (excludes customs duties),EUR million,2005,2055.202,"European Commission, EU spending and revenue 2000-2024 workbook (published 25 Sep 2025)",2026-08-04
PRT,Portugal,BUDGET.CONTRIB,National contributions to the EU budget (excludes customs duties),EUR million,2005,1418.9524,"European Commission, EU spending and revenue 2000-2024 workbook (published 25 Sep 2025)",2026-08-04
ROU,Romania,BUDGET.CONTRIB,National contributions to the EU budget (excludes customs duties),EUR million,2005,0.0,"European Commission, EU spending and revenue 2000-2024 workbook (published 25 Sep 2025)",2026-08-04
SVN,Slovenia,BUDGET.CONTRIB,National contributions to the EU budget (excludes customs duties),EUR million,2005,246.5993,"European Commission, EU spending and revenue 2000-2024 workbook (published 25 Sep 2025)",2026-08-04
SVK,Slovakia,BUDGET.CONTRIB,National contributions to the EU budget (excludes customs duties),EUR million,2005,314.9114,"European Commission, EU spending and revenue 2000-2024 workbook (published 25 Sep 2025)",2026-08-04
FIN,Finland,BUDGET.CONTRIB,National contributions to the EU budget (excludes customs duties),EUR million,2005,1352.1919,"European Commission, EU spending and revenue 2000-2024 workbook (published 25 Sep 2025)",2026-08-04
SWE,Sweden,BUDGET.CONTRIB,National contributions to the EU budget (excludes customs duties),EUR million,2005,2303.2483,"European Commission, EU spending and revenue 2000-2024 workbook (published 25 Sep 2025)",2026-08-04
GBR,United Kingdom,BUDGET.CONTRIB,National contributions to the EU budget (excludes customs duties),EUR million,2005,9630.2184,"European Commission, EU spending and revenue 2000-2024 workbook (published 25 Sep 2025)",2026-08-04
HRV,Croatia,BUDGET.CONTRIB,National contributions to the EU budget (excludes customs duties),EUR million,2005,0.0,"European Commission, EU spending and revenue 2000-2024 workbook (published 25 Sep 2025)",2026-08-04
BEL,Belgium,BUDGET.GNI,Gross national income (European Commission definition),EUR million,2005,313966.2,"European Commission, EU spending and revenue 2000-2024 workbook (published 25 Sep 2025)",2026-08-04
BGR,Bulgaria,BUDGET.GNI,Gross national income (European Commission definition),EUR million,2005,23558.5902,"European Commission, EU spending and revenue 2000-2024 workbook (published 25 Sep 2025)",2026-08-04
CZE,Czechia,BUDGET.GNI,Gross national income (European Commission definition),EUR million,2005,104447.0548,"European Commission, EU spending and revenue 2000-2024 workbook (published 25 Sep 2025)",2026-08-04
DNK,Denmark,BUDGET.GNI,Gross national income (European Commission definition),EUR million,2005,214524.0278,"European Commission, EU spending and revenue 2000-2024 workbook (published 25 Sep 2025)",2026-08-04
DEU,Germany,BUDGET.GNI,Gross national income (European Commission definition),EUR million,2005,2320730.0,"European Commission, EU spending and revenue 2000-2024 workbook (published 25 Sep 2025)",2026-08-04
EST,Estonia,BUDGET.GNI,Gross national income (European Commission definition),EUR million,2005,10821.3008,"European Commission, EU spending and revenue 2000-2024 workbook (published 25 Sep 2025)",2026-08-04
IRL,Ireland,BUDGET.GNI,Gross national income (European Commission definition),EUR million,2005,146752.0,"European Commission, EU spending and revenue 2000-2024 workbook (published 25 Sep 2025)",2026-08-04
GRC,Greece,BUDGET.GNI,Gross national income (European Commission definition),EUR million,2005,196750.4963,"European Commission, EU spending and revenue 2000-2024 workbook (published 25 Sep 2025)",2026-08-04
ESP,Spain,BUDGET.GNI,Gross national income (European Commission definition),EUR million,2005,917108.0,"European Commission, EU spending and revenue 2000-2024 workbook (published 25 Sep 2025)",2026-08-04
FRA,France,BUDGET.GNI,Gross national income (European Commission definition),EUR million,2005,1802959.6,"European Commission, EU spending and revenue 2000-2024 workbook (published 25 Sep 2025)",2026-08-04
ITA,Italy,BUDGET.GNI,Gross national income (European Commission definition),EUR million,2005,1492063.373,"European Commission, EU spending and revenue 2000-2024 workbook (published 25 Sep 2025)",2026-08-04
CYP,Cyprus,BUDGET.GNI,Gross national income (European Commission definition),EUR million,2005,14125.4236,"European Commission, EU spending and revenue 2000-2024 workbook (published 25 Sep 2025)",2026-08-04
LVA,Latvia,BUDGET.GNI,Gross national income (European Commission definition),EUR million,2005,13590.9445,"European Commission, EU spending and revenue 2000-2024 workbook (published 25 Sep 2025)",2026-08-04
LTU,Lithuania,BUDGET.GNI,Gross national income (European Commission definition),EUR million,2005,20721.5463,"European Commission, EU spending and revenue 2000-2024 workbook (published 25 Sep 2025)",2026-08-04
LUX,Luxembourg,BUDGET.GNI,Gross national income (European Commission definition),EUR million,2005,26262.2,"European Commission, EU spending and revenue 2000-2024 workbook (published 25 Sep 2025)",2026-08-04
HUN,Hungary,BUDGET.GNI,Gross national income (European Commission definition),EUR million,2005,85434.6692,"European Commission, EU spending and revenue 2000-2024 workbook (published 25 Sep 2025)",2026-08-04
MLT,Malta,BUDGET.GNI,Gross national income (European Commission definition),EUR million,2005,4959.2139,"European Commission, EU spending and revenue 2000-2024 workbook (published 25 Sep 2025)",2026-08-04
NLD,Netherlands,BUDGET.GNI,Gross national income (European Commission definition),EUR million,2005,541050.0,"European Commission, EU spending and revenue 2000-2024 workbook (published 25 Sep 2025)",2026-08-04
AUT,Austria,BUDGET.GNI,Gross national income (European Commission definition),EUR million,2005,252213.7,"European Commission, EU spending and revenue 2000-2024 workbook (published 25 Sep 2025)",2026-08-04
POL,Poland,BUDGET.GNI,Gross national income (European Commission definition),EUR million,2005,240036.5455,"European Commission, EU spending and revenue 2000-2024 workbook (published 25 Sep 2025)",2026-08-04
PRT,Portugal,BUDGET.GNI,Gross national income (European Commission definition),EUR million,2005,156209.31,"European Commission, EU spending and revenue 2000-2024 workbook (published 25 Sep 2025)",2026-08-04
ROU,Romania,BUDGET.GNI,Gross national income (European Commission definition),EUR million,2005,77880.696,"European Commission, EU spending and revenue 2000-2024 workbook (published 25 Sep 2025)",2026-08-04
SVN,Slovenia,BUDGET.GNI,Gross national income (European Commission definition),EUR million,2005,29096.1398,"European Commission, EU spending and revenue 2000-2024 workbook (published 25 Sep 2025)",2026-08-04
SVK,Slovakia,BUDGET.GNI,Gross national income (European Commission definition),EUR million,2005,38302.7204,"European Commission, EU spending and revenue 2000-2024 workbook (published 25 Sep 2025)",2026-08-04
FIN,Finland,BUDGET.GNI,Gross national income (European Commission definition),EUR million,2005,165075.0,"European Commission, EU spending and revenue 2000-2024 workbook (published 25 Sep 2025)",2026-08-04
SWE,Sweden,BUDGET.GNI,Gross national income (European Commission definition),EUR million,2005,317451.1538,"European Commission, EU spending and revenue 2000-2024 workbook (published 25 Sep 2025)",2026-08-04
GBR,United Kingdom,BUDGET.GNI,Gross national income (European Commission definition),EUR million,2005,1985022.4286,"European Commission, EU spending and revenue 2000-2024 workbook (published 25 Sep 2025)",2026-08-04
HRV,Croatia,BUDGET.GNI,Gross national income (European Commission definition),EUR million,2005,35674.9882,"European Commission, EU spending and revenue 2000-2024 workbook (published 25 Sep 2025)",2026-08-04
BEL,Belgium,BUDGET.ADMIN,EU administrative expenditure allocated to the member state,EUR million,2005,3412.8517,"European Commission, EU spending and revenue 2000-2024 workbook (published 25 Sep 2025)",2026-08-04
BGR,Bulgaria,BUDGET.ADMIN,EU administrative expenditure allocated to the member state,EUR million,2005,1.3407,"European Commission, EU spending and revenue 2000-2024 workbook (published 25 Sep 2025)",2026-08-04
CZE,Czechia,BUDGET.ADMIN,EU administrative expenditure allocated to the member state,EUR million,2005,14.6023,"European Commission, EU spending and revenue 2000-2024 workbook (published 25 Sep 2025)",2026-08-04
DNK,Denmark,BUDGET.ADMIN,EU administrative expenditure allocated to the member state,EUR million,2005,50.432,"European Commission, EU spending and revenue 2000-2024 workbook (published 25 Sep 2025)",2026-08-04
DEU,Germany,BUDGET.ADMIN,EU administrative expenditure allocated to the member state,EUR million,2005,148.7057,"European Commission, EU spending and revenue 2000-2024 workbook (published 25 Sep 2025)",2026-08-04
EST,Estonia,BUDGET.ADMIN,EU administrative expenditure allocated to the member state,EUR million,2005,6.9742,"European Commission, EU spending and revenue 2000-2024 workbook (published 25 Sep 2025)",2026-08-04
IRL,Ireland,BUDGET.ADMIN,EU administrative expenditure allocated to the member state,EUR million,2005,39.6795,"European Commission, EU spending and revenue 2000-2024 workbook (published 25 Sep 2025)",2026-08-04
GRC,Greece,BUDGET.ADMIN,EU administrative expenditure allocated to the member state,EUR million,2005,21.3789,"European Commission, EU spending and revenue 2000-2024 workbook (published 25 Sep 2025)",2026-08-04
ESP,Spain,BUDGET.ADMIN,EU administrative expenditure allocated to the member state,EUR million,2005,49.6527,"European Commission, EU spending and revenue 2000-2024 workbook (published 25 Sep 2025)",2026-08-04
FRA,France,BUDGET.ADMIN,EU administrative expenditure allocated to the member state,EUR million,2005,285.0973,"European Commission, EU spending and revenue 2000-2024 workbook (published 25 Sep 2025)",2026-08-04
ITA,Italy,BUDGET.ADMIN,EU administrative expenditure allocated to the member state,EUR million,2005,138.2879,"European Commission, EU spending and revenue 2000-2024 workbook (published 25 Sep 2025)",2026-08-04
CYP,Cyprus,BUDGET.ADMIN,EU administrative expenditure allocated to the member state,EUR million,2005,4.9704,"European Commission, EU spending and revenue 2000-2024 workbook (published 25 Sep 2025)",2026-08-04
LVA,Latvia,BUDGET.ADMIN,EU administrative expenditure allocated to the member state,EUR million,2005,6.7813,"European Commission, EU spending and revenue 2000-2024 workbook (published 25 Sep 2025)",2026-08-04
LTU,Lithuania,BUDGET.ADMIN,EU administrative expenditure allocated to the member state,EUR million,2005,8.49,"European Commission, EU spending and revenue 2000-2024 workbook (published 25 Sep 2025)",2026-08-04
LUX,Luxembourg,BUDGET.ADMIN,EU administrative expenditure allocated to the member state,EUR million,2005,971.745,"European Commission, EU spending and revenue 2000-2024 workbook (published 25 Sep 2025)",2026-08-04
HUN,Hungary,BUDGET.ADMIN,EU administrative expenditure allocated to the member state,EUR million,2005,14.3684,"European Commission, EU spending and revenue 2000-2024 workbook (published 25 Sep 2025)",2026-08-04
MLT,Malta,BUDGET.ADMIN,EU administrative expenditure allocated to the member state,EUR million,2005,4.7069,"European Commission, EU spending and revenue 2000-2024 workbook (published 25 Sep 2025)",2026-08-04
NLD,Netherlands,BUDGET.ADMIN,EU administrative expenditure allocated to the member state,EUR million,2005,65.4917,"European Commission, EU spending and revenue 2000-2024 workbook (published 25 Sep 2025)",2026-08-04
AUT,Austria,BUDGET.ADMIN,EU administrative expenditure allocated to the member state,EUR million,2005,20.1936,"European Commission, EU spending and revenue 2000-2024 workbook (published 25 Sep 2025)",2026-08-04
POL,Poland,BUDGET.ADMIN,EU administrative expenditure allocated to the member state,EUR million,2005,27.7665,"European Commission, EU spending and revenue 2000-2024 workbook (published 25 Sep 2025)",2026-08-04
PRT,Portugal,BUDGET.ADMIN,EU administrative expenditure allocated to the member state,EUR million,2005,19.4736,"European Commission, EU spending and revenue 2000-2024 workbook (published 25 Sep 2025)",2026-08-04
ROU,Romania,BUDGET.ADMIN,EU administrative expenditure allocated to the member state,EUR million,2005,1.3582,"European Commission, EU spending and revenue 2000-2024 workbook (published 25 Sep 2025)",2026-08-04
SVN,Slovenia,BUDGET.ADMIN,EU administrative expenditure allocated to the member state,EUR million,2005,6.7854,"European Commission, EU spending and revenue 2000-2024 workbook (published 25 Sep 2025)",2026-08-04
SVK,Slovakia,BUDGET.ADMIN,EU administrative expenditure allocated to the member state,EUR million,2005,9.4266,"European Commission, EU spending and revenue 2000-2024 workbook (published 25 Sep 2025)",2026-08-04
FIN,Finland,BUDGET.ADMIN,EU administrative expenditure allocated to the member state,EUR million,2005,22.0352,"European Commission, EU spending and revenue 2000-2024 workbook (published 25 Sep 2025)",2026-08-04
SWE,Sweden,BUDGET.ADMIN,EU administrative expenditure allocated to the member state,EUR million,2005,22.0581,"European Commission, EU spending and revenue 2000-2024 workbook (published 25 Sep 2025)",2026-08-04
GBR,United Kingdom,BUDGET.ADMIN,EU administrative expenditure allocated to the member state,EUR million,2005,133.4113,"European Commission, EU spending and revenue 2000-2024 workbook (published 25 Sep 2025)",2026-08-04
HRV,Croatia,BUDGET.ADMIN,EU administrative expenditure allocated to the member state,EUR million,2005,1.1429,"European Commission, EU spending and revenue 2000-2024 workbook (published 25 Sep 2025)",2026-08-04
BEL,Belgium,BUDGET.CUSTOMS,Customs duties collected for the EU budget (traditional own resources),EUR million,2005,1757.5824,"European Commission, EU spending and revenue 2000-2024 workbook (published 25 Sep 2025)",2026-08-04
BGR,Bulgaria,BUDGET.CUSTOMS,Customs duties collected for the EU budget (traditional own resources),EUR million,2005,0.0,"European Commission, EU spending and revenue 2000-2024 workbook (published 25 Sep 2025)",2026-08-04
CZE,Czechia,BUDGET.CUSTOMS,Customs duties collected for the EU budget (traditional own resources),EUR million,2005,174.9276,"European Commission, EU spending and revenue 2000-2024 workbook (published 25 Sep 2025)",2026-08-04
DNK,Denmark,BUDGET.CUSTOMS,Customs duties collected for the EU budget (traditional own resources),EUR million,2005,317.3917,"European Commission, EU spending and revenue 2000-2024 workbook (published 25 Sep 2025)",2026-08-04
DEU,Germany,BUDGET.CUSTOMS,Customs duties collected for the EU budget (traditional own resources),EUR million,2005,3063.9652,"European Commission, EU spending and revenue 2000-2024 workbook (published 25 Sep 2025)",2026-08-04
EST,Estonia,BUDGET.CUSTOMS,Customs duties collected for the EU budget (traditional own resources),EUR million,2005,20.3377,"European Commission, EU spending and revenue 2000-2024 workbook (published 25 Sep 2025)",2026-08-04
IRL,Ireland,BUDGET.CUSTOMS,Customs duties collected for the EU budget (traditional own resources),EUR million,2005,234.4407,"European Commission, EU spending and revenue 2000-2024 workbook (published 25 Sep 2025)",2026-08-04
GRC,Greece,BUDGET.CUSTOMS,Customs duties collected for the EU budget (traditional own resources),EUR million,2005,249.6726,"European Commission, EU spending and revenue 2000-2024 workbook (published 25 Sep 2025)",2026-08-04
ESP,Spain,BUDGET.CUSTOMS,Customs duties collected for the EU budget (traditional own resources),EUR million,2005,1350.7934,"European Commission, EU spending and revenue 2000-2024 workbook (published 25 Sep 2025)",2026-08-04
FRA,France,BUDGET.CUSTOMS,Customs duties collected for the EU budget (traditional own resources),EUR million,2005,1383.3496,"European Commission, EU spending and revenue 2000-2024 workbook (published 25 Sep 2025)",2026-08-04
ITA,Italy,BUDGET.CUSTOMS,Customs duties collected for the EU budget (traditional own resources),EUR million,2005,1637.2557,"European Commission, EU spending and revenue 2000-2024 workbook (published 25 Sep 2025)",2026-08-04
CYP,Cyprus,BUDGET.CUSTOMS,Customs duties collected for the EU budget (traditional own resources),EUR million,2005,40.1736,"European Commission, EU spending and revenue 2000-2024 workbook (published 25 Sep 2025)",2026-08-04
LVA,Latvia,BUDGET.CUSTOMS,Customs duties collected for the EU budget (traditional own resources),EUR million,2005,24.3106,"European Commission, EU spending and revenue 2000-2024 workbook (published 25 Sep 2025)",2026-08-04
LTU,Lithuania,BUDGET.CUSTOMS,Customs duties collected for the EU budget (traditional own resources),EUR million,2005,40.9118,"European Commission, EU spending and revenue 2000-2024 workbook (published 25 Sep 2025)",2026-08-04
LUX,Luxembourg,BUDGET.CUSTOMS,Customs duties collected for the EU budget (traditional own resources),EUR million,2005,20.5998,"European Commission, EU spending and revenue 2000-2024 workbook (published 25 Sep 2025)",2026-08-04
HUN,Hungary,BUDGET.CUSTOMS,Customs duties collected for the EU budget (traditional own resources),EUR million,2005,136.7985,"European Commission, EU spending and revenue 2000-2024 workbook (published 25 Sep 2025)",2026-08-04
MLT,Malta,BUDGET.CUSTOMS,Customs duties collected for the EU budget (traditional own resources),EUR million,2005,13.6334,"European Commission, EU spending and revenue 2000-2024 workbook (published 25 Sep 2025)",2026-08-04
NLD,Netherlands,BUDGET.CUSTOMS,Customs duties collected for the EU budget (traditional own resources),EUR million,2005,1578.7575,"European Commission, EU spending and revenue 2000-2024 workbook (published 25 Sep 2025)",2026-08-04
AUT,Austria,BUDGET.CUSTOMS,Customs duties collected for the EU budget (traditional own resources),EUR million,2005,219.5365,"European Commission, EU spending and revenue 2000-2024 workbook (published 25 Sep 2025)",2026-08-04
POL,Poland,BUDGET.CUSTOMS,Customs duties collected for the EU budget (traditional own resources),EUR million,2005,253.7055,"European Commission, EU spending and revenue 2000-2024 workbook (published 25 Sep 2025)",2026-08-04
PRT,Portugal,BUDGET.CUSTOMS,Customs duties collected for the EU budget (traditional own resources),EUR million,2005,115.0524,"European Commission, EU spending and revenue 2000-2024 workbook (published 25 Sep 2025)",2026-08-04
ROU,Romania,BUDGET.CUSTOMS,Customs duties collected for the EU budget (traditional own resources),EUR million,2005,0.0,"European Commission, EU spending and revenue 2000-2024 workbook (published 25 Sep 2025)",2026-08-04
SVN,Slovenia,BUDGET.CUSTOMS,Customs duties collected for the EU budget (traditional own resources),EUR million,2005,36.783,"European Commission, EU spending and revenue 2000-2024 workbook (published 25 Sep 2025)",2026-08-04
SVK,Slovakia,BUDGET.CUSTOMS,Customs duties collected for the EU budget (traditional own resources),EUR million,2005,47.1861,"European Commission, EU spending and revenue 2000-2024 workbook (published 25 Sep 2025)",2026-08-04
FIN,Finland,BUDGET.CUSTOMS,Customs duties collected for the EU budget (traditional own resources),EUR million,2005,135.7973,"European Commission, EU spending and revenue 2000-2024 workbook (published 25 Sep 2025)",2026-08-04
SWE,Sweden,BUDGET.CUSTOMS,Customs duties collected for the EU budget (traditional own resources),EUR million,2005,431.1538,"European Commission, EU spending and revenue 2000-2024 workbook (published 25 Sep 2025)",2026-08-04
GBR,United Kingdom,BUDGET.CUSTOMS,Customs duties collected for the EU budget (traditional own resources),EUR million,2005,2738.8725,"European Commission, EU spending and revenue 2000-2024 workbook (published 25 Sep 2025)",2026-08-04
HRV,Croatia,BUDGET.CUSTOMS,Customs duties collected for the EU budget (traditional own resources),EUR million,2005,0.0,"European Commission, EU spending and revenue 2000-2024 workbook (published 25 Sep 2025)",2026-08-04
BEL,Belgium,BUDGET.EXPEND,EU expenditure allocated to the member state,EUR million,2006,5625.0585,"European Commission, EU spending and revenue 2000-2024 workbook (published 25 Sep 2025)",2026-08-04
BGR,Bulgaria,BUDGET.EXPEND,EU expenditure allocated to the member state,EUR million,2006,360.5772,"European Commission, EU spending and revenue 2000-2024 workbook (published 25 Sep 2025)",2026-08-04
CZE,Czechia,BUDGET.EXPEND,EU expenditure allocated to the member state,EUR million,2006,1330.0332,"European Commission, EU spending and revenue 2000-2024 workbook (published 25 Sep 2025)",2026-08-04
DNK,Denmark,BUDGET.EXPEND,EU expenditure allocated to the member state,EUR million,2006,1501.8831,"European Commission, EU spending and revenue 2000-2024 workbook (published 25 Sep 2025)",2026-08-04
DEU,Germany,BUDGET.EXPEND,EU expenditure allocated to the member state,EUR million,2006,12242.4435,"European Commission, EU spending and revenue 2000-2024 workbook (published 25 Sep 2025)",2026-08-04
EST,Estonia,BUDGET.EXPEND,EU expenditure allocated to the member state,EUR million,2006,300.0359,"European Commission, EU spending and revenue 2000-2024 workbook (published 25 Sep 2025)",2026-08-04
IRL,Ireland,BUDGET.EXPEND,EU expenditure allocated to the member state,EUR million,2006,2461.7813,"European Commission, EU spending and revenue 2000-2024 workbook (published 25 Sep 2025)",2026-08-04
GRC,Greece,BUDGET.EXPEND,EU expenditure allocated to the member state,EUR million,2006,6833.7078,"European Commission, EU spending and revenue 2000-2024 workbook (published 25 Sep 2025)",2026-08-04
ESP,Spain,BUDGET.EXPEND,EU expenditure allocated to the member state,EUR million,2006,12882.9793,"European Commission, EU spending and revenue 2000-2024 workbook (published 25 Sep 2025)",2026-08-04
FRA,France,BUDGET.EXPEND,EU expenditure allocated to the member state,EUR million,2006,13496.1933,"European Commission, EU spending and revenue 2000-2024 workbook (published 25 Sep 2025)",2026-08-04
ITA,Italy,BUDGET.EXPEND,EU expenditure allocated to the member state,EUR million,2006,10922.3289,"European Commission, EU spending and revenue 2000-2024 workbook (published 25 Sep 2025)",2026-08-04
CYP,Cyprus,BUDGET.EXPEND,EU expenditure allocated to the member state,EUR million,2006,239.5703,"European Commission, EU spending and revenue 2000-2024 workbook (published 25 Sep 2025)",2026-08-04
LVA,Latvia,BUDGET.EXPEND,EU expenditure allocated to the member state,EUR million,2006,402.5853,"European Commission, EU spending and revenue 2000-2024 workbook (published 25 Sep 2025)",2026-08-04
LTU,Lithuania,BUDGET.EXPEND,EU expenditure allocated to the member state,EUR million,2006,799.7916,"European Commission, EU spending and revenue 2000-2024 workbook (published 25 Sep 2025)",2026-08-04
LUX,Luxembourg,BUDGET.EXPEND,EU expenditure allocated to the member state,EUR million,2006,1164.7063,"European Commission, EU spending and revenue 2000-2024 workbook (published 25 Sep 2025)",2026-08-04
HUN,Hungary,BUDGET.EXPEND,EU expenditure allocated to the member state,EUR million,2006,1842.1506,"European Commission, EU spending and revenue 2000-2024 workbook (published 25 Sep 2025)",2026-08-04
MLT,Malta,BUDGET.EXPEND,EU expenditure allocated to the member state,EUR million,2006,157.0252,"European Commission, EU spending and revenue 2000-2024 workbook (published 25 Sep 2025)",2026-08-04
NLD,Netherlands,BUDGET.EXPEND,EU expenditure allocated to the member state,EUR million,2006,2190.3565,"European Commission, EU spending and revenue 2000-2024 workbook (published 25 Sep 2025)",2026-08-04
AUT,Austria,BUDGET.EXPEND,EU expenditure allocated to the member state,EUR million,2006,1830.096,"European Commission, EU spending and revenue 2000-2024 workbook (published 25 Sep 2025)",2026-08-04
POL,Poland,BUDGET.EXPEND,EU expenditure allocated to the member state,EUR million,2006,5305.5844,"European Commission, EU spending and revenue 2000-2024 workbook (published 25 Sep 2025)",2026-08-04
PRT,Portugal,BUDGET.EXPEND,EU expenditure allocated to the member state,EUR million,2006,3634.8044,"European Commission, EU spending and revenue 2000-2024 workbook (published 25 Sep 2025)",2026-08-04
ROU,Romania,BUDGET.EXPEND,EU expenditure allocated to the member state,EUR million,2006,693.1476,"European Commission, EU spending and revenue 2000-2024 workbook (published 25 Sep 2025)",2026-08-04
SVN,Slovenia,BUDGET.EXPEND,EU expenditure allocated to the member state,EUR million,2006,406.0278,"European Commission, EU spending and revenue 2000-2024 workbook (published 25 Sep 2025)",2026-08-04
SVK,Slovakia,BUDGET.EXPEND,EU expenditure allocated to the member state,EUR million,2006,696.2395,"European Commission, EU spending and revenue 2000-2024 workbook (published 25 Sep 2025)",2026-08-04
FIN,Finland,BUDGET.EXPEND,EU expenditure allocated to the member state,EUR million,2006,1280.3789,"European Commission, EU spending and revenue 2000-2024 workbook (published 25 Sep 2025)",2026-08-04
SWE,Sweden,BUDGET.EXPEND,EU expenditure allocated to the member state,EUR million,2006,1573.4079,"European Commission, EU spending and revenue 2000-2024 workbook (published 25 Sep 2025)",2026-08-04
GBR,United Kingdom,BUDGET.EXPEND,EU expenditure allocated to the member state,EUR million,2006,8294.1817,"European Commission, EU spending and revenue 2000-2024 workbook (published 25 Sep 2025)",2026-08-04
HRV,Croatia,BUDGET.EXPEND,EU expenditure allocated to the member state,EUR million,2006,103.4799,"European Commission, EU spending and revenue 2000-2024 workbook (published 25 Sep 2025)",2026-08-04
BEL,Belgium,BUDGET.CONTRIB,National contributions to the EU budget (excludes customs duties),EUR million,2006,2635.2237,"European Commission, EU spending and revenue 2000-2024 workbook (published 25 Sep 2025)",2026-08-04
BGR,Bulgaria,BUDGET.CONTRIB,National contributions to the EU budget (excludes customs duties),EUR million,2006,0.0,"European Commission, EU spending and revenue 2000-2024 workbook (published 25 Sep 2025)",2026-08-04
CZE,Czechia,BUDGET.CONTRIB,National contributions to the EU budget (excludes customs duties),EUR million,2006,886.2987,"European Commission, EU spending and revenue 2000-2024 workbook (published 25 Sep 2025)",2026-08-04
DNK,Denmark,BUDGET.CONTRIB,National contributions to the EU budget (excludes customs duties),EUR million,2006,1869.6598,"European Commission, EU spending and revenue 2000-2024 workbook (published 25 Sep 2025)",2026-08-04
DEU,Germany,BUDGET.CONTRIB,National contributions to the EU budget (excludes customs duties),EUR million,2006,17573.3247,"European Commission, EU spending and revenue 2000-2024 workbook (published 25 Sep 2025)",2026-08-04
EST,Estonia,BUDGET.CONTRIB,National contributions to the EU budget (excludes customs duties),EUR million,2006,111.008,"European Commission, EU spending and revenue 2000-2024 workbook (published 25 Sep 2025)",2026-08-04
IRL,Ireland,BUDGET.CONTRIB,National contributions to the EU budget (excludes customs duties),EUR million,2006,1279.7433,"European Commission, EU spending and revenue 2000-2024 workbook (published 25 Sep 2025)",2026-08-04
GRC,Greece,BUDGET.CONTRIB,National contributions to the EU budget (excludes customs duties),EUR million,2006,1629.7497,"European Commission, EU spending and revenue 2000-2024 workbook (published 25 Sep 2025)",2026-08-04
ESP,Spain,BUDGET.CONTRIB,National contributions to the EU budget (excludes customs duties),EUR million,2006,8601.8501,"European Commission, EU spending and revenue 2000-2024 workbook (published 25 Sep 2025)",2026-08-04
FRA,France,BUDGET.CONTRIB,National contributions to the EU budget (excludes customs duties),EUR million,2006,15353.2404,"European Commission, EU spending and revenue 2000-2024 workbook (published 25 Sep 2025)",2026-08-04
ITA,Italy,BUDGET.CONTRIB,National contributions to the EU budget (excludes customs duties),EUR million,2006,11933.4619,"European Commission, EU spending and revenue 2000-2024 workbook (published 25 Sep 2025)",2026-08-04
CYP,Cyprus,BUDGET.CONTRIB,National contributions to the EU budget (excludes customs duties),EUR million,2006,120.7461,"European Commission, EU spending and revenue 2000-2024 workbook (published 25 Sep 2025)",2026-08-04
LVA,Latvia,BUDGET.CONTRIB,National contributions to the EU budget (excludes customs duties),EUR million,2006,132.6594,"European Commission, EU spending and revenue 2000-2024 workbook (published 25 Sep 2025)",2026-08-04
LTU,Lithuania,BUDGET.CONTRIB,National contributions to the EU budget (excludes customs duties),EUR million,2006,195.8047,"European Commission, EU spending and revenue 2000-2024 workbook (published 25 Sep 2025)",2026-08-04
LUX,Luxembourg,BUDGET.CONTRIB,National contributions to the EU budget (excludes customs duties),EUR million,2006,198.3322,"European Commission, EU spending and revenue 2000-2024 workbook (published 25 Sep 2025)",2026-08-04
HUN,Hungary,BUDGET.CONTRIB,National contributions to the EU budget (excludes customs duties),EUR million,2006,678.3402,"European Commission, EU spending and revenue 2000-2024 workbook (published 25 Sep 2025)",2026-08-04
MLT,Malta,BUDGET.CONTRIB,National contributions to the EU budget (excludes customs duties),EUR million,2006,39.4303,"European Commission, EU spending and revenue 2000-2024 workbook (published 25 Sep 2025)",2026-08-04
NLD,Netherlands,BUDGET.CONTRIB,National contributions to the EU budget (excludes customs duties),EUR million,2006,4487.0837,"European Commission, EU spending and revenue 2000-2024 workbook (published 25 Sep 2025)",2026-08-04
AUT,Austria,BUDGET.CONTRIB,National contributions to the EU budget (excludes customs duties),EUR million,2006,2013.8972,"European Commission, EU spending and revenue 2000-2024 workbook (published 25 Sep 2025)",2026-08-04
POL,Poland,BUDGET.CONTRIB,National contributions to the EU budget (excludes customs duties),EUR million,2006,2174.5533,"European Commission, EU spending and revenue 2000-2024 workbook (published 25 Sep 2025)",2026-08-04
PRT,Portugal,BUDGET.CONTRIB,National contributions to the EU budget (excludes customs duties),EUR million,2006,1260.6655,"European Commission, EU spending and revenue 2000-2024 workbook (published 25 Sep 2025)",2026-08-04
ROU,Romania,BUDGET.CONTRIB,National contributions to the EU budget (excludes customs duties),EUR million,2006,0.0,"European Commission, EU spending and revenue 2000-2024 workbook (published 25 Sep 2025)",2026-08-04
SVN,Slovenia,BUDGET.CONTRIB,National contributions to the EU budget (excludes customs duties),EUR million,2006,243.7843,"European Commission, EU spending and revenue 2000-2024 workbook (published 25 Sep 2025)",2026-08-04
SVK,Slovakia,BUDGET.CONTRIB,National contributions to the EU budget (excludes customs duties),EUR million,2006,346.5223,"European Commission, EU spending and revenue 2000-2024 workbook (published 25 Sep 2025)",2026-08-04
FIN,Finland,BUDGET.CONTRIB,National contributions to the EU budget (excludes customs duties),EUR million,2006,1429.6448,"European Commission, EU spending and revenue 2000-2024 workbook (published 25 Sep 2025)",2026-08-04
SWE,Sweden,BUDGET.CONTRIB,National contributions to the EU budget (excludes customs duties),EUR million,2006,2297.7491,"European Commission, EU spending and revenue 2000-2024 workbook (published 25 Sep 2025)",2026-08-04
GBR,United Kingdom,BUDGET.CONTRIB,National contributions to the EU budget (excludes customs duties),EUR million,2006,9830.1687,"European Commission, EU spending and revenue 2000-2024 workbook (published 25 Sep 2025)",2026-08-04
HRV,Croatia,BUDGET.CONTRIB,National contributions to the EU budget (excludes customs duties),EUR million,2006,0.0,"European Commission, EU spending and revenue 2000-2024 workbook (published 25 Sep 2025)",2026-08-04
BEL,Belgium,BUDGET.GNI,Gross national income (European Commission definition),EUR million,2006,330595.8,"European Commission, EU spending and revenue 2000-2024 workbook (published 25 Sep 2025)",2026-08-04
BGR,Bulgaria,BUDGET.GNI,Gross national income (European Commission definition),EUR million,2006,26154.6904,"European Commission, EU spending and revenue 2000-2024 workbook (published 25 Sep 2025)",2026-08-04
CZE,Czechia,BUDGET.GNI,Gross national income (European Commission definition),EUR million,2006,116236.0655,"European Commission, EU spending and revenue 2000-2024 workbook (published 25 Sep 2025)",2026-08-04
DNK,Denmark,BUDGET.GNI,Gross national income (European Commission definition),EUR million,2006,228323.9365,"European Commission, EU spending and revenue 2000-2024 workbook (published 25 Sep 2025)",2026-08-04
DEU,Germany,BUDGET.GNI,Gross national income (European Commission definition),EUR million,2006,2435124.0,"European Commission, EU spending and revenue 2000-2024 workbook (published 25 Sep 2025)",2026-08-04
EST,Estonia,BUDGET.GNI,Gross national income (European Commission definition),EUR million,2006,12819.1069,"European Commission, EU spending and revenue 2000-2024 workbook (published 25 Sep 2025)",2026-08-04
IRL,Ireland,BUDGET.GNI,Gross national income (European Commission definition),EUR million,2006,161794.0,"European Commission, EU spending and revenue 2000-2024 workbook (published 25 Sep 2025)",2026-08-04
GRC,Greece,BUDGET.GNI,Gross national income (European Commission definition),EUR million,2006,213486.66,"European Commission, EU spending and revenue 2000-2024 workbook (published 25 Sep 2025)",2026-08-04
ESP,Spain,BUDGET.GNI,Gross national income (European Commission definition),EUR million,2006,990424.0,"European Commission, EU spending and revenue 2000-2024 workbook (published 25 Sep 2025)",2026-08-04
FRA,France,BUDGET.GNI,Gross national income (European Commission definition),EUR million,2006,1890540.5,"European Commission, EU spending and revenue 2000-2024 workbook (published 25 Sep 2025)",2026-08-04
ITA,Italy,BUDGET.GNI,Gross national income (European Commission definition),EUR million,2006,1554509.735,"European Commission, EU spending and revenue 2000-2024 workbook (published 25 Sep 2025)",2026-08-04
CYP,Cyprus,BUDGET.GNI,Gross national income (European Commission definition),EUR million,2006,15193.0027,"European Commission, EU spending and revenue 2000-2024 workbook (published 25 Sep 2025)",2026-08-04
LVA,Latvia,BUDGET.GNI,Gross national income (European Commission definition),EUR million,2006,16804.8069,"European Commission, EU spending and revenue 2000-2024 workbook (published 25 Sep 2025)",2026-08-04
LTU,Lithuania,BUDGET.GNI,Gross national income (European Commission definition),EUR million,2006,23619.688,"European Commission, EU spending and revenue 2000-2024 workbook (published 25 Sep 2025)",2026-08-04
LUX,Luxembourg,BUDGET.GNI,Gross national income (European Commission definition),EUR million,2006,24196.1,"European Commission, EU spending and revenue 2000-2024 workbook (published 25 Sep 2025)",2026-08-04
HUN,Hungary,BUDGET.GNI,Gross national income (European Commission definition),EUR million,2006,86382.746,"European Commission, EU spending and revenue 2000-2024 workbook (published 25 Sep 2025)",2026-08-04
MLT,Malta,BUDGET.GNI,Gross national income (European Commission definition),EUR million,2006,5169.997,"European Commission, EU spending and revenue 2000-2024 workbook (published 25 Sep 2025)",2026-08-04
NLD,Netherlands,BUDGET.GNI,Gross national income (European Commission definition),EUR million,2006,581675.0,"European Commission, EU spending and revenue 2000-2024 workbook (published 25 Sep 2025)",2026-08-04
AUT,Austria,BUDGET.GNI,Gross national income (European Commission definition),EUR million,2006,267201.7,"European Commission, EU spending and revenue 2000-2024 workbook (published 25 Sep 2025)",2026-08-04
POL,Poland,BUDGET.GNI,Gross national income (European Commission definition),EUR million,2006,266501.4282,"European Commission, EU spending and revenue 2000-2024 workbook (published 25 Sep 2025)",2026-08-04
PRT,Portugal,BUDGET.GNI,Gross national income (European Commission definition),EUR million,2006,160967.25,"European Commission, EU spending and revenue 2000-2024 workbook (published 25 Sep 2025)",2026-08-04
ROU,Romania,BUDGET.GNI,Gross national income (European Commission definition),EUR million,2006,95145.6213,"European Commission, EU spending and revenue 2000-2024 workbook (published 25 Sep 2025)",2026-08-04
SVN,Slovenia,BUDGET.GNI,Gross national income (European Commission definition),EUR million,2006,31314.8166,"European Commission, EU spending and revenue 2000-2024 workbook (published 25 Sep 2025)",2026-08-04
SVK,Slovakia,BUDGET.GNI,Gross national income (European Commission definition),EUR million,2006,44137.1468,"European Commission, EU spending and revenue 2000-2024 workbook (published 25 Sep 2025)",2026-08-04
FIN,Finland,BUDGET.GNI,Gross national income (European Commission definition),EUR million,2006,174238.0,"European Commission, EU spending and revenue 2000-2024 workbook (published 25 Sep 2025)",2026-08-04
SWE,Sweden,BUDGET.GNI,Gross national income (European Commission definition),EUR million,2006,342807.1588,"European Commission, EU spending and revenue 2000-2024 workbook (published 25 Sep 2025)",2026-08-04
GBR,United Kingdom,BUDGET.GNI,Gross national income (European Commission definition),EUR million,2006,2080331.1934,"European Commission, EU spending and revenue 2000-2024 workbook (published 25 Sep 2025)",2026-08-04
HRV,Croatia,BUDGET.GNI,Gross national income (European Commission definition),EUR million,2006,39194.0901,"European Commission, EU spending and revenue 2000-2024 workbook (published 25 Sep 2025)",2026-08-04
BEL,Belgium,BUDGET.ADMIN,EU administrative expenditure allocated to the member state,EUR million,2006,3574.1692,"European Commission, EU spending and revenue 2000-2024 workbook (published 25 Sep 2025)",2026-08-04
BGR,Bulgaria,BUDGET.ADMIN,EU administrative expenditure allocated to the member state,EUR million,2006,1.8654,"European Commission, EU spending and revenue 2000-2024 workbook (published 25 Sep 2025)",2026-08-04
CZE,Czechia,BUDGET.ADMIN,EU administrative expenditure allocated to the member state,EUR million,2006,15.2482,"European Commission, EU spending and revenue 2000-2024 workbook (published 25 Sep 2025)",2026-08-04
DNK,Denmark,BUDGET.ADMIN,EU administrative expenditure allocated to the member state,EUR million,2006,48.3449,"European Commission, EU spending and revenue 2000-2024 workbook (published 25 Sep 2025)",2026-08-04
DEU,Germany,BUDGET.ADMIN,EU administrative expenditure allocated to the member state,EUR million,2006,156.6246,"European Commission, EU spending and revenue 2000-2024 workbook (published 25 Sep 2025)",2026-08-04
EST,Estonia,BUDGET.ADMIN,EU administrative expenditure allocated to the member state,EUR million,2006,7.3179,"European Commission, EU spending and revenue 2000-2024 workbook (published 25 Sep 2025)",2026-08-04
IRL,Ireland,BUDGET.ADMIN,EU administrative expenditure allocated to the member state,EUR million,2006,40.5076,"European Commission, EU spending and revenue 2000-2024 workbook (published 25 Sep 2025)",2026-08-04
GRC,Greece,BUDGET.ADMIN,EU administrative expenditure allocated to the member state,EUR million,2006,23.963,"European Commission, EU spending and revenue 2000-2024 workbook (published 25 Sep 2025)",2026-08-04
ESP,Spain,BUDGET.ADMIN,EU administrative expenditure allocated to the member state,EUR million,2006,59.3734,"European Commission, EU spending and revenue 2000-2024 workbook (published 25 Sep 2025)",2026-08-04
FRA,France,BUDGET.ADMIN,EU administrative expenditure allocated to the member state,EUR million,2006,423.5912,"European Commission, EU spending and revenue 2000-2024 workbook (published 25 Sep 2025)",2026-08-04
ITA,Italy,BUDGET.ADMIN,EU administrative expenditure allocated to the member state,EUR million,2006,151.8296,"European Commission, EU spending and revenue 2000-2024 workbook (published 25 Sep 2025)",2026-08-04
CYP,Cyprus,BUDGET.ADMIN,EU administrative expenditure allocated to the member state,EUR million,2006,10.7069,"European Commission, EU spending and revenue 2000-2024 workbook (published 25 Sep 2025)",2026-08-04
LVA,Latvia,BUDGET.ADMIN,EU administrative expenditure allocated to the member state,EUR million,2006,8.0623,"European Commission, EU spending and revenue 2000-2024 workbook (published 25 Sep 2025)",2026-08-04
LTU,Lithuania,BUDGET.ADMIN,EU administrative expenditure allocated to the member state,EUR million,2006,9.3222,"European Commission, EU spending and revenue 2000-2024 workbook (published 25 Sep 2025)",2026-08-04
LUX,Luxembourg,BUDGET.ADMIN,EU administrative expenditure allocated to the member state,EUR million,2006,1017.1701,"European Commission, EU spending and revenue 2000-2024 workbook (published 25 Sep 2025)",2026-08-04
HUN,Hungary,BUDGET.ADMIN,EU administrative expenditure allocated to the member state,EUR million,2006,16.4378,"European Commission, EU spending and revenue 2000-2024 workbook (published 25 Sep 2025)",2026-08-04
MLT,Malta,BUDGET.ADMIN,EU administrative expenditure allocated to the member state,EUR million,2006,14.7525,"European Commission, EU spending and revenue 2000-2024 workbook (published 25 Sep 2025)",2026-08-04
NLD,Netherlands,BUDGET.ADMIN,EU administrative expenditure allocated to the member state,EUR million,2006,76.9933,"European Commission, EU spending and revenue 2000-2024 workbook (published 25 Sep 2025)",2026-08-04
AUT,Austria,BUDGET.ADMIN,EU administrative expenditure allocated to the member state,EUR million,2006,21.6811,"European Commission, EU spending and revenue 2000-2024 workbook (published 25 Sep 2025)",2026-08-04
POL,Poland,BUDGET.ADMIN,EU administrative expenditure allocated to the member state,EUR million,2006,29.8209,"European Commission, EU spending and revenue 2000-2024 workbook (published 25 Sep 2025)",2026-08-04
PRT,Portugal,BUDGET.ADMIN,EU administrative expenditure allocated to the member state,EUR million,2006,22.3293,"European Commission, EU spending and revenue 2000-2024 workbook (published 25 Sep 2025)",2026-08-04
ROU,Romania,BUDGET.ADMIN,EU administrative expenditure allocated to the member state,EUR million,2006,1.9915,"European Commission, EU spending and revenue 2000-2024 workbook (published 25 Sep 2025)",2026-08-04
SVN,Slovenia,BUDGET.ADMIN,EU administrative expenditure allocated to the member state,EUR million,2006,7.7948,"European Commission, EU spending and revenue 2000-2024 workbook (published 25 Sep 2025)",2026-08-04
SVK,Slovakia,BUDGET.ADMIN,EU administrative expenditure allocated to the member state,EUR million,2006,9.9751,"European Commission, EU spending and revenue 2000-2024 workbook (published 25 Sep 2025)",2026-08-04
FIN,Finland,BUDGET.ADMIN,EU administrative expenditure allocated to the member state,EUR million,2006,23.6246,"European Commission, EU spending and revenue 2000-2024 workbook (published 25 Sep 2025)",2026-08-04
SWE,Sweden,BUDGET.ADMIN,EU administrative expenditure allocated to the member state,EUR million,2006,22.7057,"European Commission, EU spending and revenue 2000-2024 workbook (published 25 Sep 2025)",2026-08-04
GBR,United Kingdom,BUDGET.ADMIN,EU administrative expenditure allocated to the member state,EUR million,2006,135.6393,"European Commission, EU spending and revenue 2000-2024 workbook (published 25 Sep 2025)",2026-08-04
HRV,Croatia,BUDGET.ADMIN,EU administrative expenditure allocated to the member state,EUR million,2006,1.0882,"European Commission, EU spending and revenue 2000-2024 workbook (published 25 Sep 2025)",2026-08-04
BEL,Belgium,BUDGET.CUSTOMS,Customs duties collected for the EU budget (traditional own resources),EUR million,2006,1996.1673,"European Commission, EU spending and revenue 2000-2024 workbook (published 25 Sep 2025)",2026-08-04
BGR,Bulgaria,BUDGET.CUSTOMS,Customs duties collected for the EU budget (traditional own resources),EUR million,2006,0.0,"European Commission, EU spending and revenue 2000-2024 workbook (published 25 Sep 2025)",2026-08-04
CZE,Czechia,BUDGET.CUSTOMS,Customs duties collected for the EU budget (traditional own resources),EUR million,2006,187.9302,"European Commission, EU spending and revenue 2000-2024 workbook (published 25 Sep 2025)",2026-08-04
DNK,Denmark,BUDGET.CUSTOMS,Customs duties collected for the EU budget (traditional own resources),EUR million,2006,382.3977,"European Commission, EU spending and revenue 2000-2024 workbook (published 25 Sep 2025)",2026-08-04
DEU,Germany,BUDGET.CUSTOMS,Customs duties collected for the EU budget (traditional own resources),EUR million,2006,3623.6441,"European Commission, EU spending and revenue 2000-2024 workbook (published 25 Sep 2025)",2026-08-04
EST,Estonia,BUDGET.CUSTOMS,Customs duties collected for the EU budget (traditional own resources),EUR million,2006,24.8159,"European Commission, EU spending and revenue 2000-2024 workbook (published 25 Sep 2025)",2026-08-04
IRL,Ireland,BUDGET.CUSTOMS,Customs duties collected for the EU budget (traditional own resources),EUR million,2006,266.967,"European Commission, EU spending and revenue 2000-2024 workbook (published 25 Sep 2025)",2026-08-04
GRC,Greece,BUDGET.CUSTOMS,Customs duties collected for the EU budget (traditional own resources),EUR million,2006,257.9567,"European Commission, EU spending and revenue 2000-2024 workbook (published 25 Sep 2025)",2026-08-04
ESP,Spain,BUDGET.CUSTOMS,Customs duties collected for the EU budget (traditional own resources),EUR million,2006,1527.6721,"European Commission, EU spending and revenue 2000-2024 workbook (published 25 Sep 2025)",2026-08-04
FRA,France,BUDGET.CUSTOMS,Customs duties collected for the EU budget (traditional own resources),EUR million,2006,1531.1499,"European Commission, EU spending and revenue 2000-2024 workbook (published 25 Sep 2025)",2026-08-04
ITA,Italy,BUDGET.CUSTOMS,Customs duties collected for the EU budget (traditional own resources),EUR million,2006,1897.4358,"European Commission, EU spending and revenue 2000-2024 workbook (published 25 Sep 2025)",2026-08-04
CYP,Cyprus,BUDGET.CUSTOMS,Customs duties collected for the EU budget (traditional own resources),EUR million,2006,38.9613,"European Commission, EU spending and revenue 2000-2024 workbook (published 25 Sep 2025)",2026-08-04
LVA,Latvia,BUDGET.CUSTOMS,Customs duties collected for the EU budget (traditional own resources),EUR million,2006,28.2375,"European Commission, EU spending and revenue 2000-2024 workbook (published 25 Sep 2025)",2026-08-04
LTU,Lithuania,BUDGET.CUSTOMS,Customs duties collected for the EU budget (traditional own resources),EUR million,2006,47.4,"European Commission, EU spending and revenue 2000-2024 workbook (published 25 Sep 2025)",2026-08-04
LUX,Luxembourg,BUDGET.CUSTOMS,Customs duties collected for the EU budget (traditional own resources),EUR million,2006,24.4662,"European Commission, EU spending and revenue 2000-2024 workbook (published 25 Sep 2025)",2026-08-04
HUN,Hungary,BUDGET.CUSTOMS,Customs duties collected for the EU budget (traditional own resources),EUR million,2006,130.7687,"European Commission, EU spending and revenue 2000-2024 workbook (published 25 Sep 2025)",2026-08-04
MLT,Malta,BUDGET.CUSTOMS,Customs duties collected for the EU budget (traditional own resources),EUR million,2006,12.9704,"European Commission, EU spending and revenue 2000-2024 workbook (published 25 Sep 2025)",2026-08-04
NLD,Netherlands,BUDGET.CUSTOMS,Customs duties collected for the EU budget (traditional own resources),EUR million,2006,1867.5557,"European Commission, EU spending and revenue 2000-2024 workbook (published 25 Sep 2025)",2026-08-04
AUT,Austria,BUDGET.CUSTOMS,Customs duties collected for the EU budget (traditional own resources),EUR million,2006,250.8917,"European Commission, EU spending and revenue 2000-2024 workbook (published 25 Sep 2025)",2026-08-04
POL,Poland,BUDGET.CUSTOMS,Customs duties collected for the EU budget (traditional own resources),EUR million,2006,299.7858,"European Commission, EU spending and revenue 2000-2024 workbook (published 25 Sep 2025)",2026-08-04
PRT,Portugal,BUDGET.CUSTOMS,Customs duties collected for the EU budget (traditional own resources),EUR million,2006,126.9863,"European Commission, EU spending and revenue 2000-2024 workbook (published 25 Sep 2025)",2026-08-04
ROU,Romania,BUDGET.CUSTOMS,Customs duties collected for the EU budget (traditional own resources),EUR million,2006,0.0,"European Commission, EU spending and revenue 2000-2024 workbook (published 25 Sep 2025)",2026-08-04
SVN,Slovenia,BUDGET.CUSTOMS,Customs duties collected for the EU budget (traditional own resources),EUR million,2006,46.2296,"European Commission, EU spending and revenue 2000-2024 workbook (published 25 Sep 2025)",2026-08-04
SVK,Slovakia,BUDGET.CUSTOMS,Customs duties collected for the EU budget (traditional own resources),EUR million,2006,69.7604,"European Commission, EU spending and revenue 2000-2024 workbook (published 25 Sep 2025)",2026-08-04
FIN,Finland,BUDGET.CUSTOMS,Customs duties collected for the EU budget (traditional own resources),EUR million,2006,164.5293,"European Commission, EU spending and revenue 2000-2024 workbook (published 25 Sep 2025)",2026-08-04
SWE,Sweden,BUDGET.CUSTOMS,Customs duties collected for the EU budget (traditional own resources),EUR million,2006,508.9062,"European Commission, EU spending and revenue 2000-2024 workbook (published 25 Sep 2025)",2026-08-04
GBR,United Kingdom,BUDGET.CUSTOMS,Customs duties collected for the EU budget (traditional own resources),EUR million,2006,2799.5524,"European Commission, EU spending and revenue 2000-2024 workbook (published 25 Sep 2025)",2026-08-04
HRV,Croatia,BUDGET.CUSTOMS,Customs duties collected for the EU budget (traditional own resources),EUR million,2006,0.0,"European Commission, EU spending and revenue 2000-2024 workbook (published 25 Sep 2025)",2026-08-04
BEL,Belgium,BUDGET.EXPEND,EU expenditure allocated to the member state,EUR million,2007,5678.7726,"European Commission, EU spending and revenue 2000-2024 workbook (published 25 Sep 2025)",2026-08-04
BGR,Bulgaria,BUDGET.EXPEND,EU expenditure allocated to the member state,EUR million,2007,591.4752,"European Commission, EU spending and revenue 2000-2024 workbook (published 25 Sep 2025)",2026-08-04
CZE,Czechia,BUDGET.EXPEND,EU expenditure allocated to the member state,EUR million,2007,1721.01,"European Commission, EU spending and revenue 2000-2024 workbook (published 25 Sep 2025)",2026-08-04
DNK,Denmark,BUDGET.EXPEND,EU expenditure allocated to the member state,EUR million,2007,1449.1721,"European Commission, EU spending and revenue 2000-2024 workbook (published 25 Sep 2025)",2026-08-04
DEU,Germany,BUDGET.EXPEND,EU expenditure allocated to the member state,EUR million,2007,12483.6135,"European Commission, EU spending and revenue 2000-2024 workbook (published 25 Sep 2025)",2026-08-04
EST,Estonia,BUDGET.EXPEND,EU expenditure allocated to the member state,EUR million,2007,376.9329,"European Commission, EU spending and revenue 2000-2024 workbook (published 25 Sep 2025)",2026-08-04
IRL,Ireland,BUDGET.EXPEND,EU expenditure allocated to the member state,EUR million,2007,2156.6741,"European Commission, EU spending and revenue 2000-2024 workbook (published 25 Sep 2025)",2026-08-04
GRC,Greece,BUDGET.EXPEND,EU expenditure allocated to the member state,EUR million,2007,8429.084,"European Commission, EU spending and revenue 2000-2024 workbook (published 25 Sep 2025)",2026-08-04
ESP,Spain,BUDGET.EXPEND,EU expenditure allocated to the member state,EUR million,2007,12795.9302,"European Commission, EU spending and revenue 2000-2024 workbook (published 25 Sep 2025)",2026-08-04
FRA,France,BUDGET.EXPEND,EU expenditure allocated to the member state,EUR million,2007,13897.2356,"European Commission, EU spending and revenue 2000-2024 workbook (published 25 Sep 2025)",2026-08-04
ITA,Italy,BUDGET.EXPEND,EU expenditure allocated to the member state,EUR million,2007,11315.2601,"European Commission, EU spending and revenue 2000-2024 workbook (published 25 Sep 2025)",2026-08-04
CYP,Cyprus,BUDGET.EXPEND,EU expenditure allocated to the member state,EUR million,2007,126.7979,"European Commission, EU spending and revenue 2000-2024 workbook (published 25 Sep 2025)",2026-08-04
LVA,Latvia,BUDGET.EXPEND,EU expenditure allocated to the member state,EUR million,2007,674.963,"European Commission, EU spending and revenue 2000-2024 workbook (published 25 Sep 2025)",2026-08-04
LTU,Lithuania,BUDGET.EXPEND,EU expenditure allocated to the member state,EUR million,2007,1043.757,"European Commission, EU spending and revenue 2000-2024 workbook (published 25 Sep 2025)",2026-08-04
LUX,Luxembourg,BUDGET.EXPEND,EU expenditure allocated to the member state,EUR million,2007,1255.8963,"European Commission, EU spending and revenue 2000-2024 workbook (published 25 Sep 2025)",2026-08-04
HUN,Hungary,BUDGET.EXPEND,EU expenditure allocated to the member state,EUR million,2007,2427.575,"European Commission, EU spending and revenue 2000-2024 workbook (published 25 Sep 2025)",2026-08-04
MLT,Malta,BUDGET.EXPEND,EU expenditure allocated to the member state,EUR million,2007,89.3069,"European Commission, EU spending and revenue 2000-2024 workbook (published 25 Sep 2025)",2026-08-04
NLD,Netherlands,BUDGET.EXPEND,EU expenditure allocated to the member state,EUR million,2007,1916.4326,"European Commission, EU spending and revenue 2000-2024 workbook (published 25 Sep 2025)",2026-08-04
AUT,Austria,BUDGET.EXPEND,EU expenditure allocated to the member state,EUR million,2007,1598.4379,"European Commission, EU spending and revenue 2000-2024 workbook (published 25 Sep 2025)",2026-08-04
POL,Poland,BUDGET.EXPEND,EU expenditure allocated to the member state,EUR million,2007,7786.4059,"European Commission, EU spending and revenue 2000-2024 workbook (published 25 Sep 2025)",2026-08-04
PRT,Portugal,BUDGET.EXPEND,EU expenditure allocated to the member state,EUR million,2007,3904.374,"European Commission, EU spending and revenue 2000-2024 workbook (published 25 Sep 2025)",2026-08-04
ROU,Romania,BUDGET.EXPEND,EU expenditure allocated to the member state,EUR million,2007,1602.3803,"European Commission, EU spending and revenue 2000-2024 workbook (published 25 Sep 2025)",2026-08-04
SVN,Slovenia,BUDGET.EXPEND,EU expenditure allocated to the member state,EUR million,2007,390.0895,"European Commission, EU spending and revenue 2000-2024 workbook (published 25 Sep 2025)",2026-08-04
SVK,Slovakia,BUDGET.EXPEND,EU expenditure allocated to the member state,EUR million,2007,1082.5552,"European Commission, EU spending and revenue 2000-2024 workbook (published 25 Sep 2025)",2026-08-04
FIN,Finland,BUDGET.EXPEND,EU expenditure allocated to the member state,EUR million,2007,1423.4461,"European Commission, EU spending and revenue 2000-2024 workbook (published 25 Sep 2025)",2026-08-04
SWE,Sweden,BUDGET.EXPEND,EU expenditure allocated to the member state,EUR million,2007,1658.9661,"European Commission, EU spending and revenue 2000-2024 workbook (published 25 Sep 2025)",2026-08-04
GBR,United Kingdom,BUDGET.EXPEND,EU expenditure allocated to the member state,EUR million,2007,7422.9417,"European Commission, EU spending and revenue 2000-2024 workbook (published 25 Sep 2025)",2026-08-04
HRV,Croatia,BUDGET.EXPEND,EU expenditure allocated to the member state,EUR million,2007,77.4846,"European Commission, EU spending and revenue 2000-2024 workbook (published 25 Sep 2025)",2026-08-04
BEL,Belgium,BUDGET.CONTRIB,National contributions to the EU budget (excludes customs duties),EUR million,2007,2686.796,"European Commission, EU spending and revenue 2000-2024 workbook (published 25 Sep 2025)",2026-08-04
BGR,Bulgaria,BUDGET.CONTRIB,National contributions to the EU budget (excludes customs duties),EUR million,2007,230.0025,"European Commission, EU spending and revenue 2000-2024 workbook (published 25 Sep 2025)",2026-08-04
CZE,Czechia,BUDGET.CONTRIB,National contributions to the EU budget (excludes customs duties),EUR million,2007,988.1518,"European Commission, EU spending and revenue 2000-2024 workbook (published 25 Sep 2025)",2026-08-04
DNK,Denmark,BUDGET.CONTRIB,National contributions to the EU budget (excludes customs duties),EUR million,2007,1889.2091,"European Commission, EU spending and revenue 2000-2024 workbook (published 25 Sep 2025)",2026-08-04
DEU,Germany,BUDGET.CONTRIB,National contributions to the EU budget (excludes customs duties),EUR million,2007,18583.2183,"European Commission, EU spending and revenue 2000-2024 workbook (published 25 Sep 2025)",2026-08-04
EST,Estonia,BUDGET.CONTRIB,National contributions to the EU budget (excludes customs duties),EUR million,2007,133.8326,"European Commission, EU spending and revenue 2000-2024 workbook (published 25 Sep 2025)",2026-08-04
IRL,Ireland,BUDGET.CONTRIB,National contributions to the EU budget (excludes customs duties),EUR million,2007,1368.3292,"European Commission, EU spending and revenue 2000-2024 workbook (published 25 Sep 2025)",2026-08-04
GRC,Greece,BUDGET.CONTRIB,National contributions to the EU budget (excludes customs duties),EUR million,2007,2790.2983,"European Commission, EU spending and revenue 2000-2024 workbook (published 25 Sep 2025)",2026-08-04
ESP,Spain,BUDGET.CONTRIB,National contributions to the EU budget (excludes customs duties),EUR million,2007,8548.0178,"European Commission, EU spending and revenue 2000-2024 workbook (published 25 Sep 2025)",2026-08-04
FRA,France,BUDGET.CONTRIB,National contributions to the EU budget (excludes customs duties),EUR million,2007,15656.3617,"European Commission, EU spending and revenue 2000-2024 workbook (published 25 Sep 2025)",2026-08-04
ITA,Italy,BUDGET.CONTRIB,National contributions to the EU budget (excludes customs duties),EUR million,2007,12336.9088,"European Commission, EU spending and revenue 2000-2024 workbook (published 25 Sep 2025)",2026-08-04
CYP,Cyprus,BUDGET.CONTRIB,National contributions to the EU budget (excludes customs duties),EUR million,2007,123.8651,"European Commission, EU spending and revenue 2000-2024 workbook (published 25 Sep 2025)",2026-08-04
LVA,Latvia,BUDGET.CONTRIB,National contributions to the EU budget (excludes customs duties),EUR million,2007,168.1247,"European Commission, EU spending and revenue 2000-2024 workbook (published 25 Sep 2025)",2026-08-04
LTU,Lithuania,BUDGET.CONTRIB,National contributions to the EU budget (excludes customs duties),EUR million,2007,225.5257,"European Commission, EU spending and revenue 2000-2024 workbook (published 25 Sep 2025)",2026-08-04
LUX,Luxembourg,BUDGET.CONTRIB,National contributions to the EU budget (excludes customs duties),EUR million,2007,276.5818,"European Commission, EU spending and revenue 2000-2024 workbook (published 25 Sep 2025)",2026-08-04
HUN,Hungary,BUDGET.CONTRIB,National contributions to the EU budget (excludes customs duties),EUR million,2007,759.3572,"European Commission, EU spending and revenue 2000-2024 workbook (published 25 Sep 2025)",2026-08-04
MLT,Malta,BUDGET.CONTRIB,National contributions to the EU budget (excludes customs duties),EUR million,2007,45.1989,"European Commission, EU spending and revenue 2000-2024 workbook (published 25 Sep 2025)",2026-08-04
NLD,Netherlands,BUDGET.CONTRIB,National contributions to the EU budget (excludes customs duties),EUR million,2007,4429.3212,"European Commission, EU spending and revenue 2000-2024 workbook (published 25 Sep 2025)",2026-08-04
AUT,Austria,BUDGET.CONTRIB,National contributions to the EU budget (excludes customs duties),EUR million,2007,2016.975,"European Commission, EU spending and revenue 2000-2024 workbook (published 25 Sep 2025)",2026-08-04
POL,Poland,BUDGET.CONTRIB,National contributions to the EU budget (excludes customs duties),EUR million,2007,2470.1189,"European Commission, EU spending and revenue 2000-2024 workbook (published 25 Sep 2025)",2026-08-04
PRT,Portugal,BUDGET.CONTRIB,National contributions to the EU budget (excludes customs duties),EUR million,2007,1323.3308,"European Commission, EU spending and revenue 2000-2024 workbook (published 25 Sep 2025)",2026-08-04
ROU,Romania,BUDGET.CONTRIB,National contributions to the EU budget (excludes customs duties),EUR million,2007,930.2814,"European Commission, EU spending and revenue 2000-2024 workbook (published 25 Sep 2025)",2026-08-04
SVN,Slovenia,BUDGET.CONTRIB,National contributions to the EU budget (excludes customs duties),EUR million,2007,276.8262,"European Commission, EU spending and revenue 2000-2024 workbook (published 25 Sep 2025)",2026-08-04
SVK,Slovakia,BUDGET.CONTRIB,National contributions to the EU budget (excludes customs duties),EUR million,2007,428.6831,"European Commission, EU spending and revenue 2000-2024 workbook (published 25 Sep 2025)",2026-08-04
FIN,Finland,BUDGET.CONTRIB,National contributions to the EU budget (excludes customs duties),EUR million,2007,1480.4648,"European Commission, EU spending and revenue 2000-2024 workbook (published 25 Sep 2025)",2026-08-04
SWE,Sweden,BUDGET.CONTRIB,National contributions to the EU budget (excludes customs duties),EUR million,2007,2476.7325,"European Commission, EU spending and revenue 2000-2024 workbook (published 25 Sep 2025)",2026-08-04
GBR,United Kingdom,BUDGET.CONTRIB,National contributions to the EU budget (excludes customs duties),EUR million,2007,10771.9371,"European Commission, EU spending and revenue 2000-2024 workbook (published 25 Sep 2025)",2026-08-04
HRV,Croatia,BUDGET.CONTRIB,National contributions to the EU budget (excludes customs duties),EUR million,2007,0.0,"European Commission, EU spending and revenue 2000-2024 workbook (published 25 Sep 2025)",2026-08-04
BEL,Belgium,BUDGET.GNI,Gross national income (European Commission definition),EUR million,2007,349103.5,"European Commission, EU spending and revenue 2000-2024 workbook (published 25 Sep 2025)",2026-08-04
BGR,Bulgaria,BUDGET.GNI,Gross national income (European Commission definition),EUR million,2007,29635.5943,"European Commission, EU spending and revenue 2000-2024 workbook (published 25 Sep 2025)",2026-08-04
CZE,Czechia,BUDGET.GNI,Gross national income (European Commission definition),EUR million,2007,129177.2039,"European Commission, EU spending and revenue 2000-2024 workbook (published 25 Sep 2025)",2026-08-04
DNK,Denmark,BUDGET.GNI,Gross national income (European Commission definition),EUR million,2007,234629.5915,"European Commission, EU spending and revenue 2000-2024 workbook (published 25 Sep 2025)",2026-08-04
DEU,Germany,BUDGET.GNI,Gross national income (European Commission definition),EUR million,2007,2551867.0,"European Commission, EU spending and revenue 2000-2024 workbook (published 25 Sep 2025)",2026-08-04
EST,Estonia,BUDGET.GNI,Gross national income (European Commission definition),EUR million,2007,15128.3096,"European Commission, EU spending and revenue 2000-2024 workbook (published 25 Sep 2025)",2026-08-04
IRL,Ireland,BUDGET.GNI,Gross national income (European Commission definition),EUR million,2007,170923.0,"European Commission, EU spending and revenue 2000-2024 workbook (published 25 Sep 2025)",2026-08-04
GRC,Greece,BUDGET.GNI,Gross national income (European Commission definition),EUR million,2007,226583.77,"European Commission, EU spending and revenue 2000-2024 workbook (published 25 Sep 2025)",2026-08-04
ESP,Spain,BUDGET.GNI,Gross national income (European Commission definition),EUR million,2007,1054673.0,"European Commission, EU spending and revenue 2000-2024 workbook (published 25 Sep 2025)",2026-08-04
FRA,France,BUDGET.GNI,Gross national income (European Commission definition),EUR million,2007,1986162.7,"European Commission, EU spending and revenue 2000-2024 workbook (published 25 Sep 2025)",2026-08-04
ITA,Italy,BUDGET.GNI,Gross national income (European Commission definition),EUR million,2007,1611053.231,"European Commission, EU spending and revenue 2000-2024 workbook (published 25 Sep 2025)",2026-08-04
CYP,Cyprus,BUDGET.GNI,Gross national income (European Commission definition),EUR million,2007,16288.6848,"European Commission, EU spending and revenue 2000-2024 workbook (published 25 Sep 2025)",2026-08-04
LVA,Latvia,BUDGET.GNI,Gross national income (European Commission definition),EUR million,2007,21947.8729,"European Commission, EU spending and revenue 2000-2024 workbook (published 25 Sep 2025)",2026-08-04
LTU,Lithuania,BUDGET.GNI,Gross national income (European Commission definition),EUR million,2007,27947.259,"European Commission, EU spending and revenue 2000-2024 workbook (published 25 Sep 2025)",2026-08-04
LUX,Luxembourg,BUDGET.GNI,Gross national income (European Commission definition),EUR million,2007,29176.5,"European Commission, EU spending and revenue 2000-2024 workbook (published 25 Sep 2025)",2026-08-04
HUN,Hungary,BUDGET.GNI,Gross national income (European Commission definition),EUR million,2007,94625.7428,"European Commission, EU spending and revenue 2000-2024 workbook (published 25 Sep 2025)",2026-08-04
MLT,Malta,BUDGET.GNI,Gross national income (European Commission definition),EUR million,2007,5600.697,"European Commission, EU spending and revenue 2000-2024 workbook (published 25 Sep 2025)",2026-08-04
NLD,Netherlands,BUDGET.GNI,Gross national income (European Commission definition),EUR million,2007,612501.0,"European Commission, EU spending and revenue 2000-2024 workbook (published 25 Sep 2025)",2026-08-04
AUT,Austria,BUDGET.GNI,Gross national income (European Commission definition),EUR million,2007,281791.1,"European Commission, EU spending and revenue 2000-2024 workbook (published 25 Sep 2025)",2026-08-04
POL,Poland,BUDGET.GNI,Gross national income (European Commission definition),EUR million,2007,302543.9138,"European Commission, EU spending and revenue 2000-2024 workbook (published 25 Sep 2025)",2026-08-04
PRT,Portugal,BUDGET.GNI,Gross national income (European Commission definition),EUR million,2007,169874.2,"European Commission, EU spending and revenue 2000-2024 workbook (published 25 Sep 2025)",2026-08-04
ROU,Romania,BUDGET.GNI,Gross national income (European Commission definition),EUR million,2007,120928.4449,"European Commission, EU spending and revenue 2000-2024 workbook (published 25 Sep 2025)",2026-08-04
SVN,Slovenia,BUDGET.GNI,Gross national income (European Commission definition),EUR million,2007,34515.78,"European Commission, EU spending and revenue 2000-2024 workbook (published 25 Sep 2025)",2026-08-04
SVK,Slovakia,BUDGET.GNI,Gross national income (European Commission definition),EUR million,2007,54460.7615,"European Commission, EU spending and revenue 2000-2024 workbook (published 25 Sep 2025)",2026-08-04
FIN,Finland,BUDGET.GNI,Gross national income (European Commission definition),EUR million,2007,187173.0,"European Commission, EU spending and revenue 2000-2024 workbook (published 25 Sep 2025)",2026-08-04
SWE,Sweden,BUDGET.GNI,Gross national income (European Commission definition),EUR million,2007,369097.0097,"European Commission, EU spending and revenue 2000-2024 workbook (published 25 Sep 2025)",2026-08-04
GBR,United Kingdom,BUDGET.GNI,Gross national income (European Commission definition),EUR million,2007,2184633.4071,"European Commission, EU spending and revenue 2000-2024 workbook (published 25 Sep 2025)",2026-08-04
HRV,Croatia,BUDGET.GNI,Gross national income (European Commission definition),EUR million,2007,42978.9263,"European Commission, EU spending and revenue 2000-2024 workbook (published 25 Sep 2025)",2026-08-04
BEL,Belgium,BUDGET.ADMIN,EU administrative expenditure allocated to the member state,EUR million,2007,3694.1326,"European Commission, EU spending and revenue 2000-2024 workbook (published 25 Sep 2025)",2026-08-04
BGR,Bulgaria,BUDGET.ADMIN,EU administrative expenditure allocated to the member state,EUR million,2007,12.1697,"European Commission, EU spending and revenue 2000-2024 workbook (published 25 Sep 2025)",2026-08-04
CZE,Czechia,BUDGET.ADMIN,EU administrative expenditure allocated to the member state,EUR million,2007,15.077,"European Commission, EU spending and revenue 2000-2024 workbook (published 25 Sep 2025)",2026-08-04
DNK,Denmark,BUDGET.ADMIN,EU administrative expenditure allocated to the member state,EUR million,2007,47.5592,"European Commission, EU spending and revenue 2000-2024 workbook (published 25 Sep 2025)",2026-08-04
DEU,Germany,BUDGET.ADMIN,EU administrative expenditure allocated to the member state,EUR million,2007,167.1525,"European Commission, EU spending and revenue 2000-2024 workbook (published 25 Sep 2025)",2026-08-04
EST,Estonia,BUDGET.ADMIN,EU administrative expenditure allocated to the member state,EUR million,2007,8.6257,"European Commission, EU spending and revenue 2000-2024 workbook (published 25 Sep 2025)",2026-08-04
IRL,Ireland,BUDGET.ADMIN,EU administrative expenditure allocated to the member state,EUR million,2007,41.697,"European Commission, EU spending and revenue 2000-2024 workbook (published 25 Sep 2025)",2026-08-04
GRC,Greece,BUDGET.ADMIN,EU administrative expenditure allocated to the member state,EUR million,2007,29.1623,"European Commission, EU spending and revenue 2000-2024 workbook (published 25 Sep 2025)",2026-08-04
ESP,Spain,BUDGET.ADMIN,EU administrative expenditure allocated to the member state,EUR million,2007,67.7995,"European Commission, EU spending and revenue 2000-2024 workbook (published 25 Sep 2025)",2026-08-04
FRA,France,BUDGET.ADMIN,EU administrative expenditure allocated to the member state,EUR million,2007,270.6295,"European Commission, EU spending and revenue 2000-2024 workbook (published 25 Sep 2025)",2026-08-04
ITA,Italy,BUDGET.ADMIN,EU administrative expenditure allocated to the member state,EUR million,2007,229.3716,"European Commission, EU spending and revenue 2000-2024 workbook (published 25 Sep 2025)",2026-08-04
CYP,Cyprus,BUDGET.ADMIN,EU administrative expenditure allocated to the member state,EUR million,2007,5.7476,"European Commission, EU spending and revenue 2000-2024 workbook (published 25 Sep 2025)",2026-08-04
LVA,Latvia,BUDGET.ADMIN,EU administrative expenditure allocated to the member state,EUR million,2007,7.6777,"European Commission, EU spending and revenue 2000-2024 workbook (published 25 Sep 2025)",2026-08-04
LTU,Lithuania,BUDGET.ADMIN,EU administrative expenditure allocated to the member state,EUR million,2007,11.0936,"European Commission, EU spending and revenue 2000-2024 workbook (published 25 Sep 2025)",2026-08-04
LUX,Luxembourg,BUDGET.ADMIN,EU administrative expenditure allocated to the member state,EUR million,2007,1102.0702,"European Commission, EU spending and revenue 2000-2024 workbook (published 25 Sep 2025)",2026-08-04
HUN,Hungary,BUDGET.ADMIN,EU administrative expenditure allocated to the member state,EUR million,2007,15.3676,"European Commission, EU spending and revenue 2000-2024 workbook (published 25 Sep 2025)",2026-08-04
MLT,Malta,BUDGET.ADMIN,EU administrative expenditure allocated to the member state,EUR million,2007,13.238,"European Commission, EU spending and revenue 2000-2024 workbook (published 25 Sep 2025)",2026-08-04
NLD,Netherlands,BUDGET.ADMIN,EU administrative expenditure allocated to the member state,EUR million,2007,77.6985,"European Commission, EU spending and revenue 2000-2024 workbook (published 25 Sep 2025)",2026-08-04
AUT,Austria,BUDGET.ADMIN,EU administrative expenditure allocated to the member state,EUR million,2007,20.0002,"European Commission, EU spending and revenue 2000-2024 workbook (published 25 Sep 2025)",2026-08-04
POL,Poland,BUDGET.ADMIN,EU administrative expenditure allocated to the member state,EUR million,2007,27.2257,"European Commission, EU spending and revenue 2000-2024 workbook (published 25 Sep 2025)",2026-08-04
PRT,Portugal,BUDGET.ADMIN,EU administrative expenditure allocated to the member state,EUR million,2007,24.8452,"European Commission, EU spending and revenue 2000-2024 workbook (published 25 Sep 2025)",2026-08-04
ROU,Romania,BUDGET.ADMIN,EU administrative expenditure allocated to the member state,EUR million,2007,18.7595,"European Commission, EU spending and revenue 2000-2024 workbook (published 25 Sep 2025)",2026-08-04
SVN,Slovenia,BUDGET.ADMIN,EU administrative expenditure allocated to the member state,EUR million,2007,7.5372,"European Commission, EU spending and revenue 2000-2024 workbook (published 25 Sep 2025)",2026-08-04
SVK,Slovakia,BUDGET.ADMIN,EU administrative expenditure allocated to the member state,EUR million,2007,9.5714,"European Commission, EU spending and revenue 2000-2024 workbook (published 25 Sep 2025)",2026-08-04
FIN,Finland,BUDGET.ADMIN,EU administrative expenditure allocated to the member state,EUR million,2007,23.0864,"European Commission, EU spending and revenue 2000-2024 workbook (published 25 Sep 2025)",2026-08-04
SWE,Sweden,BUDGET.ADMIN,EU administrative expenditure allocated to the member state,EUR million,2007,24.003,"European Commission, EU spending and revenue 2000-2024 workbook (published 25 Sep 2025)",2026-08-04
GBR,United Kingdom,BUDGET.ADMIN,EU administrative expenditure allocated to the member state,EUR million,2007,140.5408,"European Commission, EU spending and revenue 2000-2024 workbook (published 25 Sep 2025)",2026-08-04
HRV,Croatia,BUDGET.ADMIN,EU administrative expenditure allocated to the member state,EUR million,2007,1.1869,"European Commission, EU spending and revenue 2000-2024 workbook (published 25 Sep 2025)",2026-08-04
BEL,Belgium,BUDGET.CUSTOMS,Customs duties collected for the EU budget (traditional own resources),EUR million,2007,2230.3909,"European Commission, EU spending and revenue 2000-2024 workbook (published 25 Sep 2025)",2026-08-04
BGR,Bulgaria,BUDGET.CUSTOMS,Customs duties collected for the EU budget (traditional own resources),EUR million,2007,62.0815,"European Commission, EU spending and revenue 2000-2024 workbook (published 25 Sep 2025)",2026-08-04
CZE,Czechia,BUDGET.CUSTOMS,Customs duties collected for the EU budget (traditional own resources),EUR million,2007,223.0703,"European Commission, EU spending and revenue 2000-2024 workbook (published 25 Sep 2025)",2026-08-04
DNK,Denmark,BUDGET.CUSTOMS,Customs duties collected for the EU budget (traditional own resources),EUR million,2007,396.8154,"European Commission, EU spending and revenue 2000-2024 workbook (published 25 Sep 2025)",2026-08-04
DEU,Germany,BUDGET.CUSTOMS,Customs duties collected for the EU budget (traditional own resources),EUR million,2007,3967.8013,"European Commission, EU spending and revenue 2000-2024 workbook (published 25 Sep 2025)",2026-08-04
EST,Estonia,BUDGET.CUSTOMS,Customs duties collected for the EU budget (traditional own resources),EUR million,2007,33.028,"European Commission, EU spending and revenue 2000-2024 workbook (published 25 Sep 2025)",2026-08-04
IRL,Ireland,BUDGET.CUSTOMS,Customs duties collected for the EU budget (traditional own resources),EUR million,2007,290.4451,"European Commission, EU spending and revenue 2000-2024 workbook (published 25 Sep 2025)",2026-08-04
GRC,Greece,BUDGET.CUSTOMS,Customs duties collected for the EU budget (traditional own resources),EUR million,2007,296.214,"European Commission, EU spending and revenue 2000-2024 workbook (published 25 Sep 2025)",2026-08-04
ESP,Spain,BUDGET.CUSTOMS,Customs duties collected for the EU budget (traditional own resources),EUR million,2007,1671.1918,"European Commission, EU spending and revenue 2000-2024 workbook (published 25 Sep 2025)",2026-08-04
FRA,France,BUDGET.CUSTOMS,Customs duties collected for the EU budget (traditional own resources),EUR million,2007,1651.2801,"European Commission, EU spending and revenue 2000-2024 workbook (published 25 Sep 2025)",2026-08-04
ITA,Italy,BUDGET.CUSTOMS,Customs duties collected for the EU budget (traditional own resources),EUR million,2007,2056.8086,"European Commission, EU spending and revenue 2000-2024 workbook (published 25 Sep 2025)",2026-08-04
CYP,Cyprus,BUDGET.CUSTOMS,Customs duties collected for the EU budget (traditional own resources),EUR million,2007,46.3495,"European Commission, EU spending and revenue 2000-2024 workbook (published 25 Sep 2025)",2026-08-04
LVA,Latvia,BUDGET.CUSTOMS,Customs duties collected for the EU budget (traditional own resources),EUR million,2007,37.0062,"European Commission, EU spending and revenue 2000-2024 workbook (published 25 Sep 2025)",2026-08-04
LTU,Lithuania,BUDGET.CUSTOMS,Customs duties collected for the EU budget (traditional own resources),EUR million,2007,56.5242,"European Commission, EU spending and revenue 2000-2024 workbook (published 25 Sep 2025)",2026-08-04
LUX,Luxembourg,BUDGET.CUSTOMS,Customs duties collected for the EU budget (traditional own resources),EUR million,2007,24.6934,"European Commission, EU spending and revenue 2000-2024 workbook (published 25 Sep 2025)",2026-08-04
HUN,Hungary,BUDGET.CUSTOMS,Customs duties collected for the EU budget (traditional own resources),EUR million,2007,141.3362,"European Commission, EU spending and revenue 2000-2024 workbook (published 25 Sep 2025)",2026-08-04
MLT,Malta,BUDGET.CUSTOMS,Customs duties collected for the EU budget (traditional own resources),EUR million,2007,13.2002,"European Commission, EU spending and revenue 2000-2024 workbook (published 25 Sep 2025)",2026-08-04
NLD,Netherlands,BUDGET.CUSTOMS,Customs duties collected for the EU budget (traditional own resources),EUR million,2007,2161.4773,"European Commission, EU spending and revenue 2000-2024 workbook (published 25 Sep 2025)",2026-08-04
AUT,Austria,BUDGET.CUSTOMS,Customs duties collected for the EU budget (traditional own resources),EUR million,2007,267.4616,"European Commission, EU spending and revenue 2000-2024 workbook (published 25 Sep 2025)",2026-08-04
POL,Poland,BUDGET.CUSTOMS,Customs duties collected for the EU budget (traditional own resources),EUR million,2007,399.6859,"European Commission, EU spending and revenue 2000-2024 workbook (published 25 Sep 2025)",2026-08-04
PRT,Portugal,BUDGET.CUSTOMS,Customs duties collected for the EU budget (traditional own resources),EUR million,2007,154.4983,"European Commission, EU spending and revenue 2000-2024 workbook (published 25 Sep 2025)",2026-08-04
ROU,Romania,BUDGET.CUSTOMS,Customs duties collected for the EU budget (traditional own resources),EUR million,2007,172.9784,"European Commission, EU spending and revenue 2000-2024 workbook (published 25 Sep 2025)",2026-08-04
SVN,Slovenia,BUDGET.CUSTOMS,Customs duties collected for the EU budget (traditional own resources),EUR million,2007,109.6016,"European Commission, EU spending and revenue 2000-2024 workbook (published 25 Sep 2025)",2026-08-04
SVK,Slovakia,BUDGET.CUSTOMS,Customs duties collected for the EU budget (traditional own resources),EUR million,2007,115.4527,"European Commission, EU spending and revenue 2000-2024 workbook (published 25 Sep 2025)",2026-08-04
FIN,Finland,BUDGET.CUSTOMS,Customs duties collected for the EU budget (traditional own resources),EUR million,2007,187.8423,"European Commission, EU spending and revenue 2000-2024 workbook (published 25 Sep 2025)",2026-08-04
SWE,Sweden,BUDGET.CUSTOMS,Customs duties collected for the EU budget (traditional own resources),EUR million,2007,555.7926,"European Commission, EU spending and revenue 2000-2024 workbook (published 25 Sep 2025)",2026-08-04
GBR,United Kingdom,BUDGET.CUSTOMS,Customs duties collected for the EU budget (traditional own resources),EUR million,2007,2943.1962,"European Commission, EU spending and revenue 2000-2024 workbook (published 25 Sep 2025)",2026-08-04
HRV,Croatia,BUDGET.CUSTOMS,Customs duties collected for the EU budget (traditional own resources),EUR million,2007,0.0,"European Commission, EU spending and revenue 2000-2024 workbook (published 25 Sep 2025)",2026-08-04
BEL,Belgium,BUDGET.EXPEND,EU expenditure allocated to the member state,EUR million,2008,6107.5577,"European Commission, EU spending and revenue 2000-2024 workbook (published 25 Sep 2025)",2026-08-04
BGR,Bulgaria,BUDGET.EXPEND,EU expenditure allocated to the member state,EUR million,2008,971.574,"European Commission, EU spending and revenue 2000-2024 workbook (published 25 Sep 2025)",2026-08-04
CZE,Czechia,BUDGET.EXPEND,EU expenditure allocated to the member state,EUR million,2008,2441.1018,"European Commission, EU spending and revenue 2000-2024 workbook (published 25 Sep 2025)",2026-08-04
DNK,Denmark,BUDGET.EXPEND,EU expenditure allocated to the member state,EUR million,2008,1557.1988,"European Commission, EU spending and revenue 2000-2024 workbook (published 25 Sep 2025)",2026-08-04
DEU,Germany,BUDGET.EXPEND,EU expenditure allocated to the member state,EUR million,2008,11193.7797,"European Commission, EU spending and revenue 2000-2024 workbook (published 25 Sep 2025)",2026-08-04
EST,Estonia,BUDGET.EXPEND,EU expenditure allocated to the member state,EUR million,2008,368.3299,"European Commission, EU spending and revenue 2000-2024 workbook (published 25 Sep 2025)",2026-08-04
IRL,Ireland,BUDGET.EXPEND,EU expenditure allocated to the member state,EUR million,2008,2051.6277,"European Commission, EU spending and revenue 2000-2024 workbook (published 25 Sep 2025)",2026-08-04
GRC,Greece,BUDGET.EXPEND,EU expenditure allocated to the member state,EUR million,2008,8513.9959,"European Commission, EU spending and revenue 2000-2024 workbook (published 25 Sep 2025)",2026-08-04
ESP,Spain,BUDGET.EXPEND,EU expenditure allocated to the member state,EUR million,2008,12093.8354,"European Commission, EU spending and revenue 2000-2024 workbook (published 25 Sep 2025)",2026-08-04
FRA,France,BUDGET.EXPEND,EU expenditure allocated to the member state,EUR million,2008,13721.8256,"European Commission, EU spending and revenue 2000-2024 workbook (published 25 Sep 2025)",2026-08-04
ITA,Italy,BUDGET.EXPEND,EU expenditure allocated to the member state,EUR million,2008,10306.4401,"European Commission, EU spending and revenue 2000-2024 workbook (published 25 Sep 2025)",2026-08-04
CYP,Cyprus,BUDGET.EXPEND,EU expenditure allocated to the member state,EUR million,2008,130.0909,"European Commission, EU spending and revenue 2000-2024 workbook (published 25 Sep 2025)",2026-08-04
LVA,Latvia,BUDGET.EXPEND,EU expenditure allocated to the member state,EUR million,2008,610.4397,"European Commission, EU spending and revenue 2000-2024 workbook (published 25 Sep 2025)",2026-08-04
LTU,Lithuania,BUDGET.EXPEND,EU expenditure allocated to the member state,EUR million,2008,1134.4647,"European Commission, EU spending and revenue 2000-2024 workbook (published 25 Sep 2025)",2026-08-04
LUX,Luxembourg,BUDGET.EXPEND,EU expenditure allocated to the member state,EUR million,2008,1409.7591,"European Commission, EU spending and revenue 2000-2024 workbook (published 25 Sep 2025)",2026-08-04
HUN,Hungary,BUDGET.EXPEND,EU expenditure allocated to the member state,EUR million,2008,2002.6269,"European Commission, EU spending and revenue 2000-2024 workbook (published 25 Sep 2025)",2026-08-04
MLT,Malta,BUDGET.EXPEND,EU expenditure allocated to the member state,EUR million,2008,87.3943,"European Commission, EU spending and revenue 2000-2024 workbook (published 25 Sep 2025)",2026-08-04
NLD,Netherlands,BUDGET.EXPEND,EU expenditure allocated to the member state,EUR million,2008,2267.0387,"European Commission, EU spending and revenue 2000-2024 workbook (published 25 Sep 2025)",2026-08-04
AUT,Austria,BUDGET.EXPEND,EU expenditure allocated to the member state,EUR million,2008,1777.3416,"European Commission, EU spending and revenue 2000-2024 workbook (published 25 Sep 2025)",2026-08-04
POL,Poland,BUDGET.EXPEND,EU expenditure allocated to the member state,EUR million,2008,7639.4569,"European Commission, EU spending and revenue 2000-2024 workbook (published 25 Sep 2025)",2026-08-04
PRT,Portugal,BUDGET.EXPEND,EU expenditure allocated to the member state,EUR million,2008,4116.5769,"European Commission, EU spending and revenue 2000-2024 workbook (published 25 Sep 2025)",2026-08-04
ROU,Romania,BUDGET.EXPEND,EU expenditure allocated to the member state,EUR million,2008,2666.1684,"European Commission, EU spending and revenue 2000-2024 workbook (published 25 Sep 2025)",2026-08-04
SVN,Slovenia,BUDGET.EXPEND,EU expenditure allocated to the member state,EUR million,2008,456.4403,"European Commission, EU spending and revenue 2000-2024 workbook (published 25 Sep 2025)",2026-08-04
SVK,Slovakia,BUDGET.EXPEND,EU expenditure allocated to the member state,EUR million,2008,1241.7762,"European Commission, EU spending and revenue 2000-2024 workbook (published 25 Sep 2025)",2026-08-04
FIN,Finland,BUDGET.EXPEND,EU expenditure allocated to the member state,EUR million,2008,1321.2792,"European Commission, EU spending and revenue 2000-2024 workbook (published 25 Sep 2025)",2026-08-04
SWE,Sweden,BUDGET.EXPEND,EU expenditure allocated to the member state,EUR million,2008,1464.0062,"European Commission, EU spending and revenue 2000-2024 workbook (published 25 Sep 2025)",2026-08-04
GBR,United Kingdom,BUDGET.EXPEND,EU expenditure allocated to the member state,EUR million,2008,7309.8951,"European Commission, EU spending and revenue 2000-2024 workbook (published 25 Sep 2025)",2026-08-04
HRV,Croatia,BUDGET.EXPEND,EU expenditure allocated to the member state,EUR million,2008,135.1459,"European Commission, EU spending and revenue 2000-2024 workbook (published 25 Sep 2025)",2026-08-04
BEL,Belgium,BUDGET.CONTRIB,National contributions to the EU budget (excludes customs duties),EUR million,2008,2810.8211,"European Commission, EU spending and revenue 2000-2024 workbook (published 25 Sep 2025)",2026-08-04
BGR,Bulgaria,BUDGET.CONTRIB,National contributions to the EU budget (excludes customs duties),EUR million,2008,277.3966,"European Commission, EU spending and revenue 2000-2024 workbook (published 25 Sep 2025)",2026-08-04
CZE,Czechia,BUDGET.CONTRIB,National contributions to the EU budget (excludes customs duties),EUR million,2008,1189.074,"European Commission, EU spending and revenue 2000-2024 workbook (published 25 Sep 2025)",2026-08-04
DNK,Denmark,BUDGET.CONTRIB,National contributions to the EU budget (excludes customs duties),EUR million,2008,1957.5798,"European Commission, EU spending and revenue 2000-2024 workbook (published 25 Sep 2025)",2026-08-04
DEU,Germany,BUDGET.CONTRIB,National contributions to the EU budget (excludes customs duties),EUR million,2008,18878.2998,"European Commission, EU spending and revenue 2000-2024 workbook (published 25 Sep 2025)",2026-08-04
EST,Estonia,BUDGET.CONTRIB,National contributions to the EU budget (excludes customs duties),EUR million,2008,127.3338,"European Commission, EU spending and revenue 2000-2024 workbook (published 25 Sep 2025)",2026-08-04
IRL,Ireland,BUDGET.CONTRIB,National contributions to the EU budget (excludes customs duties),EUR million,2008,1375.5168,"European Commission, EU spending and revenue 2000-2024 workbook (published 25 Sep 2025)",2026-08-04
GRC,Greece,BUDGET.CONTRIB,National contributions to the EU budget (excludes customs duties),EUR million,2008,2097.3431,"European Commission, EU spending and revenue 2000-2024 workbook (published 25 Sep 2025)",2026-08-04
ESP,Spain,BUDGET.CONTRIB,National contributions to the EU budget (excludes customs duties),EUR million,2008,8776.3886,"European Commission, EU spending and revenue 2000-2024 workbook (published 25 Sep 2025)",2026-08-04
FRA,France,BUDGET.CONTRIB,National contributions to the EU budget (excludes customs duties),EUR million,2008,16456.5352,"European Commission, EU spending and revenue 2000-2024 workbook (published 25 Sep 2025)",2026-08-04
ITA,Italy,BUDGET.CONTRIB,National contributions to the EU budget (excludes customs duties),EUR million,2008,13495.8915,"European Commission, EU spending and revenue 2000-2024 workbook (published 25 Sep 2025)",2026-08-04
CYP,Cyprus,BUDGET.CONTRIB,National contributions to the EU budget (excludes customs duties),EUR million,2008,134.8313,"European Commission, EU spending and revenue 2000-2024 workbook (published 25 Sep 2025)",2026-08-04
LVA,Latvia,BUDGET.CONTRIB,National contributions to the EU budget (excludes customs duties),EUR million,2008,186.5236,"European Commission, EU spending and revenue 2000-2024 workbook (published 25 Sep 2025)",2026-08-04
LTU,Lithuania,BUDGET.CONTRIB,National contributions to the EU budget (excludes customs duties),EUR million,2008,269.1529,"European Commission, EU spending and revenue 2000-2024 workbook (published 25 Sep 2025)",2026-08-04
LUX,Luxembourg,BUDGET.CONTRIB,National contributions to the EU budget (excludes customs duties),EUR million,2008,244.6072,"European Commission, EU spending and revenue 2000-2024 workbook (published 25 Sep 2025)",2026-08-04
HUN,Hungary,BUDGET.CONTRIB,National contributions to the EU budget (excludes customs duties),EUR million,2008,833.715,"European Commission, EU spending and revenue 2000-2024 workbook (published 25 Sep 2025)",2026-08-04
MLT,Malta,BUDGET.CONTRIB,National contributions to the EU budget (excludes customs duties),EUR million,2008,47.4887,"European Commission, EU spending and revenue 2000-2024 workbook (published 25 Sep 2025)",2026-08-04
NLD,Netherlands,BUDGET.CONTRIB,National contributions to the EU budget (excludes customs duties),EUR million,2008,4635.8858,"European Commission, EU spending and revenue 2000-2024 workbook (published 25 Sep 2025)",2026-08-04
AUT,Austria,BUDGET.CONTRIB,National contributions to the EU budget (excludes customs duties),EUR million,2008,1992.83,"European Commission, EU spending and revenue 2000-2024 workbook (published 25 Sep 2025)",2026-08-04
POL,Poland,BUDGET.CONTRIB,National contributions to the EU budget (excludes customs duties),EUR million,2008,3021.8961,"European Commission, EU spending and revenue 2000-2024 workbook (published 25 Sep 2025)",2026-08-04
PRT,Portugal,BUDGET.CONTRIB,National contributions to the EU budget (excludes customs duties),EUR million,2008,1331.7472,"European Commission, EU spending and revenue 2000-2024 workbook (published 25 Sep 2025)",2026-08-04
ROU,Romania,BUDGET.CONTRIB,National contributions to the EU budget (excludes customs duties),EUR million,2008,1017.742,"European Commission, EU spending and revenue 2000-2024 workbook (published 25 Sep 2025)",2026-08-04
SVN,Slovenia,BUDGET.CONTRIB,National contributions to the EU budget (excludes customs duties),EUR million,2008,318.526,"European Commission, EU spending and revenue 2000-2024 workbook (published 25 Sep 2025)",2026-08-04
SVK,Slovakia,BUDGET.CONTRIB,National contributions to the EU budget (excludes customs duties),EUR million,2008,483.2336,"European Commission, EU spending and revenue 2000-2024 workbook (published 25 Sep 2025)",2026-08-04
FIN,Finland,BUDGET.CONTRIB,National contributions to the EU budget (excludes customs duties),EUR million,2008,1543.3278,"European Commission, EU spending and revenue 2000-2024 workbook (published 25 Sep 2025)",2026-08-04
SWE,Sweden,BUDGET.CONTRIB,National contributions to the EU budget (excludes customs duties),EUR million,2008,2768.7218,"European Commission, EU spending and revenue 2000-2024 workbook (published 25 Sep 2025)",2026-08-04
GBR,United Kingdom,BUDGET.CONTRIB,National contributions to the EU budget (excludes customs duties),EUR million,2008,7613.8085,"European Commission, EU spending and revenue 2000-2024 workbook (published 25 Sep 2025)",2026-08-04
HRV,Croatia,BUDGET.CONTRIB,National contributions to the EU budget (excludes customs duties),EUR million,2008,0.0,"European Commission, EU spending and revenue 2000-2024 workbook (published 25 Sep 2025)",2026-08-04
BEL,Belgium,BUDGET.GNI,Gross national income (European Commission definition),EUR million,2008,361286.9,"European Commission, EU spending and revenue 2000-2024 workbook (published 25 Sep 2025)",2026-08-04
BGR,Bulgaria,BUDGET.GNI,Gross national income (European Commission definition),EUR million,2008,34812.9425,"European Commission, EU spending and revenue 2000-2024 workbook (published 25 Sep 2025)",2026-08-04
CZE,Czechia,BUDGET.GNI,Gross national income (European Commission definition),EUR million,2008,150514.9674,"European Commission, EU spending and revenue 2000-2024 workbook (published 25 Sep 2025)",2026-08-04
DNK,Denmark,BUDGET.GNI,Gross national income (European Commission definition),EUR million,2008,243781.9908,"European Commission, EU spending and revenue 2000-2024 workbook (published 25 Sep 2025)",2026-08-04
DEU,Germany,BUDGET.GNI,Gross national income (European Commission definition),EUR million,2008,2589361.0,"European Commission, EU spending and revenue 2000-2024 workbook (published 25 Sep 2025)",2026-08-04
EST,Estonia,BUDGET.GNI,Gross national income (European Commission definition),EUR million,2008,15617.4427,"European Commission, EU spending and revenue 2000-2024 workbook (published 25 Sep 2025)",2026-08-04
IRL,Ireland,BUDGET.GNI,Gross national income (European Commission definition),EUR million,2008,162584.0,"European Commission, EU spending and revenue 2000-2024 workbook (published 25 Sep 2025)",2026-08-04
GRC,Greece,BUDGET.GNI,Gross national income (European Commission definition),EUR million,2008,234433.72,"European Commission, EU spending and revenue 2000-2024 workbook (published 25 Sep 2025)",2026-08-04
ESP,Spain,BUDGET.GNI,Gross national income (European Commission definition),EUR million,2008,1086251.0,"European Commission, EU spending and revenue 2000-2024 workbook (published 25 Sep 2025)",2026-08-04
FRA,France,BUDGET.GNI,Gross national income (European Commission definition),EUR million,2008,2038461.5,"European Commission, EU spending and revenue 2000-2024 workbook (published 25 Sep 2025)",2026-08-04
ITA,Italy,BUDGET.GNI,Gross national income (European Commission definition),EUR million,2008,1617650.932,"European Commission, EU spending and revenue 2000-2024 workbook (published 25 Sep 2025)",2026-08-04
CYP,Cyprus,BUDGET.GNI,Gross national income (European Commission definition),EUR million,2008,18361.59,"European Commission, EU spending and revenue 2000-2024 workbook (published 25 Sep 2025)",2026-08-04
LVA,Latvia,BUDGET.GNI,Gross national income (European Commission definition),EUR million,2008,24092.819,"European Commission, EU spending and revenue 2000-2024 workbook (published 25 Sep 2025)",2026-08-04
LTU,Lithuania,BUDGET.GNI,Gross national income (European Commission definition),EUR million,2008,31581.506,"European Commission, EU spending and revenue 2000-2024 workbook (published 25 Sep 2025)",2026-08-04
LUX,Luxembourg,BUDGET.GNI,Gross national income (European Commission definition),EUR million,2008,29775.1,"European Commission, EU spending and revenue 2000-2024 workbook (published 25 Sep 2025)",2026-08-04
HUN,Hungary,BUDGET.GNI,Gross national income (European Commission definition),EUR million,2008,100561.9931,"European Commission, EU spending and revenue 2000-2024 workbook (published 25 Sep 2025)",2026-08-04
MLT,Malta,BUDGET.GNI,Gross national income (European Commission definition),EUR million,2008,6032.59,"European Commission, EU spending and revenue 2000-2024 workbook (published 25 Sep 2025)",2026-08-04
NLD,Netherlands,BUDGET.GNI,Gross national income (European Commission definition),EUR million,2008,621903.0,"European Commission, EU spending and revenue 2000-2024 workbook (published 25 Sep 2025)",2026-08-04
AUT,Austria,BUDGET.GNI,Gross national income (European Commission definition),EUR million,2008,294059.0,"European Commission, EU spending and revenue 2000-2024 workbook (published 25 Sep 2025)",2026-08-04
POL,Poland,BUDGET.GNI,Gross national income (European Commission definition),EUR million,2008,356365.826,"European Commission, EU spending and revenue 2000-2024 workbook (published 25 Sep 2025)",2026-08-04
PRT,Portugal,BUDGET.GNI,Gross national income (European Commission definition),EUR million,2008,171909.84,"European Commission, EU spending and revenue 2000-2024 workbook (published 25 Sep 2025)",2026-08-04
ROU,Romania,BUDGET.GNI,Gross national income (European Commission definition),EUR million,2008,138344.0214,"European Commission, EU spending and revenue 2000-2024 workbook (published 25 Sep 2025)",2026-08-04
SVN,Slovenia,BUDGET.GNI,Gross national income (European Commission definition),EUR million,2008,37033.79,"European Commission, EU spending and revenue 2000-2024 workbook (published 25 Sep 2025)",2026-08-04
SVK,Slovakia,BUDGET.GNI,Gross national income (European Commission definition),EUR million,2008,64426.7859,"European Commission, EU spending and revenue 2000-2024 workbook (published 25 Sep 2025)",2026-08-04
FIN,Finland,BUDGET.GNI,Gross national income (European Commission definition),EUR million,2008,194073.0,"European Commission, EU spending and revenue 2000-2024 workbook (published 25 Sep 2025)",2026-08-04
SWE,Sweden,BUDGET.GNI,Gross national income (European Commission definition),EUR million,2008,366615.5932,"European Commission, EU spending and revenue 2000-2024 workbook (published 25 Sep 2025)",2026-08-04
GBR,United Kingdom,BUDGET.GNI,Gross national income (European Commission definition),EUR million,2008,1910436.3657,"European Commission, EU spending and revenue 2000-2024 workbook (published 25 Sep 2025)",2026-08-04
HRV,Croatia,BUDGET.GNI,Gross national income (European Commission definition),EUR million,2008,46737.239,"European Commission, EU spending and revenue 2000-2024 workbook (published 25 Sep 2025)",2026-08-04
BEL,Belgium,BUDGET.ADMIN,EU administrative expenditure allocated to the member state,EUR million,2008,3880.175,"European Commission, EU spending and revenue 2000-2024 workbook (published 25 Sep 2025)",2026-08-04
BGR,Bulgaria,BUDGET.ADMIN,EU administrative expenditure allocated to the member state,EUR million,2008,10.9908,"European Commission, EU spending and revenue 2000-2024 workbook (published 25 Sep 2025)",2026-08-04
CZE,Czechia,BUDGET.ADMIN,EU administrative expenditure allocated to the member state,EUR million,2008,15.9761,"European Commission, EU spending and revenue 2000-2024 workbook (published 25 Sep 2025)",2026-08-04
DNK,Denmark,BUDGET.ADMIN,EU administrative expenditure allocated to the member state,EUR million,2008,47.2206,"European Commission, EU spending and revenue 2000-2024 workbook (published 25 Sep 2025)",2026-08-04
DEU,Germany,BUDGET.ADMIN,EU administrative expenditure allocated to the member state,EUR million,2008,168.2495,"European Commission, EU spending and revenue 2000-2024 workbook (published 25 Sep 2025)",2026-08-04
EST,Estonia,BUDGET.ADMIN,EU administrative expenditure allocated to the member state,EUR million,2008,7.423,"European Commission, EU spending and revenue 2000-2024 workbook (published 25 Sep 2025)",2026-08-04
IRL,Ireland,BUDGET.ADMIN,EU administrative expenditure allocated to the member state,EUR million,2008,42.8206,"European Commission, EU spending and revenue 2000-2024 workbook (published 25 Sep 2025)",2026-08-04
GRC,Greece,BUDGET.ADMIN,EU administrative expenditure allocated to the member state,EUR million,2008,34.6013,"European Commission, EU spending and revenue 2000-2024 workbook (published 25 Sep 2025)",2026-08-04
ESP,Spain,BUDGET.ADMIN,EU administrative expenditure allocated to the member state,EUR million,2008,75.8292,"European Commission, EU spending and revenue 2000-2024 workbook (published 25 Sep 2025)",2026-08-04
FRA,France,BUDGET.ADMIN,EU administrative expenditure allocated to the member state,EUR million,2008,304.6356,"European Commission, EU spending and revenue 2000-2024 workbook (published 25 Sep 2025)",2026-08-04
ITA,Italy,BUDGET.ADMIN,EU administrative expenditure allocated to the member state,EUR million,2008,253.1349,"European Commission, EU spending and revenue 2000-2024 workbook (published 25 Sep 2025)",2026-08-04
CYP,Cyprus,BUDGET.ADMIN,EU administrative expenditure allocated to the member state,EUR million,2008,6.4261,"European Commission, EU spending and revenue 2000-2024 workbook (published 25 Sep 2025)",2026-08-04
LVA,Latvia,BUDGET.ADMIN,EU administrative expenditure allocated to the member state,EUR million,2008,7.8231,"European Commission, EU spending and revenue 2000-2024 workbook (published 25 Sep 2025)",2026-08-04
LTU,Lithuania,BUDGET.ADMIN,EU administrative expenditure allocated to the member state,EUR million,2008,9.5947,"European Commission, EU spending and revenue 2000-2024 workbook (published 25 Sep 2025)",2026-08-04
LUX,Luxembourg,BUDGET.ADMIN,EU administrative expenditure allocated to the member state,EUR million,2008,1175.3196,"European Commission, EU spending and revenue 2000-2024 workbook (published 25 Sep 2025)",2026-08-04
HUN,Hungary,BUDGET.ADMIN,EU administrative expenditure allocated to the member state,EUR million,2008,16.5164,"European Commission, EU spending and revenue 2000-2024 workbook (published 25 Sep 2025)",2026-08-04
MLT,Malta,BUDGET.ADMIN,EU administrative expenditure allocated to the member state,EUR million,2008,7.5503,"European Commission, EU spending and revenue 2000-2024 workbook (published 25 Sep 2025)",2026-08-04
NLD,Netherlands,BUDGET.ADMIN,EU administrative expenditure allocated to the member state,EUR million,2008,83.0074,"European Commission, EU spending and revenue 2000-2024 workbook (published 25 Sep 2025)",2026-08-04
AUT,Austria,BUDGET.ADMIN,EU administrative expenditure allocated to the member state,EUR million,2008,43.6511,"European Commission, EU spending and revenue 2000-2024 workbook (published 25 Sep 2025)",2026-08-04
POL,Poland,BUDGET.ADMIN,EU administrative expenditure allocated to the member state,EUR million,2008,28.3269,"European Commission, EU spending and revenue 2000-2024 workbook (published 25 Sep 2025)",2026-08-04
PRT,Portugal,BUDGET.ADMIN,EU administrative expenditure allocated to the member state,EUR million,2008,24.7077,"European Commission, EU spending and revenue 2000-2024 workbook (published 25 Sep 2025)",2026-08-04
ROU,Romania,BUDGET.ADMIN,EU administrative expenditure allocated to the member state,EUR million,2008,17.7696,"European Commission, EU spending and revenue 2000-2024 workbook (published 25 Sep 2025)",2026-08-04
SVN,Slovenia,BUDGET.ADMIN,EU administrative expenditure allocated to the member state,EUR million,2008,8.5753,"European Commission, EU spending and revenue 2000-2024 workbook (published 25 Sep 2025)",2026-08-04
SVK,Slovakia,BUDGET.ADMIN,EU administrative expenditure allocated to the member state,EUR million,2008,9.398,"European Commission, EU spending and revenue 2000-2024 workbook (published 25 Sep 2025)",2026-08-04
FIN,Finland,BUDGET.ADMIN,EU administrative expenditure allocated to the member state,EUR million,2008,21.137,"European Commission, EU spending and revenue 2000-2024 workbook (published 25 Sep 2025)",2026-08-04
SWE,Sweden,BUDGET.ADMIN,EU administrative expenditure allocated to the member state,EUR million,2008,23.2192,"European Commission, EU spending and revenue 2000-2024 workbook (published 25 Sep 2025)",2026-08-04
GBR,United Kingdom,BUDGET.ADMIN,EU administrative expenditure allocated to the member state,EUR million,2008,168.6705,"European Commission, EU spending and revenue 2000-2024 workbook (published 25 Sep 2025)",2026-08-04
HRV,Croatia,BUDGET.ADMIN,EU administrative expenditure allocated to the member state,EUR million,2008,1.2843,"European Commission, EU spending and revenue 2000-2024 workbook (published 25 Sep 2025)",2026-08-04
BEL,Belgium,BUDGET.CUSTOMS,Customs duties collected for the EU budget (traditional own resources),EUR million,2008,2345.4972,"European Commission, EU spending and revenue 2000-2024 workbook (published 25 Sep 2025)",2026-08-04
BGR,Bulgaria,BUDGET.CUSTOMS,Customs duties collected for the EU budget (traditional own resources),EUR million,2008,83.7024,"European Commission, EU spending and revenue 2000-2024 workbook (published 25 Sep 2025)",2026-08-04
CZE,Czechia,BUDGET.CUSTOMS,Customs duties collected for the EU budget (traditional own resources),EUR million,2008,259.5891,"European Commission, EU spending and revenue 2000-2024 workbook (published 25 Sep 2025)",2026-08-04
DNK,Denmark,BUDGET.CUSTOMS,Customs duties collected for the EU budget (traditional own resources),EUR million,2008,392.2173,"European Commission, EU spending and revenue 2000-2024 workbook (published 25 Sep 2025)",2026-08-04
DEU,Germany,BUDGET.CUSTOMS,Customs duties collected for the EU budget (traditional own resources),EUR million,2008,4018.1816,"European Commission, EU spending and revenue 2000-2024 workbook (published 25 Sep 2025)",2026-08-04
EST,Estonia,BUDGET.CUSTOMS,Customs duties collected for the EU budget (traditional own resources),EUR million,2008,32.4493,"European Commission, EU spending and revenue 2000-2024 workbook (published 25 Sep 2025)",2026-08-04
IRL,Ireland,BUDGET.CUSTOMS,Customs duties collected for the EU budget (traditional own resources),EUR million,2008,266.146,"European Commission, EU spending and revenue 2000-2024 workbook (published 25 Sep 2025)",2026-08-04
GRC,Greece,BUDGET.CUSTOMS,Customs duties collected for the EU budget (traditional own resources),EUR million,2008,298.443,"European Commission, EU spending and revenue 2000-2024 workbook (published 25 Sep 2025)",2026-08-04
ESP,Spain,BUDGET.CUSTOMS,Customs duties collected for the EU budget (traditional own resources),EUR million,2008,1548.2567,"European Commission, EU spending and revenue 2000-2024 workbook (published 25 Sep 2025)",2026-08-04
FRA,France,BUDGET.CUSTOMS,Customs duties collected for the EU budget (traditional own resources),EUR million,2008,1605.3223,"European Commission, EU spending and revenue 2000-2024 workbook (published 25 Sep 2025)",2026-08-04
ITA,Italy,BUDGET.CUSTOMS,Customs duties collected for the EU budget (traditional own resources),EUR million,2008,2039.5361,"European Commission, EU spending and revenue 2000-2024 workbook (published 25 Sep 2025)",2026-08-04
CYP,Cyprus,BUDGET.CUSTOMS,Customs duties collected for the EU budget (traditional own resources),EUR million,2008,48.0416,"European Commission, EU spending and revenue 2000-2024 workbook (published 25 Sep 2025)",2026-08-04
LVA,Latvia,BUDGET.CUSTOMS,Customs duties collected for the EU budget (traditional own resources),EUR million,2008,35.6014,"European Commission, EU spending and revenue 2000-2024 workbook (published 25 Sep 2025)",2026-08-04
LTU,Lithuania,BUDGET.CUSTOMS,Customs duties collected for the EU budget (traditional own resources),EUR million,2008,68.4492,"European Commission, EU spending and revenue 2000-2024 workbook (published 25 Sep 2025)",2026-08-04
LUX,Luxembourg,BUDGET.CUSTOMS,Customs duties collected for the EU budget (traditional own resources),EUR million,2008,18.8369,"European Commission, EU spending and revenue 2000-2024 workbook (published 25 Sep 2025)",2026-08-04
HUN,Hungary,BUDGET.CUSTOMS,Customs duties collected for the EU budget (traditional own resources),EUR million,2008,138.4908,"European Commission, EU spending and revenue 2000-2024 workbook (published 25 Sep 2025)",2026-08-04
MLT,Malta,BUDGET.CUSTOMS,Customs duties collected for the EU budget (traditional own resources),EUR million,2008,14.5679,"European Commission, EU spending and revenue 2000-2024 workbook (published 25 Sep 2025)",2026-08-04
NLD,Netherlands,BUDGET.CUSTOMS,Customs duties collected for the EU budget (traditional own resources),EUR million,2008,2349.5484,"European Commission, EU spending and revenue 2000-2024 workbook (published 25 Sep 2025)",2026-08-04
AUT,Austria,BUDGET.CUSTOMS,Customs duties collected for the EU budget (traditional own resources),EUR million,2008,247.1876,"European Commission, EU spending and revenue 2000-2024 workbook (published 25 Sep 2025)",2026-08-04
POL,Poland,BUDGET.CUSTOMS,Customs duties collected for the EU budget (traditional own resources),EUR million,2008,437.2496,"European Commission, EU spending and revenue 2000-2024 workbook (published 25 Sep 2025)",2026-08-04
PRT,Portugal,BUDGET.CUSTOMS,Customs duties collected for the EU budget (traditional own resources),EUR million,2008,159.1307,"European Commission, EU spending and revenue 2000-2024 workbook (published 25 Sep 2025)",2026-08-04
ROU,Romania,BUDGET.CUSTOMS,Customs duties collected for the EU budget (traditional own resources),EUR million,2008,210.4977,"European Commission, EU spending and revenue 2000-2024 workbook (published 25 Sep 2025)",2026-08-04
SVN,Slovenia,BUDGET.CUSTOMS,Customs duties collected for the EU budget (traditional own resources),EUR million,2008,118.3825,"European Commission, EU spending and revenue 2000-2024 workbook (published 25 Sep 2025)",2026-08-04
SVK,Slovakia,BUDGET.CUSTOMS,Customs duties collected for the EU budget (traditional own resources),EUR million,2008,140.3375,"European Commission, EU spending and revenue 2000-2024 workbook (published 25 Sep 2025)",2026-08-04
FIN,Finland,BUDGET.CUSTOMS,Customs duties collected for the EU budget (traditional own resources),EUR million,2008,215.0883,"European Commission, EU spending and revenue 2000-2024 workbook (published 25 Sep 2025)",2026-08-04
SWE,Sweden,BUDGET.CUSTOMS,Customs duties collected for the EU budget (traditional own resources),EUR million,2008,564.8838,"European Commission, EU spending and revenue 2000-2024 workbook (published 25 Sep 2025)",2026-08-04
GBR,United Kingdom,BUDGET.CUSTOMS,Customs duties collected for the EU budget (traditional own resources),EUR million,2008,2740.9251,"European Commission, EU spending and revenue 2000-2024 workbook (published 25 Sep 2025)",2026-08-04
HRV,Croatia,BUDGET.CUSTOMS,Customs duties collected for the EU budget (traditional own resources),EUR million,2008,0.0,"European Commission, EU spending and revenue 2000-2024 workbook (published 25 Sep 2025)",2026-08-04
BEL,Belgium,BUDGET.EXPEND,EU expenditure allocated to the member state,EUR million,2009,5629.3302,"European Commission, EU spending and revenue 2000-2024 workbook (published 25 Sep 2025)",2026-08-04
BGR,Bulgaria,BUDGET.EXPEND,EU expenditure allocated to the member state,EUR million,2009,978.6398,"European Commission, EU spending and revenue 2000-2024 workbook (published 25 Sep 2025)",2026-08-04
CZE,Czechia,BUDGET.EXPEND,EU expenditure allocated to the member state,EUR million,2009,2948.5722,"European Commission, EU spending and revenue 2000-2024 workbook (published 25 Sep 2025)",2026-08-04
DNK,Denmark,BUDGET.EXPEND,EU expenditure allocated to the member state,EUR million,2009,1327.9556,"European Commission, EU spending and revenue 2000-2024 workbook (published 25 Sep 2025)",2026-08-04
DEU,Germany,BUDGET.EXPEND,EU expenditure allocated to the member state,EUR million,2009,11713.273,"European Commission, EU spending and revenue 2000-2024 workbook (published 25 Sep 2025)",2026-08-04
EST,Estonia,BUDGET.EXPEND,EU expenditure allocated to the member state,EUR million,2009,716.4157,"European Commission, EU spending and revenue 2000-2024 workbook (published 25 Sep 2025)",2026-08-04
IRL,Ireland,BUDGET.EXPEND,EU expenditure allocated to the member state,EUR million,2009,1378.0211,"European Commission, EU spending and revenue 2000-2024 workbook (published 25 Sep 2025)",2026-08-04
GRC,Greece,BUDGET.EXPEND,EU expenditure allocated to the member state,EUR million,2009,5434.0269,"European Commission, EU spending and revenue 2000-2024 workbook (published 25 Sep 2025)",2026-08-04
ESP,Spain,BUDGET.EXPEND,EU expenditure allocated to the member state,EUR million,2009,11614.1969,"European Commission, EU spending and revenue 2000-2024 workbook (published 25 Sep 2025)",2026-08-04
FRA,France,BUDGET.EXPEND,EU expenditure allocated to the member state,EUR million,2009,13631.8944,"European Commission, EU spending and revenue 2000-2024 workbook (published 25 Sep 2025)",2026-08-04
ITA,Italy,BUDGET.EXPEND,EU expenditure allocated to the member state,EUR million,2009,9372.3074,"European Commission, EU spending and revenue 2000-2024 workbook (published 25 Sep 2025)",2026-08-04
CYP,Cyprus,BUDGET.EXPEND,EU expenditure allocated to the member state,EUR million,2009,172.3484,"European Commission, EU spending and revenue 2000-2024 workbook (published 25 Sep 2025)",2026-08-04
LVA,Latvia,BUDGET.EXPEND,EU expenditure allocated to the member state,EUR million,2009,710.3143,"European Commission, EU spending and revenue 2000-2024 workbook (published 25 Sep 2025)",2026-08-04
LTU,Lithuania,BUDGET.EXPEND,EU expenditure allocated to the member state,EUR million,2009,1790.3225,"European Commission, EU spending and revenue 2000-2024 workbook (published 25 Sep 2025)",2026-08-04
LUX,Luxembourg,BUDGET.EXPEND,EU expenditure allocated to the member state,EUR million,2009,1453.5555,"European Commission, EU spending and revenue 2000-2024 workbook (published 25 Sep 2025)",2026-08-04
HUN,Hungary,BUDGET.EXPEND,EU expenditure allocated to the member state,EUR million,2009,3568.6386,"European Commission, EU spending and revenue 2000-2024 workbook (published 25 Sep 2025)",2026-08-04
MLT,Malta,BUDGET.EXPEND,EU expenditure allocated to the member state,EUR million,2009,71.5075,"European Commission, EU spending and revenue 2000-2024 workbook (published 25 Sep 2025)",2026-08-04
NLD,Netherlands,BUDGET.EXPEND,EU expenditure allocated to the member state,EUR million,2009,1849.5177,"European Commission, EU spending and revenue 2000-2024 workbook (published 25 Sep 2025)",2026-08-04
AUT,Austria,BUDGET.EXPEND,EU expenditure allocated to the member state,EUR million,2009,1816.5884,"European Commission, EU spending and revenue 2000-2024 workbook (published 25 Sep 2025)",2026-08-04
POL,Poland,BUDGET.EXPEND,EU expenditure allocated to the member state,EUR million,2009,9252.9252,"European Commission, EU spending and revenue 2000-2024 workbook (published 25 Sep 2025)",2026-08-04
PRT,Portugal,BUDGET.EXPEND,EU expenditure allocated to the member state,EUR million,2009,3724.1401,"European Commission, EU spending and revenue 2000-2024 workbook (published 25 Sep 2025)",2026-08-04
ROU,Romania,BUDGET.EXPEND,EU expenditure allocated to the member state,EUR million,2009,2951.2182,"European Commission, EU spending and revenue 2000-2024 workbook (published 25 Sep 2025)",2026-08-04
SVN,Slovenia,BUDGET.EXPEND,EU expenditure allocated to the member state,EUR million,2009,616.348,"European Commission, EU spending and revenue 2000-2024 workbook (published 25 Sep 2025)",2026-08-04
SVK,Slovakia,BUDGET.EXPEND,EU expenditure allocated to the member state,EUR million,2009,1192.3881,"European Commission, EU spending and revenue 2000-2024 workbook (published 25 Sep 2025)",2026-08-04
FIN,Finland,BUDGET.EXPEND,EU expenditure allocated to the member state,EUR million,2009,1207.7844,"European Commission, EU spending and revenue 2000-2024 workbook (published 25 Sep 2025)",2026-08-04
SWE,Sweden,BUDGET.EXPEND,EU expenditure allocated to the member state,EUR million,2009,1451.8726,"European Commission, EU spending and revenue 2000-2024 workbook (published 25 Sep 2025)",2026-08-04
GBR,United Kingdom,BUDGET.EXPEND,EU expenditure allocated to the member state,EUR million,2009,6247.1102,"European Commission, EU spending and revenue 2000-2024 workbook (published 25 Sep 2025)",2026-08-04
HRV,Croatia,BUDGET.EXPEND,EU expenditure allocated to the member state,EUR million,2009,106.8478,"European Commission, EU spending and revenue 2000-2024 workbook (published 25 Sep 2025)",2026-08-04
BEL,Belgium,BUDGET.CONTRIB,National contributions to the EU budget (excludes customs duties),EUR million,2009,3238.4705,"European Commission, EU spending and revenue 2000-2024 workbook (published 25 Sep 2025)",2026-08-04
BGR,Bulgaria,BUDGET.CONTRIB,National contributions to the EU budget (excludes customs duties),EUR million,2009,336.6708,"European Commission, EU spending and revenue 2000-2024 workbook (published 25 Sep 2025)",2026-08-04
CZE,Czechia,BUDGET.CONTRIB,National contributions to the EU budget (excludes customs duties),EUR million,2009,1207.2961,"European Commission, EU spending and revenue 2000-2024 workbook (published 25 Sep 2025)",2026-08-04
DNK,Denmark,BUDGET.CONTRIB,National contributions to the EU budget (excludes customs duties),EUR million,2009,2208.0736,"European Commission, EU spending and revenue 2000-2024 workbook (published 25 Sep 2025)",2026-08-04
DEU,Germany,BUDGET.CONTRIB,National contributions to the EU budget (excludes customs duties),EUR million,2009,17564.0336,"European Commission, EU spending and revenue 2000-2024 workbook (published 25 Sep 2025)",2026-08-04
EST,Estonia,BUDGET.CONTRIB,National contributions to the EU budget (excludes customs duties),EUR million,2009,134.4542,"European Commission, EU spending and revenue 2000-2024 workbook (published 25 Sep 2025)",2026-08-04
IRL,Ireland,BUDGET.CONTRIB,National contributions to the EU budget (excludes customs duties),EUR million,2009,1357.0213,"European Commission, EU spending and revenue 2000-2024 workbook (published 25 Sep 2025)",2026-08-04
GRC,Greece,BUDGET.CONTRIB,National contributions to the EU budget (excludes customs duties),EUR million,2009,2233.9756,"European Commission, EU spending and revenue 2000-2024 workbook (published 25 Sep 2025)",2026-08-04
ESP,Spain,BUDGET.CONTRIB,National contributions to the EU budget (excludes customs duties),EUR million,2009,10168.1034,"European Commission, EU spending and revenue 2000-2024 workbook (published 25 Sep 2025)",2026-08-04
FRA,France,BUDGET.CONTRIB,National contributions to the EU budget (excludes customs duties),EUR million,2009,18830.0306,"European Commission, EU spending and revenue 2000-2024 workbook (published 25 Sep 2025)",2026-08-04
ITA,Italy,BUDGET.CONTRIB,National contributions to the EU budget (excludes customs duties),EUR million,2009,13912.708,"European Commission, EU spending and revenue 2000-2024 workbook (published 25 Sep 2025)",2026-08-04
CYP,Cyprus,BUDGET.CONTRIB,National contributions to the EU budget (excludes customs duties),EUR million,2009,164.9546,"European Commission, EU spending and revenue 2000-2024 workbook (published 25 Sep 2025)",2026-08-04
LVA,Latvia,BUDGET.CONTRIB,National contributions to the EU budget (excludes customs duties),EUR million,2009,197.1756,"European Commission, EU spending and revenue 2000-2024 workbook (published 25 Sep 2025)",2026-08-04
LTU,Lithuania,BUDGET.CONTRIB,National contributions to the EU budget (excludes customs duties),EUR million,2009,281.9531,"European Commission, EU spending and revenue 2000-2024 workbook (published 25 Sep 2025)",2026-08-04
LUX,Luxembourg,BUDGET.CONTRIB,National contributions to the EU budget (excludes customs duties),EUR million,2009,275.9581,"European Commission, EU spending and revenue 2000-2024 workbook (published 25 Sep 2025)",2026-08-04
HUN,Hungary,BUDGET.CONTRIB,National contributions to the EU budget (excludes customs duties),EUR million,2009,816.0077,"European Commission, EU spending and revenue 2000-2024 workbook (published 25 Sep 2025)",2026-08-04
MLT,Malta,BUDGET.CONTRIB,National contributions to the EU budget (excludes customs duties),EUR million,2009,54.6177,"European Commission, EU spending and revenue 2000-2024 workbook (published 25 Sep 2025)",2026-08-04
NLD,Netherlands,BUDGET.CONTRIB,National contributions to the EU budget (excludes customs duties),EUR million,2009,1615.93,"European Commission, EU spending and revenue 2000-2024 workbook (published 25 Sep 2025)",2026-08-04
AUT,Austria,BUDGET.CONTRIB,National contributions to the EU budget (excludes customs duties),EUR million,2009,2158.9827,"European Commission, EU spending and revenue 2000-2024 workbook (published 25 Sep 2025)",2026-08-04
POL,Poland,BUDGET.CONTRIB,National contributions to the EU budget (excludes customs duties),EUR million,2009,2834.4578,"European Commission, EU spending and revenue 2000-2024 workbook (published 25 Sep 2025)",2026-08-04
PRT,Portugal,BUDGET.CONTRIB,National contributions to the EU budget (excludes customs duties),EUR million,2009,1519.0667,"European Commission, EU spending and revenue 2000-2024 workbook (published 25 Sep 2025)",2026-08-04
ROU,Romania,BUDGET.CONTRIB,National contributions to the EU budget (excludes customs duties),EUR million,2009,1218.0368,"European Commission, EU spending and revenue 2000-2024 workbook (published 25 Sep 2025)",2026-08-04
SVN,Slovenia,BUDGET.CONTRIB,National contributions to the EU budget (excludes customs duties),EUR million,2009,358.8284,"European Commission, EU spending and revenue 2000-2024 workbook (published 25 Sep 2025)",2026-08-04
SVK,Slovakia,BUDGET.CONTRIB,National contributions to the EU budget (excludes customs duties),EUR million,2009,628.0331,"European Commission, EU spending and revenue 2000-2024 workbook (published 25 Sep 2025)",2026-08-04
FIN,Finland,BUDGET.CONTRIB,National contributions to the EU budget (excludes customs duties),EUR million,2009,1699.0492,"European Commission, EU spending and revenue 2000-2024 workbook (published 25 Sep 2025)",2026-08-04
SWE,Sweden,BUDGET.CONTRIB,National contributions to the EU budget (excludes customs duties),EUR million,2009,1485.2585,"European Commission, EU spending and revenue 2000-2024 workbook (published 25 Sep 2025)",2026-08-04
GBR,United Kingdom,BUDGET.CONTRIB,National contributions to the EU budget (excludes customs duties),EUR million,2009,7879.5764,"European Commission, EU spending and revenue 2000-2024 workbook (published 25 Sep 2025)",2026-08-04
HRV,Croatia,BUDGET.CONTRIB,National contributions to the EU budget (excludes customs duties),EUR million,2009,0.0,"European Commission, EU spending and revenue 2000-2024 workbook (published 25 Sep 2025)",2026-08-04
BEL,Belgium,BUDGET.GNI,Gross national income (European Commission definition),EUR million,2009,347851.1,"European Commission, EU spending and revenue 2000-2024 workbook (published 25 Sep 2025)",2026-08-04
BGR,Bulgaria,BUDGET.GNI,Gross national income (European Commission definition),EUR million,2009,35227.1781,"European Commission, EU spending and revenue 2000-2024 workbook (published 25 Sep 2025)",2026-08-04
CZE,Czechia,BUDGET.GNI,Gross national income (European Commission definition),EUR million,2009,137912.7063,"European Commission, EU spending and revenue 2000-2024 workbook (published 25 Sep 2025)",2026-08-04
DNK,Denmark,BUDGET.GNI,Gross national income (European Commission definition),EUR million,2009,232519.8954,"European Commission, EU spending and revenue 2000-2024 workbook (published 25 Sep 2025)",2026-08-04
DEU,Germany,BUDGET.GNI,Gross national income (European Commission definition),EUR million,2009,2515769.0,"European Commission, EU spending and revenue 2000-2024 workbook (published 25 Sep 2025)",2026-08-04
EST,Estonia,BUDGET.GNI,Gross national income (European Commission definition),EUR million,2009,13706.4944,"European Commission, EU spending and revenue 2000-2024 workbook (published 25 Sep 2025)",2026-08-04
IRL,Ireland,BUDGET.GNI,Gross national income (European Commission definition),EUR million,2009,141107.0,"European Commission, EU spending and revenue 2000-2024 workbook (published 25 Sep 2025)",2026-08-04
GRC,Greece,BUDGET.GNI,Gross national income (European Commission definition),EUR million,2009,231881.07,"European Commission, EU spending and revenue 2000-2024 workbook (published 25 Sep 2025)",2026-08-04
ESP,Spain,BUDGET.GNI,Gross national income (European Commission definition),EUR million,2009,1059241.0,"European Commission, EU spending and revenue 2000-2024 workbook (published 25 Sep 2025)",2026-08-04
FRA,France,BUDGET.GNI,Gross national income (European Commission definition),EUR million,2009,1973646.885,"European Commission, EU spending and revenue 2000-2024 workbook (published 25 Sep 2025)",2026-08-04
ITA,Italy,BUDGET.GNI,Gross national income (European Commission definition),EUR million,2009,1571979.182,"European Commission, EU spending and revenue 2000-2024 workbook (published 25 Sep 2025)",2026-08-04
CYP,Cyprus,BUDGET.GNI,Gross national income (European Commission definition),EUR million,2009,17511.99,"European Commission, EU spending and revenue 2000-2024 workbook (published 25 Sep 2025)",2026-08-04
LVA,Latvia,BUDGET.GNI,Gross national income (European Commission definition),EUR million,2009,20141.6164,"European Commission, EU spending and revenue 2000-2024 workbook (published 25 Sep 2025)",2026-08-04
LTU,Lithuania,BUDGET.GNI,Gross national income (European Commission definition),EUR million,2009,27437.619,"European Commission, EU spending and revenue 2000-2024 workbook (published 25 Sep 2025)",2026-08-04
LUX,Luxembourg,BUDGET.GNI,Gross national income (European Commission definition),EUR million,2009,23703.9,"European Commission, EU spending and revenue 2000-2024 workbook (published 25 Sep 2025)",2026-08-04
HUN,Hungary,BUDGET.GNI,Gross national income (European Commission definition),EUR million,2009,89114.9093,"European Commission, EU spending and revenue 2000-2024 workbook (published 25 Sep 2025)",2026-08-04
MLT,Malta,BUDGET.GNI,Gross national income (European Commission definition),EUR million,2009,5805.393,"European Commission, EU spending and revenue 2000-2024 workbook (published 25 Sep 2025)",2026-08-04
NLD,Netherlands,BUDGET.GNI,Gross national income (European Commission definition),EUR million,2009,613573.0,"European Commission, EU spending and revenue 2000-2024 workbook (published 25 Sep 2025)",2026-08-04
AUT,Austria,BUDGET.GNI,Gross national income (European Commission definition),EUR million,2009,286116.0,"European Commission, EU spending and revenue 2000-2024 workbook (published 25 Sep 2025)",2026-08-04
POL,Poland,BUDGET.GNI,Gross national income (European Commission definition),EUR million,2009,303921.8623,"European Commission, EU spending and revenue 2000-2024 workbook (published 25 Sep 2025)",2026-08-04
PRT,Portugal,BUDGET.GNI,Gross national income (European Commission definition),EUR million,2009,169024.18,"European Commission, EU spending and revenue 2000-2024 workbook (published 25 Sep 2025)",2026-08-04
ROU,Romania,BUDGET.GNI,Gross national income (European Commission definition),EUR million,2009,118802.1032,"European Commission, EU spending and revenue 2000-2024 workbook (published 25 Sep 2025)",2026-08-04
SVN,Slovenia,BUDGET.GNI,Gross national income (European Commission definition),EUR million,2009,35672.74,"European Commission, EU spending and revenue 2000-2024 workbook (published 25 Sep 2025)",2026-08-04
SVK,Slovakia,BUDGET.GNI,Gross national income (European Commission definition),EUR million,2009,63413.09,"European Commission, EU spending and revenue 2000-2024 workbook (published 25 Sep 2025)",2026-08-04
FIN,Finland,BUDGET.GNI,Gross national income (European Commission definition),EUR million,2009,183350.0,"European Commission, EU spending and revenue 2000-2024 workbook (published 25 Sep 2025)",2026-08-04
SWE,Sweden,BUDGET.GNI,Gross national income (European Commission definition),EUR million,2009,317628.567,"European Commission, EU spending and revenue 2000-2024 workbook (published 25 Sep 2025)",2026-08-04
GBR,United Kingdom,BUDGET.GNI,Gross national income (European Commission definition),EUR million,2009,1666422.7856,"European Commission, EU spending and revenue 2000-2024 workbook (published 25 Sep 2025)",2026-08-04
HRV,Croatia,BUDGET.GNI,Gross national income (European Commission definition),EUR million,2009,43539.0686,"European Commission, EU spending and revenue 2000-2024 workbook (published 25 Sep 2025)",2026-08-04
BEL,Belgium,BUDGET.ADMIN,EU administrative expenditure allocated to the member state,EUR million,2009,3995.281,"European Commission, EU spending and revenue 2000-2024 workbook (published 25 Sep 2025)",2026-08-04
BGR,Bulgaria,BUDGET.ADMIN,EU administrative expenditure allocated to the member state,EUR million,2009,11.618,"European Commission, EU spending and revenue 2000-2024 workbook (published 25 Sep 2025)",2026-08-04
CZE,Czechia,BUDGET.ADMIN,EU administrative expenditure allocated to the member state,EUR million,2009,16.6158,"European Commission, EU spending and revenue 2000-2024 workbook (published 25 Sep 2025)",2026-08-04
DNK,Denmark,BUDGET.ADMIN,EU administrative expenditure allocated to the member state,EUR million,2009,48.7744,"European Commission, EU spending and revenue 2000-2024 workbook (published 25 Sep 2025)",2026-08-04
DEU,Germany,BUDGET.ADMIN,EU administrative expenditure allocated to the member state,EUR million,2009,184.0481,"European Commission, EU spending and revenue 2000-2024 workbook (published 25 Sep 2025)",2026-08-04
EST,Estonia,BUDGET.ADMIN,EU administrative expenditure allocated to the member state,EUR million,2009,6.4725,"European Commission, EU spending and revenue 2000-2024 workbook (published 25 Sep 2025)",2026-08-04
IRL,Ireland,BUDGET.ADMIN,EU administrative expenditure allocated to the member state,EUR million,2009,43.5952,"European Commission, EU spending and revenue 2000-2024 workbook (published 25 Sep 2025)",2026-08-04
GRC,Greece,BUDGET.ADMIN,EU administrative expenditure allocated to the member state,EUR million,2009,37.974,"European Commission, EU spending and revenue 2000-2024 workbook (published 25 Sep 2025)",2026-08-04
ESP,Spain,BUDGET.ADMIN,EU administrative expenditure allocated to the member state,EUR million,2009,77.5737,"European Commission, EU spending and revenue 2000-2024 workbook (published 25 Sep 2025)",2026-08-04
FRA,France,BUDGET.ADMIN,EU administrative expenditure allocated to the member state,EUR million,2009,328.5945,"European Commission, EU spending and revenue 2000-2024 workbook (published 25 Sep 2025)",2026-08-04
ITA,Italy,BUDGET.ADMIN,EU administrative expenditure allocated to the member state,EUR million,2009,262.4801,"European Commission, EU spending and revenue 2000-2024 workbook (published 25 Sep 2025)",2026-08-04
CYP,Cyprus,BUDGET.ADMIN,EU administrative expenditure allocated to the member state,EUR million,2009,6.6354,"European Commission, EU spending and revenue 2000-2024 workbook (published 25 Sep 2025)",2026-08-04
LVA,Latvia,BUDGET.ADMIN,EU administrative expenditure allocated to the member state,EUR million,2009,8.0251,"European Commission, EU spending and revenue 2000-2024 workbook (published 25 Sep 2025)",2026-08-04
LTU,Lithuania,BUDGET.ADMIN,EU administrative expenditure allocated to the member state,EUR million,2009,9.8424,"European Commission, EU spending and revenue 2000-2024 workbook (published 25 Sep 2025)",2026-08-04
LUX,Luxembourg,BUDGET.ADMIN,EU administrative expenditure allocated to the member state,EUR million,2009,1272.719,"European Commission, EU spending and revenue 2000-2024 workbook (published 25 Sep 2025)",2026-08-04
HUN,Hungary,BUDGET.ADMIN,EU administrative expenditure allocated to the member state,EUR million,2009,18.2559,"European Commission, EU spending and revenue 2000-2024 workbook (published 25 Sep 2025)",2026-08-04
MLT,Malta,BUDGET.ADMIN,EU administrative expenditure allocated to the member state,EUR million,2009,7.2903,"European Commission, EU spending and revenue 2000-2024 workbook (published 25 Sep 2025)",2026-08-04
NLD,Netherlands,BUDGET.ADMIN,EU administrative expenditure allocated to the member state,EUR million,2009,86.1854,"European Commission, EU spending and revenue 2000-2024 workbook (published 25 Sep 2025)",2026-08-04
AUT,Austria,BUDGET.ADMIN,EU administrative expenditure allocated to the member state,EUR million,2009,20.0261,"European Commission, EU spending and revenue 2000-2024 workbook (published 25 Sep 2025)",2026-08-04
POL,Poland,BUDGET.ADMIN,EU administrative expenditure allocated to the member state,EUR million,2009,29.265,"European Commission, EU spending and revenue 2000-2024 workbook (published 25 Sep 2025)",2026-08-04
PRT,Portugal,BUDGET.ADMIN,EU administrative expenditure allocated to the member state,EUR million,2009,26.5101,"European Commission, EU spending and revenue 2000-2024 workbook (published 25 Sep 2025)",2026-08-04
ROU,Romania,BUDGET.ADMIN,EU administrative expenditure allocated to the member state,EUR million,2009,18.2641,"European Commission, EU spending and revenue 2000-2024 workbook (published 25 Sep 2025)",2026-08-04
SVN,Slovenia,BUDGET.ADMIN,EU administrative expenditure allocated to the member state,EUR million,2009,9.0488,"European Commission, EU spending and revenue 2000-2024 workbook (published 25 Sep 2025)",2026-08-04
SVK,Slovakia,BUDGET.ADMIN,EU administrative expenditure allocated to the member state,EUR million,2009,10.759,"European Commission, EU spending and revenue 2000-2024 workbook (published 25 Sep 2025)",2026-08-04
FIN,Finland,BUDGET.ADMIN,EU administrative expenditure allocated to the member state,EUR million,2009,21.7627,"European Commission, EU spending and revenue 2000-2024 workbook (published 25 Sep 2025)",2026-08-04
SWE,Sweden,BUDGET.ADMIN,EU administrative expenditure allocated to the member state,EUR million,2009,24.9553,"European Commission, EU spending and revenue 2000-2024 workbook (published 25 Sep 2025)",2026-08-04
GBR,United Kingdom,BUDGET.ADMIN,EU administrative expenditure allocated to the member state,EUR million,2009,126.0782,"European Commission, EU spending and revenue 2000-2024 workbook (published 25 Sep 2025)",2026-08-04
HRV,Croatia,BUDGET.ADMIN,EU administrative expenditure allocated to the member state,EUR million,2009,1.5385,"European Commission, EU spending and revenue 2000-2024 workbook (published 25 Sep 2025)",2026-08-04
BEL,Belgium,BUDGET.CUSTOMS,Customs duties collected for the EU budget (traditional own resources),EUR million,2009,1888.465,"European Commission, EU spending and revenue 2000-2024 workbook (published 25 Sep 2025)",2026-08-04
BGR,Bulgaria,BUDGET.CUSTOMS,Customs duties collected for the EU budget (traditional own resources),EUR million,2009,69.9721,"European Commission, EU spending and revenue 2000-2024 workbook (published 25 Sep 2025)",2026-08-04
CZE,Czechia,BUDGET.CUSTOMS,Customs duties collected for the EU budget (traditional own resources),EUR million,2009,218.5638,"European Commission, EU spending and revenue 2000-2024 workbook (published 25 Sep 2025)",2026-08-04
DNK,Denmark,BUDGET.CUSTOMS,Customs duties collected for the EU budget (traditional own resources),EUR million,2009,372.5716,"European Commission, EU spending and revenue 2000-2024 workbook (published 25 Sep 2025)",2026-08-04
DEU,Germany,BUDGET.CUSTOMS,Customs duties collected for the EU budget (traditional own resources),EUR million,2009,3890.997,"European Commission, EU spending and revenue 2000-2024 workbook (published 25 Sep 2025)",2026-08-04
EST,Estonia,BUDGET.CUSTOMS,Customs duties collected for the EU budget (traditional own resources),EUR million,2009,20.6264,"European Commission, EU spending and revenue 2000-2024 workbook (published 25 Sep 2025)",2026-08-04
IRL,Ireland,BUDGET.CUSTOMS,Customs duties collected for the EU budget (traditional own resources),EUR million,2009,235.4819,"European Commission, EU spending and revenue 2000-2024 workbook (published 25 Sep 2025)",2026-08-04
GRC,Greece,BUDGET.CUSTOMS,Customs duties collected for the EU budget (traditional own resources),EUR million,2009,252.4864,"European Commission, EU spending and revenue 2000-2024 workbook (published 25 Sep 2025)",2026-08-04
ESP,Spain,BUDGET.CUSTOMS,Customs duties collected for the EU budget (traditional own resources),EUR million,2009,1328.0414,"European Commission, EU spending and revenue 2000-2024 workbook (published 25 Sep 2025)",2026-08-04
FRA,France,BUDGET.CUSTOMS,Customs duties collected for the EU budget (traditional own resources),EUR million,2009,1642.7315,"European Commission, EU spending and revenue 2000-2024 workbook (published 25 Sep 2025)",2026-08-04
ITA,Italy,BUDGET.CUSTOMS,Customs duties collected for the EU budget (traditional own resources),EUR million,2009,2000.8453,"European Commission, EU spending and revenue 2000-2024 workbook (published 25 Sep 2025)",2026-08-04
CYP,Cyprus,BUDGET.CUSTOMS,Customs duties collected for the EU budget (traditional own resources),EUR million,2009,40.9917,"European Commission, EU spending and revenue 2000-2024 workbook (published 25 Sep 2025)",2026-08-04
LVA,Latvia,BUDGET.CUSTOMS,Customs duties collected for the EU budget (traditional own resources),EUR million,2009,23.5262,"European Commission, EU spending and revenue 2000-2024 workbook (published 25 Sep 2025)",2026-08-04
LTU,Lithuania,BUDGET.CUSTOMS,Customs duties collected for the EU budget (traditional own resources),EUR million,2009,52.6559,"European Commission, EU spending and revenue 2000-2024 workbook (published 25 Sep 2025)",2026-08-04
LUX,Luxembourg,BUDGET.CUSTOMS,Customs duties collected for the EU budget (traditional own resources),EUR million,2009,14.3358,"European Commission, EU spending and revenue 2000-2024 workbook (published 25 Sep 2025)",2026-08-04
HUN,Hungary,BUDGET.CUSTOMS,Customs duties collected for the EU budget (traditional own resources),EUR million,2009,121.7793,"European Commission, EU spending and revenue 2000-2024 workbook (published 25 Sep 2025)",2026-08-04
MLT,Malta,BUDGET.CUSTOMS,Customs duties collected for the EU budget (traditional own resources),EUR million,2009,12.5543,"European Commission, EU spending and revenue 2000-2024 workbook (published 25 Sep 2025)",2026-08-04
NLD,Netherlands,BUDGET.CUSTOMS,Customs duties collected for the EU budget (traditional own resources),EUR million,2009,2285.0973,"European Commission, EU spending and revenue 2000-2024 workbook (published 25 Sep 2025)",2026-08-04
AUT,Austria,BUDGET.CUSTOMS,Customs duties collected for the EU budget (traditional own resources),EUR million,2009,204.9344,"European Commission, EU spending and revenue 2000-2024 workbook (published 25 Sep 2025)",2026-08-04
POL,Poland,BUDGET.CUSTOMS,Customs duties collected for the EU budget (traditional own resources),EUR million,2009,386.9315,"European Commission, EU spending and revenue 2000-2024 workbook (published 25 Sep 2025)",2026-08-04
PRT,Portugal,BUDGET.CUSTOMS,Customs duties collected for the EU budget (traditional own resources),EUR million,2009,156.7875,"European Commission, EU spending and revenue 2000-2024 workbook (published 25 Sep 2025)",2026-08-04
ROU,Romania,BUDGET.CUSTOMS,Customs duties collected for the EU budget (traditional own resources),EUR million,2009,164.5317,"European Commission, EU spending and revenue 2000-2024 workbook (published 25 Sep 2025)",2026-08-04
SVN,Slovenia,BUDGET.CUSTOMS,Customs duties collected for the EU budget (traditional own resources),EUR million,2009,91.7727,"European Commission, EU spending and revenue 2000-2024 workbook (published 25 Sep 2025)",2026-08-04
SVK,Slovakia,BUDGET.CUSTOMS,Customs duties collected for the EU budget (traditional own resources),EUR million,2009,108.6399,"European Commission, EU spending and revenue 2000-2024 workbook (published 25 Sep 2025)",2026-08-04
FIN,Finland,BUDGET.CUSTOMS,Customs duties collected for the EU budget (traditional own resources),EUR million,2009,152.1634,"European Commission, EU spending and revenue 2000-2024 workbook (published 25 Sep 2025)",2026-08-04
SWE,Sweden,BUDGET.CUSTOMS,Customs duties collected for the EU budget (traditional own resources),EUR million,2009,493.4657,"European Commission, EU spending and revenue 2000-2024 workbook (published 25 Sep 2025)",2026-08-04
GBR,United Kingdom,BUDGET.CUSTOMS,Customs duties collected for the EU budget (traditional own resources),EUR million,2009,2964.5608,"European Commission, EU spending and revenue 2000-2024 workbook (published 25 Sep 2025)",2026-08-04
HRV,Croatia,BUDGET.CUSTOMS,Customs duties collected for the EU budget (traditional own resources),EUR million,2009,0.0,"European Commission, EU spending and revenue 2000-2024 workbook (published 25 Sep 2025)",2026-08-04
BEL,Belgium,BUDGET.EXPEND,EU expenditure allocated to the member state,EUR million,2010,6145.0658,"European Commission, EU spending and revenue 2000-2024 workbook (published 25 Sep 2025)",2026-08-04
BGR,Bulgaria,BUDGET.EXPEND,EU expenditure allocated to the member state,EUR million,2010,1222.4505,"European Commission, EU spending and revenue 2000-2024 workbook (published 25 Sep 2025)",2026-08-04
CZE,Czechia,BUDGET.EXPEND,EU expenditure allocated to the member state,EUR million,2010,3415.6094,"European Commission, EU spending and revenue 2000-2024 workbook (published 25 Sep 2025)",2026-08-04
DNK,Denmark,BUDGET.EXPEND,EU expenditure allocated to the member state,EUR million,2010,1525.7099,"European Commission, EU spending and revenue 2000-2024 workbook (published 25 Sep 2025)",2026-08-04
DEU,Germany,BUDGET.EXPEND,EU expenditure allocated to the member state,EUR million,2010,11825.2197,"European Commission, EU spending and revenue 2000-2024 workbook (published 25 Sep 2025)",2026-08-04
EST,Estonia,BUDGET.EXPEND,EU expenditure allocated to the member state,EUR million,2010,807.8808,"European Commission, EU spending and revenue 2000-2024 workbook (published 25 Sep 2025)",2026-08-04
IRL,Ireland,BUDGET.EXPEND,EU expenditure allocated to the member state,EUR million,2010,2065.5576,"European Commission, EU spending and revenue 2000-2024 workbook (published 25 Sep 2025)",2026-08-04
GRC,Greece,BUDGET.EXPEND,EU expenditure allocated to the member state,EUR million,2010,5748.7109,"European Commission, EU spending and revenue 2000-2024 workbook (published 25 Sep 2025)",2026-08-04
ESP,Spain,BUDGET.EXPEND,EU expenditure allocated to the member state,EUR million,2010,13190.4568,"European Commission, EU spending and revenue 2000-2024 workbook (published 25 Sep 2025)",2026-08-04
FRA,France,BUDGET.EXPEND,EU expenditure allocated to the member state,EUR million,2010,13105.0541,"European Commission, EU spending and revenue 2000-2024 workbook (published 25 Sep 2025)",2026-08-04
ITA,Italy,BUDGET.EXPEND,EU expenditure allocated to the member state,EUR million,2010,9497.4691,"European Commission, EU spending and revenue 2000-2024 workbook (published 25 Sep 2025)",2026-08-04
CYP,Cyprus,BUDGET.EXPEND,EU expenditure allocated to the member state,EUR million,2010,177.9839,"European Commission, EU spending and revenue 2000-2024 workbook (published 25 Sep 2025)",2026-08-04
LVA,Latvia,BUDGET.EXPEND,EU expenditure allocated to the member state,EUR million,2010,843.6493,"European Commission, EU spending and revenue 2000-2024 workbook (published 25 Sep 2025)",2026-08-04
LTU,Lithuania,BUDGET.EXPEND,EU expenditure allocated to the member state,EUR million,2010,1601.9362,"European Commission, EU spending and revenue 2000-2024 workbook (published 25 Sep 2025)",2026-08-04
LUX,Luxembourg,BUDGET.EXPEND,EU expenditure allocated to the member state,EUR million,2010,1554.2652,"European Commission, EU spending and revenue 2000-2024 workbook (published 25 Sep 2025)",2026-08-04
HUN,Hungary,BUDGET.EXPEND,EU expenditure allocated to the member state,EUR million,2010,3650.0425,"European Commission, EU spending and revenue 2000-2024 workbook (published 25 Sep 2025)",2026-08-04
MLT,Malta,BUDGET.EXPEND,EU expenditure allocated to the member state,EUR million,2010,112.3612,"European Commission, EU spending and revenue 2000-2024 workbook (published 25 Sep 2025)",2026-08-04
NLD,Netherlands,BUDGET.EXPEND,EU expenditure allocated to the member state,EUR million,2010,2146.1035,"European Commission, EU spending and revenue 2000-2024 workbook (published 25 Sep 2025)",2026-08-04
AUT,Austria,BUDGET.EXPEND,EU expenditure allocated to the member state,EUR million,2010,1821.6483,"European Commission, EU spending and revenue 2000-2024 workbook (published 25 Sep 2025)",2026-08-04
POL,Poland,BUDGET.EXPEND,EU expenditure allocated to the member state,EUR million,2010,11821.9502,"European Commission, EU spending and revenue 2000-2024 workbook (published 25 Sep 2025)",2026-08-04
PRT,Portugal,BUDGET.EXPEND,EU expenditure allocated to the member state,EUR million,2010,4378.775,"European Commission, EU spending and revenue 2000-2024 workbook (published 25 Sep 2025)",2026-08-04
ROU,Romania,BUDGET.EXPEND,EU expenditure allocated to the member state,EUR million,2010,2317.4107,"European Commission, EU spending and revenue 2000-2024 workbook (published 25 Sep 2025)",2026-08-04
SVN,Slovenia,BUDGET.EXPEND,EU expenditure allocated to the member state,EUR million,2010,755.7369,"European Commission, EU spending and revenue 2000-2024 workbook (published 25 Sep 2025)",2026-08-04
SVK,Slovakia,BUDGET.EXPEND,EU expenditure allocated to the member state,EUR million,2010,1905.0274,"European Commission, EU spending and revenue 2000-2024 workbook (published 25 Sep 2025)",2026-08-04
FIN,Finland,BUDGET.EXPEND,EU expenditure allocated to the member state,EUR million,2010,1309.6034,"European Commission, EU spending and revenue 2000-2024 workbook (published 25 Sep 2025)",2026-08-04
SWE,Sweden,BUDGET.EXPEND,EU expenditure allocated to the member state,EUR million,2010,1646.1604,"European Commission, EU spending and revenue 2000-2024 workbook (published 25 Sep 2025)",2026-08-04
GBR,United Kingdom,BUDGET.EXPEND,EU expenditure allocated to the member state,EUR million,2010,6745.627,"European Commission, EU spending and revenue 2000-2024 workbook (published 25 Sep 2025)",2026-08-04
HRV,Croatia,BUDGET.EXPEND,EU expenditure allocated to the member state,EUR million,2010,87.6523,"European Commission, EU spending and revenue 2000-2024 workbook (published 25 Sep 2025)",2026-08-04
BEL,Belgium,BUDGET.CONTRIB,National contributions to the EU budget (excludes customs duties),EUR million,2010,3293.5872,"European Commission, EU spending and revenue 2000-2024 workbook (published 25 Sep 2025)",2026-08-04
BGR,Bulgaria,BUDGET.CONTRIB,National contributions to the EU budget (excludes customs duties),EUR million,2010,310.1504,"European Commission, EU spending and revenue 2000-2024 workbook (published 25 Sep 2025)",2026-08-04
CZE,Czechia,BUDGET.CONTRIB,National contributions to the EU budget (excludes customs duties),EUR million,2010,1308.3376,"European Commission, EU spending and revenue 2000-2024 workbook (published 25 Sep 2025)",2026-08-04
DNK,Denmark,BUDGET.CONTRIB,National contributions to the EU budget (excludes customs duties),EUR million,2010,2073.6636,"European Commission, EU spending and revenue 2000-2024 workbook (published 25 Sep 2025)",2026-08-04
DEU,Germany,BUDGET.CONTRIB,National contributions to the EU budget (excludes customs duties),EUR million,2010,20708.0689,"European Commission, EU spending and revenue 2000-2024 workbook (published 25 Sep 2025)",2026-08-04
EST,Estonia,BUDGET.CONTRIB,National contributions to the EU budget (excludes customs duties),EUR million,2010,125.1184,"European Commission, EU spending and revenue 2000-2024 workbook (published 25 Sep 2025)",2026-08-04
IRL,Ireland,BUDGET.CONTRIB,National contributions to the EU budget (excludes customs duties),EUR million,2010,1208.6362,"European Commission, EU spending and revenue 2000-2024 workbook (published 25 Sep 2025)",2026-08-04
GRC,Greece,BUDGET.CONTRIB,National contributions to the EU budget (excludes customs duties),EUR million,2010,2094.707,"European Commission, EU spending and revenue 2000-2024 workbook (published 25 Sep 2025)",2026-08-04
ESP,Spain,BUDGET.CONTRIB,National contributions to the EU budget (excludes customs duties),EUR million,2010,8937.3173,"European Commission, EU spending and revenue 2000-2024 workbook (published 25 Sep 2025)",2026-08-04
FRA,France,BUDGET.CONTRIB,National contributions to the EU budget (excludes customs duties),EUR million,2010,18173.5484,"European Commission, EU spending and revenue 2000-2024 workbook (published 25 Sep 2025)",2026-08-04
ITA,Italy,BUDGET.CONTRIB,National contributions to the EU budget (excludes customs duties),EUR million,2010,13664.4053,"European Commission, EU spending and revenue 2000-2024 workbook (published 25 Sep 2025)",2026-08-04
CYP,Cyprus,BUDGET.CONTRIB,National contributions to the EU budget (excludes customs duties),EUR million,2010,158.0741,"European Commission, EU spending and revenue 2000-2024 workbook (published 25 Sep 2025)",2026-08-04
LVA,Latvia,BUDGET.CONTRIB,National contributions to the EU budget (excludes customs duties),EUR million,2010,158.2772,"European Commission, EU spending and revenue 2000-2024 workbook (published 25 Sep 2025)",2026-08-04
LTU,Lithuania,BUDGET.CONTRIB,National contributions to the EU budget (excludes customs duties),EUR million,2010,230.0517,"European Commission, EU spending and revenue 2000-2024 workbook (published 25 Sep 2025)",2026-08-04
LUX,Luxembourg,BUDGET.CONTRIB,National contributions to the EU budget (excludes customs duties),EUR million,2010,248.4716,"European Commission, EU spending and revenue 2000-2024 workbook (published 25 Sep 2025)",2026-08-04
HUN,Hungary,BUDGET.CONTRIB,National contributions to the EU budget (excludes customs duties),EUR million,2010,862.4525,"European Commission, EU spending and revenue 2000-2024 workbook (published 25 Sep 2025)",2026-08-04
MLT,Malta,BUDGET.CONTRIB,National contributions to the EU budget (excludes customs duties),EUR million,2010,51.411,"European Commission, EU spending and revenue 2000-2024 workbook (published 25 Sep 2025)",2026-08-04
NLD,Netherlands,BUDGET.CONTRIB,National contributions to the EU budget (excludes customs duties),EUR million,2010,3864.3291,"European Commission, EU spending and revenue 2000-2024 workbook (published 25 Sep 2025)",2026-08-04
AUT,Austria,BUDGET.CONTRIB,National contributions to the EU budget (excludes customs duties),EUR million,2010,2460.2792,"European Commission, EU spending and revenue 2000-2024 workbook (published 25 Sep 2025)",2026-08-04
POL,Poland,BUDGET.CONTRIB,National contributions to the EU budget (excludes customs duties),EUR million,2010,3338.9812,"European Commission, EU spending and revenue 2000-2024 workbook (published 25 Sep 2025)",2026-08-04
PRT,Portugal,BUDGET.CONTRIB,National contributions to the EU budget (excludes customs duties),EUR million,2010,1713.6914,"European Commission, EU spending and revenue 2000-2024 workbook (published 25 Sep 2025)",2026-08-04
ROU,Romania,BUDGET.CONTRIB,National contributions to the EU budget (excludes customs duties),EUR million,2010,1042.2215,"European Commission, EU spending and revenue 2000-2024 workbook (published 25 Sep 2025)",2026-08-04
SVN,Slovenia,BUDGET.CONTRIB,National contributions to the EU budget (excludes customs duties),EUR million,2010,319.9609,"European Commission, EU spending and revenue 2000-2024 workbook (published 25 Sep 2025)",2026-08-04
SVK,Slovakia,BUDGET.CONTRIB,National contributions to the EU budget (excludes customs duties),EUR million,2010,540.0708,"European Commission, EU spending and revenue 2000-2024 workbook (published 25 Sep 2025)",2026-08-04
FIN,Finland,BUDGET.CONTRIB,National contributions to the EU budget (excludes customs duties),EUR million,2010,1575.1659,"European Commission, EU spending and revenue 2000-2024 workbook (published 25 Sep 2025)",2026-08-04
SWE,Sweden,BUDGET.CONTRIB,National contributions to the EU budget (excludes customs duties),EUR million,2010,2808.8009,"European Commission, EU spending and revenue 2000-2024 workbook (published 25 Sep 2025)",2026-08-04
GBR,United Kingdom,BUDGET.CONTRIB,National contributions to the EU budget (excludes customs duties),EUR million,2010,12145.8314,"European Commission, EU spending and revenue 2000-2024 workbook (published 25 Sep 2025)",2026-08-04
HRV,Croatia,BUDGET.CONTRIB,National contributions to the EU budget (excludes customs duties),EUR million,2010,0.0,"European Commission, EU spending and revenue 2000-2024 workbook (published 25 Sep 2025)",2026-08-04
BEL,Belgium,BUDGET.GNI,Gross national income (European Commission definition),EUR million,2010,372559.8,"European Commission, EU spending and revenue 2000-2024 workbook (published 25 Sep 2025)",2026-08-04
BGR,Bulgaria,BUDGET.GNI,Gross national income (European Commission definition),EUR million,2010,35809.6841,"European Commission, EU spending and revenue 2000-2024 workbook (published 25 Sep 2025)",2026-08-04
CZE,Czechia,BUDGET.GNI,Gross national income (European Commission definition),EUR million,2010,144607.4671,"European Commission, EU spending and revenue 2000-2024 workbook (published 25 Sep 2025)",2026-08-04
DNK,Denmark,BUDGET.GNI,Gross national income (European Commission definition),EUR million,2010,245494.1867,"European Commission, EU spending and revenue 2000-2024 workbook (published 25 Sep 2025)",2026-08-04
DEU,Germany,BUDGET.GNI,Gross national income (European Commission definition),EUR million,2010,2630399.0,"European Commission, EU spending and revenue 2000-2024 workbook (published 25 Sep 2025)",2026-08-04
EST,Estonia,BUDGET.GNI,Gross national income (European Commission definition),EUR million,2010,13944.025,"European Commission, EU spending and revenue 2000-2024 workbook (published 25 Sep 2025)",2026-08-04
IRL,Ireland,BUDGET.GNI,Gross national income (European Commission definition),EUR million,2010,139764.0,"European Commission, EU spending and revenue 2000-2024 workbook (published 25 Sep 2025)",2026-08-04
GRC,Greece,BUDGET.GNI,Gross national income (European Commission definition),EUR million,2010,221569.92,"European Commission, EU spending and revenue 2000-2024 workbook (published 25 Sep 2025)",2026-08-04
ESP,Spain,BUDGET.GNI,Gross national income (European Commission definition),EUR million,2010,1065758.0,"European Commission, EU spending and revenue 2000-2024 workbook (published 25 Sep 2025)",2026-08-04
FRA,France,BUDGET.GNI,Gross national income (European Commission definition),EUR million,2010,2039275.041,"European Commission, EU spending and revenue 2000-2024 workbook (published 25 Sep 2025)",2026-08-04
ITA,Italy,BUDGET.GNI,Gross national income (European Commission definition),EUR million,2010,1601576.42,"European Commission, EU spending and revenue 2000-2024 workbook (published 25 Sep 2025)",2026-08-04
CYP,Cyprus,BUDGET.GNI,Gross national income (European Commission definition),EUR million,2010,18348.39,"European Commission, EU spending and revenue 2000-2024 workbook (published 25 Sep 2025)",2026-08-04
LVA,Latvia,BUDGET.GNI,Gross national income (European Commission definition),EUR million,2010,18238.2467,"European Commission, EU spending and revenue 2000-2024 workbook (published 25 Sep 2025)",2026-08-04
LTU,Lithuania,BUDGET.GNI,Gross national income (European Commission definition),EUR million,2010,27479.22,"European Commission, EU spending and revenue 2000-2024 workbook (published 25 Sep 2025)",2026-08-04
LUX,Luxembourg,BUDGET.GNI,Gross national income (European Commission definition),EUR million,2010,25726.8,"European Commission, EU spending and revenue 2000-2024 workbook (published 25 Sep 2025)",2026-08-04
HUN,Hungary,BUDGET.GNI,Gross national income (European Commission definition),EUR million,2010,93249.2146,"European Commission, EU spending and revenue 2000-2024 workbook (published 25 Sep 2025)",2026-08-04
MLT,Malta,BUDGET.GNI,Gross national income (European Commission definition),EUR million,2010,6321.305,"European Commission, EU spending and revenue 2000-2024 workbook (published 25 Sep 2025)",2026-08-04
NLD,Netherlands,BUDGET.GNI,Gross national income (European Commission definition),EUR million,2010,635504.0,"European Commission, EU spending and revenue 2000-2024 workbook (published 25 Sep 2025)",2026-08-04
AUT,Austria,BUDGET.GNI,Gross national income (European Commission definition),EUR million,2010,296814.6,"European Commission, EU spending and revenue 2000-2024 workbook (published 25 Sep 2025)",2026-08-04
POL,Poland,BUDGET.GNI,Gross national income (European Commission definition),EUR million,2010,346265.2021,"European Commission, EU spending and revenue 2000-2024 workbook (published 25 Sep 2025)",2026-08-04
PRT,Portugal,BUDGET.GNI,Gross national income (European Commission definition),EUR million,2010,173689.27,"European Commission, EU spending and revenue 2000-2024 workbook (published 25 Sep 2025)",2026-08-04
ROU,Romania,BUDGET.GNI,Gross national income (European Commission definition),EUR million,2010,125224.6812,"European Commission, EU spending and revenue 2000-2024 workbook (published 25 Sep 2025)",2026-08-04
SVN,Slovenia,BUDGET.GNI,Gross national income (European Commission definition),EUR million,2010,35867.81,"European Commission, EU spending and revenue 2000-2024 workbook (published 25 Sep 2025)",2026-08-04
SVK,Slovakia,BUDGET.GNI,Gross national income (European Commission definition),EUR million,2010,65632.7,"European Commission, EU spending and revenue 2000-2024 workbook (published 25 Sep 2025)",2026-08-04
FIN,Finland,BUDGET.GNI,Gross national income (European Commission definition),EUR million,2010,189635.0,"European Commission, EU spending and revenue 2000-2024 workbook (published 25 Sep 2025)",2026-08-04
SWE,Sweden,BUDGET.GNI,Gross national income (European Commission definition),EUR million,2010,379246.3362,"European Commission, EU spending and revenue 2000-2024 workbook (published 25 Sep 2025)",2026-08-04
GBR,United Kingdom,BUDGET.GNI,Gross national income (European Commission definition),EUR million,2010,1836621.992,"European Commission, EU spending and revenue 2000-2024 workbook (published 25 Sep 2025)",2026-08-04
HRV,Croatia,BUDGET.GNI,Gross national income (European Commission definition),EUR million,2010,43693.126,"European Commission, EU spending and revenue 2000-2024 workbook (published 25 Sep 2025)",2026-08-04
BEL,Belgium,BUDGET.ADMIN,EU administrative expenditure allocated to the member state,EUR million,2010,4294.4634,"European Commission, EU spending and revenue 2000-2024 workbook (published 25 Sep 2025)",2026-08-04
BGR,Bulgaria,BUDGET.ADMIN,EU administrative expenditure allocated to the member state,EUR million,2010,14.584,"European Commission, EU spending and revenue 2000-2024 workbook (published 25 Sep 2025)",2026-08-04
CZE,Czechia,BUDGET.ADMIN,EU administrative expenditure allocated to the member state,EUR million,2010,18.7076,"European Commission, EU spending and revenue 2000-2024 workbook (published 25 Sep 2025)",2026-08-04
DNK,Denmark,BUDGET.ADMIN,EU administrative expenditure allocated to the member state,EUR million,2010,52.5455,"European Commission, EU spending and revenue 2000-2024 workbook (published 25 Sep 2025)",2026-08-04
DEU,Germany,BUDGET.ADMIN,EU administrative expenditure allocated to the member state,EUR million,2010,193.3603,"European Commission, EU spending and revenue 2000-2024 workbook (published 25 Sep 2025)",2026-08-04
EST,Estonia,BUDGET.ADMIN,EU administrative expenditure allocated to the member state,EUR million,2010,9.1414,"European Commission, EU spending and revenue 2000-2024 workbook (published 25 Sep 2025)",2026-08-04
IRL,Ireland,BUDGET.ADMIN,EU administrative expenditure allocated to the member state,EUR million,2010,44.4035,"European Commission, EU spending and revenue 2000-2024 workbook (published 25 Sep 2025)",2026-08-04
GRC,Greece,BUDGET.ADMIN,EU administrative expenditure allocated to the member state,EUR million,2010,41.7009,"European Commission, EU spending and revenue 2000-2024 workbook (published 25 Sep 2025)",2026-08-04
ESP,Spain,BUDGET.ADMIN,EU administrative expenditure allocated to the member state,EUR million,2010,88.5899,"European Commission, EU spending and revenue 2000-2024 workbook (published 25 Sep 2025)",2026-08-04
FRA,France,BUDGET.ADMIN,EU administrative expenditure allocated to the member state,EUR million,2010,336.9661,"European Commission, EU spending and revenue 2000-2024 workbook (published 25 Sep 2025)",2026-08-04
ITA,Italy,BUDGET.ADMIN,EU administrative expenditure allocated to the member state,EUR million,2010,269.8025,"European Commission, EU spending and revenue 2000-2024 workbook (published 25 Sep 2025)",2026-08-04
CYP,Cyprus,BUDGET.ADMIN,EU administrative expenditure allocated to the member state,EUR million,2010,8.1551,"European Commission, EU spending and revenue 2000-2024 workbook (published 25 Sep 2025)",2026-08-04
LVA,Latvia,BUDGET.ADMIN,EU administrative expenditure allocated to the member state,EUR million,2010,9.9972,"European Commission, EU spending and revenue 2000-2024 workbook (published 25 Sep 2025)",2026-08-04
LTU,Lithuania,BUDGET.ADMIN,EU administrative expenditure allocated to the member state,EUR million,2010,11.8201,"European Commission, EU spending and revenue 2000-2024 workbook (published 25 Sep 2025)",2026-08-04
LUX,Luxembourg,BUDGET.ADMIN,EU administrative expenditure allocated to the member state,EUR million,2010,1345.9677,"European Commission, EU spending and revenue 2000-2024 workbook (published 25 Sep 2025)",2026-08-04
HUN,Hungary,BUDGET.ADMIN,EU administrative expenditure allocated to the member state,EUR million,2010,33.0204,"European Commission, EU spending and revenue 2000-2024 workbook (published 25 Sep 2025)",2026-08-04
MLT,Malta,BUDGET.ADMIN,EU administrative expenditure allocated to the member state,EUR million,2010,7.6565,"European Commission, EU spending and revenue 2000-2024 workbook (published 25 Sep 2025)",2026-08-04
NLD,Netherlands,BUDGET.ADMIN,EU administrative expenditure allocated to the member state,EUR million,2010,87.3813,"European Commission, EU spending and revenue 2000-2024 workbook (published 25 Sep 2025)",2026-08-04
AUT,Austria,BUDGET.ADMIN,EU administrative expenditure allocated to the member state,EUR million,2010,20.8164,"European Commission, EU spending and revenue 2000-2024 workbook (published 25 Sep 2025)",2026-08-04
POL,Poland,BUDGET.ADMIN,EU administrative expenditure allocated to the member state,EUR million,2010,31.6689,"European Commission, EU spending and revenue 2000-2024 workbook (published 25 Sep 2025)",2026-08-04
PRT,Portugal,BUDGET.ADMIN,EU administrative expenditure allocated to the member state,EUR million,2010,30.2899,"European Commission, EU spending and revenue 2000-2024 workbook (published 25 Sep 2025)",2026-08-04
ROU,Romania,BUDGET.ADMIN,EU administrative expenditure allocated to the member state,EUR million,2010,22.5298,"European Commission, EU spending and revenue 2000-2024 workbook (published 25 Sep 2025)",2026-08-04
SVN,Slovenia,BUDGET.ADMIN,EU administrative expenditure allocated to the member state,EUR million,2010,9.4163,"European Commission, EU spending and revenue 2000-2024 workbook (published 25 Sep 2025)",2026-08-04
SVK,Slovakia,BUDGET.ADMIN,EU administrative expenditure allocated to the member state,EUR million,2010,11.4661,"European Commission, EU spending and revenue 2000-2024 workbook (published 25 Sep 2025)",2026-08-04
FIN,Finland,BUDGET.ADMIN,EU administrative expenditure allocated to the member state,EUR million,2010,23.4069,"European Commission, EU spending and revenue 2000-2024 workbook (published 25 Sep 2025)",2026-08-04
SWE,Sweden,BUDGET.ADMIN,EU administrative expenditure allocated to the member state,EUR million,2010,28.7797,"European Commission, EU spending and revenue 2000-2024 workbook (published 25 Sep 2025)",2026-08-04
GBR,United Kingdom,BUDGET.ADMIN,EU administrative expenditure allocated to the member state,EUR million,2010,139.2847,"European Commission, EU spending and revenue 2000-2024 workbook (published 25 Sep 2025)",2026-08-04
HRV,Croatia,BUDGET.ADMIN,EU administrative expenditure allocated to the member state,EUR million,2010,1.4693,"European Commission, EU spending and revenue 2000-2024 workbook (published 25 Sep 2025)",2026-08-04
BEL,Belgium,BUDGET.CUSTOMS,Customs duties collected for the EU budget (traditional own resources),EUR million,2010,1977.8962,"European Commission, EU spending and revenue 2000-2024 workbook (published 25 Sep 2025)",2026-08-04
BGR,Bulgaria,BUDGET.CUSTOMS,Customs duties collected for the EU budget (traditional own resources),EUR million,2010,56.0302,"European Commission, EU spending and revenue 2000-2024 workbook (published 25 Sep 2025)",2026-08-04
CZE,Czechia,BUDGET.CUSTOMS,Customs duties collected for the EU budget (traditional own resources),EUR million,2010,248.4018,"European Commission, EU spending and revenue 2000-2024 workbook (published 25 Sep 2025)",2026-08-04
DNK,Denmark,BUDGET.CUSTOMS,Customs duties collected for the EU budget (traditional own resources),EUR million,2010,404.9333,"European Commission, EU spending and revenue 2000-2024 workbook (published 25 Sep 2025)",2026-08-04
DEU,Germany,BUDGET.CUSTOMS,Customs duties collected for the EU budget (traditional own resources),EUR million,2010,4051.0111,"European Commission, EU spending and revenue 2000-2024 workbook (published 25 Sep 2025)",2026-08-04
EST,Estonia,BUDGET.CUSTOMS,Customs duties collected for the EU budget (traditional own resources),EUR million,2010,22.9931,"European Commission, EU spending and revenue 2000-2024 workbook (published 25 Sep 2025)",2026-08-04
IRL,Ireland,BUDGET.CUSTOMS,Customs duties collected for the EU budget (traditional own resources),EUR million,2010,247.6186,"European Commission, EU spending and revenue 2000-2024 workbook (published 25 Sep 2025)",2026-08-04
GRC,Greece,BUDGET.CUSTOMS,Customs duties collected for the EU budget (traditional own resources),EUR million,2010,285.4352,"European Commission, EU spending and revenue 2000-2024 workbook (published 25 Sep 2025)",2026-08-04
ESP,Spain,BUDGET.CUSTOMS,Customs duties collected for the EU budget (traditional own resources),EUR million,2010,1506.8377,"European Commission, EU spending and revenue 2000-2024 workbook (published 25 Sep 2025)",2026-08-04
FRA,France,BUDGET.CUSTOMS,Customs duties collected for the EU budget (traditional own resources),EUR million,2010,1835.1548,"European Commission, EU spending and revenue 2000-2024 workbook (published 25 Sep 2025)",2026-08-04
ITA,Italy,BUDGET.CUSTOMS,Customs duties collected for the EU budget (traditional own resources),EUR million,2010,2219.1014,"European Commission, EU spending and revenue 2000-2024 workbook (published 25 Sep 2025)",2026-08-04
CYP,Cyprus,BUDGET.CUSTOMS,Customs duties collected for the EU budget (traditional own resources),EUR million,2010,35.2447,"European Commission, EU spending and revenue 2000-2024 workbook (published 25 Sep 2025)",2026-08-04
LVA,Latvia,BUDGET.CUSTOMS,Customs duties collected for the EU budget (traditional own resources),EUR million,2010,22.3758,"European Commission, EU spending and revenue 2000-2024 workbook (published 25 Sep 2025)",2026-08-04
LTU,Lithuania,BUDGET.CUSTOMS,Customs duties collected for the EU budget (traditional own resources),EUR million,2010,51.0359,"European Commission, EU spending and revenue 2000-2024 workbook (published 25 Sep 2025)",2026-08-04
LUX,Luxembourg,BUDGET.CUSTOMS,Customs duties collected for the EU budget (traditional own resources),EUR million,2010,16.9793,"European Commission, EU spending and revenue 2000-2024 workbook (published 25 Sep 2025)",2026-08-04
HUN,Hungary,BUDGET.CUSTOMS,Customs duties collected for the EU budget (traditional own resources),EUR million,2010,121.0361,"European Commission, EU spending and revenue 2000-2024 workbook (published 25 Sep 2025)",2026-08-04
MLT,Malta,BUDGET.CUSTOMS,Customs duties collected for the EU budget (traditional own resources),EUR million,2010,13.0828,"European Commission, EU spending and revenue 2000-2024 workbook (published 25 Sep 2025)",2026-08-04
NLD,Netherlands,BUDGET.CUSTOMS,Customs duties collected for the EU budget (traditional own resources),EUR million,2010,2323.2409,"European Commission, EU spending and revenue 2000-2024 workbook (published 25 Sep 2025)",2026-08-04
AUT,Austria,BUDGET.CUSTOMS,Customs duties collected for the EU budget (traditional own resources),EUR million,2010,218.1633,"European Commission, EU spending and revenue 2000-2024 workbook (published 25 Sep 2025)",2026-08-04
POL,Poland,BUDGET.CUSTOMS,Customs duties collected for the EU budget (traditional own resources),EUR million,2010,406.6682,"European Commission, EU spending and revenue 2000-2024 workbook (published 25 Sep 2025)",2026-08-04
PRT,Portugal,BUDGET.CUSTOMS,Customs duties collected for the EU budget (traditional own resources),EUR million,2010,178.9291,"European Commission, EU spending and revenue 2000-2024 workbook (published 25 Sep 2025)",2026-08-04
ROU,Romania,BUDGET.CUSTOMS,Customs duties collected for the EU budget (traditional own resources),EUR million,2010,133.1933,"European Commission, EU spending and revenue 2000-2024 workbook (published 25 Sep 2025)",2026-08-04
SVN,Slovenia,BUDGET.CUSTOMS,Customs duties collected for the EU budget (traditional own resources),EUR million,2010,88.8573,"European Commission, EU spending and revenue 2000-2024 workbook (published 25 Sep 2025)",2026-08-04
SVK,Slovakia,BUDGET.CUSTOMS,Customs duties collected for the EU budget (traditional own resources),EUR million,2010,141.4629,"European Commission, EU spending and revenue 2000-2024 workbook (published 25 Sep 2025)",2026-08-04
FIN,Finland,BUDGET.CUSTOMS,Customs duties collected for the EU budget (traditional own resources),EUR million,2010,168.4678,"European Commission, EU spending and revenue 2000-2024 workbook (published 25 Sep 2025)",2026-08-04
SWE,Sweden,BUDGET.CUSTOMS,Customs duties collected for the EU budget (traditional own resources),EUR million,2010,572.0379,"European Commission, EU spending and revenue 2000-2024 workbook (published 25 Sep 2025)",2026-08-04
GBR,United Kingdom,BUDGET.CUSTOMS,Customs duties collected for the EU budget (traditional own resources),EUR million,2010,3338.7221,"European Commission, EU spending and revenue 2000-2024 workbook (published 25 Sep 2025)",2026-08-04
HRV,Croatia,BUDGET.CUSTOMS,Customs duties collected for the EU budget (traditional own resources),EUR million,2010,0.0,"European Commission, EU spending and revenue 2000-2024 workbook (published 25 Sep 2025)",2026-08-04
BEL,Belgium,BUDGET.EXPEND,EU expenditure allocated to the member state,EUR million,2011,6796.7066,"European Commission, EU spending and revenue 2000-2024 workbook (published 25 Sep 2025)",2026-08-04
BGR,Bulgaria,BUDGET.EXPEND,EU expenditure allocated to the member state,EUR million,2011,1107.1136,"European Commission, EU spending and revenue 2000-2024 workbook (published 25 Sep 2025)",2026-08-04
CZE,Czechia,BUDGET.EXPEND,EU expenditure allocated to the member state,EUR million,2011,3029.066,"European Commission, EU spending and revenue 2000-2024 workbook (published 25 Sep 2025)",2026-08-04
DNK,Denmark,BUDGET.EXPEND,EU expenditure allocated to the member state,EUR million,2011,1473.0674,"European Commission, EU spending and revenue 2000-2024 workbook (published 25 Sep 2025)",2026-08-04
DEU,Germany,BUDGET.EXPEND,EU expenditure allocated to the member state,EUR million,2011,12132.9835,"European Commission, EU spending and revenue 2000-2024 workbook (published 25 Sep 2025)",2026-08-04
EST,Estonia,BUDGET.EXPEND,EU expenditure allocated to the member state,EUR million,2011,504.6869,"European Commission, EU spending and revenue 2000-2024 workbook (published 25 Sep 2025)",2026-08-04
IRL,Ireland,BUDGET.EXPEND,EU expenditure allocated to the member state,EUR million,2011,1639.4511,"European Commission, EU spending and revenue 2000-2024 workbook (published 25 Sep 2025)",2026-08-04
GRC,Greece,BUDGET.EXPEND,EU expenditure allocated to the member state,EUR million,2011,6536.9323,"European Commission, EU spending and revenue 2000-2024 workbook (published 25 Sep 2025)",2026-08-04
ESP,Spain,BUDGET.EXPEND,EU expenditure allocated to the member state,EUR million,2011,13599.0084,"European Commission, EU spending and revenue 2000-2024 workbook (published 25 Sep 2025)",2026-08-04
FRA,France,BUDGET.EXPEND,EU expenditure allocated to the member state,EUR million,2011,13162.3318,"European Commission, EU spending and revenue 2000-2024 workbook (published 25 Sep 2025)",2026-08-04
ITA,Italy,BUDGET.EXPEND,EU expenditure allocated to the member state,EUR million,2011,9585.8712,"European Commission, EU spending and revenue 2000-2024 workbook (published 25 Sep 2025)",2026-08-04
CYP,Cyprus,BUDGET.EXPEND,EU expenditure allocated to the member state,EUR million,2011,183.5692,"European Commission, EU spending and revenue 2000-2024 workbook (published 25 Sep 2025)",2026-08-04
LVA,Latvia,BUDGET.EXPEND,EU expenditure allocated to the member state,EUR million,2011,910.9791,"European Commission, EU spending and revenue 2000-2024 workbook (published 25 Sep 2025)",2026-08-04
LTU,Lithuania,BUDGET.EXPEND,EU expenditure allocated to the member state,EUR million,2011,1652.8024,"European Commission, EU spending and revenue 2000-2024 workbook (published 25 Sep 2025)",2026-08-04
LUX,Luxembourg,BUDGET.EXPEND,EU expenditure allocated to the member state,EUR million,2011,1548.5178,"European Commission, EU spending and revenue 2000-2024 workbook (published 25 Sep 2025)",2026-08-04
HUN,Hungary,BUDGET.EXPEND,EU expenditure allocated to the member state,EUR million,2011,5330.9204,"European Commission, EU spending and revenue 2000-2024 workbook (published 25 Sep 2025)",2026-08-04
MLT,Malta,BUDGET.EXPEND,EU expenditure allocated to the member state,EUR million,2011,135.2443,"European Commission, EU spending and revenue 2000-2024 workbook (published 25 Sep 2025)",2026-08-04
NLD,Netherlands,BUDGET.EXPEND,EU expenditure allocated to the member state,EUR million,2011,2064.3225,"European Commission, EU spending and revenue 2000-2024 workbook (published 25 Sep 2025)",2026-08-04
AUT,Austria,BUDGET.EXPEND,EU expenditure allocated to the member state,EUR million,2011,1875.8103,"European Commission, EU spending and revenue 2000-2024 workbook (published 25 Sep 2025)",2026-08-04
POL,Poland,BUDGET.EXPEND,EU expenditure allocated to the member state,EUR million,2011,14440.5975,"European Commission, EU spending and revenue 2000-2024 workbook (published 25 Sep 2025)",2026-08-04
PRT,Portugal,BUDGET.EXPEND,EU expenditure allocated to the member state,EUR million,2011,4715.264,"European Commission, EU spending and revenue 2000-2024 workbook (published 25 Sep 2025)",2026-08-04
ROU,Romania,BUDGET.EXPEND,EU expenditure allocated to the member state,EUR million,2011,2659.4706,"European Commission, EU spending and revenue 2000-2024 workbook (published 25 Sep 2025)",2026-08-04
SVN,Slovenia,BUDGET.EXPEND,EU expenditure allocated to the member state,EUR million,2011,846.9782,"European Commission, EU spending and revenue 2000-2024 workbook (published 25 Sep 2025)",2026-08-04
SVK,Slovakia,BUDGET.EXPEND,EU expenditure allocated to the member state,EUR million,2011,1785.1231,"European Commission, EU spending and revenue 2000-2024 workbook (published 25 Sep 2025)",2026-08-04
FIN,Finland,BUDGET.EXPEND,EU expenditure allocated to the member state,EUR million,2011,1293.0012,"European Commission, EU spending and revenue 2000-2024 workbook (published 25 Sep 2025)",2026-08-04
SWE,Sweden,BUDGET.EXPEND,EU expenditure allocated to the member state,EUR million,2011,1757.0249,"European Commission, EU spending and revenue 2000-2024 workbook (published 25 Sep 2025)",2026-08-04
GBR,United Kingdom,BUDGET.EXPEND,EU expenditure allocated to the member state,EUR million,2011,6570.0487,"European Commission, EU spending and revenue 2000-2024 workbook (published 25 Sep 2025)",2026-08-04
HRV,Croatia,BUDGET.EXPEND,EU expenditure allocated to the member state,EUR million,2011,113.1745,"European Commission, EU spending and revenue 2000-2024 workbook (published 25 Sep 2025)",2026-08-04
BEL,Belgium,BUDGET.CONTRIB,National contributions to the EU budget (excludes customs duties),EUR million,2011,3345.4924,"European Commission, EU spending and revenue 2000-2024 workbook (published 25 Sep 2025)",2026-08-04
BGR,Bulgaria,BUDGET.CONTRIB,National contributions to the EU budget (excludes customs duties),EUR million,2011,346.0675,"European Commission, EU spending and revenue 2000-2024 workbook (published 25 Sep 2025)",2026-08-04
CZE,Czechia,BUDGET.CONTRIB,National contributions to the EU budget (excludes customs duties),EUR million,2011,1461.9531,"European Commission, EU spending and revenue 2000-2024 workbook (published 25 Sep 2025)",2026-08-04
DNK,Denmark,BUDGET.CONTRIB,National contributions to the EU budget (excludes customs duties),EUR million,2011,2120.7555,"European Commission, EU spending and revenue 2000-2024 workbook (published 25 Sep 2025)",2026-08-04
DEU,Germany,BUDGET.CONTRIB,National contributions to the EU budget (excludes customs duties),EUR million,2011,19671.0969,"European Commission, EU spending and revenue 2000-2024 workbook (published 25 Sep 2025)",2026-08-04
EST,Estonia,BUDGET.CONTRIB,National contributions to the EU budget (excludes customs duties),EUR million,2011,136.6706,"European Commission, EU spending and revenue 2000-2024 workbook (published 25 Sep 2025)",2026-08-04
IRL,Ireland,BUDGET.CONTRIB,National contributions to the EU budget (excludes customs duties),EUR million,2011,1138.958,"European Commission, EU spending and revenue 2000-2024 workbook (published 25 Sep 2025)",2026-08-04
GRC,Greece,BUDGET.CONTRIB,National contributions to the EU budget (excludes customs duties),EUR million,2011,1762.033,"European Commission, EU spending and revenue 2000-2024 workbook (published 25 Sep 2025)",2026-08-04
ESP,Spain,BUDGET.CONTRIB,National contributions to the EU budget (excludes customs duties),EUR million,2011,9876.1425,"European Commission, EU spending and revenue 2000-2024 workbook (published 25 Sep 2025)",2026-08-04
FRA,France,BUDGET.CONTRIB,National contributions to the EU budget (excludes customs duties),EUR million,2011,18050.8404,"European Commission, EU spending and revenue 2000-2024 workbook (published 25 Sep 2025)",2026-08-04
ITA,Italy,BUDGET.CONTRIB,National contributions to the EU budget (excludes customs duties),EUR million,2011,14336.2231,"European Commission, EU spending and revenue 2000-2024 workbook (published 25 Sep 2025)",2026-08-04
CYP,Cyprus,BUDGET.CONTRIB,National contributions to the EU budget (excludes customs duties),EUR million,2011,160.1452,"European Commission, EU spending and revenue 2000-2024 workbook (published 25 Sep 2025)",2026-08-04
LVA,Latvia,BUDGET.CONTRIB,National contributions to the EU budget (excludes customs duties),EUR million,2011,159.7534,"European Commission, EU spending and revenue 2000-2024 workbook (published 25 Sep 2025)",2026-08-04
LTU,Lithuania,BUDGET.CONTRIB,National contributions to the EU budget (excludes customs duties),EUR million,2011,257.437,"European Commission, EU spending and revenue 2000-2024 workbook (published 25 Sep 2025)",2026-08-04
LUX,Luxembourg,BUDGET.CONTRIB,National contributions to the EU budget (excludes customs duties),EUR million,2011,278.831,"European Commission, EU spending and revenue 2000-2024 workbook (published 25 Sep 2025)",2026-08-04
HUN,Hungary,BUDGET.CONTRIB,National contributions to the EU budget (excludes customs duties),EUR million,2011,836.4272,"European Commission, EU spending and revenue 2000-2024 workbook (published 25 Sep 2025)",2026-08-04
MLT,Malta,BUDGET.CONTRIB,National contributions to the EU budget (excludes customs duties),EUR million,2011,56.3226,"European Commission, EU spending and revenue 2000-2024 workbook (published 25 Sep 2025)",2026-08-04
NLD,Netherlands,BUDGET.CONTRIB,National contributions to the EU budget (excludes customs duties),EUR million,2011,3933.2659,"European Commission, EU spending and revenue 2000-2024 workbook (published 25 Sep 2025)",2026-08-04
AUT,Austria,BUDGET.CONTRIB,National contributions to the EU budget (excludes customs duties),EUR million,2011,2499.1738,"European Commission, EU spending and revenue 2000-2024 workbook (published 25 Sep 2025)",2026-08-04
POL,Poland,BUDGET.CONTRIB,National contributions to the EU budget (excludes customs duties),EUR million,2011,3227.8042,"European Commission, EU spending and revenue 2000-2024 workbook (published 25 Sep 2025)",2026-08-04
PRT,Portugal,BUDGET.CONTRIB,National contributions to the EU budget (excludes customs duties),EUR million,2011,1599.3959,"European Commission, EU spending and revenue 2000-2024 workbook (published 25 Sep 2025)",2026-08-04
ROU,Romania,BUDGET.CONTRIB,National contributions to the EU budget (excludes customs duties),EUR million,2011,1116.0477,"European Commission, EU spending and revenue 2000-2024 workbook (published 25 Sep 2025)",2026-08-04
SVN,Slovenia,BUDGET.CONTRIB,National contributions to the EU budget (excludes customs duties),EUR million,2011,326.9442,"European Commission, EU spending and revenue 2000-2024 workbook (published 25 Sep 2025)",2026-08-04
SVK,Slovakia,BUDGET.CONTRIB,National contributions to the EU budget (excludes customs duties),EUR million,2011,576.3063,"European Commission, EU spending and revenue 2000-2024 workbook (published 25 Sep 2025)",2026-08-04
FIN,Finland,BUDGET.CONTRIB,National contributions to the EU budget (excludes customs duties),EUR million,2011,1802.7993,"European Commission, EU spending and revenue 2000-2024 workbook (published 25 Sep 2025)",2026-08-04
SWE,Sweden,BUDGET.CONTRIB,National contributions to the EU budget (excludes customs duties),EUR million,2011,2866.6457,"European Commission, EU spending and revenue 2000-2024 workbook (published 25 Sep 2025)",2026-08-04
GBR,United Kingdom,BUDGET.CONTRIB,National contributions to the EU budget (excludes customs duties),EUR million,2011,11273.406,"European Commission, EU spending and revenue 2000-2024 workbook (published 25 Sep 2025)",2026-08-04
HRV,Croatia,BUDGET.CONTRIB,National contributions to the EU budget (excludes customs duties),EUR million,2011,0.0,"European Commission, EU spending and revenue 2000-2024 workbook (published 25 Sep 2025)",2026-08-04
BEL,Belgium,BUDGET.GNI,Gross national income (European Commission definition),EUR million,2011,384068.4,"European Commission, EU spending and revenue 2000-2024 workbook (published 25 Sep 2025)",2026-08-04
BGR,Bulgaria,BUDGET.GNI,Gross national income (European Commission definition),EUR million,2011,38535.4147,"European Commission, EU spending and revenue 2000-2024 workbook (published 25 Sep 2025)",2026-08-04
CZE,Czechia,BUDGET.GNI,Gross national income (European Commission definition),EUR million,2011,151018.002,"European Commission, EU spending and revenue 2000-2024 workbook (published 25 Sep 2025)",2026-08-04
DNK,Denmark,BUDGET.GNI,Gross national income (European Commission definition),EUR million,2011,251300.1863,"European Commission, EU spending and revenue 2000-2024 workbook (published 25 Sep 2025)",2026-08-04
DEU,Germany,BUDGET.GNI,Gross national income (European Commission definition),EUR million,2011,2768548.0,"European Commission, EU spending and revenue 2000-2024 workbook (published 25 Sep 2025)",2026-08-04
EST,Estonia,BUDGET.GNI,Gross national income (European Commission definition),EUR million,2011,15556.7661,"European Commission, EU spending and revenue 2000-2024 workbook (published 25 Sep 2025)",2026-08-04
IRL,Ireland,BUDGET.GNI,Gross national income (European Commission definition),EUR million,2011,140376.0,"European Commission, EU spending and revenue 2000-2024 workbook (published 25 Sep 2025)",2026-08-04
GRC,Greece,BUDGET.GNI,Gross national income (European Commission definition),EUR million,2011,202141.29,"European Commission, EU spending and revenue 2000-2024 workbook (published 25 Sep 2025)",2026-08-04
ESP,Spain,BUDGET.GNI,Gross national income (European Commission definition),EUR million,2011,1056941.0,"European Commission, EU spending and revenue 2000-2024 workbook (published 25 Sep 2025)",2026-08-04
FRA,France,BUDGET.GNI,Gross national income (European Commission definition),EUR million,2011,2106703.002,"European Commission, EU spending and revenue 2000-2024 workbook (published 25 Sep 2025)",2026-08-04
ITA,Italy,BUDGET.GNI,Gross national income (European Commission definition),EUR million,2011,1633443.269,"European Commission, EU spending and revenue 2000-2024 workbook (published 25 Sep 2025)",2026-08-04
CYP,Cyprus,BUDGET.GNI,Gross national income (European Commission definition),EUR million,2011,19697.66,"European Commission, EU spending and revenue 2000-2024 workbook (published 25 Sep 2025)",2026-08-04
LVA,Latvia,BUDGET.GNI,Gross national income (European Commission definition),EUR million,2011,20191.9796,"European Commission, EU spending and revenue 2000-2024 workbook (published 25 Sep 2025)",2026-08-04
LTU,Lithuania,BUDGET.GNI,Gross national income (European Commission definition),EUR million,2011,30099.236,"European Commission, EU spending and revenue 2000-2024 workbook (published 25 Sep 2025)",2026-08-04
LUX,Luxembourg,BUDGET.GNI,Gross national income (European Commission definition),EUR million,2011,27824.4,"European Commission, EU spending and revenue 2000-2024 workbook (published 25 Sep 2025)",2026-08-04
HUN,Hungary,BUDGET.GNI,Gross national income (European Commission definition),EUR million,2011,95535.6801,"European Commission, EU spending and revenue 2000-2024 workbook (published 25 Sep 2025)",2026-08-04
MLT,Malta,BUDGET.GNI,Gross national income (European Commission definition),EUR million,2011,6684.147,"European Commission, EU spending and revenue 2000-2024 workbook (published 25 Sep 2025)",2026-08-04
NLD,Netherlands,BUDGET.GNI,Gross national income (European Commission definition),EUR million,2011,643351.0,"European Commission, EU spending and revenue 2000-2024 workbook (published 25 Sep 2025)",2026-08-04
AUT,Austria,BUDGET.GNI,Gross national income (European Commission definition),EUR million,2011,310038.3,"European Commission, EU spending and revenue 2000-2024 workbook (published 25 Sep 2025)",2026-08-04
POL,Poland,BUDGET.GNI,Gross national income (European Commission definition),EUR million,2011,361657.4718,"European Commission, EU spending and revenue 2000-2024 workbook (published 25 Sep 2025)",2026-08-04
PRT,Portugal,BUDGET.GNI,Gross national income (European Commission definition),EUR million,2011,172518.18,"European Commission, EU spending and revenue 2000-2024 workbook (published 25 Sep 2025)",2026-08-04
ROU,Romania,BUDGET.GNI,Gross national income (European Commission definition),EUR million,2011,131586.7029,"European Commission, EU spending and revenue 2000-2024 workbook (published 25 Sep 2025)",2026-08-04
SVN,Slovenia,BUDGET.GNI,Gross national income (European Commission definition),EUR million,2011,36557.9,"European Commission, EU spending and revenue 2000-2024 workbook (published 25 Sep 2025)",2026-08-04
SVK,Slovakia,BUDGET.GNI,Gross national income (European Commission definition),EUR million,2011,68801.78,"European Commission, EU spending and revenue 2000-2024 workbook (published 25 Sep 2025)",2026-08-04
FIN,Finland,BUDGET.GNI,Gross national income (European Commission definition),EUR million,2011,197761.0,"European Commission, EU spending and revenue 2000-2024 workbook (published 25 Sep 2025)",2026-08-04
SWE,Sweden,BUDGET.GNI,Gross national income (European Commission definition),EUR million,2011,416503.0635,"European Commission, EU spending and revenue 2000-2024 workbook (published 25 Sep 2025)",2026-08-04
GBR,United Kingdom,BUDGET.GNI,Gross national income (European Commission definition),EUR million,2011,1885514.859,"European Commission, EU spending and revenue 2000-2024 workbook (published 25 Sep 2025)",2026-08-04
HRV,Croatia,BUDGET.GNI,Gross national income (European Commission definition),EUR million,2011,43463.8037,"European Commission, EU spending and revenue 2000-2024 workbook (published 25 Sep 2025)",2026-08-04
BEL,Belgium,BUDGET.ADMIN,EU administrative expenditure allocated to the member state,EUR million,2011,4603.0827,"European Commission, EU spending and revenue 2000-2024 workbook (published 25 Sep 2025)",2026-08-04
BGR,Bulgaria,BUDGET.ADMIN,EU administrative expenditure allocated to the member state,EUR million,2011,13.0783,"European Commission, EU spending and revenue 2000-2024 workbook (published 25 Sep 2025)",2026-08-04
CZE,Czechia,BUDGET.ADMIN,EU administrative expenditure allocated to the member state,EUR million,2011,16.809,"European Commission, EU spending and revenue 2000-2024 workbook (published 25 Sep 2025)",2026-08-04
DNK,Denmark,BUDGET.ADMIN,EU administrative expenditure allocated to the member state,EUR million,2011,50.9165,"European Commission, EU spending and revenue 2000-2024 workbook (published 25 Sep 2025)",2026-08-04
DEU,Germany,BUDGET.ADMIN,EU administrative expenditure allocated to the member state,EUR million,2011,184.2323,"European Commission, EU spending and revenue 2000-2024 workbook (published 25 Sep 2025)",2026-08-04
EST,Estonia,BUDGET.ADMIN,EU administrative expenditure allocated to the member state,EUR million,2011,8.6932,"European Commission, EU spending and revenue 2000-2024 workbook (published 25 Sep 2025)",2026-08-04
IRL,Ireland,BUDGET.ADMIN,EU administrative expenditure allocated to the member state,EUR million,2011,42.5444,"European Commission, EU spending and revenue 2000-2024 workbook (published 25 Sep 2025)",2026-08-04
GRC,Greece,BUDGET.ADMIN,EU administrative expenditure allocated to the member state,EUR million,2011,37.673,"European Commission, EU spending and revenue 2000-2024 workbook (published 25 Sep 2025)",2026-08-04
ESP,Spain,BUDGET.ADMIN,EU administrative expenditure allocated to the member state,EUR million,2011,85.1647,"European Commission, EU spending and revenue 2000-2024 workbook (published 25 Sep 2025)",2026-08-04
FRA,France,BUDGET.ADMIN,EU administrative expenditure allocated to the member state,EUR million,2011,342.6054,"European Commission, EU spending and revenue 2000-2024 workbook (published 25 Sep 2025)",2026-08-04
ITA,Italy,BUDGET.ADMIN,EU administrative expenditure allocated to the member state,EUR million,2011,249.6928,"European Commission, EU spending and revenue 2000-2024 workbook (published 25 Sep 2025)",2026-08-04
CYP,Cyprus,BUDGET.ADMIN,EU administrative expenditure allocated to the member state,EUR million,2011,6.1517,"European Commission, EU spending and revenue 2000-2024 workbook (published 25 Sep 2025)",2026-08-04
LVA,Latvia,BUDGET.ADMIN,EU administrative expenditure allocated to the member state,EUR million,2011,9.5397,"European Commission, EU spending and revenue 2000-2024 workbook (published 25 Sep 2025)",2026-08-04
LTU,Lithuania,BUDGET.ADMIN,EU administrative expenditure allocated to the member state,EUR million,2011,10.5798,"European Commission, EU spending and revenue 2000-2024 workbook (published 25 Sep 2025)",2026-08-04
LUX,Luxembourg,BUDGET.ADMIN,EU administrative expenditure allocated to the member state,EUR million,2011,1326.5763,"European Commission, EU spending and revenue 2000-2024 workbook (published 25 Sep 2025)",2026-08-04
HUN,Hungary,BUDGET.ADMIN,EU administrative expenditure allocated to the member state,EUR million,2011,21.7382,"European Commission, EU spending and revenue 2000-2024 workbook (published 25 Sep 2025)",2026-08-04
MLT,Malta,BUDGET.ADMIN,EU administrative expenditure allocated to the member state,EUR million,2011,8.2312,"European Commission, EU spending and revenue 2000-2024 workbook (published 25 Sep 2025)",2026-08-04
NLD,Netherlands,BUDGET.ADMIN,EU administrative expenditure allocated to the member state,EUR million,2011,89.066,"European Commission, EU spending and revenue 2000-2024 workbook (published 25 Sep 2025)",2026-08-04
AUT,Austria,BUDGET.ADMIN,EU administrative expenditure allocated to the member state,EUR million,2011,19.1067,"European Commission, EU spending and revenue 2000-2024 workbook (published 25 Sep 2025)",2026-08-04
POL,Poland,BUDGET.ADMIN,EU administrative expenditure allocated to the member state,EUR million,2011,27.6549,"European Commission, EU spending and revenue 2000-2024 workbook (published 25 Sep 2025)",2026-08-04
PRT,Portugal,BUDGET.ADMIN,EU administrative expenditure allocated to the member state,EUR million,2011,28.0671,"European Commission, EU spending and revenue 2000-2024 workbook (published 25 Sep 2025)",2026-08-04
ROU,Romania,BUDGET.ADMIN,EU administrative expenditure allocated to the member state,EUR million,2011,19.3166,"European Commission, EU spending and revenue 2000-2024 workbook (published 25 Sep 2025)",2026-08-04
SVN,Slovenia,BUDGET.ADMIN,EU administrative expenditure allocated to the member state,EUR million,2011,8.6777,"European Commission, EU spending and revenue 2000-2024 workbook (published 25 Sep 2025)",2026-08-04
SVK,Slovakia,BUDGET.ADMIN,EU administrative expenditure allocated to the member state,EUR million,2011,10.7494,"European Commission, EU spending and revenue 2000-2024 workbook (published 25 Sep 2025)",2026-08-04
FIN,Finland,BUDGET.ADMIN,EU administrative expenditure allocated to the member state,EUR million,2011,24.9788,"European Commission, EU spending and revenue 2000-2024 workbook (published 25 Sep 2025)",2026-08-04
SWE,Sweden,BUDGET.ADMIN,EU administrative expenditure allocated to the member state,EUR million,2011,29.1725,"European Commission, EU spending and revenue 2000-2024 workbook (published 25 Sep 2025)",2026-08-04
GBR,United Kingdom,BUDGET.ADMIN,EU administrative expenditure allocated to the member state,EUR million,2011,128.5707,"European Commission, EU spending and revenue 2000-2024 workbook (published 25 Sep 2025)",2026-08-04
HRV,Croatia,BUDGET.ADMIN,EU administrative expenditure allocated to the member state,EUR million,2011,1.2826,"European Commission, EU spending and revenue 2000-2024 workbook (published 25 Sep 2025)",2026-08-04
BEL,Belgium,BUDGET.CUSTOMS,Customs duties collected for the EU budget (traditional own resources),EUR million,2011,2099.2639,"European Commission, EU spending and revenue 2000-2024 workbook (published 25 Sep 2025)",2026-08-04
BGR,Bulgaria,BUDGET.CUSTOMS,Customs duties collected for the EU budget (traditional own resources),EUR million,2011,64.9758,"European Commission, EU spending and revenue 2000-2024 workbook (published 25 Sep 2025)",2026-08-04
CZE,Czechia,BUDGET.CUSTOMS,Customs duties collected for the EU budget (traditional own resources),EUR million,2011,289.2143,"European Commission, EU spending and revenue 2000-2024 workbook (published 25 Sep 2025)",2026-08-04
DNK,Denmark,BUDGET.CUSTOMS,Customs duties collected for the EU budget (traditional own resources),EUR million,2011,432.2707,"European Commission, EU spending and revenue 2000-2024 workbook (published 25 Sep 2025)",2026-08-04
DEU,Germany,BUDGET.CUSTOMS,Customs duties collected for the EU budget (traditional own resources),EUR million,2011,4571.8604,"European Commission, EU spending and revenue 2000-2024 workbook (published 25 Sep 2025)",2026-08-04
EST,Estonia,BUDGET.CUSTOMS,Customs duties collected for the EU budget (traditional own resources),EUR million,2011,29.1937,"European Commission, EU spending and revenue 2000-2024 workbook (published 25 Sep 2025)",2026-08-04
IRL,Ireland,BUDGET.CUSTOMS,Customs duties collected for the EU budget (traditional own resources),EUR million,2011,266.3355,"European Commission, EU spending and revenue 2000-2024 workbook (published 25 Sep 2025)",2026-08-04
GRC,Greece,BUDGET.CUSTOMS,Customs duties collected for the EU budget (traditional own resources),EUR million,2011,186.118,"European Commission, EU spending and revenue 2000-2024 workbook (published 25 Sep 2025)",2026-08-04
ESP,Spain,BUDGET.CUSTOMS,Customs duties collected for the EU budget (traditional own resources),EUR million,2011,1553.538,"European Commission, EU spending and revenue 2000-2024 workbook (published 25 Sep 2025)",2026-08-04
FRA,France,BUDGET.CUSTOMS,Customs duties collected for the EU budget (traditional own resources),EUR million,2011,2037.3754,"European Commission, EU spending and revenue 2000-2024 workbook (published 25 Sep 2025)",2026-08-04
ITA,Italy,BUDGET.CUSTOMS,Customs duties collected for the EU budget (traditional own resources),EUR million,2011,2317.037,"European Commission, EU spending and revenue 2000-2024 workbook (published 25 Sep 2025)",2026-08-04
CYP,Cyprus,BUDGET.CUSTOMS,Customs duties collected for the EU budget (traditional own resources),EUR million,2011,32.8447,"European Commission, EU spending and revenue 2000-2024 workbook (published 25 Sep 2025)",2026-08-04
LVA,Latvia,BUDGET.CUSTOMS,Customs duties collected for the EU budget (traditional own resources),EUR million,2011,30.0863,"European Commission, EU spending and revenue 2000-2024 workbook (published 25 Sep 2025)",2026-08-04
LTU,Lithuania,BUDGET.CUSTOMS,Customs duties collected for the EU budget (traditional own resources),EUR million,2011,58.3526,"European Commission, EU spending and revenue 2000-2024 workbook (published 25 Sep 2025)",2026-08-04
LUX,Luxembourg,BUDGET.CUSTOMS,Customs duties collected for the EU budget (traditional own resources),EUR million,2011,19.056,"European Commission, EU spending and revenue 2000-2024 workbook (published 25 Sep 2025)",2026-08-04
HUN,Hungary,BUDGET.CUSTOMS,Customs duties collected for the EU budget (traditional own resources),EUR million,2011,132.0334,"European Commission, EU spending and revenue 2000-2024 workbook (published 25 Sep 2025)",2026-08-04
MLT,Malta,BUDGET.CUSTOMS,Customs duties collected for the EU budget (traditional own resources),EUR million,2011,13.5203,"European Commission, EU spending and revenue 2000-2024 workbook (published 25 Sep 2025)",2026-08-04
NLD,Netherlands,BUDGET.CUSTOMS,Customs duties collected for the EU budget (traditional own resources),EUR million,2011,2571.2023,"European Commission, EU spending and revenue 2000-2024 workbook (published 25 Sep 2025)",2026-08-04
AUT,Austria,BUDGET.CUSTOMS,Customs duties collected for the EU budget (traditional own resources),EUR million,2011,248.4461,"European Commission, EU spending and revenue 2000-2024 workbook (published 25 Sep 2025)",2026-08-04
POL,Poland,BUDGET.CUSTOMS,Customs duties collected for the EU budget (traditional own resources),EUR million,2011,452.1313,"European Commission, EU spending and revenue 2000-2024 workbook (published 25 Sep 2025)",2026-08-04
PRT,Portugal,BUDGET.CUSTOMS,Customs duties collected for the EU budget (traditional own resources),EUR million,2011,179.889,"European Commission, EU spending and revenue 2000-2024 workbook (published 25 Sep 2025)",2026-08-04
ROU,Romania,BUDGET.CUSTOMS,Customs duties collected for the EU budget (traditional own resources),EUR million,2011,145.4037,"European Commission, EU spending and revenue 2000-2024 workbook (published 25 Sep 2025)",2026-08-04
SVN,Slovenia,BUDGET.CUSTOMS,Customs duties collected for the EU budget (traditional own resources),EUR million,2011,98.9223,"European Commission, EU spending and revenue 2000-2024 workbook (published 25 Sep 2025)",2026-08-04
SVK,Slovakia,BUDGET.CUSTOMS,Customs duties collected for the EU budget (traditional own resources),EUR million,2011,154.7627,"European Commission, EU spending and revenue 2000-2024 workbook (published 25 Sep 2025)",2026-08-04
FIN,Finland,BUDGET.CUSTOMS,Customs duties collected for the EU budget (traditional own resources),EUR million,2011,202.1976,"European Commission, EU spending and revenue 2000-2024 workbook (published 25 Sep 2025)",2026-08-04
SWE,Sweden,BUDGET.CUSTOMS,Customs duties collected for the EU budget (traditional own resources),EUR million,2011,618.9364,"European Commission, EU spending and revenue 2000-2024 workbook (published 25 Sep 2025)",2026-08-04
GBR,United Kingdom,BUDGET.CUSTOMS,Customs duties collected for the EU budget (traditional own resources),EUR million,2011,3389.6849,"European Commission, EU spending and revenue 2000-2024 workbook (published 25 Sep 2025)",2026-08-04
HRV,Croatia,BUDGET.CUSTOMS,Customs duties collected for the EU budget (traditional own resources),EUR million,2011,0.0,"European Commission, EU spending and revenue 2000-2024 workbook (published 25 Sep 2025)",2026-08-04
BEL,Belgium,BUDGET.EXPEND,EU expenditure allocated to the member state,EUR million,2012,6969.0657,"European Commission, EU spending and revenue 2000-2024 workbook (published 25 Sep 2025)",2026-08-04
BGR,Bulgaria,BUDGET.EXPEND,EU expenditure allocated to the member state,EUR million,2012,1732.4843,"European Commission, EU spending and revenue 2000-2024 workbook (published 25 Sep 2025)",2026-08-04
CZE,Czechia,BUDGET.EXPEND,EU expenditure allocated to the member state,EUR million,2012,4529.4299,"European Commission, EU spending and revenue 2000-2024 workbook (published 25 Sep 2025)",2026-08-04
DNK,Denmark,BUDGET.EXPEND,EU expenditure allocated to the member state,EUR million,2012,1440.7261,"European Commission, EU spending and revenue 2000-2024 workbook (published 25 Sep 2025)",2026-08-04
DEU,Germany,BUDGET.EXPEND,EU expenditure allocated to the member state,EUR million,2012,12245.2385,"European Commission, EU spending and revenue 2000-2024 workbook (published 25 Sep 2025)",2026-08-04
EST,Estonia,BUDGET.EXPEND,EU expenditure allocated to the member state,EUR million,2012,954.213,"European Commission, EU spending and revenue 2000-2024 workbook (published 25 Sep 2025)",2026-08-04
IRL,Ireland,BUDGET.EXPEND,EU expenditure allocated to the member state,EUR million,2012,2013.2474,"European Commission, EU spending and revenue 2000-2024 workbook (published 25 Sep 2025)",2026-08-04
GRC,Greece,BUDGET.EXPEND,EU expenditure allocated to the member state,EUR million,2012,6352.8751,"European Commission, EU spending and revenue 2000-2024 workbook (published 25 Sep 2025)",2026-08-04
ESP,Spain,BUDGET.EXPEND,EU expenditure allocated to the member state,EUR million,2012,14257.2032,"European Commission, EU spending and revenue 2000-2024 workbook (published 25 Sep 2025)",2026-08-04
FRA,France,BUDGET.EXPEND,EU expenditure allocated to the member state,EUR million,2012,12890.313,"European Commission, EU spending and revenue 2000-2024 workbook (published 25 Sep 2025)",2026-08-04
ITA,Italy,BUDGET.EXPEND,EU expenditure allocated to the member state,EUR million,2012,10956.9372,"European Commission, EU spending and revenue 2000-2024 workbook (published 25 Sep 2025)",2026-08-04
CYP,Cyprus,BUDGET.EXPEND,EU expenditure allocated to the member state,EUR million,2012,154.5348,"European Commission, EU spending and revenue 2000-2024 workbook (published 25 Sep 2025)",2026-08-04
LVA,Latvia,BUDGET.EXPEND,EU expenditure allocated to the member state,EUR million,2012,1179.4952,"European Commission, EU spending and revenue 2000-2024 workbook (published 25 Sep 2025)",2026-08-04
LTU,Lithuania,BUDGET.EXPEND,EU expenditure allocated to the member state,EUR million,2012,1832.5502,"European Commission, EU spending and revenue 2000-2024 workbook (published 25 Sep 2025)",2026-08-04
LUX,Luxembourg,BUDGET.EXPEND,EU expenditure allocated to the member state,EUR million,2012,1530.2052,"European Commission, EU spending and revenue 2000-2024 workbook (published 25 Sep 2025)",2026-08-04
HUN,Hungary,BUDGET.EXPEND,EU expenditure allocated to the member state,EUR million,2012,4177.119,"European Commission, EU spending and revenue 2000-2024 workbook (published 25 Sep 2025)",2026-08-04
MLT,Malta,BUDGET.EXPEND,EU expenditure allocated to the member state,EUR million,2012,141.18,"European Commission, EU spending and revenue 2000-2024 workbook (published 25 Sep 2025)",2026-08-04
NLD,Netherlands,BUDGET.EXPEND,EU expenditure allocated to the member state,EUR million,2012,2123.5805,"European Commission, EU spending and revenue 2000-2024 workbook (published 25 Sep 2025)",2026-08-04
AUT,Austria,BUDGET.EXPEND,EU expenditure allocated to the member state,EUR million,2012,1855.9677,"European Commission, EU spending and revenue 2000-2024 workbook (published 25 Sep 2025)",2026-08-04
POL,Poland,BUDGET.EXPEND,EU expenditure allocated to the member state,EUR million,2012,15735.8233,"European Commission, EU spending and revenue 2000-2024 workbook (published 25 Sep 2025)",2026-08-04
PRT,Portugal,BUDGET.EXPEND,EU expenditure allocated to the member state,EUR million,2012,6788.8863,"European Commission, EU spending and revenue 2000-2024 workbook (published 25 Sep 2025)",2026-08-04
ROU,Romania,BUDGET.EXPEND,EU expenditure allocated to the member state,EUR million,2012,3445.5424,"European Commission, EU spending and revenue 2000-2024 workbook (published 25 Sep 2025)",2026-08-04
SVN,Slovenia,BUDGET.EXPEND,EU expenditure allocated to the member state,EUR million,2012,931.8357,"European Commission, EU spending and revenue 2000-2024 workbook (published 25 Sep 2025)",2026-08-04
SVK,Slovakia,BUDGET.EXPEND,EU expenditure allocated to the member state,EUR million,2012,2286.8247,"European Commission, EU spending and revenue 2000-2024 workbook (published 25 Sep 2025)",2026-08-04
FIN,Finland,BUDGET.EXPEND,EU expenditure allocated to the member state,EUR million,2012,1324.1202,"European Commission, EU spending and revenue 2000-2024 workbook (published 25 Sep 2025)",2026-08-04
SWE,Sweden,BUDGET.EXPEND,EU expenditure allocated to the member state,EUR million,2012,1566.0036,"European Commission, EU spending and revenue 2000-2024 workbook (published 25 Sep 2025)",2026-08-04
GBR,United Kingdom,BUDGET.EXPEND,EU expenditure allocated to the member state,EUR million,2012,6933.8801,"European Commission, EU spending and revenue 2000-2024 workbook (published 25 Sep 2025)",2026-08-04
HRV,Croatia,BUDGET.EXPEND,EU expenditure allocated to the member state,EUR million,2012,103.564,"European Commission, EU spending and revenue 2000-2024 workbook (published 25 Sep 2025)",2026-08-04
BEL,Belgium,BUDGET.CONTRIB,National contributions to the EU budget (excludes customs duties),EUR million,2012,3642.7131,"European Commission, EU spending and revenue 2000-2024 workbook (published 25 Sep 2025)",2026-08-04
BGR,Bulgaria,BUDGET.CONTRIB,National contributions to the EU budget (excludes customs duties),EUR million,2012,370.9987,"European Commission, EU spending and revenue 2000-2024 workbook (published 25 Sep 2025)",2026-08-04
CZE,Czechia,BUDGET.CONTRIB,National contributions to the EU budget (excludes customs duties),EUR million,2012,1395.5184,"European Commission, EU spending and revenue 2000-2024 workbook (published 25 Sep 2025)",2026-08-04
DNK,Denmark,BUDGET.CONTRIB,National contributions to the EU budget (excludes customs duties),EUR million,2012,2391.0921,"European Commission, EU spending and revenue 2000-2024 workbook (published 25 Sep 2025)",2026-08-04
DEU,Germany,BUDGET.CONTRIB,National contributions to the EU budget (excludes customs duties),EUR million,2012,22820.2308,"European Commission, EU spending and revenue 2000-2024 workbook (published 25 Sep 2025)",2026-08-04
EST,Estonia,BUDGET.CONTRIB,National contributions to the EU budget (excludes customs duties),EUR million,2012,153.5312,"European Commission, EU spending and revenue 2000-2024 workbook (published 25 Sep 2025)",2026-08-04
IRL,Ireland,BUDGET.CONTRIB,National contributions to the EU budget (excludes customs duties),EUR million,2012,1235.6463,"European Commission, EU spending and revenue 2000-2024 workbook (published 25 Sep 2025)",2026-08-04
GRC,Greece,BUDGET.CONTRIB,National contributions to the EU budget (excludes customs duties),EUR million,2012,1681.3469,"European Commission, EU spending and revenue 2000-2024 workbook (published 25 Sep 2025)",2026-08-04
ESP,Spain,BUDGET.CONTRIB,National contributions to the EU budget (excludes customs duties),EUR million,2012,9661.5835,"European Commission, EU spending and revenue 2000-2024 workbook (published 25 Sep 2025)",2026-08-04
FRA,France,BUDGET.CONTRIB,National contributions to the EU budget (excludes customs duties),EUR million,2012,19796.928,"European Commission, EU spending and revenue 2000-2024 workbook (published 25 Sep 2025)",2026-08-04
ITA,Italy,BUDGET.CONTRIB,National contributions to the EU budget (excludes customs duties),EUR million,2012,14980.2323,"European Commission, EU spending and revenue 2000-2024 workbook (published 25 Sep 2025)",2026-08-04
CYP,Cyprus,BUDGET.CONTRIB,National contributions to the EU budget (excludes customs duties),EUR million,2012,164.946,"European Commission, EU spending and revenue 2000-2024 workbook (published 25 Sep 2025)",2026-08-04
LVA,Latvia,BUDGET.CONTRIB,National contributions to the EU budget (excludes customs duties),EUR million,2012,204.7116,"European Commission, EU spending and revenue 2000-2024 workbook (published 25 Sep 2025)",2026-08-04
LTU,Lithuania,BUDGET.CONTRIB,National contributions to the EU budget (excludes customs duties),EUR million,2012,293.4658,"European Commission, EU spending and revenue 2000-2024 workbook (published 25 Sep 2025)",2026-08-04
LUX,Luxembourg,BUDGET.CONTRIB,National contributions to the EU budget (excludes customs duties),EUR million,2012,264.6633,"European Commission, EU spending and revenue 2000-2024 workbook (published 25 Sep 2025)",2026-08-04
HUN,Hungary,BUDGET.CONTRIB,National contributions to the EU budget (excludes customs duties),EUR million,2012,831.5969,"European Commission, EU spending and revenue 2000-2024 workbook (published 25 Sep 2025)",2026-08-04
MLT,Malta,BUDGET.CONTRIB,National contributions to the EU budget (excludes customs duties),EUR million,2012,59.2249,"European Commission, EU spending and revenue 2000-2024 workbook (published 25 Sep 2025)",2026-08-04
NLD,Netherlands,BUDGET.CONTRIB,National contributions to the EU budget (excludes customs duties),EUR million,2012,4173.2732,"European Commission, EU spending and revenue 2000-2024 workbook (published 25 Sep 2025)",2026-08-04
AUT,Austria,BUDGET.CONTRIB,National contributions to the EU budget (excludes customs duties),EUR million,2012,2765.0645,"European Commission, EU spending and revenue 2000-2024 workbook (published 25 Sep 2025)",2026-08-04
POL,Poland,BUDGET.CONTRIB,National contributions to the EU budget (excludes customs duties),EUR million,2012,3525.3289,"European Commission, EU spending and revenue 2000-2024 workbook (published 25 Sep 2025)",2026-08-04
PRT,Portugal,BUDGET.CONTRIB,National contributions to the EU budget (excludes customs duties),EUR million,2012,1646.0018,"European Commission, EU spending and revenue 2000-2024 workbook (published 25 Sep 2025)",2026-08-04
ROU,Romania,BUDGET.CONTRIB,National contributions to the EU budget (excludes customs duties),EUR million,2012,1326.0667,"European Commission, EU spending and revenue 2000-2024 workbook (published 25 Sep 2025)",2026-08-04
SVN,Slovenia,BUDGET.CONTRIB,National contributions to the EU budget (excludes customs duties),EUR million,2012,333.513,"European Commission, EU spending and revenue 2000-2024 workbook (published 25 Sep 2025)",2026-08-04
SVK,Slovakia,BUDGET.CONTRIB,National contributions to the EU budget (excludes customs duties),EUR million,2012,646.1475,"European Commission, EU spending and revenue 2000-2024 workbook (published 25 Sep 2025)",2026-08-04
FIN,Finland,BUDGET.CONTRIB,National contributions to the EU budget (excludes customs duties),EUR million,2012,1862.271,"European Commission, EU spending and revenue 2000-2024 workbook (published 25 Sep 2025)",2026-08-04
SWE,Sweden,BUDGET.CONTRIB,National contributions to the EU budget (excludes customs duties),EUR million,2012,3289.1736,"European Commission, EU spending and revenue 2000-2024 workbook (published 25 Sep 2025)",2026-08-04
GBR,United Kingdom,BUDGET.CONTRIB,National contributions to the EU budget (excludes customs duties),EUR million,2012,13461.1391,"European Commission, EU spending and revenue 2000-2024 workbook (published 25 Sep 2025)",2026-08-04
HRV,Croatia,BUDGET.CONTRIB,National contributions to the EU budget (excludes customs duties),EUR million,2012,0.0,"European Commission, EU spending and revenue 2000-2024 workbook (published 25 Sep 2025)",2026-08-04
BEL,Belgium,BUDGET.GNI,Gross national income (European Commission definition),EUR million,2012,395096.1,"European Commission, EU spending and revenue 2000-2024 workbook (published 25 Sep 2025)",2026-08-04
BGR,Bulgaria,BUDGET.GNI,Gross national income (European Commission definition),EUR million,2012,40031.1877,"European Commission, EU spending and revenue 2000-2024 workbook (published 25 Sep 2025)",2026-08-04
CZE,Czechia,BUDGET.GNI,Gross national income (European Commission definition),EUR million,2012,150809.972,"European Commission, EU spending and revenue 2000-2024 workbook (published 25 Sep 2025)",2026-08-04
DNK,Denmark,BUDGET.GNI,Gross national income (European Commission definition),EUR million,2012,256551.8638,"European Commission, EU spending and revenue 2000-2024 workbook (published 25 Sep 2025)",2026-08-04
DEU,Germany,BUDGET.GNI,Gross national income (European Commission definition),EUR million,2012,2822208.0,"European Commission, EU spending and revenue 2000-2024 workbook (published 25 Sep 2025)",2026-08-04
EST,Estonia,BUDGET.GNI,Gross national income (European Commission definition),EUR million,2012,16932.1667,"European Commission, EU spending and revenue 2000-2024 workbook (published 25 Sep 2025)",2026-08-04
IRL,Ireland,BUDGET.GNI,Gross national income (European Commission definition),EUR million,2012,142620.0,"European Commission, EU spending and revenue 2000-2024 workbook (published 25 Sep 2025)",2026-08-04
GRC,Greece,BUDGET.GNI,Gross national income (European Commission definition),EUR million,2012,195430.28,"European Commission, EU spending and revenue 2000-2024 workbook (published 25 Sep 2025)",2026-08-04
ESP,Spain,BUDGET.GNI,Gross national income (European Commission definition),EUR million,2012,1046296.0,"European Commission, EU spending and revenue 2000-2024 workbook (published 25 Sep 2025)",2026-08-04
FRA,France,BUDGET.GNI,Gross national income (European Commission definition),EUR million,2012,2123734.973,"European Commission, EU spending and revenue 2000-2024 workbook (published 25 Sep 2025)",2026-08-04
ITA,Italy,BUDGET.GNI,Gross national income (European Commission definition),EUR million,2012,1611767.03,"European Commission, EU spending and revenue 2000-2024 workbook (published 25 Sep 2025)",2026-08-04
CYP,Cyprus,BUDGET.GNI,Gross national income (European Commission definition),EUR million,2012,18874.78,"European Commission, EU spending and revenue 2000-2024 workbook (published 25 Sep 2025)",2026-08-04
LVA,Latvia,BUDGET.GNI,Gross national income (European Commission definition),EUR million,2012,22068.2227,"European Commission, EU spending and revenue 2000-2024 workbook (published 25 Sep 2025)",2026-08-04
LTU,Lithuania,BUDGET.GNI,Gross national income (European Commission definition),EUR million,2012,32312.936,"European Commission, EU spending and revenue 2000-2024 workbook (published 25 Sep 2025)",2026-08-04
LUX,Luxembourg,BUDGET.GNI,Gross national income (European Commission definition),EUR million,2012,28358.8,"European Commission, EU spending and revenue 2000-2024 workbook (published 25 Sep 2025)",2026-08-04
HUN,Hungary,BUDGET.GNI,Gross national income (European Commission definition),EUR million,2012,94491.3755,"European Commission, EU spending and revenue 2000-2024 workbook (published 25 Sep 2025)",2026-08-04
MLT,Malta,BUDGET.GNI,Gross national income (European Commission definition),EUR million,2012,6913.311,"European Commission, EU spending and revenue 2000-2024 workbook (published 25 Sep 2025)",2026-08-04
NLD,Netherlands,BUDGET.GNI,Gross national income (European Commission definition),EUR million,2012,648536.0,"European Commission, EU spending and revenue 2000-2024 workbook (published 25 Sep 2025)",2026-08-04
AUT,Austria,BUDGET.GNI,Gross national income (European Commission definition),EUR million,2012,320153.6,"European Commission, EU spending and revenue 2000-2024 workbook (published 25 Sep 2025)",2026-08-04
POL,Poland,BUDGET.GNI,Gross national income (European Commission definition),EUR million,2012,370114.2891,"European Commission, EU spending and revenue 2000-2024 workbook (published 25 Sep 2025)",2026-08-04
PRT,Portugal,BUDGET.GNI,Gross national income (European Commission definition),EUR million,2012,164316.58,"European Commission, EU spending and revenue 2000-2024 workbook (published 25 Sep 2025)",2026-08-04
ROU,Romania,BUDGET.GNI,Gross national income (European Commission definition),EUR million,2012,131441.2734,"European Commission, EU spending and revenue 2000-2024 workbook (published 25 Sep 2025)",2026-08-04
SVN,Slovenia,BUDGET.GNI,Gross national income (European Commission definition),EUR million,2012,35736.48,"European Commission, EU spending and revenue 2000-2024 workbook (published 25 Sep 2025)",2026-08-04
SVK,Slovakia,BUDGET.GNI,Gross national income (European Commission definition),EUR million,2012,70706.8,"European Commission, EU spending and revenue 2000-2024 workbook (published 25 Sep 2025)",2026-08-04
FIN,Finland,BUDGET.GNI,Gross national income (European Commission definition),EUR million,2012,200836.0,"European Commission, EU spending and revenue 2000-2024 workbook (published 25 Sep 2025)",2026-08-04
SWE,Sweden,BUDGET.GNI,Gross national income (European Commission definition),EUR million,2012,436521.2756,"European Commission, EU spending and revenue 2000-2024 workbook (published 25 Sep 2025)",2026-08-04
GBR,United Kingdom,BUDGET.GNI,Gross national income (European Commission definition),EUR million,2012,2035002.9074,"European Commission, EU spending and revenue 2000-2024 workbook (published 25 Sep 2025)",2026-08-04
HRV,Croatia,BUDGET.GNI,Gross national income (European Commission definition),EUR million,2012,42550.8396,"European Commission, EU spending and revenue 2000-2024 workbook (published 25 Sep 2025)",2026-08-04
BEL,Belgium,BUDGET.ADMIN,EU administrative expenditure allocated to the member state,EUR million,2012,4628.758,"European Commission, EU spending and revenue 2000-2024 workbook (published 25 Sep 2025)",2026-08-04
BGR,Bulgaria,BUDGET.ADMIN,EU administrative expenditure allocated to the member state,EUR million,2012,12.3188,"European Commission, EU spending and revenue 2000-2024 workbook (published 25 Sep 2025)",2026-08-04
CZE,Czechia,BUDGET.ADMIN,EU administrative expenditure allocated to the member state,EUR million,2012,15.456,"European Commission, EU spending and revenue 2000-2024 workbook (published 25 Sep 2025)",2026-08-04
DNK,Denmark,BUDGET.ADMIN,EU administrative expenditure allocated to the member state,EUR million,2012,50.1208,"European Commission, EU spending and revenue 2000-2024 workbook (published 25 Sep 2025)",2026-08-04
DEU,Germany,BUDGET.ADMIN,EU administrative expenditure allocated to the member state,EUR million,2012,180.5334,"European Commission, EU spending and revenue 2000-2024 workbook (published 25 Sep 2025)",2026-08-04
EST,Estonia,BUDGET.ADMIN,EU administrative expenditure allocated to the member state,EUR million,2012,7.3193,"European Commission, EU spending and revenue 2000-2024 workbook (published 25 Sep 2025)",2026-08-04
IRL,Ireland,BUDGET.ADMIN,EU administrative expenditure allocated to the member state,EUR million,2012,42.0961,"European Commission, EU spending and revenue 2000-2024 workbook (published 25 Sep 2025)",2026-08-04
GRC,Greece,BUDGET.ADMIN,EU administrative expenditure allocated to the member state,EUR million,2012,38.3192,"European Commission, EU spending and revenue 2000-2024 workbook (published 25 Sep 2025)",2026-08-04
ESP,Spain,BUDGET.ADMIN,EU administrative expenditure allocated to the member state,EUR million,2012,89.3108,"European Commission, EU spending and revenue 2000-2024 workbook (published 25 Sep 2025)",2026-08-04
FRA,France,BUDGET.ADMIN,EU administrative expenditure allocated to the member state,EUR million,2012,351.3919,"European Commission, EU spending and revenue 2000-2024 workbook (published 25 Sep 2025)",2026-08-04
ITA,Italy,BUDGET.ADMIN,EU administrative expenditure allocated to the member state,EUR million,2012,248.2311,"European Commission, EU spending and revenue 2000-2024 workbook (published 25 Sep 2025)",2026-08-04
CYP,Cyprus,BUDGET.ADMIN,EU administrative expenditure allocated to the member state,EUR million,2012,6.1087,"European Commission, EU spending and revenue 2000-2024 workbook (published 25 Sep 2025)",2026-08-04
LVA,Latvia,BUDGET.ADMIN,EU administrative expenditure allocated to the member state,EUR million,2012,8.1082,"European Commission, EU spending and revenue 2000-2024 workbook (published 25 Sep 2025)",2026-08-04
LTU,Lithuania,BUDGET.ADMIN,EU administrative expenditure allocated to the member state,EUR million,2012,9.6982,"European Commission, EU spending and revenue 2000-2024 workbook (published 25 Sep 2025)",2026-08-04
LUX,Luxembourg,BUDGET.ADMIN,EU administrative expenditure allocated to the member state,EUR million,2012,1331.1027,"European Commission, EU spending and revenue 2000-2024 workbook (published 25 Sep 2025)",2026-08-04
HUN,Hungary,BUDGET.ADMIN,EU administrative expenditure allocated to the member state,EUR million,2012,21.4124,"European Commission, EU spending and revenue 2000-2024 workbook (published 25 Sep 2025)",2026-08-04
MLT,Malta,BUDGET.ADMIN,EU administrative expenditure allocated to the member state,EUR million,2012,7.4058,"European Commission, EU spending and revenue 2000-2024 workbook (published 25 Sep 2025)",2026-08-04
NLD,Netherlands,BUDGET.ADMIN,EU administrative expenditure allocated to the member state,EUR million,2012,95.6697,"European Commission, EU spending and revenue 2000-2024 workbook (published 25 Sep 2025)",2026-08-04
AUT,Austria,BUDGET.ADMIN,EU administrative expenditure allocated to the member state,EUR million,2012,19.0066,"European Commission, EU spending and revenue 2000-2024 workbook (published 25 Sep 2025)",2026-08-04
POL,Poland,BUDGET.ADMIN,EU administrative expenditure allocated to the member state,EUR million,2012,28.2032,"European Commission, EU spending and revenue 2000-2024 workbook (published 25 Sep 2025)",2026-08-04
PRT,Portugal,BUDGET.ADMIN,EU administrative expenditure allocated to the member state,EUR million,2012,29.2583,"European Commission, EU spending and revenue 2000-2024 workbook (published 25 Sep 2025)",2026-08-04
ROU,Romania,BUDGET.ADMIN,EU administrative expenditure allocated to the member state,EUR million,2012,18.2139,"European Commission, EU spending and revenue 2000-2024 workbook (published 25 Sep 2025)",2026-08-04
SVN,Slovenia,BUDGET.ADMIN,EU administrative expenditure allocated to the member state,EUR million,2012,8.625,"European Commission, EU spending and revenue 2000-2024 workbook (published 25 Sep 2025)",2026-08-04
SVK,Slovakia,BUDGET.ADMIN,EU administrative expenditure allocated to the member state,EUR million,2012,9.7338,"European Commission, EU spending and revenue 2000-2024 workbook (published 25 Sep 2025)",2026-08-04
FIN,Finland,BUDGET.ADMIN,EU administrative expenditure allocated to the member state,EUR million,2012,22.8854,"European Commission, EU spending and revenue 2000-2024 workbook (published 25 Sep 2025)",2026-08-04
SWE,Sweden,BUDGET.ADMIN,EU administrative expenditure allocated to the member state,EUR million,2012,29.2254,"European Commission, EU spending and revenue 2000-2024 workbook (published 25 Sep 2025)",2026-08-04
GBR,United Kingdom,BUDGET.ADMIN,EU administrative expenditure allocated to the member state,EUR million,2012,131.9979,"European Commission, EU spending and revenue 2000-2024 workbook (published 25 Sep 2025)",2026-08-04
HRV,Croatia,BUDGET.ADMIN,EU administrative expenditure allocated to the member state,EUR million,2012,1.5178,"European Commission, EU spending and revenue 2000-2024 workbook (published 25 Sep 2025)",2026-08-04
BEL,Belgium,BUDGET.CUSTOMS,Customs duties collected for the EU budget (traditional own resources),EUR million,2012,2106.5524,"European Commission, EU spending and revenue 2000-2024 workbook (published 25 Sep 2025)",2026-08-04
BGR,Bulgaria,BUDGET.CUSTOMS,Customs duties collected for the EU budget (traditional own resources),EUR million,2012,60.5,"European Commission, EU spending and revenue 2000-2024 workbook (published 25 Sep 2025)",2026-08-04
CZE,Czechia,BUDGET.CUSTOMS,Customs duties collected for the EU budget (traditional own resources),EUR million,2012,253.554,"European Commission, EU spending and revenue 2000-2024 workbook (published 25 Sep 2025)",2026-08-04
DNK,Denmark,BUDGET.CUSTOMS,Customs duties collected for the EU budget (traditional own resources),EUR million,2012,403.1199,"European Commission, EU spending and revenue 2000-2024 workbook (published 25 Sep 2025)",2026-08-04
DEU,Germany,BUDGET.CUSTOMS,Customs duties collected for the EU budget (traditional own resources),EUR million,2012,4476.0963,"European Commission, EU spending and revenue 2000-2024 workbook (published 25 Sep 2025)",2026-08-04
EST,Estonia,BUDGET.CUSTOMS,Customs duties collected for the EU budget (traditional own resources),EUR million,2012,29.5063,"European Commission, EU spending and revenue 2000-2024 workbook (published 25 Sep 2025)",2026-08-04
IRL,Ireland,BUDGET.CUSTOMS,Customs duties collected for the EU budget (traditional own resources),EUR million,2012,271.3719,"European Commission, EU spending and revenue 2000-2024 workbook (published 25 Sep 2025)",2026-08-04
GRC,Greece,BUDGET.CUSTOMS,Customs duties collected for the EU budget (traditional own resources),EUR million,2012,162.2942,"European Commission, EU spending and revenue 2000-2024 workbook (published 25 Sep 2025)",2026-08-04
ESP,Spain,BUDGET.CUSTOMS,Customs duties collected for the EU budget (traditional own resources),EUR million,2012,1435.9952,"European Commission, EU spending and revenue 2000-2024 workbook (published 25 Sep 2025)",2026-08-04
FRA,France,BUDGET.CUSTOMS,Customs duties collected for the EU budget (traditional own resources),EUR million,2012,1948.2368,"European Commission, EU spending and revenue 2000-2024 workbook (published 25 Sep 2025)",2026-08-04
ITA,Italy,BUDGET.CUSTOMS,Customs duties collected for the EU budget (traditional own resources),EUR million,2012,2077.4438,"European Commission, EU spending and revenue 2000-2024 workbook (published 25 Sep 2025)",2026-08-04
CYP,Cyprus,BUDGET.CUSTOMS,Customs duties collected for the EU budget (traditional own resources),EUR million,2012,27.0157,"European Commission, EU spending and revenue 2000-2024 workbook (published 25 Sep 2025)",2026-08-04
LVA,Latvia,BUDGET.CUSTOMS,Customs duties collected for the EU budget (traditional own resources),EUR million,2012,32.5049,"European Commission, EU spending and revenue 2000-2024 workbook (published 25 Sep 2025)",2026-08-04
LTU,Lithuania,BUDGET.CUSTOMS,Customs duties collected for the EU budget (traditional own resources),EUR million,2012,63.0594,"European Commission, EU spending and revenue 2000-2024 workbook (published 25 Sep 2025)",2026-08-04
LUX,Luxembourg,BUDGET.CUSTOMS,Customs duties collected for the EU budget (traditional own resources),EUR million,2012,15.6841,"European Commission, EU spending and revenue 2000-2024 workbook (published 25 Sep 2025)",2026-08-04
HUN,Hungary,BUDGET.CUSTOMS,Customs duties collected for the EU budget (traditional own resources),EUR million,2012,125.1889,"European Commission, EU spending and revenue 2000-2024 workbook (published 25 Sep 2025)",2026-08-04
MLT,Malta,BUDGET.CUSTOMS,Customs duties collected for the EU budget (traditional own resources),EUR million,2012,12.5487,"European Commission, EU spending and revenue 2000-2024 workbook (published 25 Sep 2025)",2026-08-04
NLD,Netherlands,BUDGET.CUSTOMS,Customs duties collected for the EU budget (traditional own resources),EUR million,2012,2529.6702,"European Commission, EU spending and revenue 2000-2024 workbook (published 25 Sep 2025)",2026-08-04
AUT,Austria,BUDGET.CUSTOMS,Customs duties collected for the EU budget (traditional own resources),EUR million,2012,228.4906,"European Commission, EU spending and revenue 2000-2024 workbook (published 25 Sep 2025)",2026-08-04
POL,Poland,BUDGET.CUSTOMS,Customs duties collected for the EU budget (traditional own resources),EUR million,2012,479.5683,"European Commission, EU spending and revenue 2000-2024 workbook (published 25 Sep 2025)",2026-08-04
PRT,Portugal,BUDGET.CUSTOMS,Customs duties collected for the EU budget (traditional own resources),EUR million,2012,159.2538,"European Commission, EU spending and revenue 2000-2024 workbook (published 25 Sep 2025)",2026-08-04
ROU,Romania,BUDGET.CUSTOMS,Customs duties collected for the EU budget (traditional own resources),EUR million,2012,171.5757,"European Commission, EU spending and revenue 2000-2024 workbook (published 25 Sep 2025)",2026-08-04
SVN,Slovenia,BUDGET.CUSTOMS,Customs duties collected for the EU budget (traditional own resources),EUR million,2012,86.6455,"European Commission, EU spending and revenue 2000-2024 workbook (published 25 Sep 2025)",2026-08-04
SVK,Slovakia,BUDGET.CUSTOMS,Customs duties collected for the EU budget (traditional own resources),EUR million,2012,122.6818,"European Commission, EU spending and revenue 2000-2024 workbook (published 25 Sep 2025)",2026-08-04
FIN,Finland,BUDGET.CUSTOMS,Customs duties collected for the EU budget (traditional own resources),EUR million,2012,184.315,"European Commission, EU spending and revenue 2000-2024 workbook (published 25 Sep 2025)",2026-08-04
SWE,Sweden,BUDGET.CUSTOMS,Customs duties collected for the EU budget (traditional own resources),EUR million,2012,612.887,"European Commission, EU spending and revenue 2000-2024 workbook (published 25 Sep 2025)",2026-08-04
GBR,United Kingdom,BUDGET.CUSTOMS,Customs duties collected for the EU budget (traditional own resources),EUR million,2012,3605.3542,"European Commission, EU spending and revenue 2000-2024 workbook (published 25 Sep 2025)",2026-08-04
HRV,Croatia,BUDGET.CUSTOMS,Customs duties collected for the EU budget (traditional own resources),EUR million,2012,0.0,"European Commission, EU spending and revenue 2000-2024 workbook (published 25 Sep 2025)",2026-08-04
BEL,Belgium,BUDGET.EXPEND,EU expenditure allocated to the member state,EUR million,2013,7209.4729,"European Commission, EU spending and revenue 2000-2024 workbook (published 25 Sep 2025)",2026-08-04
BGR,Bulgaria,BUDGET.EXPEND,EU expenditure allocated to the member state,EUR million,2013,1976.8634,"European Commission, EU spending and revenue 2000-2024 workbook (published 25 Sep 2025)",2026-08-04
CZE,Czechia,BUDGET.EXPEND,EU expenditure allocated to the member state,EUR million,2013,4893.1219,"European Commission, EU spending and revenue 2000-2024 workbook (published 25 Sep 2025)",2026-08-04
DNK,Denmark,BUDGET.EXPEND,EU expenditure allocated to the member state,EUR million,2013,1434.7588,"European Commission, EU spending and revenue 2000-2024 workbook (published 25 Sep 2025)",2026-08-04
DEU,Germany,BUDGET.EXPEND,EU expenditure allocated to the member state,EUR million,2013,13056.1627,"European Commission, EU spending and revenue 2000-2024 workbook (published 25 Sep 2025)",2026-08-04
EST,Estonia,BUDGET.EXPEND,EU expenditure allocated to the member state,EUR million,2013,973.3282,"European Commission, EU spending and revenue 2000-2024 workbook (published 25 Sep 2025)",2026-08-04
IRL,Ireland,BUDGET.EXPEND,EU expenditure allocated to the member state,EUR million,2013,1874.2902,"European Commission, EU spending and revenue 2000-2024 workbook (published 25 Sep 2025)",2026-08-04
GRC,Greece,BUDGET.EXPEND,EU expenditure allocated to the member state,EUR million,2013,7214.5541,"European Commission, EU spending and revenue 2000-2024 workbook (published 25 Sep 2025)",2026-08-04
ESP,Spain,BUDGET.EXPEND,EU expenditure allocated to the member state,EUR million,2013,13752.1789,"European Commission, EU spending and revenue 2000-2024 workbook (published 25 Sep 2025)",2026-08-04
FRA,France,BUDGET.EXPEND,EU expenditure allocated to the member state,EUR million,2013,14239.3194,"European Commission, EU spending and revenue 2000-2024 workbook (published 25 Sep 2025)",2026-08-04
HRV,Croatia,BUDGET.EXPEND,EU expenditure allocated to the member state,EUR million,2013,289.9594,"European Commission, EU spending and revenue 2000-2024 workbook (published 25 Sep 2025)",2026-08-04
ITA,Italy,BUDGET.EXPEND,EU expenditure allocated to the member state,EUR million,2013,12554.2627,"European Commission, EU spending and revenue 2000-2024 workbook (published 25 Sep 2025)",2026-08-04
CYP,Cyprus,BUDGET.EXPEND,EU expenditure allocated to the member state,EUR million,2013,227.0717,"European Commission, EU spending and revenue 2000-2024 workbook (published 25 Sep 2025)",2026-08-04
LVA,Latvia,BUDGET.EXPEND,EU expenditure allocated to the member state,EUR million,2013,1063.21,"European Commission, EU spending and revenue 2000-2024 workbook (published 25 Sep 2025)",2026-08-04
LTU,Lithuania,BUDGET.EXPEND,EU expenditure allocated to the member state,EUR million,2013,1881.205,"European Commission, EU spending and revenue 2000-2024 workbook (published 25 Sep 2025)",2026-08-04
LUX,Luxembourg,BUDGET.EXPEND,EU expenditure allocated to the member state,EUR million,2013,1598.2355,"European Commission, EU spending and revenue 2000-2024 workbook (published 25 Sep 2025)",2026-08-04
HUN,Hungary,BUDGET.EXPEND,EU expenditure allocated to the member state,EUR million,2013,5909.8288,"European Commission, EU spending and revenue 2000-2024 workbook (published 25 Sep 2025)",2026-08-04
MLT,Malta,BUDGET.EXPEND,EU expenditure allocated to the member state,EUR million,2013,173.6989,"European Commission, EU spending and revenue 2000-2024 workbook (published 25 Sep 2025)",2026-08-04
NLD,Netherlands,BUDGET.EXPEND,EU expenditure allocated to the member state,EUR million,2013,2264.0674,"European Commission, EU spending and revenue 2000-2024 workbook (published 25 Sep 2025)",2026-08-04
AUT,Austria,BUDGET.EXPEND,EU expenditure allocated to the member state,EUR million,2013,1861.9634,"European Commission, EU spending and revenue 2000-2024 workbook (published 25 Sep 2025)",2026-08-04
POL,Poland,BUDGET.EXPEND,EU expenditure allocated to the member state,EUR million,2013,16179.4594,"European Commission, EU spending and revenue 2000-2024 workbook (published 25 Sep 2025)",2026-08-04
PRT,Portugal,BUDGET.EXPEND,EU expenditure allocated to the member state,EUR million,2013,6162.7795,"European Commission, EU spending and revenue 2000-2024 workbook (published 25 Sep 2025)",2026-08-04
ROU,Romania,BUDGET.EXPEND,EU expenditure allocated to the member state,EUR million,2013,5560.5764,"European Commission, EU spending and revenue 2000-2024 workbook (published 25 Sep 2025)",2026-08-04
SVN,Slovenia,BUDGET.EXPEND,EU expenditure allocated to the member state,EUR million,2013,813.5951,"European Commission, EU spending and revenue 2000-2024 workbook (published 25 Sep 2025)",2026-08-04
SVK,Slovakia,BUDGET.EXPEND,EU expenditure allocated to the member state,EUR million,2013,2026.0775,"European Commission, EU spending and revenue 2000-2024 workbook (published 25 Sep 2025)",2026-08-04
FIN,Finland,BUDGET.EXPEND,EU expenditure allocated to the member state,EUR million,2013,1496.7763,"European Commission, EU spending and revenue 2000-2024 workbook (published 25 Sep 2025)",2026-08-04
SWE,Sweden,BUDGET.EXPEND,EU expenditure allocated to the member state,EUR million,2013,1661.0033,"European Commission, EU spending and revenue 2000-2024 workbook (published 25 Sep 2025)",2026-08-04
GBR,United Kingdom,BUDGET.EXPEND,EU expenditure allocated to the member state,EUR million,2013,6308.2888,"European Commission, EU spending and revenue 2000-2024 workbook (published 25 Sep 2025)",2026-08-04
BEL,Belgium,BUDGET.CONTRIB,National contributions to the EU budget (excludes customs duties),EUR million,2013,3931.2614,"European Commission, EU spending and revenue 2000-2024 workbook (published 25 Sep 2025)",2026-08-04
BGR,Bulgaria,BUDGET.CONTRIB,National contributions to the EU budget (excludes customs duties),EUR million,2013,422.828,"European Commission, EU spending and revenue 2000-2024 workbook (published 25 Sep 2025)",2026-08-04
CZE,Czechia,BUDGET.CONTRIB,National contributions to the EU budget (excludes customs duties),EUR million,2013,1444.9793,"European Commission, EU spending and revenue 2000-2024 workbook (published 25 Sep 2025)",2026-08-04
DNK,Denmark,BUDGET.CONTRIB,National contributions to the EU budget (excludes customs duties),EUR million,2013,2606.0028,"European Commission, EU spending and revenue 2000-2024 workbook (published 25 Sep 2025)",2026-08-04
DEU,Germany,BUDGET.CONTRIB,National contributions to the EU budget (excludes customs duties),EUR million,2013,26125.0804,"European Commission, EU spending and revenue 2000-2024 workbook (published 25 Sep 2025)",2026-08-04
EST,Estonia,BUDGET.CONTRIB,National contributions to the EU budget (excludes customs duties),EUR million,2013,190.271,"European Commission, EU spending and revenue 2000-2024 workbook (published 25 Sep 2025)",2026-08-04
IRL,Ireland,BUDGET.CONTRIB,National contributions to the EU budget (excludes customs duties),EUR million,2013,1520.6419,"European Commission, EU spending and revenue 2000-2024 workbook (published 25 Sep 2025)",2026-08-04
GRC,Greece,BUDGET.CONTRIB,National contributions to the EU budget (excludes customs duties),EUR million,2013,1794.1654,"European Commission, EU spending and revenue 2000-2024 workbook (published 25 Sep 2025)",2026-08-04
ESP,Spain,BUDGET.CONTRIB,National contributions to the EU budget (excludes customs duties),EUR million,2013,10375.6353,"European Commission, EU spending and revenue 2000-2024 workbook (published 25 Sep 2025)",2026-08-04
FRA,France,BUDGET.CONTRIB,National contributions to the EU budget (excludes customs duties),EUR million,2013,21874.4285,"European Commission, EU spending and revenue 2000-2024 workbook (published 25 Sep 2025)",2026-08-04
HRV,Croatia,BUDGET.CONTRIB,National contributions to the EU budget (excludes customs duties),EUR million,2013,226.7672,"European Commission, EU spending and revenue 2000-2024 workbook (published 25 Sep 2025)",2026-08-04
ITA,Italy,BUDGET.CONTRIB,National contributions to the EU budget (excludes customs duties),EUR million,2013,15748.1377,"European Commission, EU spending and revenue 2000-2024 workbook (published 25 Sep 2025)",2026-08-04
CYP,Cyprus,BUDGET.CONTRIB,National contributions to the EU budget (excludes customs duties),EUR million,2013,170.0237,"European Commission, EU spending and revenue 2000-2024 workbook (published 25 Sep 2025)",2026-08-04
LVA,Latvia,BUDGET.CONTRIB,National contributions to the EU budget (excludes customs duties),EUR million,2013,248.2935,"European Commission, EU spending and revenue 2000-2024 workbook (published 25 Sep 2025)",2026-08-04
LTU,Lithuania,BUDGET.CONTRIB,National contributions to the EU budget (excludes customs duties),EUR million,2013,349.4303,"European Commission, EU spending and revenue 2000-2024 workbook (published 25 Sep 2025)",2026-08-04
LUX,Luxembourg,BUDGET.CONTRIB,National contributions to the EU budget (excludes customs duties),EUR million,2013,310.4972,"European Commission, EU spending and revenue 2000-2024 workbook (published 25 Sep 2025)",2026-08-04
HUN,Hungary,BUDGET.CONTRIB,National contributions to the EU budget (excludes customs duties),EUR million,2013,920.2324,"European Commission, EU spending and revenue 2000-2024 workbook (published 25 Sep 2025)",2026-08-04
MLT,Malta,BUDGET.CONTRIB,National contributions to the EU budget (excludes customs duties),EUR million,2013,77.5443,"European Commission, EU spending and revenue 2000-2024 workbook (published 25 Sep 2025)",2026-08-04
NLD,Netherlands,BUDGET.CONTRIB,National contributions to the EU budget (excludes customs duties),EUR million,2013,4744.5541,"European Commission, EU spending and revenue 2000-2024 workbook (published 25 Sep 2025)",2026-08-04
AUT,Austria,BUDGET.CONTRIB,National contributions to the EU budget (excludes customs duties),EUR million,2013,3027.5422,"European Commission, EU spending and revenue 2000-2024 workbook (published 25 Sep 2025)",2026-08-04
POL,Poland,BUDGET.CONTRIB,National contributions to the EU budget (excludes customs duties),EUR million,2013,3830.6498,"European Commission, EU spending and revenue 2000-2024 workbook (published 25 Sep 2025)",2026-08-04
PRT,Portugal,BUDGET.CONTRIB,National contributions to the EU budget (excludes customs duties),EUR million,2013,1678.946,"European Commission, EU spending and revenue 2000-2024 workbook (published 25 Sep 2025)",2026-08-04
ROU,Romania,BUDGET.CONTRIB,National contributions to the EU budget (excludes customs duties),EUR million,2013,1368.9503,"European Commission, EU spending and revenue 2000-2024 workbook (published 25 Sep 2025)",2026-08-04
SVN,Slovenia,BUDGET.CONTRIB,National contributions to the EU budget (excludes customs duties),EUR million,2013,368.1108,"European Commission, EU spending and revenue 2000-2024 workbook (published 25 Sep 2025)",2026-08-04
SVK,Slovakia,BUDGET.CONTRIB,National contributions to the EU budget (excludes customs duties),EUR million,2013,713.4091,"European Commission, EU spending and revenue 2000-2024 workbook (published 25 Sep 2025)",2026-08-04
FIN,Finland,BUDGET.CONTRIB,National contributions to the EU budget (excludes customs duties),EUR million,2013,2031.5037,"European Commission, EU spending and revenue 2000-2024 workbook (published 25 Sep 2025)",2026-08-04
SWE,Sweden,BUDGET.CONTRIB,National contributions to the EU budget (excludes customs duties),EUR million,2013,3768.8911,"European Commission, EU spending and revenue 2000-2024 workbook (published 25 Sep 2025)",2026-08-04
GBR,United Kingdom,BUDGET.CONTRIB,National contributions to the EU budget (excludes customs duties),EUR million,2013,14509.5487,"European Commission, EU spending and revenue 2000-2024 workbook (published 25 Sep 2025)",2026-08-04
BEL,Belgium,BUDGET.GNI,Gross national income (European Commission definition),EUR million,2013,391280.6,"European Commission, EU spending and revenue 2000-2024 workbook (published 25 Sep 2025)",2026-08-04
BGR,Bulgaria,BUDGET.GNI,Gross national income (European Commission definition),EUR million,2013,40250.8309,"European Commission, EU spending and revenue 2000-2024 workbook (published 25 Sep 2025)",2026-08-04
CZE,Czechia,BUDGET.GNI,Gross national income (European Commission definition),EUR million,2013,146186.9621,"European Commission, EU spending and revenue 2000-2024 workbook (published 25 Sep 2025)",2026-08-04
DNK,Denmark,BUDGET.GNI,Gross national income (European Commission definition),EUR million,2013,261989.2641,"European Commission, EU spending and revenue 2000-2024 workbook (published 25 Sep 2025)",2026-08-04
DEU,Germany,BUDGET.GNI,Gross national income (European Commission definition),EUR million,2013,2881862.0,"European Commission, EU spending and revenue 2000-2024 workbook (published 25 Sep 2025)",2026-08-04
EST,Estonia,BUDGET.GNI,Gross national income (European Commission definition),EUR million,2013,18266.5165,"European Commission, EU spending and revenue 2000-2024 workbook (published 25 Sep 2025)",2026-08-04
IRL,Ireland,BUDGET.GNI,Gross national income (European Commission definition),EUR million,2013,148710.0,"European Commission, EU spending and revenue 2000-2024 workbook (published 25 Sep 2025)",2026-08-04
GRC,Greece,BUDGET.GNI,Gross national income (European Commission definition),EUR million,2013,182378.76,"European Commission, EU spending and revenue 2000-2024 workbook (published 25 Sep 2025)",2026-08-04
ESP,Spain,BUDGET.GNI,Gross national income (European Commission definition),EUR million,2013,1041940.0,"European Commission, EU spending and revenue 2000-2024 workbook (published 25 Sep 2025)",2026-08-04
FRA,France,BUDGET.GNI,Gross national income (European Commission definition),EUR million,2013,2150372.0,"European Commission, EU spending and revenue 2000-2024 workbook (published 25 Sep 2025)",2026-08-04
HRV,Croatia,BUDGET.GNI,Gross national income (European Commission definition),EUR million,2013,42732.1884,"European Commission, EU spending and revenue 2000-2024 workbook (published 25 Sep 2025)",2026-08-04
ITA,Italy,BUDGET.GNI,Gross national income (European Commission definition),EUR million,2013,1606156.155,"European Commission, EU spending and revenue 2000-2024 workbook (published 25 Sep 2025)",2026-08-04
CYP,Cyprus,BUDGET.GNI,Gross national income (European Commission definition),EUR million,2013,17566.06,"European Commission, EU spending and revenue 2000-2024 workbook (published 25 Sep 2025)",2026-08-04
LVA,Latvia,BUDGET.GNI,Gross national income (European Commission definition),EUR million,2013,23182.9306,"European Commission, EU spending and revenue 2000-2024 workbook (published 25 Sep 2025)",2026-08-04
LTU,Lithuania,BUDGET.GNI,Gross national income (European Commission definition),EUR million,2013,34045.915,"European Commission, EU spending and revenue 2000-2024 workbook (published 25 Sep 2025)",2026-08-04
LUX,Luxembourg,BUDGET.GNI,Gross national income (European Commission definition),EUR million,2013,28763.1,"European Commission, EU spending and revenue 2000-2024 workbook (published 25 Sep 2025)",2026-08-04
HUN,Hungary,BUDGET.GNI,Gross national income (European Commission definition),EUR million,2013,97619.6182,"European Commission, EU spending and revenue 2000-2024 workbook (published 25 Sep 2025)",2026-08-04
MLT,Malta,BUDGET.GNI,Gross national income (European Commission definition),EUR million,2013,7259.118,"European Commission, EU spending and revenue 2000-2024 workbook (published 25 Sep 2025)",2026-08-04
NLD,Netherlands,BUDGET.GNI,Gross national income (European Commission definition),EUR million,2013,644231.0,"European Commission, EU spending and revenue 2000-2024 workbook (published 25 Sep 2025)",2026-08-04
AUT,Austria,BUDGET.GNI,Gross national income (European Commission definition),EUR million,2013,322289.2,"European Commission, EU spending and revenue 2000-2024 workbook (published 25 Sep 2025)",2026-08-04
POL,Poland,BUDGET.GNI,Gross national income (European Commission definition),EUR million,2013,380001.468,"European Commission, EU spending and revenue 2000-2024 workbook (published 25 Sep 2025)",2026-08-04
PRT,Portugal,BUDGET.GNI,Gross national income (European Commission definition),EUR million,2013,167717.7,"European Commission, EU spending and revenue 2000-2024 workbook (published 25 Sep 2025)",2026-08-04
ROU,Romania,BUDGET.GNI,Gross national income (European Commission definition),EUR million,2013,140743.4317,"European Commission, EU spending and revenue 2000-2024 workbook (published 25 Sep 2025)",2026-08-04
SVN,Slovenia,BUDGET.GNI,Gross national income (European Commission definition),EUR million,2013,35877.88,"European Commission, EU spending and revenue 2000-2024 workbook (published 25 Sep 2025)",2026-08-04
SVK,Slovakia,BUDGET.GNI,Gross national income (European Commission definition),EUR million,2013,72132.79,"European Commission, EU spending and revenue 2000-2024 workbook (published 25 Sep 2025)",2026-08-04
FIN,Finland,BUDGET.GNI,Gross national income (European Commission definition),EUR million,2013,202647.0,"European Commission, EU spending and revenue 2000-2024 workbook (published 25 Sep 2025)",2026-08-04
SWE,Sweden,BUDGET.GNI,Gross national income (European Commission definition),EUR million,2013,452139.742,"European Commission, EU spending and revenue 2000-2024 workbook (published 25 Sep 2025)",2026-08-04
GBR,United Kingdom,BUDGET.GNI,Gross national income (European Commission definition),EUR million,2013,1998646.4494,"European Commission, EU spending and revenue 2000-2024 workbook (published 25 Sep 2025)",2026-08-04
BEL,Belgium,BUDGET.ADMIN,EU administrative expenditure allocated to the member state,EUR million,2013,4734.7127,"European Commission, EU spending and revenue 2000-2024 workbook (published 25 Sep 2025)",2026-08-04
BGR,Bulgaria,BUDGET.ADMIN,EU administrative expenditure allocated to the member state,EUR million,2013,15.9165,"European Commission, EU spending and revenue 2000-2024 workbook (published 25 Sep 2025)",2026-08-04
CZE,Czechia,BUDGET.ADMIN,EU administrative expenditure allocated to the member state,EUR million,2013,15.9017,"European Commission, EU spending and revenue 2000-2024 workbook (published 25 Sep 2025)",2026-08-04
DNK,Denmark,BUDGET.ADMIN,EU administrative expenditure allocated to the member state,EUR million,2013,49.7615,"European Commission, EU spending and revenue 2000-2024 workbook (published 25 Sep 2025)",2026-08-04
DEU,Germany,BUDGET.ADMIN,EU administrative expenditure allocated to the member state,EUR million,2013,193.465,"European Commission, EU spending and revenue 2000-2024 workbook (published 25 Sep 2025)",2026-08-04
EST,Estonia,BUDGET.ADMIN,EU administrative expenditure allocated to the member state,EUR million,2013,7.5619,"European Commission, EU spending and revenue 2000-2024 workbook (published 25 Sep 2025)",2026-08-04
IRL,Ireland,BUDGET.ADMIN,EU administrative expenditure allocated to the member state,EUR million,2013,41.7671,"European Commission, EU spending and revenue 2000-2024 workbook (published 25 Sep 2025)",2026-08-04
GRC,Greece,BUDGET.ADMIN,EU administrative expenditure allocated to the member state,EUR million,2013,41.1118,"European Commission, EU spending and revenue 2000-2024 workbook (published 25 Sep 2025)",2026-08-04
ESP,Spain,BUDGET.ADMIN,EU administrative expenditure allocated to the member state,EUR million,2013,94.9297,"European Commission, EU spending and revenue 2000-2024 workbook (published 25 Sep 2025)",2026-08-04
FRA,France,BUDGET.ADMIN,EU administrative expenditure allocated to the member state,EUR million,2013,339.7114,"European Commission, EU spending and revenue 2000-2024 workbook (published 25 Sep 2025)",2026-08-04
HRV,Croatia,BUDGET.ADMIN,EU administrative expenditure allocated to the member state,EUR million,2013,8.6912,"European Commission, EU spending and revenue 2000-2024 workbook (published 25 Sep 2025)",2026-08-04
ITA,Italy,BUDGET.ADMIN,EU administrative expenditure allocated to the member state,EUR million,2013,257.0263,"European Commission, EU spending and revenue 2000-2024 workbook (published 25 Sep 2025)",2026-08-04
CYP,Cyprus,BUDGET.ADMIN,EU administrative expenditure allocated to the member state,EUR million,2013,12.9955,"European Commission, EU spending and revenue 2000-2024 workbook (published 25 Sep 2025)",2026-08-04
LVA,Latvia,BUDGET.ADMIN,EU administrative expenditure allocated to the member state,EUR million,2013,8.3349,"European Commission, EU spending and revenue 2000-2024 workbook (published 25 Sep 2025)",2026-08-04
LTU,Lithuania,BUDGET.ADMIN,EU administrative expenditure allocated to the member state,EUR million,2013,9.7778,"European Commission, EU spending and revenue 2000-2024 workbook (published 25 Sep 2025)",2026-08-04
LUX,Luxembourg,BUDGET.ADMIN,EU administrative expenditure allocated to the member state,EUR million,2013,1350.4431,"European Commission, EU spending and revenue 2000-2024 workbook (published 25 Sep 2025)",2026-08-04
HUN,Hungary,BUDGET.ADMIN,EU administrative expenditure allocated to the member state,EUR million,2013,15.2924,"European Commission, EU spending and revenue 2000-2024 workbook (published 25 Sep 2025)",2026-08-04
MLT,Malta,BUDGET.ADMIN,EU administrative expenditure allocated to the member state,EUR million,2013,6.4824,"European Commission, EU spending and revenue 2000-2024 workbook (published 25 Sep 2025)",2026-08-04
NLD,Netherlands,BUDGET.ADMIN,EU administrative expenditure allocated to the member state,EUR million,2013,92.452,"European Commission, EU spending and revenue 2000-2024 workbook (published 25 Sep 2025)",2026-08-04
AUT,Austria,BUDGET.ADMIN,EU administrative expenditure allocated to the member state,EUR million,2013,20.9909,"European Commission, EU spending and revenue 2000-2024 workbook (published 25 Sep 2025)",2026-08-04
POL,Poland,BUDGET.ADMIN,EU administrative expenditure allocated to the member state,EUR million,2013,29.2241,"European Commission, EU spending and revenue 2000-2024 workbook (published 25 Sep 2025)",2026-08-04
PRT,Portugal,BUDGET.ADMIN,EU administrative expenditure allocated to the member state,EUR million,2013,30.974,"European Commission, EU spending and revenue 2000-2024 workbook (published 25 Sep 2025)",2026-08-04
ROU,Romania,BUDGET.ADMIN,EU administrative expenditure allocated to the member state,EUR million,2013,19.3203,"European Commission, EU spending and revenue 2000-2024 workbook (published 25 Sep 2025)",2026-08-04
SVN,Slovenia,BUDGET.ADMIN,EU administrative expenditure allocated to the member state,EUR million,2013,8.3482,"European Commission, EU spending and revenue 2000-2024 workbook (published 25 Sep 2025)",2026-08-04
SVK,Slovakia,BUDGET.ADMIN,EU administrative expenditure allocated to the member state,EUR million,2013,9.919,"European Commission, EU spending and revenue 2000-2024 workbook (published 25 Sep 2025)",2026-08-04
FIN,Finland,BUDGET.ADMIN,EU administrative expenditure allocated to the member state,EUR million,2013,25.5029,"European Commission, EU spending and revenue 2000-2024 workbook (published 25 Sep 2025)",2026-08-04
SWE,Sweden,BUDGET.ADMIN,EU administrative expenditure allocated to the member state,EUR million,2013,31.7271,"European Commission, EU spending and revenue 2000-2024 workbook (published 25 Sep 2025)",2026-08-04
GBR,United Kingdom,BUDGET.ADMIN,EU administrative expenditure allocated to the member state,EUR million,2013,128.0562,"European Commission, EU spending and revenue 2000-2024 workbook (published 25 Sep 2025)",2026-08-04
BEL,Belgium,BUDGET.CUSTOMS,Customs duties collected for the EU budget (traditional own resources),EUR million,2013,1800.8081,"European Commission, EU spending and revenue 2000-2024 workbook (published 25 Sep 2025)",2026-08-04
BGR,Bulgaria,BUDGET.CUSTOMS,Customs duties collected for the EU budget (traditional own resources),EUR million,2013,72.4385,"European Commission, EU spending and revenue 2000-2024 workbook (published 25 Sep 2025)",2026-08-04
CZE,Czechia,BUDGET.CUSTOMS,Customs duties collected for the EU budget (traditional own resources),EUR million,2013,218.8031,"European Commission, EU spending and revenue 2000-2024 workbook (published 25 Sep 2025)",2026-08-04
DNK,Denmark,BUDGET.CUSTOMS,Customs duties collected for the EU budget (traditional own resources),EUR million,2013,384.3035,"European Commission, EU spending and revenue 2000-2024 workbook (published 25 Sep 2025)",2026-08-04
DEU,Germany,BUDGET.CUSTOMS,Customs duties collected for the EU budget (traditional own resources),EUR million,2013,4270.6691,"European Commission, EU spending and revenue 2000-2024 workbook (published 25 Sep 2025)",2026-08-04
EST,Estonia,BUDGET.CUSTOMS,Customs duties collected for the EU budget (traditional own resources),EUR million,2013,28.9014,"European Commission, EU spending and revenue 2000-2024 workbook (published 25 Sep 2025)",2026-08-04
IRL,Ireland,BUDGET.CUSTOMS,Customs duties collected for the EU budget (traditional own resources),EUR million,2013,280.7776,"European Commission, EU spending and revenue 2000-2024 workbook (published 25 Sep 2025)",2026-08-04
GRC,Greece,BUDGET.CUSTOMS,Customs duties collected for the EU budget (traditional own resources),EUR million,2013,147.7997,"European Commission, EU spending and revenue 2000-2024 workbook (published 25 Sep 2025)",2026-08-04
ESP,Spain,BUDGET.CUSTOMS,Customs duties collected for the EU budget (traditional own resources),EUR million,2013,1316.6949,"European Commission, EU spending and revenue 2000-2024 workbook (published 25 Sep 2025)",2026-08-04
FRA,France,BUDGET.CUSTOMS,Customs duties collected for the EU budget (traditional own resources),EUR million,2013,1835.0826,"European Commission, EU spending and revenue 2000-2024 workbook (published 25 Sep 2025)",2026-08-04
HRV,Croatia,BUDGET.CUSTOMS,Customs duties collected for the EU budget (traditional own resources),EUR million,2013,15.3012,"European Commission, EU spending and revenue 2000-2024 workbook (published 25 Sep 2025)",2026-08-04
ITA,Italy,BUDGET.CUSTOMS,Customs duties collected for the EU budget (traditional own resources),EUR million,2013,1882.8617,"European Commission, EU spending and revenue 2000-2024 workbook (published 25 Sep 2025)",2026-08-04
CYP,Cyprus,BUDGET.CUSTOMS,Customs duties collected for the EU budget (traditional own resources),EUR million,2013,19.7467,"European Commission, EU spending and revenue 2000-2024 workbook (published 25 Sep 2025)",2026-08-04
LVA,Latvia,BUDGET.CUSTOMS,Customs duties collected for the EU budget (traditional own resources),EUR million,2013,27.6222,"European Commission, EU spending and revenue 2000-2024 workbook (published 25 Sep 2025)",2026-08-04
LTU,Lithuania,BUDGET.CUSTOMS,Customs duties collected for the EU budget (traditional own resources),EUR million,2013,67.0306,"European Commission, EU spending and revenue 2000-2024 workbook (published 25 Sep 2025)",2026-08-04
LUX,Luxembourg,BUDGET.CUSTOMS,Customs duties collected for the EU budget (traditional own resources),EUR million,2013,15.0699,"European Commission, EU spending and revenue 2000-2024 workbook (published 25 Sep 2025)",2026-08-04
HUN,Hungary,BUDGET.CUSTOMS,Customs duties collected for the EU budget (traditional own resources),EUR million,2013,118.164,"European Commission, EU spending and revenue 2000-2024 workbook (published 25 Sep 2025)",2026-08-04
MLT,Malta,BUDGET.CUSTOMS,Customs duties collected for the EU budget (traditional own resources),EUR million,2013,11.8383,"European Commission, EU spending and revenue 2000-2024 workbook (published 25 Sep 2025)",2026-08-04
NLD,Netherlands,BUDGET.CUSTOMS,Customs duties collected for the EU budget (traditional own resources),EUR million,2013,2392.2352,"European Commission, EU spending and revenue 2000-2024 workbook (published 25 Sep 2025)",2026-08-04
AUT,Austria,BUDGET.CUSTOMS,Customs duties collected for the EU budget (traditional own resources),EUR million,2013,214.2735,"European Commission, EU spending and revenue 2000-2024 workbook (published 25 Sep 2025)",2026-08-04
POL,Poland,BUDGET.CUSTOMS,Customs duties collected for the EU budget (traditional own resources),EUR million,2013,470.3743,"European Commission, EU spending and revenue 2000-2024 workbook (published 25 Sep 2025)",2026-08-04
PRT,Portugal,BUDGET.CUSTOMS,Customs duties collected for the EU budget (traditional own resources),EUR million,2013,151.9415,"European Commission, EU spending and revenue 2000-2024 workbook (published 25 Sep 2025)",2026-08-04
ROU,Romania,BUDGET.CUSTOMS,Customs duties collected for the EU budget (traditional own resources),EUR million,2013,133.6524,"European Commission, EU spending and revenue 2000-2024 workbook (published 25 Sep 2025)",2026-08-04
SVN,Slovenia,BUDGET.CUSTOMS,Customs duties collected for the EU budget (traditional own resources),EUR million,2013,76.6826,"European Commission, EU spending and revenue 2000-2024 workbook (published 25 Sep 2025)",2026-08-04
SVK,Slovakia,BUDGET.CUSTOMS,Customs duties collected for the EU budget (traditional own resources),EUR million,2013,109.8448,"European Commission, EU spending and revenue 2000-2024 workbook (published 25 Sep 2025)",2026-08-04
FIN,Finland,BUDGET.CUSTOMS,Customs duties collected for the EU budget (traditional own resources),EUR million,2013,166.1512,"European Commission, EU spending and revenue 2000-2024 workbook (published 25 Sep 2025)",2026-08-04
SWE,Sweden,BUDGET.CUSTOMS,Customs duties collected for the EU budget (traditional own resources),EUR million,2013,591.3874,"European Commission, EU spending and revenue 2000-2024 workbook (published 25 Sep 2025)",2026-08-04
GBR,United Kingdom,BUDGET.CUSTOMS,Customs duties collected for the EU budget (traditional own resources),EUR million,2013,3397.8408,"European Commission, EU spending and revenue 2000-2024 workbook (published 25 Sep 2025)",2026-08-04
BEL,Belgium,BUDGET.EXPEND,EU expenditure allocated to the member state,EUR million,2014,7044.2752,"European Commission, EU spending and revenue 2000-2024 workbook (published 25 Sep 2025)",2026-08-04
BGR,Bulgaria,BUDGET.EXPEND,EU expenditure allocated to the member state,EUR million,2014,2255.4434,"European Commission, EU spending and revenue 2000-2024 workbook (published 25 Sep 2025)",2026-08-04
CZE,Czechia,BUDGET.EXPEND,EU expenditure allocated to the member state,EUR million,2014,4377.1926,"European Commission, EU spending and revenue 2000-2024 workbook (published 25 Sep 2025)",2026-08-04
DNK,Denmark,BUDGET.EXPEND,EU expenditure allocated to the member state,EUR million,2014,1511.6676,"European Commission, EU spending and revenue 2000-2024 workbook (published 25 Sep 2025)",2026-08-04
DEU,Germany,BUDGET.EXPEND,EU expenditure allocated to the member state,EUR million,2014,11484.4803,"European Commission, EU spending and revenue 2000-2024 workbook (published 25 Sep 2025)",2026-08-04
EST,Estonia,BUDGET.EXPEND,EU expenditure allocated to the member state,EUR million,2014,667.5958,"European Commission, EU spending and revenue 2000-2024 workbook (published 25 Sep 2025)",2026-08-04
IRL,Ireland,BUDGET.EXPEND,EU expenditure allocated to the member state,EUR million,2014,1563.124,"European Commission, EU spending and revenue 2000-2024 workbook (published 25 Sep 2025)",2026-08-04
GRC,Greece,BUDGET.EXPEND,EU expenditure allocated to the member state,EUR million,2014,7094.9727,"European Commission, EU spending and revenue 2000-2024 workbook (published 25 Sep 2025)",2026-08-04
ESP,Spain,BUDGET.EXPEND,EU expenditure allocated to the member state,EUR million,2014,11538.5191,"European Commission, EU spending and revenue 2000-2024 workbook (published 25 Sep 2025)",2026-08-04
FRA,France,BUDGET.EXPEND,EU expenditure allocated to the member state,EUR million,2014,13479.0822,"European Commission, EU spending and revenue 2000-2024 workbook (published 25 Sep 2025)",2026-08-04
HRV,Croatia,BUDGET.EXPEND,EU expenditure allocated to the member state,EUR million,2014,584.2735,"European Commission, EU spending and revenue 2000-2024 workbook (published 25 Sep 2025)",2026-08-04
ITA,Italy,BUDGET.EXPEND,EU expenditure allocated to the member state,EUR million,2014,10695.2471,"European Commission, EU spending and revenue 2000-2024 workbook (published 25 Sep 2025)",2026-08-04
CYP,Cyprus,BUDGET.EXPEND,EU expenditure allocated to the member state,EUR million,2014,272.9474,"European Commission, EU spending and revenue 2000-2024 workbook (published 25 Sep 2025)",2026-08-04
LVA,Latvia,BUDGET.EXPEND,EU expenditure allocated to the member state,EUR million,2014,1062.1925,"European Commission, EU spending and revenue 2000-2024 workbook (published 25 Sep 2025)",2026-08-04
LTU,Lithuania,BUDGET.EXPEND,EU expenditure allocated to the member state,EUR million,2014,1885.9192,"European Commission, EU spending and revenue 2000-2024 workbook (published 25 Sep 2025)",2026-08-04
LUX,Luxembourg,BUDGET.EXPEND,EU expenditure allocated to the member state,EUR million,2014,1713.9431,"European Commission, EU spending and revenue 2000-2024 workbook (published 25 Sep 2025)",2026-08-04
HUN,Hungary,BUDGET.EXPEND,EU expenditure allocated to the member state,EUR million,2014,6620.2143,"European Commission, EU spending and revenue 2000-2024 workbook (published 25 Sep 2025)",2026-08-04
MLT,Malta,BUDGET.EXPEND,EU expenditure allocated to the member state,EUR million,2014,254.9145,"European Commission, EU spending and revenue 2000-2024 workbook (published 25 Sep 2025)",2026-08-04
NLD,Netherlands,BUDGET.EXPEND,EU expenditure allocated to the member state,EUR million,2014,2014.4276,"European Commission, EU spending and revenue 2000-2024 workbook (published 25 Sep 2025)",2026-08-04
AUT,Austria,BUDGET.EXPEND,EU expenditure allocated to the member state,EUR million,2014,1572.5819,"European Commission, EU spending and revenue 2000-2024 workbook (published 25 Sep 2025)",2026-08-04
POL,Poland,BUDGET.EXPEND,EU expenditure allocated to the member state,EUR million,2014,17436.0824,"European Commission, EU spending and revenue 2000-2024 workbook (published 25 Sep 2025)",2026-08-04
PRT,Portugal,BUDGET.EXPEND,EU expenditure allocated to the member state,EUR million,2014,4943.0228,"European Commission, EU spending and revenue 2000-2024 workbook (published 25 Sep 2025)",2026-08-04
ROU,Romania,BUDGET.EXPEND,EU expenditure allocated to the member state,EUR million,2014,5943.8741,"European Commission, EU spending and revenue 2000-2024 workbook (published 25 Sep 2025)",2026-08-04
SVN,Slovenia,BUDGET.EXPEND,EU expenditure allocated to the member state,EUR million,2014,1142.4896,"European Commission, EU spending and revenue 2000-2024 workbook (published 25 Sep 2025)",2026-08-04
SVK,Slovakia,BUDGET.EXPEND,EU expenditure allocated to the member state,EUR million,2014,1668.7728,"European Commission, EU spending and revenue 2000-2024 workbook (published 25 Sep 2025)",2026-08-04
FIN,Finland,BUDGET.EXPEND,EU expenditure allocated to the member state,EUR million,2014,1061.9398,"European Commission, EU spending and revenue 2000-2024 workbook (published 25 Sep 2025)",2026-08-04
SWE,Sweden,BUDGET.EXPEND,EU expenditure allocated to the member state,EUR million,2014,1691.0388,"European Commission, EU spending and revenue 2000-2024 workbook (published 25 Sep 2025)",2026-08-04
GBR,United Kingdom,BUDGET.EXPEND,EU expenditure allocated to the member state,EUR million,2014,6984.6852,"European Commission, EU spending and revenue 2000-2024 workbook (published 25 Sep 2025)",2026-08-04
BEL,Belgium,BUDGET.CONTRIB,National contributions to the EU budget (excludes customs duties),EUR million,2014,3660.1932,"European Commission, EU spending and revenue 2000-2024 workbook (published 25 Sep 2025)",2026-08-04
BGR,Bulgaria,BUDGET.CONTRIB,National contributions to the EU budget (excludes customs duties),EUR million,2014,403.8523,"European Commission, EU spending and revenue 2000-2024 workbook (published 25 Sep 2025)",2026-08-04
CZE,Czechia,BUDGET.CONTRIB,National contributions to the EU budget (excludes customs duties),EUR million,2014,1308.7502,"European Commission, EU spending and revenue 2000-2024 workbook (published 25 Sep 2025)",2026-08-04
DNK,Denmark,BUDGET.CONTRIB,National contributions to the EU budget (excludes customs duties),EUR million,2014,2213.4165,"European Commission, EU spending and revenue 2000-2024 workbook (published 25 Sep 2025)",2026-08-04
DEU,Germany,BUDGET.CONTRIB,National contributions to the EU budget (excludes customs duties),EUR million,2014,25815.942,"European Commission, EU spending and revenue 2000-2024 workbook (published 25 Sep 2025)",2026-08-04
EST,Estonia,BUDGET.CONTRIB,National contributions to the EU budget (excludes customs duties),EUR million,2014,178.2368,"European Commission, EU spending and revenue 2000-2024 workbook (published 25 Sep 2025)",2026-08-04
IRL,Ireland,BUDGET.CONTRIB,National contributions to the EU budget (excludes customs duties),EUR million,2014,1425.0587,"European Commission, EU spending and revenue 2000-2024 workbook (published 25 Sep 2025)",2026-08-04
GRC,Greece,BUDGET.CONTRIB,National contributions to the EU budget (excludes customs duties),EUR million,2014,1826.599,"European Commission, EU spending and revenue 2000-2024 workbook (published 25 Sep 2025)",2026-08-04
ESP,Spain,BUDGET.CONTRIB,National contributions to the EU budget (excludes customs duties),EUR million,2014,9978.0622,"European Commission, EU spending and revenue 2000-2024 workbook (published 25 Sep 2025)",2026-08-04
FRA,France,BUDGET.CONTRIB,National contributions to the EU budget (excludes customs duties),EUR million,2014,19573.5831,"European Commission, EU spending and revenue 2000-2024 workbook (published 25 Sep 2025)",2026-08-04
HRV,Croatia,BUDGET.CONTRIB,National contributions to the EU budget (excludes customs duties),EUR million,2014,387.2322,"European Commission, EU spending and revenue 2000-2024 workbook (published 25 Sep 2025)",2026-08-04
ITA,Italy,BUDGET.CONTRIB,National contributions to the EU budget (excludes customs duties),EUR million,2014,14368.1953,"European Commission, EU spending and revenue 2000-2024 workbook (published 25 Sep 2025)",2026-08-04
CYP,Cyprus,BUDGET.CONTRIB,National contributions to the EU budget (excludes customs duties),EUR million,2014,142.8133,"European Commission, EU spending and revenue 2000-2024 workbook (published 25 Sep 2025)",2026-08-04
LVA,Latvia,BUDGET.CONTRIB,National contributions to the EU budget (excludes customs duties),EUR million,2014,244.1068,"European Commission, EU spending and revenue 2000-2024 workbook (published 25 Sep 2025)",2026-08-04
LTU,Lithuania,BUDGET.CONTRIB,National contributions to the EU budget (excludes customs duties),EUR million,2014,320.3913,"European Commission, EU spending and revenue 2000-2024 workbook (published 25 Sep 2025)",2026-08-04
LUX,Luxembourg,BUDGET.CONTRIB,National contributions to the EU budget (excludes customs duties),EUR million,2014,232.1276,"European Commission, EU spending and revenue 2000-2024 workbook (published 25 Sep 2025)",2026-08-04
HUN,Hungary,BUDGET.CONTRIB,National contributions to the EU budget (excludes customs duties),EUR million,2014,890.3104,"European Commission, EU spending and revenue 2000-2024 workbook (published 25 Sep 2025)",2026-08-04
MLT,Malta,BUDGET.CONTRIB,National contributions to the EU budget (excludes customs duties),EUR million,2014,65.6736,"European Commission, EU spending and revenue 2000-2024 workbook (published 25 Sep 2025)",2026-08-04
NLD,Netherlands,BUDGET.CONTRIB,National contributions to the EU budget (excludes customs duties),EUR million,2014,6390.9731,"European Commission, EU spending and revenue 2000-2024 workbook (published 25 Sep 2025)",2026-08-04
AUT,Austria,BUDGET.CONTRIB,National contributions to the EU budget (excludes customs duties),EUR million,2014,2690.941,"European Commission, EU spending and revenue 2000-2024 workbook (published 25 Sep 2025)",2026-08-04
POL,Poland,BUDGET.CONTRIB,National contributions to the EU budget (excludes customs duties),EUR million,2014,3526.4814,"European Commission, EU spending and revenue 2000-2024 workbook (published 25 Sep 2025)",2026-08-04
PRT,Portugal,BUDGET.CONTRIB,National contributions to the EU budget (excludes customs duties),EUR million,2014,1636.9146,"European Commission, EU spending and revenue 2000-2024 workbook (published 25 Sep 2025)",2026-08-04
ROU,Romania,BUDGET.CONTRIB,National contributions to the EU budget (excludes customs duties),EUR million,2014,1353.1249,"European Commission, EU spending and revenue 2000-2024 workbook (published 25 Sep 2025)",2026-08-04
SVN,Slovenia,BUDGET.CONTRIB,National contributions to the EU budget (excludes customs duties),EUR million,2014,326.7568,"European Commission, EU spending and revenue 2000-2024 workbook (published 25 Sep 2025)",2026-08-04
SVK,Slovakia,BUDGET.CONTRIB,National contributions to the EU budget (excludes customs duties),EUR million,2014,625.1195,"European Commission, EU spending and revenue 2000-2024 workbook (published 25 Sep 2025)",2026-08-04
FIN,Finland,BUDGET.CONTRIB,National contributions to the EU budget (excludes customs duties),EUR million,2014,1777.234,"European Commission, EU spending and revenue 2000-2024 workbook (published 25 Sep 2025)",2026-08-04
SWE,Sweden,BUDGET.CONTRIB,National contributions to the EU budget (excludes customs duties),EUR million,2014,3828.1574,"European Commission, EU spending and revenue 2000-2024 workbook (published 25 Sep 2025)",2026-08-04
GBR,United Kingdom,BUDGET.CONTRIB,National contributions to the EU budget (excludes customs duties),EUR million,2014,11341.5936,"European Commission, EU spending and revenue 2000-2024 workbook (published 25 Sep 2025)",2026-08-04
BEL,Belgium,BUDGET.GNI,Gross national income (European Commission definition),EUR million,2014,402665.3,"European Commission, EU spending and revenue 2000-2024 workbook (published 25 Sep 2025)",2026-08-04
BGR,Bulgaria,BUDGET.GNI,Gross national income (European Commission definition),EUR million,2014,40972.9066,"European Commission, EU spending and revenue 2000-2024 workbook (published 25 Sep 2025)",2026-08-04
CZE,Czechia,BUDGET.GNI,Gross national income (European Commission definition),EUR million,2014,144472.902,"European Commission, EU spending and revenue 2000-2024 workbook (published 25 Sep 2025)",2026-08-04
DNK,Denmark,BUDGET.GNI,Gross national income (European Commission definition),EUR million,2014,264872.5202,"European Commission, EU spending and revenue 2000-2024 workbook (published 25 Sep 2025)",2026-08-04
DEU,Germany,BUDGET.GNI,Gross national income (European Commission definition),EUR million,2014,2972188.0,"European Commission, EU spending and revenue 2000-2024 workbook (published 25 Sep 2025)",2026-08-04
EST,Estonia,BUDGET.GNI,Gross national income (European Commission definition),EUR million,2014,19048.7068,"European Commission, EU spending and revenue 2000-2024 workbook (published 25 Sep 2025)",2026-08-04
IRL,Ireland,BUDGET.GNI,Gross national income (European Commission definition),EUR million,2014,159732.314,"European Commission, EU spending and revenue 2000-2024 workbook (published 25 Sep 2025)",2026-08-04
GRC,Greece,BUDGET.GNI,Gross national income (European Commission definition),EUR million,2014,178380.62,"European Commission, EU spending and revenue 2000-2024 workbook (published 25 Sep 2025)",2026-08-04
ESP,Spain,BUDGET.GNI,Gross national income (European Commission definition),EUR million,2014,1052245.0,"European Commission, EU spending and revenue 2000-2024 workbook (published 25 Sep 2025)",2026-08-04
FRA,France,BUDGET.GNI,Gross national income (European Commission definition),EUR million,2014,2179155.0745,"European Commission, EU spending and revenue 2000-2024 workbook (published 25 Sep 2025)",2026-08-04
HRV,Croatia,BUDGET.GNI,Gross national income (European Commission definition),EUR million,2014,41772.755,"European Commission, EU spending and revenue 2000-2024 workbook (published 25 Sep 2025)",2026-08-04
ITA,Italy,BUDGET.GNI,Gross national income (European Commission definition),EUR million,2014,1613794.743,"European Commission, EU spending and revenue 2000-2024 workbook (published 25 Sep 2025)",2026-08-04
CYP,Cyprus,BUDGET.GNI,Gross national income (European Commission definition),EUR million,2014,16582.8392,"European Commission, EU spending and revenue 2000-2024 workbook (published 25 Sep 2025)",2026-08-04
LVA,Latvia,BUDGET.GNI,Gross national income (European Commission definition),EUR million,2014,23867.87,"European Commission, EU spending and revenue 2000-2024 workbook (published 25 Sep 2025)",2026-08-04
LTU,Lithuania,BUDGET.GNI,Gross national income (European Commission definition),EUR million,2014,35202.818,"European Commission, EU spending and revenue 2000-2024 workbook (published 25 Sep 2025)",2026-08-04
LUX,Luxembourg,BUDGET.GNI,Gross national income (European Commission definition),EUR million,2014,29477.4104,"European Commission, EU spending and revenue 2000-2024 workbook (published 25 Sep 2025)",2026-08-04
HUN,Hungary,BUDGET.GNI,Gross national income (European Commission definition),EUR million,2014,100695.3025,"European Commission, EU spending and revenue 2000-2024 workbook (published 25 Sep 2025)",2026-08-04
MLT,Malta,BUDGET.GNI,Gross national income (European Commission definition),EUR million,2014,7628.735,"European Commission, EU spending and revenue 2000-2024 workbook (published 25 Sep 2025)",2026-08-04
NLD,Netherlands,BUDGET.GNI,Gross national income (European Commission definition),EUR million,2014,662465.0,"European Commission, EU spending and revenue 2000-2024 workbook (published 25 Sep 2025)",2026-08-04
AUT,Austria,BUDGET.GNI,Gross national income (European Commission definition),EUR million,2014,328896.7109,"European Commission, EU spending and revenue 2000-2024 workbook (published 25 Sep 2025)",2026-08-04
POL,Poland,BUDGET.GNI,Gross national income (European Commission definition),EUR million,2014,396057.7838,"European Commission, EU spending and revenue 2000-2024 workbook (published 25 Sep 2025)",2026-08-04
PRT,Portugal,BUDGET.GNI,Gross national income (European Commission definition),EUR million,2014,171107.8,"European Commission, EU spending and revenue 2000-2024 workbook (published 25 Sep 2025)",2026-08-04
ROU,Romania,BUDGET.GNI,Gross national income (European Commission definition),EUR million,2014,146462.1237,"European Commission, EU spending and revenue 2000-2024 workbook (published 25 Sep 2025)",2026-08-04
SVN,Slovenia,BUDGET.GNI,Gross national income (European Commission definition),EUR million,2014,36676.2,"European Commission, EU spending and revenue 2000-2024 workbook (published 25 Sep 2025)",2026-08-04
SVK,Slovakia,BUDGET.GNI,Gross national income (European Commission definition),EUR million,2014,73854.495,"European Commission, EU spending and revenue 2000-2024 workbook (published 25 Sep 2025)",2026-08-04
FIN,Finland,BUDGET.GNI,Gross national income (European Commission definition),EUR million,2014,203977.0,"European Commission, EU spending and revenue 2000-2024 workbook (published 25 Sep 2025)",2026-08-04
SWE,Sweden,BUDGET.GNI,Gross national income (European Commission definition),EUR million,2014,445167.7943,"European Commission, EU spending and revenue 2000-2024 workbook (published 25 Sep 2025)",2026-08-04
GBR,United Kingdom,BUDGET.GNI,Gross national income (European Commission definition),EUR million,2014,2174279.6572,"European Commission, EU spending and revenue 2000-2024 workbook (published 25 Sep 2025)",2026-08-04
BEL,Belgium,BUDGET.ADMIN,EU administrative expenditure allocated to the member state,EUR million,2014,4725.4496,"European Commission, EU spending and revenue 2000-2024 workbook (published 25 Sep 2025)",2026-08-04
BGR,Bulgaria,BUDGET.ADMIN,EU administrative expenditure allocated to the member state,EUR million,2014,12.19,"European Commission, EU spending and revenue 2000-2024 workbook (published 25 Sep 2025)",2026-08-04
CZE,Czechia,BUDGET.ADMIN,EU administrative expenditure allocated to the member state,EUR million,2014,15.3594,"European Commission, EU spending and revenue 2000-2024 workbook (published 25 Sep 2025)",2026-08-04
DNK,Denmark,BUDGET.ADMIN,EU administrative expenditure allocated to the member state,EUR million,2014,51.6294,"European Commission, EU spending and revenue 2000-2024 workbook (published 25 Sep 2025)",2026-08-04
DEU,Germany,BUDGET.ADMIN,EU administrative expenditure allocated to the member state,EUR million,2014,205.9453,"European Commission, EU spending and revenue 2000-2024 workbook (published 25 Sep 2025)",2026-08-04
EST,Estonia,BUDGET.ADMIN,EU administrative expenditure allocated to the member state,EUR million,2014,8.877,"European Commission, EU spending and revenue 2000-2024 workbook (published 25 Sep 2025)",2026-08-04
IRL,Ireland,BUDGET.ADMIN,EU administrative expenditure allocated to the member state,EUR million,2014,46.087,"European Commission, EU spending and revenue 2000-2024 workbook (published 25 Sep 2025)",2026-08-04
GRC,Greece,BUDGET.ADMIN,EU administrative expenditure allocated to the member state,EUR million,2014,37.5354,"European Commission, EU spending and revenue 2000-2024 workbook (published 25 Sep 2025)",2026-08-04
ESP,Spain,BUDGET.ADMIN,EU administrative expenditure allocated to the member state,EUR million,2014,97.2073,"European Commission, EU spending and revenue 2000-2024 workbook (published 25 Sep 2025)",2026-08-04
FRA,France,BUDGET.ADMIN,EU administrative expenditure allocated to the member state,EUR million,2014,339.0241,"European Commission, EU spending and revenue 2000-2024 workbook (published 25 Sep 2025)",2026-08-04
HRV,Croatia,BUDGET.ADMIN,EU administrative expenditure allocated to the member state,EUR million,2014,9.1403,"European Commission, EU spending and revenue 2000-2024 workbook (published 25 Sep 2025)",2026-08-04
ITA,Italy,BUDGET.ADMIN,EU administrative expenditure allocated to the member state,EUR million,2014,257.467,"European Commission, EU spending and revenue 2000-2024 workbook (published 25 Sep 2025)",2026-08-04
CYP,Cyprus,BUDGET.ADMIN,EU administrative expenditure allocated to the member state,EUR million,2014,10.005,"European Commission, EU spending and revenue 2000-2024 workbook (published 25 Sep 2025)",2026-08-04
LVA,Latvia,BUDGET.ADMIN,EU administrative expenditure allocated to the member state,EUR million,2014,9.1528,"European Commission, EU spending and revenue 2000-2024 workbook (published 25 Sep 2025)",2026-08-04
LTU,Lithuania,BUDGET.ADMIN,EU administrative expenditure allocated to the member state,EUR million,2014,10.3803,"European Commission, EU spending and revenue 2000-2024 workbook (published 25 Sep 2025)",2026-08-04
LUX,Luxembourg,BUDGET.ADMIN,EU administrative expenditure allocated to the member state,EUR million,2014,1393.0619,"European Commission, EU spending and revenue 2000-2024 workbook (published 25 Sep 2025)",2026-08-04
HUN,Hungary,BUDGET.ADMIN,EU administrative expenditure allocated to the member state,EUR million,2014,15.0674,"European Commission, EU spending and revenue 2000-2024 workbook (published 25 Sep 2025)",2026-08-04
MLT,Malta,BUDGET.ADMIN,EU administrative expenditure allocated to the member state,EUR million,2014,7.3614,"European Commission, EU spending and revenue 2000-2024 workbook (published 25 Sep 2025)",2026-08-04
NLD,Netherlands,BUDGET.ADMIN,EU administrative expenditure allocated to the member state,EUR million,2014,95.8137,"European Commission, EU spending and revenue 2000-2024 workbook (published 25 Sep 2025)",2026-08-04
AUT,Austria,BUDGET.ADMIN,EU administrative expenditure allocated to the member state,EUR million,2014,21.7771,"European Commission, EU spending and revenue 2000-2024 workbook (published 25 Sep 2025)",2026-08-04
POL,Poland,BUDGET.ADMIN,EU administrative expenditure allocated to the member state,EUR million,2014,29.8453,"European Commission, EU spending and revenue 2000-2024 workbook (published 25 Sep 2025)",2026-08-04
PRT,Portugal,BUDGET.ADMIN,EU administrative expenditure allocated to the member state,EUR million,2014,33.6424,"European Commission, EU spending and revenue 2000-2024 workbook (published 25 Sep 2025)",2026-08-04
ROU,Romania,BUDGET.ADMIN,EU administrative expenditure allocated to the member state,EUR million,2014,20.3376,"European Commission, EU spending and revenue 2000-2024 workbook (published 25 Sep 2025)",2026-08-04
SVN,Slovenia,BUDGET.ADMIN,EU administrative expenditure allocated to the member state,EUR million,2014,9.112,"European Commission, EU spending and revenue 2000-2024 workbook (published 25 Sep 2025)",2026-08-04
SVK,Slovakia,BUDGET.ADMIN,EU administrative expenditure allocated to the member state,EUR million,2014,10.1716,"European Commission, EU spending and revenue 2000-2024 workbook (published 25 Sep 2025)",2026-08-04
FIN,Finland,BUDGET.ADMIN,EU administrative expenditure allocated to the member state,EUR million,2014,27.3597,"European Commission, EU spending and revenue 2000-2024 workbook (published 25 Sep 2025)",2026-08-04
SWE,Sweden,BUDGET.ADMIN,EU administrative expenditure allocated to the member state,EUR million,2014,32.6456,"European Commission, EU spending and revenue 2000-2024 workbook (published 25 Sep 2025)",2026-08-04
GBR,United Kingdom,BUDGET.ADMIN,EU administrative expenditure allocated to the member state,EUR million,2014,149.2683,"European Commission, EU spending and revenue 2000-2024 workbook (published 25 Sep 2025)",2026-08-04
BEL,Belgium,BUDGET.CUSTOMS,Customs duties collected for the EU budget (traditional own resources),EUR million,2014,2105.6695,"European Commission, EU spending and revenue 2000-2024 workbook (published 25 Sep 2025)",2026-08-04
BGR,Bulgaria,BUDGET.CUSTOMS,Customs duties collected for the EU budget (traditional own resources),EUR million,2014,75.0414,"European Commission, EU spending and revenue 2000-2024 workbook (published 25 Sep 2025)",2026-08-04
CZE,Czechia,BUDGET.CUSTOMS,Customs duties collected for the EU budget (traditional own resources),EUR million,2014,260.4878,"European Commission, EU spending and revenue 2000-2024 workbook (published 25 Sep 2025)",2026-08-04
DNK,Denmark,BUDGET.CUSTOMS,Customs duties collected for the EU budget (traditional own resources),EUR million,2014,396.7033,"European Commission, EU spending and revenue 2000-2024 workbook (published 25 Sep 2025)",2026-08-04
DEU,Germany,BUDGET.CUSTOMS,Customs duties collected for the EU budget (traditional own resources),EUR million,2014,4489.3587,"European Commission, EU spending and revenue 2000-2024 workbook (published 25 Sep 2025)",2026-08-04
EST,Estonia,BUDGET.CUSTOMS,Customs duties collected for the EU budget (traditional own resources),EUR million,2014,29.5436,"European Commission, EU spending and revenue 2000-2024 workbook (published 25 Sep 2025)",2026-08-04
IRL,Ireland,BUDGET.CUSTOMS,Customs duties collected for the EU budget (traditional own resources),EUR million,2014,302.9266,"European Commission, EU spending and revenue 2000-2024 workbook (published 25 Sep 2025)",2026-08-04
GRC,Greece,BUDGET.CUSTOMS,Customs duties collected for the EU budget (traditional own resources),EUR million,2014,162.4024,"European Commission, EU spending and revenue 2000-2024 workbook (published 25 Sep 2025)",2026-08-04
ESP,Spain,BUDGET.CUSTOMS,Customs duties collected for the EU budget (traditional own resources),EUR million,2014,1508.3698,"European Commission, EU spending and revenue 2000-2024 workbook (published 25 Sep 2025)",2026-08-04
FRA,France,BUDGET.CUSTOMS,Customs duties collected for the EU budget (traditional own resources),EUR million,2014,1900.1895,"European Commission, EU spending and revenue 2000-2024 workbook (published 25 Sep 2025)",2026-08-04
HRV,Croatia,BUDGET.CUSTOMS,Customs duties collected for the EU budget (traditional own resources),EUR million,2014,54.3971,"European Commission, EU spending and revenue 2000-2024 workbook (published 25 Sep 2025)",2026-08-04
ITA,Italy,BUDGET.CUSTOMS,Customs duties collected for the EU budget (traditional own resources),EUR million,2014,2028.9314,"European Commission, EU spending and revenue 2000-2024 workbook (published 25 Sep 2025)",2026-08-04
CYP,Cyprus,BUDGET.CUSTOMS,Customs duties collected for the EU budget (traditional own resources),EUR million,2014,23.7777,"European Commission, EU spending and revenue 2000-2024 workbook (published 25 Sep 2025)",2026-08-04
LVA,Latvia,BUDGET.CUSTOMS,Customs duties collected for the EU budget (traditional own resources),EUR million,2014,34.5549,"European Commission, EU spending and revenue 2000-2024 workbook (published 25 Sep 2025)",2026-08-04
LTU,Lithuania,BUDGET.CUSTOMS,Customs duties collected for the EU budget (traditional own resources),EUR million,2014,84.7234,"European Commission, EU spending and revenue 2000-2024 workbook (published 25 Sep 2025)",2026-08-04
LUX,Luxembourg,BUDGET.CUSTOMS,Customs duties collected for the EU budget (traditional own resources),EUR million,2014,18.7024,"European Commission, EU spending and revenue 2000-2024 workbook (published 25 Sep 2025)",2026-08-04
HUN,Hungary,BUDGET.CUSTOMS,Customs duties collected for the EU budget (traditional own resources),EUR million,2014,138.0285,"European Commission, EU spending and revenue 2000-2024 workbook (published 25 Sep 2025)",2026-08-04
MLT,Malta,BUDGET.CUSTOMS,Customs duties collected for the EU budget (traditional own resources),EUR million,2014,13.938,"European Commission, EU spending and revenue 2000-2024 workbook (published 25 Sep 2025)",2026-08-04
NLD,Netherlands,BUDGET.CUSTOMS,Customs duties collected for the EU budget (traditional own resources),EUR million,2014,2653.891,"European Commission, EU spending and revenue 2000-2024 workbook (published 25 Sep 2025)",2026-08-04
AUT,Austria,BUDGET.CUSTOMS,Customs duties collected for the EU budget (traditional own resources),EUR million,2014,242.4334,"European Commission, EU spending and revenue 2000-2024 workbook (published 25 Sep 2025)",2026-08-04
POL,Poland,BUDGET.CUSTOMS,Customs duties collected for the EU budget (traditional own resources),EUR million,2014,558.79,"European Commission, EU spending and revenue 2000-2024 workbook (published 25 Sep 2025)",2026-08-04
PRT,Portugal,BUDGET.CUSTOMS,Customs duties collected for the EU budget (traditional own resources),EUR million,2014,148.619,"European Commission, EU spending and revenue 2000-2024 workbook (published 25 Sep 2025)",2026-08-04
ROU,Romania,BUDGET.CUSTOMS,Customs duties collected for the EU budget (traditional own resources),EUR million,2014,140.0607,"European Commission, EU spending and revenue 2000-2024 workbook (published 25 Sep 2025)",2026-08-04
SVN,Slovenia,BUDGET.CUSTOMS,Customs duties collected for the EU budget (traditional own resources),EUR million,2014,77.6197,"European Commission, EU spending and revenue 2000-2024 workbook (published 25 Sep 2025)",2026-08-04
SVK,Slovakia,BUDGET.CUSTOMS,Customs duties collected for the EU budget (traditional own resources),EUR million,2014,126.3784,"European Commission, EU spending and revenue 2000-2024 workbook (published 25 Sep 2025)",2026-08-04
FIN,Finland,BUDGET.CUSTOMS,Customs duties collected for the EU budget (traditional own resources),EUR million,2014,169.9259,"European Commission, EU spending and revenue 2000-2024 workbook (published 25 Sep 2025)",2026-08-04
SWE,Sweden,BUDGET.CUSTOMS,Customs duties collected for the EU budget (traditional own resources),EUR million,2014,613.7508,"European Commission, EU spending and revenue 2000-2024 workbook (published 25 Sep 2025)",2026-08-04
GBR,United Kingdom,BUDGET.CUSTOMS,Customs duties collected for the EU budget (traditional own resources),EUR million,2014,3638.7923,"European Commission, EU spending and revenue 2000-2024 workbook (published 25 Sep 2025)",2026-08-04
BEL,Belgium,BUDGET.EXPEND,EU expenditure allocated to the member state,EUR million,2015,6951.9151,"European Commission, EU spending and revenue 2000-2024 workbook (published 25 Sep 2025)",2026-08-04
BGR,Bulgaria,BUDGET.EXPEND,EU expenditure allocated to the member state,EUR million,2015,2729.5478,"European Commission, EU spending and revenue 2000-2024 workbook (published 25 Sep 2025)",2026-08-04
CZE,Czechia,BUDGET.EXPEND,EU expenditure allocated to the member state,EUR million,2015,7074.6744,"European Commission, EU spending and revenue 2000-2024 workbook (published 25 Sep 2025)",2026-08-04
DNK,Denmark,BUDGET.EXPEND,EU expenditure allocated to the member state,EUR million,2015,1528.6275,"European Commission, EU spending and revenue 2000-2024 workbook (published 25 Sep 2025)",2026-08-04
DEU,Germany,BUDGET.EXPEND,EU expenditure allocated to the member state,EUR million,2015,11013.2536,"European Commission, EU spending and revenue 2000-2024 workbook (published 25 Sep 2025)",2026-08-04
EST,Estonia,BUDGET.EXPEND,EU expenditure allocated to the member state,EUR million,2015,442.5688,"European Commission, EU spending and revenue 2000-2024 workbook (published 25 Sep 2025)",2026-08-04
IRL,Ireland,BUDGET.EXPEND,EU expenditure allocated to the member state,EUR million,2015,2008.6374,"European Commission, EU spending and revenue 2000-2024 workbook (published 25 Sep 2025)",2026-08-04
GRC,Greece,BUDGET.EXPEND,EU expenditure allocated to the member state,EUR million,2015,6209.6635,"European Commission, EU spending and revenue 2000-2024 workbook (published 25 Sep 2025)",2026-08-04
ESP,Spain,BUDGET.EXPEND,EU expenditure allocated to the member state,EUR million,2015,13695.711,"European Commission, EU spending and revenue 2000-2024 workbook (published 25 Sep 2025)",2026-08-04
FRA,France,BUDGET.EXPEND,EU expenditure allocated to the member state,EUR million,2015,14468.406,"European Commission, EU spending and revenue 2000-2024 workbook (published 25 Sep 2025)",2026-08-04
HRV,Croatia,BUDGET.EXPEND,EU expenditure allocated to the member state,EUR million,2015,604.552,"European Commission, EU spending and revenue 2000-2024 workbook (published 25 Sep 2025)",2026-08-04
ITA,Italy,BUDGET.EXPEND,EU expenditure allocated to the member state,EUR million,2015,12338.4782,"European Commission, EU spending and revenue 2000-2024 workbook (published 25 Sep 2025)",2026-08-04
CYP,Cyprus,BUDGET.EXPEND,EU expenditure allocated to the member state,EUR million,2015,203.2665,"European Commission, EU spending and revenue 2000-2024 workbook (published 25 Sep 2025)",2026-08-04
LVA,Latvia,BUDGET.EXPEND,EU expenditure allocated to the member state,EUR million,2015,981.6134,"European Commission, EU spending and revenue 2000-2024 workbook (published 25 Sep 2025)",2026-08-04
LTU,Lithuania,BUDGET.EXPEND,EU expenditure allocated to the member state,EUR million,2015,877.2259,"European Commission, EU spending and revenue 2000-2024 workbook (published 25 Sep 2025)",2026-08-04
LUX,Luxembourg,BUDGET.EXPEND,EU expenditure allocated to the member state,EUR million,2015,1649.4201,"European Commission, EU spending and revenue 2000-2024 workbook (published 25 Sep 2025)",2026-08-04
HUN,Hungary,BUDGET.EXPEND,EU expenditure allocated to the member state,EUR million,2015,5629.0802,"European Commission, EU spending and revenue 2000-2024 workbook (published 25 Sep 2025)",2026-08-04
MLT,Malta,BUDGET.EXPEND,EU expenditure allocated to the member state,EUR million,2015,134.1829,"European Commission, EU spending and revenue 2000-2024 workbook (published 25 Sep 2025)",2026-08-04
NLD,Netherlands,BUDGET.EXPEND,EU expenditure allocated to the member state,EUR million,2015,2359.1748,"European Commission, EU spending and revenue 2000-2024 workbook (published 25 Sep 2025)",2026-08-04
AUT,Austria,BUDGET.EXPEND,EU expenditure allocated to the member state,EUR million,2015,1787.4473,"European Commission, EU spending and revenue 2000-2024 workbook (published 25 Sep 2025)",2026-08-04
POL,Poland,BUDGET.EXPEND,EU expenditure allocated to the member state,EUR million,2015,13357.6806,"European Commission, EU spending and revenue 2000-2024 workbook (published 25 Sep 2025)",2026-08-04
PRT,Portugal,BUDGET.EXPEND,EU expenditure allocated to the member state,EUR million,2015,2595.3932,"European Commission, EU spending and revenue 2000-2024 workbook (published 25 Sep 2025)",2026-08-04
ROU,Romania,BUDGET.EXPEND,EU expenditure allocated to the member state,EUR million,2015,6538.0262,"European Commission, EU spending and revenue 2000-2024 workbook (published 25 Sep 2025)",2026-08-04
SVN,Slovenia,BUDGET.EXPEND,EU expenditure allocated to the member state,EUR million,2015,939.9457,"European Commission, EU spending and revenue 2000-2024 workbook (published 25 Sep 2025)",2026-08-04
SVK,Slovakia,BUDGET.EXPEND,EU expenditure allocated to the member state,EUR million,2015,3734.7819,"European Commission, EU spending and revenue 2000-2024 workbook (published 25 Sep 2025)",2026-08-04
FIN,Finland,BUDGET.EXPEND,EU expenditure allocated to the member state,EUR million,2015,1329.9901,"European Commission, EU spending and revenue 2000-2024 workbook (published 25 Sep 2025)",2026-08-04
SWE,Sweden,BUDGET.EXPEND,EU expenditure allocated to the member state,EUR million,2015,1467.7299,"European Commission, EU spending and revenue 2000-2024 workbook (published 25 Sep 2025)",2026-08-04
GBR,United Kingdom,BUDGET.EXPEND,EU expenditure allocated to the member state,EUR million,2015,7457.6168,"European Commission, EU spending and revenue 2000-2024 workbook (published 25 Sep 2025)",2026-08-04
BEL,Belgium,BUDGET.CONTRIB,National contributions to the EU budget (excludes customs duties),EUR million,2015,3691.9211,"European Commission, EU spending and revenue 2000-2024 workbook (published 25 Sep 2025)",2026-08-04
BGR,Bulgaria,BUDGET.CONTRIB,National contributions to the EU budget (excludes customs duties),EUR million,2015,424.1213,"European Commission, EU spending and revenue 2000-2024 workbook (published 25 Sep 2025)",2026-08-04
CZE,Czechia,BUDGET.CONTRIB,National contributions to the EU budget (excludes customs duties),EUR million,2015,1315.1637,"European Commission, EU spending and revenue 2000-2024 workbook (published 25 Sep 2025)",2026-08-04
DNK,Denmark,BUDGET.CONTRIB,National contributions to the EU budget (excludes customs duties),EUR million,2015,2190.6269,"European Commission, EU spending and revenue 2000-2024 workbook (published 25 Sep 2025)",2026-08-04
DEU,Germany,BUDGET.CONTRIB,National contributions to the EU budget (excludes customs duties),EUR million,2015,24283.4188,"European Commission, EU spending and revenue 2000-2024 workbook (published 25 Sep 2025)",2026-08-04
EST,Estonia,BUDGET.CONTRIB,National contributions to the EU budget (excludes customs duties),EUR million,2015,184.7583,"European Commission, EU spending and revenue 2000-2024 workbook (published 25 Sep 2025)",2026-08-04
IRL,Ireland,BUDGET.CONTRIB,National contributions to the EU budget (excludes customs duties),EUR million,2015,1558.4187,"European Commission, EU spending and revenue 2000-2024 workbook (published 25 Sep 2025)",2026-08-04
GRC,Greece,BUDGET.CONTRIB,National contributions to the EU budget (excludes customs duties),EUR million,2015,1205.6,"European Commission, EU spending and revenue 2000-2024 workbook (published 25 Sep 2025)",2026-08-04
ESP,Spain,BUDGET.CONTRIB,National contributions to the EU budget (excludes customs duties),EUR million,2015,8772.4607,"European Commission, EU spending and revenue 2000-2024 workbook (published 25 Sep 2025)",2026-08-04
FRA,France,BUDGET.CONTRIB,National contributions to the EU budget (excludes customs duties),EUR million,2015,19012.5119,"European Commission, EU spending and revenue 2000-2024 workbook (published 25 Sep 2025)",2026-08-04
HRV,Croatia,BUDGET.CONTRIB,National contributions to the EU budget (excludes customs duties),EUR million,2015,356.791,"European Commission, EU spending and revenue 2000-2024 workbook (published 25 Sep 2025)",2026-08-04
ITA,Italy,BUDGET.CONTRIB,National contributions to the EU budget (excludes customs duties),EUR million,2015,14231.5678,"European Commission, EU spending and revenue 2000-2024 workbook (published 25 Sep 2025)",2026-08-04
CYP,Cyprus,BUDGET.CONTRIB,National contributions to the EU budget (excludes customs duties),EUR million,2015,211.881,"European Commission, EU spending and revenue 2000-2024 workbook (published 25 Sep 2025)",2026-08-04
LVA,Latvia,BUDGET.CONTRIB,National contributions to the EU budget (excludes customs duties),EUR million,2015,205.8899,"European Commission, EU spending and revenue 2000-2024 workbook (published 25 Sep 2025)",2026-08-04
LTU,Lithuania,BUDGET.CONTRIB,National contributions to the EU budget (excludes customs duties),EUR million,2015,315.8362,"European Commission, EU spending and revenue 2000-2024 workbook (published 25 Sep 2025)",2026-08-04
LUX,Luxembourg,BUDGET.CONTRIB,National contributions to the EU budget (excludes customs duties),EUR million,2015,350.2795,"European Commission, EU spending and revenue 2000-2024 workbook (published 25 Sep 2025)",2026-08-04
HUN,Hungary,BUDGET.CONTRIB,National contributions to the EU budget (excludes customs duties),EUR million,2015,945.7764,"European Commission, EU spending and revenue 2000-2024 workbook (published 25 Sep 2025)",2026-08-04
MLT,Malta,BUDGET.CONTRIB,National contributions to the EU budget (excludes customs duties),EUR million,2015,92.3123,"European Commission, EU spending and revenue 2000-2024 workbook (published 25 Sep 2025)",2026-08-04
NLD,Netherlands,BUDGET.CONTRIB,National contributions to the EU budget (excludes customs duties),EUR million,2015,5759.2196,"European Commission, EU spending and revenue 2000-2024 workbook (published 25 Sep 2025)",2026-08-04
AUT,Austria,BUDGET.CONTRIB,National contributions to the EU budget (excludes customs duties),EUR million,2015,2529.2465,"European Commission, EU spending and revenue 2000-2024 workbook (published 25 Sep 2025)",2026-08-04
POL,Poland,BUDGET.CONTRIB,National contributions to the EU budget (excludes customs duties),EUR million,2015,3717.9929,"European Commission, EU spending and revenue 2000-2024 workbook (published 25 Sep 2025)",2026-08-04
PRT,Portugal,BUDGET.CONTRIB,National contributions to the EU budget (excludes customs duties),EUR million,2015,1528.7027,"European Commission, EU spending and revenue 2000-2024 workbook (published 25 Sep 2025)",2026-08-04
ROU,Romania,BUDGET.CONTRIB,National contributions to the EU budget (excludes customs duties),EUR million,2015,1319.3745,"European Commission, EU spending and revenue 2000-2024 workbook (published 25 Sep 2025)",2026-08-04
SVN,Slovenia,BUDGET.CONTRIB,National contributions to the EU budget (excludes customs duties),EUR million,2015,340.6941,"European Commission, EU spending and revenue 2000-2024 workbook (published 25 Sep 2025)",2026-08-04
SVK,Slovakia,BUDGET.CONTRIB,National contributions to the EU budget (excludes customs duties),EUR million,2015,607.9371,"European Commission, EU spending and revenue 2000-2024 workbook (published 25 Sep 2025)",2026-08-04
FIN,Finland,BUDGET.CONTRIB,National contributions to the EU budget (excludes customs duties),EUR million,2015,1729.0535,"European Commission, EU spending and revenue 2000-2024 workbook (published 25 Sep 2025)",2026-08-04
SWE,Sweden,BUDGET.CONTRIB,National contributions to the EU budget (excludes customs duties),EUR million,2015,3513.3447,"European Commission, EU spending and revenue 2000-2024 workbook (published 25 Sep 2025)",2026-08-04
GBR,United Kingdom,BUDGET.CONTRIB,National contributions to the EU budget (excludes customs duties),EUR million,2015,18209.4207,"European Commission, EU spending and revenue 2000-2024 workbook (published 25 Sep 2025)",2026-08-04
BEL,Belgium,BUDGET.GNI,Gross national income (European Commission definition),EUR million,2015,415782.33,"European Commission, EU spending and revenue 2000-2024 workbook (published 25 Sep 2025)",2026-08-04
BGR,Bulgaria,BUDGET.GNI,Gross national income (European Commission definition),EUR million,2015,42801.6882,"European Commission, EU spending and revenue 2000-2024 workbook (published 25 Sep 2025)",2026-08-04
CZE,Czechia,BUDGET.GNI,Gross national income (European Commission definition),EUR million,2015,151342.1758,"European Commission, EU spending and revenue 2000-2024 workbook (published 25 Sep 2025)",2026-08-04
DNK,Denmark,BUDGET.GNI,Gross national income (European Commission definition),EUR million,2015,273002.1692,"European Commission, EU spending and revenue 2000-2024 workbook (published 25 Sep 2025)",2026-08-04
DEU,Germany,BUDGET.GNI,Gross national income (European Commission definition),EUR million,2015,3091500.0,"European Commission, EU spending and revenue 2000-2024 workbook (published 25 Sep 2025)",2026-08-04
EST,Estonia,BUDGET.GNI,Gross national income (European Commission definition),EUR million,2015,20034.5993,"European Commission, EU spending and revenue 2000-2024 workbook (published 25 Sep 2025)",2026-08-04
IRL,Ireland,BUDGET.GNI,Gross national income (European Commission definition),EUR million,2015,182267.03,"European Commission, EU spending and revenue 2000-2024 workbook (published 25 Sep 2025)",2026-08-04
GRC,Greece,BUDGET.GNI,Gross national income (European Commission definition),EUR million,2015,176522.67,"European Commission, EU spending and revenue 2000-2024 workbook (published 25 Sep 2025)",2026-08-04
ESP,Spain,BUDGET.GNI,Gross national income (European Commission definition),EUR million,2015,1080330.0,"European Commission, EU spending and revenue 2000-2024 workbook (published 25 Sep 2025)",2026-08-04
FRA,France,BUDGET.GNI,Gross national income (European Commission definition),EUR million,2015,2226210.9058,"European Commission, EU spending and revenue 2000-2024 workbook (published 25 Sep 2025)",2026-08-04
HRV,Croatia,BUDGET.GNI,Gross national income (European Commission definition),EUR million,2015,43596.4573,"European Commission, EU spending and revenue 2000-2024 workbook (published 25 Sep 2025)",2026-08-04
ITA,Italy,BUDGET.GNI,Gross national income (European Commission definition),EUR million,2015,1634366.3,"European Commission, EU spending and revenue 2000-2024 workbook (published 25 Sep 2025)",2026-08-04
CYP,Cyprus,BUDGET.GNI,Gross national income (European Commission definition),EUR million,2015,17473.322,"European Commission, EU spending and revenue 2000-2024 workbook (published 25 Sep 2025)",2026-08-04
LVA,Latvia,BUDGET.GNI,Gross national income (European Commission definition),EUR million,2015,24308.059,"European Commission, EU spending and revenue 2000-2024 workbook (published 25 Sep 2025)",2026-08-04
LTU,Lithuania,BUDGET.GNI,Gross national income (European Commission definition),EUR million,2015,35750.73,"European Commission, EU spending and revenue 2000-2024 workbook (published 25 Sep 2025)",2026-08-04
LUX,Luxembourg,BUDGET.GNI,Gross national income (European Commission definition),EUR million,2015,34327.6354,"European Commission, EU spending and revenue 2000-2024 workbook (published 25 Sep 2025)",2026-08-04
HUN,Hungary,BUDGET.GNI,Gross national income (European Commission definition),EUR million,2015,105740.8553,"European Commission, EU spending and revenue 2000-2024 workbook (published 25 Sep 2025)",2026-08-04
MLT,Malta,BUDGET.GNI,Gross national income (European Commission definition),EUR million,2015,8567.479,"European Commission, EU spending and revenue 2000-2024 workbook (published 25 Sep 2025)",2026-08-04
NLD,Netherlands,BUDGET.GNI,Gross national income (European Commission definition),EUR million,2015,678284.0,"European Commission, EU spending and revenue 2000-2024 workbook (published 25 Sep 2025)",2026-08-04
AUT,Austria,BUDGET.GNI,Gross national income (European Commission definition),EUR million,2015,335224.3091,"European Commission, EU spending and revenue 2000-2024 workbook (published 25 Sep 2025)",2026-08-04
POL,Poland,BUDGET.GNI,Gross national income (European Commission definition),EUR million,2015,411402.4996,"European Commission, EU spending and revenue 2000-2024 workbook (published 25 Sep 2025)",2026-08-04
PRT,Portugal,BUDGET.GNI,Gross national income (European Commission definition),EUR million,2015,175546.07,"European Commission, EU spending and revenue 2000-2024 workbook (published 25 Sep 2025)",2026-08-04
ROU,Romania,BUDGET.GNI,Gross national income (European Commission definition),EUR million,2015,157510.2631,"European Commission, EU spending and revenue 2000-2024 workbook (published 25 Sep 2025)",2026-08-04
SVN,Slovenia,BUDGET.GNI,Gross national income (European Commission definition),EUR million,2015,38233.2,"European Commission, EU spending and revenue 2000-2024 workbook (published 25 Sep 2025)",2026-08-04
SVK,Slovakia,BUDGET.GNI,Gross national income (European Commission definition),EUR million,2015,76102.0851,"European Commission, EU spending and revenue 2000-2024 workbook (published 25 Sep 2025)",2026-08-04
FIN,Finland,BUDGET.GNI,Gross national income (European Commission definition),EUR million,2015,209410.0,"European Commission, EU spending and revenue 2000-2024 workbook (published 25 Sep 2025)",2026-08-04
SWE,Sweden,BUDGET.GNI,Gross national income (European Commission definition),EUR million,2015,454557.84,"European Commission, EU spending and revenue 2000-2024 workbook (published 25 Sep 2025)",2026-08-04
GBR,United Kingdom,BUDGET.GNI,Gross national income (European Commission definition),EUR million,2015,2521046.8153,"European Commission, EU spending and revenue 2000-2024 workbook (published 25 Sep 2025)",2026-08-04
BEL,Belgium,BUDGET.ADMIN,EU administrative expenditure allocated to the member state,EUR million,2015,4521.6068,"European Commission, EU spending and revenue 2000-2024 workbook (published 25 Sep 2025)",2026-08-04
BGR,Bulgaria,BUDGET.ADMIN,EU administrative expenditure allocated to the member state,EUR million,2015,11.548,"European Commission, EU spending and revenue 2000-2024 workbook (published 25 Sep 2025)",2026-08-04
CZE,Czechia,BUDGET.ADMIN,EU administrative expenditure allocated to the member state,EUR million,2015,15.1369,"European Commission, EU spending and revenue 2000-2024 workbook (published 25 Sep 2025)",2026-08-04
DNK,Denmark,BUDGET.ADMIN,EU administrative expenditure allocated to the member state,EUR million,2015,53.5169,"European Commission, EU spending and revenue 2000-2024 workbook (published 25 Sep 2025)",2026-08-04
DEU,Germany,BUDGET.ADMIN,EU administrative expenditure allocated to the member state,EUR million,2015,206.9282,"European Commission, EU spending and revenue 2000-2024 workbook (published 25 Sep 2025)",2026-08-04
EST,Estonia,BUDGET.ADMIN,EU administrative expenditure allocated to the member state,EUR million,2015,8.6325,"European Commission, EU spending and revenue 2000-2024 workbook (published 25 Sep 2025)",2026-08-04
IRL,Ireland,BUDGET.ADMIN,EU administrative expenditure allocated to the member state,EUR million,2015,47.6757,"European Commission, EU spending and revenue 2000-2024 workbook (published 25 Sep 2025)",2026-08-04
GRC,Greece,BUDGET.ADMIN,EU administrative expenditure allocated to the member state,EUR million,2015,28.9196,"European Commission, EU spending and revenue 2000-2024 workbook (published 25 Sep 2025)",2026-08-04
ESP,Spain,BUDGET.ADMIN,EU administrative expenditure allocated to the member state,EUR million,2015,96.1548,"European Commission, EU spending and revenue 2000-2024 workbook (published 25 Sep 2025)",2026-08-04
FRA,France,BUDGET.ADMIN,EU administrative expenditure allocated to the member state,EUR million,2015,328.7872,"European Commission, EU spending and revenue 2000-2024 workbook (published 25 Sep 2025)",2026-08-04
HRV,Croatia,BUDGET.ADMIN,EU administrative expenditure allocated to the member state,EUR million,2015,8.8534,"European Commission, EU spending and revenue 2000-2024 workbook (published 25 Sep 2025)",2026-08-04
ITA,Italy,BUDGET.ADMIN,EU administrative expenditure allocated to the member state,EUR million,2015,259.3006,"European Commission, EU spending and revenue 2000-2024 workbook (published 25 Sep 2025)",2026-08-04
CYP,Cyprus,BUDGET.ADMIN,EU administrative expenditure allocated to the member state,EUR million,2015,7.4993,"European Commission, EU spending and revenue 2000-2024 workbook (published 25 Sep 2025)",2026-08-04
LVA,Latvia,BUDGET.ADMIN,EU administrative expenditure allocated to the member state,EUR million,2015,9.3353,"European Commission, EU spending and revenue 2000-2024 workbook (published 25 Sep 2025)",2026-08-04
LTU,Lithuania,BUDGET.ADMIN,EU administrative expenditure allocated to the member state,EUR million,2015,10.2568,"European Commission, EU spending and revenue 2000-2024 workbook (published 25 Sep 2025)",2026-08-04
LUX,Luxembourg,BUDGET.ADMIN,EU administrative expenditure allocated to the member state,EUR million,2015,1381.1288,"European Commission, EU spending and revenue 2000-2024 workbook (published 25 Sep 2025)",2026-08-04
HUN,Hungary,BUDGET.ADMIN,EU administrative expenditure allocated to the member state,EUR million,2015,14.4506,"European Commission, EU spending and revenue 2000-2024 workbook (published 25 Sep 2025)",2026-08-04
MLT,Malta,BUDGET.ADMIN,EU administrative expenditure allocated to the member state,EUR million,2015,7.0374,"European Commission, EU spending and revenue 2000-2024 workbook (published 25 Sep 2025)",2026-08-04
NLD,Netherlands,BUDGET.ADMIN,EU administrative expenditure allocated to the member state,EUR million,2015,98.4057,"European Commission, EU spending and revenue 2000-2024 workbook (published 25 Sep 2025)",2026-08-04
AUT,Austria,BUDGET.ADMIN,EU administrative expenditure allocated to the member state,EUR million,2015,22.8814,"European Commission, EU spending and revenue 2000-2024 workbook (published 25 Sep 2025)",2026-08-04
POL,Poland,BUDGET.ADMIN,EU administrative expenditure allocated to the member state,EUR million,2015,29.5812,"European Commission, EU spending and revenue 2000-2024 workbook (published 25 Sep 2025)",2026-08-04
PRT,Portugal,BUDGET.ADMIN,EU administrative expenditure allocated to the member state,EUR million,2015,33.2294,"European Commission, EU spending and revenue 2000-2024 workbook (published 25 Sep 2025)",2026-08-04
ROU,Romania,BUDGET.ADMIN,EU administrative expenditure allocated to the member state,EUR million,2015,19.0892,"European Commission, EU spending and revenue 2000-2024 workbook (published 25 Sep 2025)",2026-08-04
SVN,Slovenia,BUDGET.ADMIN,EU administrative expenditure allocated to the member state,EUR million,2015,8.7375,"European Commission, EU spending and revenue 2000-2024 workbook (published 25 Sep 2025)",2026-08-04
SVK,Slovakia,BUDGET.ADMIN,EU administrative expenditure allocated to the member state,EUR million,2015,10.9274,"European Commission, EU spending and revenue 2000-2024 workbook (published 25 Sep 2025)",2026-08-04
FIN,Finland,BUDGET.ADMIN,EU administrative expenditure allocated to the member state,EUR million,2015,30.1863,"European Commission, EU spending and revenue 2000-2024 workbook (published 25 Sep 2025)",2026-08-04
SWE,Sweden,BUDGET.ADMIN,EU administrative expenditure allocated to the member state,EUR million,2015,34.5729,"European Commission, EU spending and revenue 2000-2024 workbook (published 25 Sep 2025)",2026-08-04
GBR,United Kingdom,BUDGET.ADMIN,EU administrative expenditure allocated to the member state,EUR million,2015,147.3742,"European Commission, EU spending and revenue 2000-2024 workbook (published 25 Sep 2025)",2026-08-04
BEL,Belgium,BUDGET.CUSTOMS,Customs duties collected for the EU budget (traditional own resources),EUR million,2015,2365.1064,"European Commission, EU spending and revenue 2000-2024 workbook (published 25 Sep 2025)",2026-08-04
BGR,Bulgaria,BUDGET.CUSTOMS,Customs duties collected for the EU budget (traditional own resources),EUR million,2015,79.3926,"European Commission, EU spending and revenue 2000-2024 workbook (published 25 Sep 2025)",2026-08-04
CZE,Czechia,BUDGET.CUSTOMS,Customs duties collected for the EU budget (traditional own resources),EUR million,2015,299.6238,"European Commission, EU spending and revenue 2000-2024 workbook (published 25 Sep 2025)",2026-08-04
DNK,Denmark,BUDGET.CUSTOMS,Customs duties collected for the EU budget (traditional own resources),EUR million,2015,437.4714,"European Commission, EU spending and revenue 2000-2024 workbook (published 25 Sep 2025)",2026-08-04
DEU,Germany,BUDGET.CUSTOMS,Customs duties collected for the EU budget (traditional own resources),EUR million,2015,5096.4886,"European Commission, EU spending and revenue 2000-2024 workbook (published 25 Sep 2025)",2026-08-04
EST,Estonia,BUDGET.CUSTOMS,Customs duties collected for the EU budget (traditional own resources),EUR million,2015,33.7308,"European Commission, EU spending and revenue 2000-2024 workbook (published 25 Sep 2025)",2026-08-04
IRL,Ireland,BUDGET.CUSTOMS,Customs duties collected for the EU budget (traditional own resources),EUR million,2015,374.5672,"European Commission, EU spending and revenue 2000-2024 workbook (published 25 Sep 2025)",2026-08-04
GRC,Greece,BUDGET.CUSTOMS,Customs duties collected for the EU budget (traditional own resources),EUR million,2015,181.4718,"European Commission, EU spending and revenue 2000-2024 workbook (published 25 Sep 2025)",2026-08-04
ESP,Spain,BUDGET.CUSTOMS,Customs duties collected for the EU budget (traditional own resources),EUR million,2015,1751.9212,"European Commission, EU spending and revenue 2000-2024 workbook (published 25 Sep 2025)",2026-08-04
FRA,France,BUDGET.CUSTOMS,Customs duties collected for the EU budget (traditional own resources),EUR million,2015,2093.8786,"European Commission, EU spending and revenue 2000-2024 workbook (published 25 Sep 2025)",2026-08-04
HRV,Croatia,BUDGET.CUSTOMS,Customs duties collected for the EU budget (traditional own resources),EUR million,2015,52.0611,"European Commission, EU spending and revenue 2000-2024 workbook (published 25 Sep 2025)",2026-08-04
ITA,Italy,BUDGET.CUSTOMS,Customs duties collected for the EU budget (traditional own resources),EUR million,2015,2247.6649,"European Commission, EU spending and revenue 2000-2024 workbook (published 25 Sep 2025)",2026-08-04
CYP,Cyprus,BUDGET.CUSTOMS,Customs duties collected for the EU budget (traditional own resources),EUR million,2015,24.4579,"European Commission, EU spending and revenue 2000-2024 workbook (published 25 Sep 2025)",2026-08-04
LVA,Latvia,BUDGET.CUSTOMS,Customs duties collected for the EU budget (traditional own resources),EUR million,2015,39.6176,"European Commission, EU spending and revenue 2000-2024 workbook (published 25 Sep 2025)",2026-08-04
LTU,Lithuania,BUDGET.CUSTOMS,Customs duties collected for the EU budget (traditional own resources),EUR million,2015,97.6765,"European Commission, EU spending and revenue 2000-2024 workbook (published 25 Sep 2025)",2026-08-04
LUX,Luxembourg,BUDGET.CUSTOMS,Customs duties collected for the EU budget (traditional own resources),EUR million,2015,21.9758,"European Commission, EU spending and revenue 2000-2024 workbook (published 25 Sep 2025)",2026-08-04
HUN,Hungary,BUDGET.CUSTOMS,Customs duties collected for the EU budget (traditional own resources),EUR million,2015,168.4952,"European Commission, EU spending and revenue 2000-2024 workbook (published 25 Sep 2025)",2026-08-04
MLT,Malta,BUDGET.CUSTOMS,Customs duties collected for the EU budget (traditional own resources),EUR million,2015,15.7416,"European Commission, EU spending and revenue 2000-2024 workbook (published 25 Sep 2025)",2026-08-04
NLD,Netherlands,BUDGET.CUSTOMS,Customs duties collected for the EU budget (traditional own resources),EUR million,2015,2910.0422,"European Commission, EU spending and revenue 2000-2024 workbook (published 25 Sep 2025)",2026-08-04
AUT,Austria,BUDGET.CUSTOMS,Customs duties collected for the EU budget (traditional own resources),EUR million,2015,259.6696,"European Commission, EU spending and revenue 2000-2024 workbook (published 25 Sep 2025)",2026-08-04
POL,Poland,BUDGET.CUSTOMS,Customs duties collected for the EU budget (traditional own resources),EUR million,2015,678.2956,"European Commission, EU spending and revenue 2000-2024 workbook (published 25 Sep 2025)",2026-08-04
PRT,Portugal,BUDGET.CUSTOMS,Customs duties collected for the EU budget (traditional own resources),EUR million,2015,156.9261,"European Commission, EU spending and revenue 2000-2024 workbook (published 25 Sep 2025)",2026-08-04
ROU,Romania,BUDGET.CUSTOMS,Customs duties collected for the EU budget (traditional own resources),EUR million,2015,168.5561,"European Commission, EU spending and revenue 2000-2024 workbook (published 25 Sep 2025)",2026-08-04
SVN,Slovenia,BUDGET.CUSTOMS,Customs duties collected for the EU budget (traditional own resources),EUR million,2015,83.5813,"European Commission, EU spending and revenue 2000-2024 workbook (published 25 Sep 2025)",2026-08-04
SVK,Slovakia,BUDGET.CUSTOMS,Customs duties collected for the EU budget (traditional own resources),EUR million,2015,117.1863,"European Commission, EU spending and revenue 2000-2024 workbook (published 25 Sep 2025)",2026-08-04
FIN,Finland,BUDGET.CUSTOMS,Customs duties collected for the EU budget (traditional own resources),EUR million,2015,166.0366,"European Commission, EU spending and revenue 2000-2024 workbook (published 25 Sep 2025)",2026-08-04
SWE,Sweden,BUDGET.CUSTOMS,Customs duties collected for the EU budget (traditional own resources),EUR million,2015,672.0624,"European Commission, EU spending and revenue 2000-2024 workbook (published 25 Sep 2025)",2026-08-04
GBR,United Kingdom,BUDGET.CUSTOMS,Customs duties collected for the EU budget (traditional own resources),EUR million,2015,4256.389,"European Commission, EU spending and revenue 2000-2024 workbook (published 25 Sep 2025)",2026-08-04
BEL,Belgium,BUDGET.EXPEND,EU expenditure allocated to the member state,EUR million,2016,7333.0534,"European Commission, EU spending and revenue 2000-2024 workbook (published 25 Sep 2025)",2026-08-04
BGR,Bulgaria,BUDGET.EXPEND,EU expenditure allocated to the member state,EUR million,2016,2345.4089,"European Commission, EU spending and revenue 2000-2024 workbook (published 25 Sep 2025)",2026-08-04
CZE,Czechia,BUDGET.EXPEND,EU expenditure allocated to the member state,EUR million,2016,4690.0336,"European Commission, EU spending and revenue 2000-2024 workbook (published 25 Sep 2025)",2026-08-04
DNK,Denmark,BUDGET.EXPEND,EU expenditure allocated to the member state,EUR million,2016,1431.2451,"European Commission, EU spending and revenue 2000-2024 workbook (published 25 Sep 2025)",2026-08-04
DEU,Germany,BUDGET.EXPEND,EU expenditure allocated to the member state,EUR million,2016,10082.2536,"European Commission, EU spending and revenue 2000-2024 workbook (published 25 Sep 2025)",2026-08-04
EST,Estonia,BUDGET.EXPEND,EU expenditure allocated to the member state,EUR million,2016,673.7108,"European Commission, EU spending and revenue 2000-2024 workbook (published 25 Sep 2025)",2026-08-04
IRL,Ireland,BUDGET.EXPEND,EU expenditure allocated to the member state,EUR million,2016,2037.6879,"European Commission, EU spending and revenue 2000-2024 workbook (published 25 Sep 2025)",2026-08-04
GRC,Greece,BUDGET.EXPEND,EU expenditure allocated to the member state,EUR million,2016,5849.9004,"European Commission, EU spending and revenue 2000-2024 workbook (published 25 Sep 2025)",2026-08-04
ESP,Spain,BUDGET.EXPEND,EU expenditure allocated to the member state,EUR million,2016,11592.8996,"European Commission, EU spending and revenue 2000-2024 workbook (published 25 Sep 2025)",2026-08-04
FRA,France,BUDGET.EXPEND,EU expenditure allocated to the member state,EUR million,2016,11274.9874,"European Commission, EU spending and revenue 2000-2024 workbook (published 25 Sep 2025)",2026-08-04
HRV,Croatia,BUDGET.EXPEND,EU expenditure allocated to the member state,EUR million,2016,921.3661,"European Commission, EU spending and revenue 2000-2024 workbook (published 25 Sep 2025)",2026-08-04
ITA,Italy,BUDGET.EXPEND,EU expenditure allocated to the member state,EUR million,2016,11592.0573,"European Commission, EU spending and revenue 2000-2024 workbook (published 25 Sep 2025)",2026-08-04
CYP,Cyprus,BUDGET.EXPEND,EU expenditure allocated to the member state,EUR million,2016,185.0804,"European Commission, EU spending and revenue 2000-2024 workbook (published 25 Sep 2025)",2026-08-04
LVA,Latvia,BUDGET.EXPEND,EU expenditure allocated to the member state,EUR million,2016,734.1046,"European Commission, EU spending and revenue 2000-2024 workbook (published 25 Sep 2025)",2026-08-04
LTU,Lithuania,BUDGET.EXPEND,EU expenditure allocated to the member state,EUR million,2016,1477.4061,"European Commission, EU spending and revenue 2000-2024 workbook (published 25 Sep 2025)",2026-08-04
LUX,Luxembourg,BUDGET.EXPEND,EU expenditure allocated to the member state,EUR million,2016,1787.6501,"European Commission, EU spending and revenue 2000-2024 workbook (published 25 Sep 2025)",2026-08-04
HUN,Hungary,BUDGET.EXPEND,EU expenditure allocated to the member state,EUR million,2016,4546.1075,"European Commission, EU spending and revenue 2000-2024 workbook (published 25 Sep 2025)",2026-08-04
MLT,Malta,BUDGET.EXPEND,EU expenditure allocated to the member state,EUR million,2016,207.5397,"European Commission, EU spending and revenue 2000-2024 workbook (published 25 Sep 2025)",2026-08-04
NLD,Netherlands,BUDGET.EXPEND,EU expenditure allocated to the member state,EUR million,2016,2289.0055,"European Commission, EU spending and revenue 2000-2024 workbook (published 25 Sep 2025)",2026-08-04
AUT,Austria,BUDGET.EXPEND,EU expenditure allocated to the member state,EUR million,2016,1939.9447,"European Commission, EU spending and revenue 2000-2024 workbook (published 25 Sep 2025)",2026-08-04
POL,Poland,BUDGET.EXPEND,EU expenditure allocated to the member state,EUR million,2016,10637.812,"European Commission, EU spending and revenue 2000-2024 workbook (published 25 Sep 2025)",2026-08-04
PRT,Portugal,BUDGET.EXPEND,EU expenditure allocated to the member state,EUR million,2016,3384.3513,"European Commission, EU spending and revenue 2000-2024 workbook (published 25 Sep 2025)",2026-08-04
ROU,Romania,BUDGET.EXPEND,EU expenditure allocated to the member state,EUR million,2016,7359.9054,"European Commission, EU spending and revenue 2000-2024 workbook (published 25 Sep 2025)",2026-08-04
SVN,Slovenia,BUDGET.EXPEND,EU expenditure allocated to the member state,EUR million,2016,544.8842,"European Commission, EU spending and revenue 2000-2024 workbook (published 25 Sep 2025)",2026-08-04
SVK,Slovakia,BUDGET.EXPEND,EU expenditure allocated to the member state,EUR million,2016,2662.7557,"European Commission, EU spending and revenue 2000-2024 workbook (published 25 Sep 2025)",2026-08-04
FIN,Finland,BUDGET.EXPEND,EU expenditure allocated to the member state,EUR million,2016,1530.7612,"European Commission, EU spending and revenue 2000-2024 workbook (published 25 Sep 2025)",2026-08-04
SWE,Sweden,BUDGET.EXPEND,EU expenditure allocated to the member state,EUR million,2016,1711.9426,"European Commission, EU spending and revenue 2000-2024 workbook (published 25 Sep 2025)",2026-08-04
GBR,United Kingdom,BUDGET.EXPEND,EU expenditure allocated to the member state,EUR million,2016,7051.553,"European Commission, EU spending and revenue 2000-2024 workbook (published 25 Sep 2025)",2026-08-04
BEL,Belgium,BUDGET.CONTRIB,National contributions to the EU budget (excludes customs duties),EUR million,2016,3991.1306,"European Commission, EU spending and revenue 2000-2024 workbook (published 25 Sep 2025)",2026-08-04
BGR,Bulgaria,BUDGET.CONTRIB,National contributions to the EU budget (excludes customs duties),EUR million,2016,394.814,"European Commission, EU spending and revenue 2000-2024 workbook (published 25 Sep 2025)",2026-08-04
CZE,Czechia,BUDGET.CONTRIB,National contributions to the EU budget (excludes customs duties),EUR million,2016,1482.1757,"European Commission, EU spending and revenue 2000-2024 workbook (published 25 Sep 2025)",2026-08-04
DNK,Denmark,BUDGET.CONTRIB,National contributions to the EU budget (excludes customs duties),EUR million,2016,2054.9795,"European Commission, EU spending and revenue 2000-2024 workbook (published 25 Sep 2025)",2026-08-04
DEU,Germany,BUDGET.CONTRIB,National contributions to the EU budget (excludes customs duties),EUR million,2016,21276.9336,"European Commission, EU spending and revenue 2000-2024 workbook (published 25 Sep 2025)",2026-08-04
EST,Estonia,BUDGET.CONTRIB,National contributions to the EU budget (excludes customs duties),EUR million,2016,190.3648,"European Commission, EU spending and revenue 2000-2024 workbook (published 25 Sep 2025)",2026-08-04
IRL,Ireland,BUDGET.CONTRIB,National contributions to the EU budget (excludes customs duties),EUR million,2016,1845.2891,"European Commission, EU spending and revenue 2000-2024 workbook (published 25 Sep 2025)",2026-08-04
GRC,Greece,BUDGET.CONTRIB,National contributions to the EU budget (excludes customs duties),EUR million,2016,1570.1559,"European Commission, EU spending and revenue 2000-2024 workbook (published 25 Sep 2025)",2026-08-04
ESP,Spain,BUDGET.CONTRIB,National contributions to the EU budget (excludes customs duties),EUR million,2016,10008.2042,"European Commission, EU spending and revenue 2000-2024 workbook (published 25 Sep 2025)",2026-08-04
FRA,France,BUDGET.CONTRIB,National contributions to the EU budget (excludes customs duties),EUR million,2016,20540.0061,"European Commission, EU spending and revenue 2000-2024 workbook (published 25 Sep 2025)",2026-08-04
HRV,Croatia,BUDGET.CONTRIB,National contributions to the EU budget (excludes customs duties),EUR million,2016,404.0283,"European Commission, EU spending and revenue 2000-2024 workbook (published 25 Sep 2025)",2026-08-04
ITA,Italy,BUDGET.CONTRIB,National contributions to the EU budget (excludes customs duties),EUR million,2016,14827.2637,"European Commission, EU spending and revenue 2000-2024 workbook (published 25 Sep 2025)",2026-08-04
CYP,Cyprus,BUDGET.CONTRIB,National contributions to the EU budget (excludes customs duties),EUR million,2016,161.7795,"European Commission, EU spending and revenue 2000-2024 workbook (published 25 Sep 2025)",2026-08-04
LVA,Latvia,BUDGET.CONTRIB,National contributions to the EU budget (excludes customs duties),EUR million,2016,224.9069,"European Commission, EU spending and revenue 2000-2024 workbook (published 25 Sep 2025)",2026-08-04
LTU,Lithuania,BUDGET.CONTRIB,National contributions to the EU budget (excludes customs duties),EUR million,2016,331.2685,"European Commission, EU spending and revenue 2000-2024 workbook (published 25 Sep 2025)",2026-08-04
LUX,Luxembourg,BUDGET.CONTRIB,National contributions to the EU budget (excludes customs duties),EUR million,2016,315.9782,"European Commission, EU spending and revenue 2000-2024 workbook (published 25 Sep 2025)",2026-08-04
HUN,Hungary,BUDGET.CONTRIB,National contributions to the EU budget (excludes customs duties),EUR million,2016,969.3928,"European Commission, EU spending and revenue 2000-2024 workbook (published 25 Sep 2025)",2026-08-04
MLT,Malta,BUDGET.CONTRIB,National contributions to the EU budget (excludes customs duties),EUR million,2016,83.093,"European Commission, EU spending and revenue 2000-2024 workbook (published 25 Sep 2025)",2026-08-04
NLD,Netherlands,BUDGET.CONTRIB,National contributions to the EU budget (excludes customs duties),EUR million,2016,2544.5722,"European Commission, EU spending and revenue 2000-2024 workbook (published 25 Sep 2025)",2026-08-04
AUT,Austria,BUDGET.CONTRIB,National contributions to the EU budget (excludes customs duties),EUR million,2016,2942.8227,"European Commission, EU spending and revenue 2000-2024 workbook (published 25 Sep 2025)",2026-08-04
POL,Poland,BUDGET.CONTRIB,National contributions to the EU budget (excludes customs duties),EUR million,2016,3709.064,"European Commission, EU spending and revenue 2000-2024 workbook (published 25 Sep 2025)",2026-08-04
PRT,Portugal,BUDGET.CONTRIB,National contributions to the EU budget (excludes customs duties),EUR million,2016,1664.4885,"European Commission, EU spending and revenue 2000-2024 workbook (published 25 Sep 2025)",2026-08-04
ROU,Romania,BUDGET.CONTRIB,National contributions to the EU budget (excludes customs duties),EUR million,2016,1407.008,"European Commission, EU spending and revenue 2000-2024 workbook (published 25 Sep 2025)",2026-08-04
SVN,Slovenia,BUDGET.CONTRIB,National contributions to the EU budget (excludes customs duties),EUR million,2016,361.6443,"European Commission, EU spending and revenue 2000-2024 workbook (published 25 Sep 2025)",2026-08-04
SVK,Slovakia,BUDGET.CONTRIB,National contributions to the EU budget (excludes customs duties),EUR million,2016,679.6888,"European Commission, EU spending and revenue 2000-2024 workbook (published 25 Sep 2025)",2026-08-04
FIN,Finland,BUDGET.CONTRIB,National contributions to the EU budget (excludes customs duties),EUR million,2016,1961.5149,"European Commission, EU spending and revenue 2000-2024 workbook (published 25 Sep 2025)",2026-08-04
SWE,Sweden,BUDGET.CONTRIB,National contributions to the EU budget (excludes customs duties),EUR million,2016,2677.0998,"European Commission, EU spending and revenue 2000-2024 workbook (published 25 Sep 2025)",2026-08-04
GBR,United Kingdom,BUDGET.CONTRIB,National contributions to the EU budget (excludes customs duties),EUR million,2016,13460.4931,"European Commission, EU spending and revenue 2000-2024 workbook (published 25 Sep 2025)",2026-08-04
BEL,Belgium,BUDGET.GNI,Gross national income (European Commission definition),EUR million,2016,421269.7956,"European Commission, EU spending and revenue 2000-2024 workbook (published 25 Sep 2025)",2026-08-04
BGR,Bulgaria,BUDGET.GNI,Gross national income (European Commission definition),EUR million,2016,46946.0753,"European Commission, EU spending and revenue 2000-2024 workbook (published 25 Sep 2025)",2026-08-04
CZE,Czechia,BUDGET.GNI,Gross national income (European Commission definition),EUR million,2016,164074.2309,"European Commission, EU spending and revenue 2000-2024 workbook (published 25 Sep 2025)",2026-08-04
DNK,Denmark,BUDGET.GNI,Gross national income (European Commission definition),EUR million,2016,284279.9667,"European Commission, EU spending and revenue 2000-2024 workbook (published 25 Sep 2025)",2026-08-04
DEU,Germany,BUDGET.GNI,Gross national income (European Commission definition),EUR million,2016,3197313.0,"European Commission, EU spending and revenue 2000-2024 workbook (published 25 Sep 2025)",2026-08-04
EST,Estonia,BUDGET.GNI,Gross national income (European Commission definition),EUR million,2016,20500.117,"European Commission, EU spending and revenue 2000-2024 workbook (published 25 Sep 2025)",2026-08-04
IRL,Ireland,BUDGET.GNI,Gross national income (European Commission definition),EUR million,2016,219420.78,"European Commission, EU spending and revenue 2000-2024 workbook (published 25 Sep 2025)",2026-08-04
GRC,Greece,BUDGET.GNI,Gross national income (European Commission definition),EUR million,2016,176187.86,"European Commission, EU spending and revenue 2000-2024 workbook (published 25 Sep 2025)",2026-08-04
ESP,Spain,BUDGET.GNI,Gross national income (European Commission definition),EUR million,2016,1114601.0,"European Commission, EU spending and revenue 2000-2024 workbook (published 25 Sep 2025)",2026-08-04
FRA,France,BUDGET.GNI,Gross national income (European Commission definition),EUR million,2016,2261420.2139,"European Commission, EU spending and revenue 2000-2024 workbook (published 25 Sep 2025)",2026-08-04
HRV,Croatia,BUDGET.GNI,Gross national income (European Commission definition),EUR million,2016,43988.0336,"European Commission, EU spending and revenue 2000-2024 workbook (published 25 Sep 2025)",2026-08-04
ITA,Italy,BUDGET.GNI,Gross national income (European Commission definition),EUR million,2016,1675309.7,"European Commission, EU spending and revenue 2000-2024 workbook (published 25 Sep 2025)",2026-08-04
CYP,Cyprus,BUDGET.GNI,Gross national income (European Commission definition),EUR million,2016,17418.8,"European Commission, EU spending and revenue 2000-2024 workbook (published 25 Sep 2025)",2026-08-04
LVA,Latvia,BUDGET.GNI,Gross national income (European Commission definition),EUR million,2016,25102.114,"European Commission, EU spending and revenue 2000-2024 workbook (published 25 Sep 2025)",2026-08-04
LTU,Lithuania,BUDGET.GNI,Gross national income (European Commission definition),EUR million,2016,37012.87,"European Commission, EU spending and revenue 2000-2024 workbook (published 25 Sep 2025)",2026-08-04
LUX,Luxembourg,BUDGET.GNI,Gross national income (European Commission definition),EUR million,2016,35184.1434,"European Commission, EU spending and revenue 2000-2024 workbook (published 25 Sep 2025)",2026-08-04
HUN,Hungary,BUDGET.GNI,Gross national income (European Commission definition),EUR million,2016,108611.6771,"European Commission, EU spending and revenue 2000-2024 workbook (published 25 Sep 2025)",2026-08-04
MLT,Malta,BUDGET.GNI,Gross national income (European Commission definition),EUR million,2016,9329.822,"European Commission, EU spending and revenue 2000-2024 workbook (published 25 Sep 2025)",2026-08-04
NLD,Netherlands,BUDGET.GNI,Gross national income (European Commission definition),EUR million,2016,687301.0,"European Commission, EU spending and revenue 2000-2024 workbook (published 25 Sep 2025)",2026-08-04
AUT,Austria,BUDGET.GNI,Gross national income (European Commission definition),EUR million,2016,347563.7591,"European Commission, EU spending and revenue 2000-2024 workbook (published 25 Sep 2025)",2026-08-04
POL,Poland,BUDGET.GNI,Gross national income (European Commission definition),EUR million,2016,408179.3857,"European Commission, EU spending and revenue 2000-2024 workbook (published 25 Sep 2025)",2026-08-04
PRT,Portugal,BUDGET.GNI,Gross national income (European Commission definition),EUR million,2016,181105.6184,"European Commission, EU spending and revenue 2000-2024 workbook (published 25 Sep 2025)",2026-08-04
ROU,Romania,BUDGET.GNI,Gross national income (European Commission definition),EUR million,2016,164714.842,"European Commission, EU spending and revenue 2000-2024 workbook (published 25 Sep 2025)",2026-08-04
SVN,Slovenia,BUDGET.GNI,Gross national income (European Commission definition),EUR million,2016,39302.3,"European Commission, EU spending and revenue 2000-2024 workbook (published 25 Sep 2025)",2026-08-04
SVK,Slovakia,BUDGET.GNI,Gross national income (European Commission definition),EUR million,2016,79711.351,"European Commission, EU spending and revenue 2000-2024 workbook (published 25 Sep 2025)",2026-08-04
FIN,Finland,BUDGET.GNI,Gross national income (European Commission definition),EUR million,2016,216333.0,"European Commission, EU spending and revenue 2000-2024 workbook (published 25 Sep 2025)",2026-08-04
SWE,Sweden,BUDGET.GNI,Gross national income (European Commission definition),EUR million,2016,469820.4263,"European Commission, EU spending and revenue 2000-2024 workbook (published 25 Sep 2025)",2026-08-04
GBR,United Kingdom,BUDGET.GNI,Gross national income (European Commission definition),EUR million,2016,2338679.1759,"European Commission, EU spending and revenue 2000-2024 workbook (published 25 Sep 2025)",2026-08-04
BEL,Belgium,BUDGET.ADMIN,EU administrative expenditure allocated to the member state,EUR million,2016,4955.8136,"European Commission, EU spending and revenue 2000-2024 workbook (published 25 Sep 2025)",2026-08-04
BGR,Bulgaria,BUDGET.ADMIN,EU administrative expenditure allocated to the member state,EUR million,2016,12.0146,"European Commission, EU spending and revenue 2000-2024 workbook (published 25 Sep 2025)",2026-08-04
CZE,Czechia,BUDGET.ADMIN,EU administrative expenditure allocated to the member state,EUR million,2016,15.7982,"European Commission, EU spending and revenue 2000-2024 workbook (published 25 Sep 2025)",2026-08-04
DNK,Denmark,BUDGET.ADMIN,EU administrative expenditure allocated to the member state,EUR million,2016,56.392,"European Commission, EU spending and revenue 2000-2024 workbook (published 25 Sep 2025)",2026-08-04
DEU,Germany,BUDGET.ADMIN,EU administrative expenditure allocated to the member state,EUR million,2016,219.7161,"European Commission, EU spending and revenue 2000-2024 workbook (published 25 Sep 2025)",2026-08-04
EST,Estonia,BUDGET.ADMIN,EU administrative expenditure allocated to the member state,EUR million,2016,8.3253,"European Commission, EU spending and revenue 2000-2024 workbook (published 25 Sep 2025)",2026-08-04
IRL,Ireland,BUDGET.ADMIN,EU administrative expenditure allocated to the member state,EUR million,2016,47.9696,"European Commission, EU spending and revenue 2000-2024 workbook (published 25 Sep 2025)",2026-08-04
GRC,Greece,BUDGET.ADMIN,EU administrative expenditure allocated to the member state,EUR million,2016,24.9522,"European Commission, EU spending and revenue 2000-2024 workbook (published 25 Sep 2025)",2026-08-04
ESP,Spain,BUDGET.ADMIN,EU administrative expenditure allocated to the member state,EUR million,2016,107.1864,"European Commission, EU spending and revenue 2000-2024 workbook (published 25 Sep 2025)",2026-08-04
FRA,France,BUDGET.ADMIN,EU administrative expenditure allocated to the member state,EUR million,2016,362.8887,"European Commission, EU spending and revenue 2000-2024 workbook (published 25 Sep 2025)",2026-08-04
HRV,Croatia,BUDGET.ADMIN,EU administrative expenditure allocated to the member state,EUR million,2016,8.9382,"European Commission, EU spending and revenue 2000-2024 workbook (published 25 Sep 2025)",2026-08-04
ITA,Italy,BUDGET.ADMIN,EU administrative expenditure allocated to the member state,EUR million,2016,268.7205,"European Commission, EU spending and revenue 2000-2024 workbook (published 25 Sep 2025)",2026-08-04
CYP,Cyprus,BUDGET.ADMIN,EU administrative expenditure allocated to the member state,EUR million,2016,5.3219,"European Commission, EU spending and revenue 2000-2024 workbook (published 25 Sep 2025)",2026-08-04
LVA,Latvia,BUDGET.ADMIN,EU administrative expenditure allocated to the member state,EUR million,2016,9.3917,"European Commission, EU spending and revenue 2000-2024 workbook (published 25 Sep 2025)",2026-08-04
LTU,Lithuania,BUDGET.ADMIN,EU administrative expenditure allocated to the member state,EUR million,2016,9.9795,"European Commission, EU spending and revenue 2000-2024 workbook (published 25 Sep 2025)",2026-08-04
LUX,Luxembourg,BUDGET.ADMIN,EU administrative expenditure allocated to the member state,EUR million,2016,1470.542,"European Commission, EU spending and revenue 2000-2024 workbook (published 25 Sep 2025)",2026-08-04
HUN,Hungary,BUDGET.ADMIN,EU administrative expenditure allocated to the member state,EUR million,2016,15.2281,"European Commission, EU spending and revenue 2000-2024 workbook (published 25 Sep 2025)",2026-08-04
MLT,Malta,BUDGET.ADMIN,EU administrative expenditure allocated to the member state,EUR million,2016,7.3045,"European Commission, EU spending and revenue 2000-2024 workbook (published 25 Sep 2025)",2026-08-04
NLD,Netherlands,BUDGET.ADMIN,EU administrative expenditure allocated to the member state,EUR million,2016,104.1366,"European Commission, EU spending and revenue 2000-2024 workbook (published 25 Sep 2025)",2026-08-04
AUT,Austria,BUDGET.ADMIN,EU administrative expenditure allocated to the member state,EUR million,2016,23.9772,"European Commission, EU spending and revenue 2000-2024 workbook (published 25 Sep 2025)",2026-08-04
POL,Poland,BUDGET.ADMIN,EU administrative expenditure allocated to the member state,EUR million,2016,29.9364,"European Commission, EU spending and revenue 2000-2024 workbook (published 25 Sep 2025)",2026-08-04
PRT,Portugal,BUDGET.ADMIN,EU administrative expenditure allocated to the member state,EUR million,2016,35.8737,"European Commission, EU spending and revenue 2000-2024 workbook (published 25 Sep 2025)",2026-08-04
ROU,Romania,BUDGET.ADMIN,EU administrative expenditure allocated to the member state,EUR million,2016,19.4486,"European Commission, EU spending and revenue 2000-2024 workbook (published 25 Sep 2025)",2026-08-04
SVN,Slovenia,BUDGET.ADMIN,EU administrative expenditure allocated to the member state,EUR million,2016,10.1442,"European Commission, EU spending and revenue 2000-2024 workbook (published 25 Sep 2025)",2026-08-04
SVK,Slovakia,BUDGET.ADMIN,EU administrative expenditure allocated to the member state,EUR million,2016,10.6412,"European Commission, EU spending and revenue 2000-2024 workbook (published 25 Sep 2025)",2026-08-04
FIN,Finland,BUDGET.ADMIN,EU administrative expenditure allocated to the member state,EUR million,2016,32.8112,"European Commission, EU spending and revenue 2000-2024 workbook (published 25 Sep 2025)",2026-08-04
SWE,Sweden,BUDGET.ADMIN,EU administrative expenditure allocated to the member state,EUR million,2016,34.9259,"European Commission, EU spending and revenue 2000-2024 workbook (published 25 Sep 2025)",2026-08-04
GBR,United Kingdom,BUDGET.ADMIN,EU administrative expenditure allocated to the member state,EUR million,2016,133.0078,"European Commission, EU spending and revenue 2000-2024 workbook (published 25 Sep 2025)",2026-08-04
BEL,Belgium,BUDGET.CUSTOMS,Customs duties collected for the EU budget (traditional own resources),EUR million,2016,2581.4385,"European Commission, EU spending and revenue 2000-2024 workbook (published 25 Sep 2025)",2026-08-04
BGR,Bulgaria,BUDGET.CUSTOMS,Customs duties collected for the EU budget (traditional own resources),EUR million,2016,89.5087,"European Commission, EU spending and revenue 2000-2024 workbook (published 25 Sep 2025)",2026-08-04
CZE,Czechia,BUDGET.CUSTOMS,Customs duties collected for the EU budget (traditional own resources),EUR million,2016,310.2177,"European Commission, EU spending and revenue 2000-2024 workbook (published 25 Sep 2025)",2026-08-04
DNK,Denmark,BUDGET.CUSTOMS,Customs duties collected for the EU budget (traditional own resources),EUR million,2016,416.7381,"European Commission, EU spending and revenue 2000-2024 workbook (published 25 Sep 2025)",2026-08-04
DEU,Germany,BUDGET.CUSTOMS,Customs duties collected for the EU budget (traditional own resources),EUR million,2016,5157.96,"European Commission, EU spending and revenue 2000-2024 workbook (published 25 Sep 2025)",2026-08-04
EST,Estonia,BUDGET.CUSTOMS,Customs duties collected for the EU budget (traditional own resources),EUR million,2016,34.1436,"European Commission, EU spending and revenue 2000-2024 workbook (published 25 Sep 2025)",2026-08-04
IRL,Ireland,BUDGET.CUSTOMS,Customs duties collected for the EU budget (traditional own resources),EUR million,2016,356.3819,"European Commission, EU spending and revenue 2000-2024 workbook (published 25 Sep 2025)",2026-08-04
GRC,Greece,BUDGET.CUSTOMS,Customs duties collected for the EU budget (traditional own resources),EUR million,2016,196.4564,"European Commission, EU spending and revenue 2000-2024 workbook (published 25 Sep 2025)",2026-08-04
ESP,Spain,BUDGET.CUSTOMS,Customs duties collected for the EU budget (traditional own resources),EUR million,2016,1885.0064,"European Commission, EU spending and revenue 2000-2024 workbook (published 25 Sep 2025)",2026-08-04
FRA,France,BUDGET.CUSTOMS,Customs duties collected for the EU budget (traditional own resources),EUR million,2016,2012.5067,"European Commission, EU spending and revenue 2000-2024 workbook (published 25 Sep 2025)",2026-08-04
HRV,Croatia,BUDGET.CUSTOMS,Customs duties collected for the EU budget (traditional own resources),EUR million,2016,56.4639,"European Commission, EU spending and revenue 2000-2024 workbook (published 25 Sep 2025)",2026-08-04
ITA,Italy,BUDGET.CUSTOMS,Customs duties collected for the EU budget (traditional own resources),EUR million,2016,2231.258,"European Commission, EU spending and revenue 2000-2024 workbook (published 25 Sep 2025)",2026-08-04
CYP,Cyprus,BUDGET.CUSTOMS,Customs duties collected for the EU budget (traditional own resources),EUR million,2016,26.3576,"European Commission, EU spending and revenue 2000-2024 workbook (published 25 Sep 2025)",2026-08-04
LVA,Latvia,BUDGET.CUSTOMS,Customs duties collected for the EU budget (traditional own resources),EUR million,2016,43.3512,"European Commission, EU spending and revenue 2000-2024 workbook (published 25 Sep 2025)",2026-08-04
LTU,Lithuania,BUDGET.CUSTOMS,Customs duties collected for the EU budget (traditional own resources),EUR million,2016,96.059,"European Commission, EU spending and revenue 2000-2024 workbook (published 25 Sep 2025)",2026-08-04
LUX,Luxembourg,BUDGET.CUSTOMS,Customs duties collected for the EU budget (traditional own resources),EUR million,2016,24.4302,"European Commission, EU spending and revenue 2000-2024 workbook (published 25 Sep 2025)",2026-08-04
HUN,Hungary,BUDGET.CUSTOMS,Customs duties collected for the EU budget (traditional own resources),EUR million,2016,175.6578,"European Commission, EU spending and revenue 2000-2024 workbook (published 25 Sep 2025)",2026-08-04
MLT,Malta,BUDGET.CUSTOMS,Customs duties collected for the EU budget (traditional own resources),EUR million,2016,15.0677,"European Commission, EU spending and revenue 2000-2024 workbook (published 25 Sep 2025)",2026-08-04
NLD,Netherlands,BUDGET.CUSTOMS,Customs duties collected for the EU budget (traditional own resources),EUR million,2016,2959.4521,"European Commission, EU spending and revenue 2000-2024 workbook (published 25 Sep 2025)",2026-08-04
AUT,Austria,BUDGET.CUSTOMS,Customs duties collected for the EU budget (traditional own resources),EUR million,2016,264.1521,"European Commission, EU spending and revenue 2000-2024 workbook (published 25 Sep 2025)",2026-08-04
POL,Poland,BUDGET.CUSTOMS,Customs duties collected for the EU budget (traditional own resources),EUR million,2016,725.7961,"European Commission, EU spending and revenue 2000-2024 workbook (published 25 Sep 2025)",2026-08-04
PRT,Portugal,BUDGET.CUSTOMS,Customs duties collected for the EU budget (traditional own resources),EUR million,2016,172.9458,"European Commission, EU spending and revenue 2000-2024 workbook (published 25 Sep 2025)",2026-08-04
ROU,Romania,BUDGET.CUSTOMS,Customs duties collected for the EU budget (traditional own resources),EUR million,2016,202.9042,"European Commission, EU spending and revenue 2000-2024 workbook (published 25 Sep 2025)",2026-08-04
SVN,Slovenia,BUDGET.CUSTOMS,Customs duties collected for the EU budget (traditional own resources),EUR million,2016,82.2235,"European Commission, EU spending and revenue 2000-2024 workbook (published 25 Sep 2025)",2026-08-04
SVK,Slovakia,BUDGET.CUSTOMS,Customs duties collected for the EU budget (traditional own resources),EUR million,2016,122.481,"European Commission, EU spending and revenue 2000-2024 workbook (published 25 Sep 2025)",2026-08-04
FIN,Finland,BUDGET.CUSTOMS,Customs duties collected for the EU budget (traditional own resources),EUR million,2016,165.5301,"European Commission, EU spending and revenue 2000-2024 workbook (published 25 Sep 2025)",2026-08-04
SWE,Sweden,BUDGET.CUSTOMS,Customs duties collected for the EU budget (traditional own resources),EUR million,2016,638.6797,"European Commission, EU spending and revenue 2000-2024 workbook (published 25 Sep 2025)",2026-08-04
GBR,United Kingdom,BUDGET.CUSTOMS,Customs duties collected for the EU budget (traditional own resources),EUR million,2016,3941.85,"European Commission, EU spending and revenue 2000-2024 workbook (published 25 Sep 2025)",2026-08-04
BEL,Belgium,BUDGET.EXPEND,EU expenditure allocated to the member state,EUR million,2017,7357.858,"European Commission, EU spending and revenue 2000-2024 workbook (published 25 Sep 2025)",2026-08-04
BGR,Bulgaria,BUDGET.EXPEND,EU expenditure allocated to the member state,EUR million,2017,1895.6569,"European Commission, EU spending and revenue 2000-2024 workbook (published 25 Sep 2025)",2026-08-04
CZE,Czechia,BUDGET.EXPEND,EU expenditure allocated to the member state,EUR million,2017,3894.7112,"European Commission, EU spending and revenue 2000-2024 workbook (published 25 Sep 2025)",2026-08-04
DNK,Denmark,BUDGET.EXPEND,EU expenditure allocated to the member state,EUR million,2017,1458.8178,"European Commission, EU spending and revenue 2000-2024 workbook (published 25 Sep 2025)",2026-08-04
DEU,Germany,BUDGET.EXPEND,EU expenditure allocated to the member state,EUR million,2017,10926.9126,"European Commission, EU spending and revenue 2000-2024 workbook (published 25 Sep 2025)",2026-08-04
EST,Estonia,BUDGET.EXPEND,EU expenditure allocated to the member state,EUR million,2017,647.7774,"European Commission, EU spending and revenue 2000-2024 workbook (published 25 Sep 2025)",2026-08-04
IRL,Ireland,BUDGET.EXPEND,EU expenditure allocated to the member state,EUR million,2017,1818.3244,"European Commission, EU spending and revenue 2000-2024 workbook (published 25 Sep 2025)",2026-08-04
GRC,Greece,BUDGET.EXPEND,EU expenditure allocated to the member state,EUR million,2017,5130.072,"European Commission, EU spending and revenue 2000-2024 workbook (published 25 Sep 2025)",2026-08-04
ESP,Spain,BUDGET.EXPEND,EU expenditure allocated to the member state,EUR million,2017,9664.1238,"European Commission, EU spending and revenue 2000-2024 workbook (published 25 Sep 2025)",2026-08-04
FRA,France,BUDGET.EXPEND,EU expenditure allocated to the member state,EUR million,2017,13505.0522,"European Commission, EU spending and revenue 2000-2024 workbook (published 25 Sep 2025)",2026-08-04
HRV,Croatia,BUDGET.EXPEND,EU expenditure allocated to the member state,EUR million,2017,663.0985,"European Commission, EU spending and revenue 2000-2024 workbook (published 25 Sep 2025)",2026-08-04
ITA,Italy,BUDGET.EXPEND,EU expenditure allocated to the member state,EUR million,2017,9795.329,"European Commission, EU spending and revenue 2000-2024 workbook (published 25 Sep 2025)",2026-08-04
CYP,Cyprus,BUDGET.EXPEND,EU expenditure allocated to the member state,EUR million,2017,206.6541,"European Commission, EU spending and revenue 2000-2024 workbook (published 25 Sep 2025)",2026-08-04
LVA,Latvia,BUDGET.EXPEND,EU expenditure allocated to the member state,EUR million,2017,736.7132,"European Commission, EU spending and revenue 2000-2024 workbook (published 25 Sep 2025)",2026-08-04
LTU,Lithuania,BUDGET.EXPEND,EU expenditure allocated to the member state,EUR million,2017,1574.6884,"European Commission, EU spending and revenue 2000-2024 workbook (published 25 Sep 2025)",2026-08-04
LUX,Luxembourg,BUDGET.EXPEND,EU expenditure allocated to the member state,EUR million,2017,1827.1136,"European Commission, EU spending and revenue 2000-2024 workbook (published 25 Sep 2025)",2026-08-04
HUN,Hungary,BUDGET.EXPEND,EU expenditure allocated to the member state,EUR million,2017,4049.1366,"European Commission, EU spending and revenue 2000-2024 workbook (published 25 Sep 2025)",2026-08-04
MLT,Malta,BUDGET.EXPEND,EU expenditure allocated to the member state,EUR million,2017,201.3102,"European Commission, EU spending and revenue 2000-2024 workbook (published 25 Sep 2025)",2026-08-04
NLD,Netherlands,BUDGET.EXPEND,EU expenditure allocated to the member state,EUR million,2017,2417.2086,"European Commission, EU spending and revenue 2000-2024 workbook (published 25 Sep 2025)",2026-08-04
AUT,Austria,BUDGET.EXPEND,EU expenditure allocated to the member state,EUR million,2017,1742.9341,"European Commission, EU spending and revenue 2000-2024 workbook (published 25 Sep 2025)",2026-08-04
POL,Poland,BUDGET.EXPEND,EU expenditure allocated to the member state,EUR million,2017,11921.3085,"European Commission, EU spending and revenue 2000-2024 workbook (published 25 Sep 2025)",2026-08-04
PRT,Portugal,BUDGET.EXPEND,EU expenditure allocated to the member state,EUR million,2017,3976.1359,"European Commission, EU spending and revenue 2000-2024 workbook (published 25 Sep 2025)",2026-08-04
ROU,Romania,BUDGET.EXPEND,EU expenditure allocated to the member state,EUR million,2017,4741.6411,"European Commission, EU spending and revenue 2000-2024 workbook (published 25 Sep 2025)",2026-08-04
SVN,Slovenia,BUDGET.EXPEND,EU expenditure allocated to the member state,EUR million,2017,475.8354,"European Commission, EU spending and revenue 2000-2024 workbook (published 25 Sep 2025)",2026-08-04
SVK,Slovakia,BUDGET.EXPEND,EU expenditure allocated to the member state,EUR million,2017,1645.2385,"European Commission, EU spending and revenue 2000-2024 workbook (published 25 Sep 2025)",2026-08-04
FIN,Finland,BUDGET.EXPEND,EU expenditure allocated to the member state,EUR million,2017,1500.6132,"European Commission, EU spending and revenue 2000-2024 workbook (published 25 Sep 2025)",2026-08-04
SWE,Sweden,BUDGET.EXPEND,EU expenditure allocated to the member state,EUR million,2017,1503.7082,"European Commission, EU spending and revenue 2000-2024 workbook (published 25 Sep 2025)",2026-08-04
GBR,United Kingdom,BUDGET.EXPEND,EU expenditure allocated to the member state,EUR million,2017,6326.3199,"European Commission, EU spending and revenue 2000-2024 workbook (published 25 Sep 2025)",2026-08-04
BEL,Belgium,BUDGET.CONTRIB,National contributions to the EU budget (excludes customs duties),EUR million,2017,2978.2718,"European Commission, EU spending and revenue 2000-2024 workbook (published 25 Sep 2025)",2026-08-04
BGR,Bulgaria,BUDGET.CONTRIB,National contributions to the EU budget (excludes customs duties),EUR million,2017,378.7086,"European Commission, EU spending and revenue 2000-2024 workbook (published 25 Sep 2025)",2026-08-04
CZE,Czechia,BUDGET.CONTRIB,National contributions to the EU budget (excludes customs duties),EUR million,2017,1282.3413,"European Commission, EU spending and revenue 2000-2024 workbook (published 25 Sep 2025)",2026-08-04
DNK,Denmark,BUDGET.CONTRIB,National contributions to the EU budget (excludes customs duties),EUR million,2017,1926.5593,"European Commission, EU spending and revenue 2000-2024 workbook (published 25 Sep 2025)",2026-08-04
DEU,Germany,BUDGET.CONTRIB,National contributions to the EU budget (excludes customs duties),EUR million,2017,19587.0395,"European Commission, EU spending and revenue 2000-2024 workbook (published 25 Sep 2025)",2026-08-04
EST,Estonia,BUDGET.CONTRIB,National contributions to the EU budget (excludes customs duties),EUR million,2017,154.0624,"European Commission, EU spending and revenue 2000-2024 workbook (published 25 Sep 2025)",2026-08-04
IRL,Ireland,BUDGET.CONTRIB,National contributions to the EU budget (excludes customs duties),EUR million,2017,1777.0549,"European Commission, EU spending and revenue 2000-2024 workbook (published 25 Sep 2025)",2026-08-04
GRC,Greece,BUDGET.CONTRIB,National contributions to the EU budget (excludes customs duties),EUR million,2017,1247.7412,"European Commission, EU spending and revenue 2000-2024 workbook (published 25 Sep 2025)",2026-08-04
ESP,Spain,BUDGET.CONTRIB,National contributions to the EU budget (excludes customs duties),EUR million,2017,8080.0015,"European Commission, EU spending and revenue 2000-2024 workbook (published 25 Sep 2025)",2026-08-04
FRA,France,BUDGET.CONTRIB,National contributions to the EU budget (excludes customs duties),EUR million,2017,16233.9301,"European Commission, EU spending and revenue 2000-2024 workbook (published 25 Sep 2025)",2026-08-04
HRV,Croatia,BUDGET.CONTRIB,National contributions to the EU budget (excludes customs duties),EUR million,2017,359.4425,"European Commission, EU spending and revenue 2000-2024 workbook (published 25 Sep 2025)",2026-08-04
ITA,Italy,BUDGET.CONTRIB,National contributions to the EU budget (excludes customs duties),EUR million,2017,12000.246,"European Commission, EU spending and revenue 2000-2024 workbook (published 25 Sep 2025)",2026-08-04
CYP,Cyprus,BUDGET.CONTRIB,National contributions to the EU budget (excludes customs duties),EUR million,2017,137.377,"European Commission, EU spending and revenue 2000-2024 workbook (published 25 Sep 2025)",2026-08-04
LVA,Latvia,BUDGET.CONTRIB,National contributions to the EU budget (excludes customs duties),EUR million,2017,184.3187,"European Commission, EU spending and revenue 2000-2024 workbook (published 25 Sep 2025)",2026-08-04
LTU,Lithuania,BUDGET.CONTRIB,National contributions to the EU budget (excludes customs duties),EUR million,2017,273.5873,"European Commission, EU spending and revenue 2000-2024 workbook (published 25 Sep 2025)",2026-08-04
LUX,Luxembourg,BUDGET.CONTRIB,National contributions to the EU budget (excludes customs duties),EUR million,2017,307.3466,"European Commission, EU spending and revenue 2000-2024 workbook (published 25 Sep 2025)",2026-08-04
HUN,Hungary,BUDGET.CONTRIB,National contributions to the EU budget (excludes customs duties),EUR million,2017,820.8164,"European Commission, EU spending and revenue 2000-2024 workbook (published 25 Sep 2025)",2026-08-04
MLT,Malta,BUDGET.CONTRIB,National contributions to the EU budget (excludes customs duties),EUR million,2017,82.3602,"European Commission, EU spending and revenue 2000-2024 workbook (published 25 Sep 2025)",2026-08-04
NLD,Netherlands,BUDGET.CONTRIB,National contributions to the EU budget (excludes customs duties),EUR million,2017,3384.1649,"European Commission, EU spending and revenue 2000-2024 workbook (published 25 Sep 2025)",2026-08-04
AUT,Austria,BUDGET.CONTRIB,National contributions to the EU budget (excludes customs duties),EUR million,2017,2429.1836,"European Commission, EU spending and revenue 2000-2024 workbook (published 25 Sep 2025)",2026-08-04
POL,Poland,BUDGET.CONTRIB,National contributions to the EU budget (excludes customs duties),EUR million,2017,3048.3078,"European Commission, EU spending and revenue 2000-2024 workbook (published 25 Sep 2025)",2026-08-04
PRT,Portugal,BUDGET.CONTRIB,National contributions to the EU budget (excludes customs duties),EUR million,2017,1375.4266,"European Commission, EU spending and revenue 2000-2024 workbook (published 25 Sep 2025)",2026-08-04
ROU,Romania,BUDGET.CONTRIB,National contributions to the EU budget (excludes customs duties),EUR million,2017,1228.655,"European Commission, EU spending and revenue 2000-2024 workbook (published 25 Sep 2025)",2026-08-04
SVN,Slovenia,BUDGET.CONTRIB,National contributions to the EU budget (excludes customs duties),EUR million,2017,293.3039,"European Commission, EU spending and revenue 2000-2024 workbook (published 25 Sep 2025)",2026-08-04
SVK,Slovakia,BUDGET.CONTRIB,National contributions to the EU budget (excludes customs duties),EUR million,2017,599.6667,"European Commission, EU spending and revenue 2000-2024 workbook (published 25 Sep 2025)",2026-08-04
FIN,Finland,BUDGET.CONTRIB,National contributions to the EU budget (excludes customs duties),EUR million,2017,1594.8857,"European Commission, EU spending and revenue 2000-2024 workbook (published 25 Sep 2025)",2026-08-04
SWE,Sweden,BUDGET.CONTRIB,National contributions to the EU budget (excludes customs duties),EUR million,2017,2628.8389,"European Commission, EU spending and revenue 2000-2024 workbook (published 25 Sep 2025)",2026-08-04
GBR,United Kingdom,BUDGET.CONTRIB,National contributions to the EU budget (excludes customs duties),EUR million,2017,10574.9812,"European Commission, EU spending and revenue 2000-2024 workbook (published 25 Sep 2025)",2026-08-04
BEL,Belgium,BUDGET.GNI,Gross national income (European Commission definition),EUR million,2017,442168.5955,"European Commission, EU spending and revenue 2000-2024 workbook (published 25 Sep 2025)",2026-08-04
BGR,Bulgaria,BUDGET.GNI,Gross national income (European Commission definition),EUR million,2017,50369.005,"European Commission, EU spending and revenue 2000-2024 workbook (published 25 Sep 2025)",2026-08-04
CZE,Czechia,BUDGET.GNI,Gross national income (European Commission definition),EUR million,2017,181178.9515,"European Commission, EU spending and revenue 2000-2024 workbook (published 25 Sep 2025)",2026-08-04
DNK,Denmark,BUDGET.GNI,Gross national income (European Commission definition),EUR million,2017,294159.4472,"European Commission, EU spending and revenue 2000-2024 workbook (published 25 Sep 2025)",2026-08-04
DEU,Germany,BUDGET.GNI,Gross national income (European Commission definition),EUR million,2017,3323457.0,"European Commission, EU spending and revenue 2000-2024 workbook (published 25 Sep 2025)",2026-08-04
EST,Estonia,BUDGET.GNI,Gross national income (European Commission definition),EUR million,2017,22534.3364,"European Commission, EU spending and revenue 2000-2024 workbook (published 25 Sep 2025)",2026-08-04
IRL,Ireland,BUDGET.GNI,Gross national income (European Commission definition),EUR million,2017,241607.81,"European Commission, EU spending and revenue 2000-2024 workbook (published 25 Sep 2025)",2026-08-04
GRC,Greece,BUDGET.GNI,Gross national income (European Commission definition),EUR million,2017,178035.3,"European Commission, EU spending and revenue 2000-2024 workbook (published 25 Sep 2025)",2026-08-04
ESP,Spain,BUDGET.GNI,Gross national income (European Commission definition),EUR million,2017,1163475.0,"European Commission, EU spending and revenue 2000-2024 workbook (published 25 Sep 2025)",2026-08-04
FRA,France,BUDGET.GNI,Gross national income (European Commission definition),EUR million,2017,2324119.8565,"European Commission, EU spending and revenue 2000-2024 workbook (published 25 Sep 2025)",2026-08-04
HRV,Croatia,BUDGET.GNI,Gross national income (European Commission definition),EUR million,2017,47195.4215,"European Commission, EU spending and revenue 2000-2024 workbook (published 25 Sep 2025)",2026-08-04
ITA,Italy,BUDGET.GNI,Gross national income (European Commission definition),EUR million,2017,1726046.8,"European Commission, EU spending and revenue 2000-2024 workbook (published 25 Sep 2025)",2026-08-04
CYP,Cyprus,BUDGET.GNI,Gross national income (European Commission definition),EUR million,2017,18839.5071,"European Commission, EU spending and revenue 2000-2024 workbook (published 25 Sep 2025)",2026-08-04
LVA,Latvia,BUDGET.GNI,Gross national income (European Commission definition),EUR million,2017,26678.358,"European Commission, EU spending and revenue 2000-2024 workbook (published 25 Sep 2025)",2026-08-04
LTU,Lithuania,BUDGET.GNI,Gross national income (European Commission definition),EUR million,2017,40345.88,"European Commission, EU spending and revenue 2000-2024 workbook (published 25 Sep 2025)",2026-08-04
LUX,Luxembourg,BUDGET.GNI,Gross national income (European Commission definition),EUR million,2017,36794.5173,"European Commission, EU spending and revenue 2000-2024 workbook (published 25 Sep 2025)",2026-08-04
HUN,Hungary,BUDGET.GNI,Gross national income (European Commission definition),EUR million,2017,118166.9132,"European Commission, EU spending and revenue 2000-2024 workbook (published 25 Sep 2025)",2026-08-04
MLT,Malta,BUDGET.GNI,Gross national income (European Commission definition),EUR million,2017,10454.112,"European Commission, EU spending and revenue 2000-2024 workbook (published 25 Sep 2025)",2026-08-04
NLD,Netherlands,BUDGET.GNI,Gross national income (European Commission definition),EUR million,2017,728995.0,"European Commission, EU spending and revenue 2000-2024 workbook (published 25 Sep 2025)",2026-08-04
AUT,Austria,BUDGET.GNI,Gross national income (European Commission definition),EUR million,2017,368335.6078,"European Commission, EU spending and revenue 2000-2024 workbook (published 25 Sep 2025)",2026-08-04
POL,Poland,BUDGET.GNI,Gross national income (European Commission definition),EUR million,2017,446868.8962,"European Commission, EU spending and revenue 2000-2024 workbook (published 25 Sep 2025)",2026-08-04
PRT,Portugal,BUDGET.GNI,Gross national income (European Commission definition),EUR million,2017,188823.114,"European Commission, EU spending and revenue 2000-2024 workbook (published 25 Sep 2025)",2026-08-04
ROU,Romania,BUDGET.GNI,Gross national income (European Commission definition),EUR million,2017,182896.5327,"European Commission, EU spending and revenue 2000-2024 workbook (published 25 Sep 2025)",2026-08-04
SVN,Slovenia,BUDGET.GNI,Gross national income (European Commission definition),EUR million,2017,42306.6,"European Commission, EU spending and revenue 2000-2024 workbook (published 25 Sep 2025)",2026-08-04
SVK,Slovakia,BUDGET.GNI,Gross national income (European Commission definition),EUR million,2017,83723.9531,"European Commission, EU spending and revenue 2000-2024 workbook (published 25 Sep 2025)",2026-08-04
FIN,Finland,BUDGET.GNI,Gross national income (European Commission definition),EUR million,2017,226433.0,"European Commission, EU spending and revenue 2000-2024 workbook (published 25 Sep 2025)",2026-08-04
SWE,Sweden,BUDGET.GNI,Gross national income (European Commission definition),EUR million,2017,484760.5548,"European Commission, EU spending and revenue 2000-2024 workbook (published 25 Sep 2025)",2026-08-04
GBR,United Kingdom,BUDGET.GNI,Gross national income (European Commission definition),EUR million,2017,2286319.8784,"European Commission, EU spending and revenue 2000-2024 workbook (published 25 Sep 2025)",2026-08-04
BEL,Belgium,BUDGET.ADMIN,EU administrative expenditure allocated to the member state,EUR million,2017,4823.616,"European Commission, EU spending and revenue 2000-2024 workbook (published 25 Sep 2025)",2026-08-04
BGR,Bulgaria,BUDGET.ADMIN,EU administrative expenditure allocated to the member state,EUR million,2017,11.0668,"European Commission, EU spending and revenue 2000-2024 workbook (published 25 Sep 2025)",2026-08-04
CZE,Czechia,BUDGET.ADMIN,EU administrative expenditure allocated to the member state,EUR million,2017,15.9262,"European Commission, EU spending and revenue 2000-2024 workbook (published 25 Sep 2025)",2026-08-04
DNK,Denmark,BUDGET.ADMIN,EU administrative expenditure allocated to the member state,EUR million,2017,59.1419,"European Commission, EU spending and revenue 2000-2024 workbook (published 25 Sep 2025)",2026-08-04
DEU,Germany,BUDGET.ADMIN,EU administrative expenditure allocated to the member state,EUR million,2017,228.3884,"European Commission, EU spending and revenue 2000-2024 workbook (published 25 Sep 2025)",2026-08-04
EST,Estonia,BUDGET.ADMIN,EU administrative expenditure allocated to the member state,EUR million,2017,8.5918,"European Commission, EU spending and revenue 2000-2024 workbook (published 25 Sep 2025)",2026-08-04
IRL,Ireland,BUDGET.ADMIN,EU administrative expenditure allocated to the member state,EUR million,2017,51.7677,"European Commission, EU spending and revenue 2000-2024 workbook (published 25 Sep 2025)",2026-08-04
GRC,Greece,BUDGET.ADMIN,EU administrative expenditure allocated to the member state,EUR million,2017,27.8205,"European Commission, EU spending and revenue 2000-2024 workbook (published 25 Sep 2025)",2026-08-04
ESP,Spain,BUDGET.ADMIN,EU administrative expenditure allocated to the member state,EUR million,2017,117.5912,"European Commission, EU spending and revenue 2000-2024 workbook (published 25 Sep 2025)",2026-08-04
FRA,France,BUDGET.ADMIN,EU administrative expenditure allocated to the member state,EUR million,2017,359.4558,"European Commission, EU spending and revenue 2000-2024 workbook (published 25 Sep 2025)",2026-08-04
HRV,Croatia,BUDGET.ADMIN,EU administrative expenditure allocated to the member state,EUR million,2017,8.936,"European Commission, EU spending and revenue 2000-2024 workbook (published 25 Sep 2025)",2026-08-04
ITA,Italy,BUDGET.ADMIN,EU administrative expenditure allocated to the member state,EUR million,2017,278.0954,"European Commission, EU spending and revenue 2000-2024 workbook (published 25 Sep 2025)",2026-08-04
CYP,Cyprus,BUDGET.ADMIN,EU administrative expenditure allocated to the member state,EUR million,2017,5.9592,"European Commission, EU spending and revenue 2000-2024 workbook (published 25 Sep 2025)",2026-08-04
LVA,Latvia,BUDGET.ADMIN,EU administrative expenditure allocated to the member state,EUR million,2017,8.3246,"European Commission, EU spending and revenue 2000-2024 workbook (published 25 Sep 2025)",2026-08-04
LTU,Lithuania,BUDGET.ADMIN,EU administrative expenditure allocated to the member state,EUR million,2017,10.6111,"European Commission, EU spending and revenue 2000-2024 workbook (published 25 Sep 2025)",2026-08-04
LUX,Luxembourg,BUDGET.ADMIN,EU administrative expenditure allocated to the member state,EUR million,2017,1477.8291,"European Commission, EU spending and revenue 2000-2024 workbook (published 25 Sep 2025)",2026-08-04
HUN,Hungary,BUDGET.ADMIN,EU administrative expenditure allocated to the member state,EUR million,2017,15.977,"European Commission, EU spending and revenue 2000-2024 workbook (published 25 Sep 2025)",2026-08-04
MLT,Malta,BUDGET.ADMIN,EU administrative expenditure allocated to the member state,EUR million,2017,6.7123,"European Commission, EU spending and revenue 2000-2024 workbook (published 25 Sep 2025)",2026-08-04
NLD,Netherlands,BUDGET.ADMIN,EU administrative expenditure allocated to the member state,EUR million,2017,115.907,"European Commission, EU spending and revenue 2000-2024 workbook (published 25 Sep 2025)",2026-08-04
AUT,Austria,BUDGET.ADMIN,EU administrative expenditure allocated to the member state,EUR million,2017,25.2309,"European Commission, EU spending and revenue 2000-2024 workbook (published 25 Sep 2025)",2026-08-04
POL,Poland,BUDGET.ADMIN,EU administrative expenditure allocated to the member state,EUR million,2017,29.0573,"European Commission, EU spending and revenue 2000-2024 workbook (published 25 Sep 2025)",2026-08-04
PRT,Portugal,BUDGET.ADMIN,EU administrative expenditure allocated to the member state,EUR million,2017,38.0616,"European Commission, EU spending and revenue 2000-2024 workbook (published 25 Sep 2025)",2026-08-04
ROU,Romania,BUDGET.ADMIN,EU administrative expenditure allocated to the member state,EUR million,2017,20.0084,"European Commission, EU spending and revenue 2000-2024 workbook (published 25 Sep 2025)",2026-08-04
SVN,Slovenia,BUDGET.ADMIN,EU administrative expenditure allocated to the member state,EUR million,2017,10.6533,"European Commission, EU spending and revenue 2000-2024 workbook (published 25 Sep 2025)",2026-08-04
SVK,Slovakia,BUDGET.ADMIN,EU administrative expenditure allocated to the member state,EUR million,2017,11.2689,"European Commission, EU spending and revenue 2000-2024 workbook (published 25 Sep 2025)",2026-08-04
FIN,Finland,BUDGET.ADMIN,EU administrative expenditure allocated to the member state,EUR million,2017,35.6491,"European Commission, EU spending and revenue 2000-2024 workbook (published 25 Sep 2025)",2026-08-04
SWE,Sweden,BUDGET.ADMIN,EU administrative expenditure allocated to the member state,EUR million,2017,38.5884,"European Commission, EU spending and revenue 2000-2024 workbook (published 25 Sep 2025)",2026-08-04
GBR,United Kingdom,BUDGET.ADMIN,EU administrative expenditure allocated to the member state,EUR million,2017,131.7434,"European Commission, EU spending and revenue 2000-2024 workbook (published 25 Sep 2025)",2026-08-04
BEL,Belgium,BUDGET.CUSTOMS,Customs duties collected for the EU budget (traditional own resources),EUR million,2017,2634.001,"European Commission, EU spending and revenue 2000-2024 workbook (published 25 Sep 2025)",2026-08-04
BGR,Bulgaria,BUDGET.CUSTOMS,Customs duties collected for the EU budget (traditional own resources),EUR million,2017,94.703,"European Commission, EU spending and revenue 2000-2024 workbook (published 25 Sep 2025)",2026-08-04
CZE,Czechia,BUDGET.CUSTOMS,Customs duties collected for the EU budget (traditional own resources),EUR million,2017,328.7715,"European Commission, EU spending and revenue 2000-2024 workbook (published 25 Sep 2025)",2026-08-04
DNK,Denmark,BUDGET.CUSTOMS,Customs duties collected for the EU budget (traditional own resources),EUR million,2017,423.4468,"European Commission, EU spending and revenue 2000-2024 workbook (published 25 Sep 2025)",2026-08-04
DEU,Germany,BUDGET.CUSTOMS,Customs duties collected for the EU budget (traditional own resources),EUR million,2017,5085.2221,"European Commission, EU spending and revenue 2000-2024 workbook (published 25 Sep 2025)",2026-08-04
EST,Estonia,BUDGET.CUSTOMS,Customs duties collected for the EU budget (traditional own resources),EUR million,2017,37.7908,"European Commission, EU spending and revenue 2000-2024 workbook (published 25 Sep 2025)",2026-08-04
IRL,Ireland,BUDGET.CUSTOMS,Customs duties collected for the EU budget (traditional own resources),EUR million,2017,356.1917,"European Commission, EU spending and revenue 2000-2024 workbook (published 25 Sep 2025)",2026-08-04
GRC,Greece,BUDGET.CUSTOMS,Customs duties collected for the EU budget (traditional own resources),EUR million,2017,199.0422,"European Commission, EU spending and revenue 2000-2024 workbook (published 25 Sep 2025)",2026-08-04
ESP,Spain,BUDGET.CUSTOMS,Customs duties collected for the EU budget (traditional own resources),EUR million,2017,1913.3698,"European Commission, EU spending and revenue 2000-2024 workbook (published 25 Sep 2025)",2026-08-04
FRA,France,BUDGET.CUSTOMS,Customs duties collected for the EU budget (traditional own resources),EUR million,2017,2044.9178,"European Commission, EU spending and revenue 2000-2024 workbook (published 25 Sep 2025)",2026-08-04
HRV,Croatia,BUDGET.CUSTOMS,Customs duties collected for the EU budget (traditional own resources),EUR million,2017,52.0989,"European Commission, EU spending and revenue 2000-2024 workbook (published 25 Sep 2025)",2026-08-04
ITA,Italy,BUDGET.CUSTOMS,Customs duties collected for the EU budget (traditional own resources),EUR million,2017,2294.6199,"European Commission, EU spending and revenue 2000-2024 workbook (published 25 Sep 2025)",2026-08-04
CYP,Cyprus,BUDGET.CUSTOMS,Customs duties collected for the EU budget (traditional own resources),EUR million,2017,26.952,"European Commission, EU spending and revenue 2000-2024 workbook (published 25 Sep 2025)",2026-08-04
LVA,Latvia,BUDGET.CUSTOMS,Customs duties collected for the EU budget (traditional own resources),EUR million,2017,42.9964,"European Commission, EU spending and revenue 2000-2024 workbook (published 25 Sep 2025)",2026-08-04
LTU,Lithuania,BUDGET.CUSTOMS,Customs duties collected for the EU budget (traditional own resources),EUR million,2017,99.2627,"European Commission, EU spending and revenue 2000-2024 workbook (published 25 Sep 2025)",2026-08-04
LUX,Luxembourg,BUDGET.CUSTOMS,Customs duties collected for the EU budget (traditional own resources),EUR million,2017,27.0592,"European Commission, EU spending and revenue 2000-2024 workbook (published 25 Sep 2025)",2026-08-04
HUN,Hungary,BUDGET.CUSTOMS,Customs duties collected for the EU budget (traditional own resources),EUR million,2017,183.44,"European Commission, EU spending and revenue 2000-2024 workbook (published 25 Sep 2025)",2026-08-04
MLT,Malta,BUDGET.CUSTOMS,Customs duties collected for the EU budget (traditional own resources),EUR million,2017,14.732,"European Commission, EU spending and revenue 2000-2024 workbook (published 25 Sep 2025)",2026-08-04
NLD,Netherlands,BUDGET.CUSTOMS,Customs duties collected for the EU budget (traditional own resources),EUR million,2017,3070.9545,"European Commission, EU spending and revenue 2000-2024 workbook (published 25 Sep 2025)",2026-08-04
AUT,Austria,BUDGET.CUSTOMS,Customs duties collected for the EU budget (traditional own resources),EUR million,2017,271.2482,"European Commission, EU spending and revenue 2000-2024 workbook (published 25 Sep 2025)",2026-08-04
POL,Poland,BUDGET.CUSTOMS,Customs duties collected for the EU budget (traditional own resources),EUR million,2017,817.4581,"European Commission, EU spending and revenue 2000-2024 workbook (published 25 Sep 2025)",2026-08-04
PRT,Portugal,BUDGET.CUSTOMS,Customs duties collected for the EU budget (traditional own resources),EUR million,2017,195.4491,"European Commission, EU spending and revenue 2000-2024 workbook (published 25 Sep 2025)",2026-08-04
ROU,Romania,BUDGET.CUSTOMS,Customs duties collected for the EU budget (traditional own resources),EUR million,2017,201.8545,"European Commission, EU spending and revenue 2000-2024 workbook (published 25 Sep 2025)",2026-08-04
SVN,Slovenia,BUDGET.CUSTOMS,Customs duties collected for the EU budget (traditional own resources),EUR million,2017,82.9574,"European Commission, EU spending and revenue 2000-2024 workbook (published 25 Sep 2025)",2026-08-04
SVK,Slovakia,BUDGET.CUSTOMS,Customs duties collected for the EU budget (traditional own resources),EUR million,2017,114.9845,"European Commission, EU spending and revenue 2000-2024 workbook (published 25 Sep 2025)",2026-08-04
FIN,Finland,BUDGET.CUSTOMS,Customs duties collected for the EU budget (traditional own resources),EUR million,2017,174.0375,"European Commission, EU spending and revenue 2000-2024 workbook (published 25 Sep 2025)",2026-08-04
SWE,Sweden,BUDGET.CUSTOMS,Customs duties collected for the EU budget (traditional own resources),EUR million,2017,654.2789,"European Commission, EU spending and revenue 2000-2024 workbook (published 25 Sep 2025)",2026-08-04
GBR,United Kingdom,BUDGET.CUSTOMS,Customs duties collected for the EU budget (traditional own resources),EUR million,2017,3964.8512,"European Commission, EU spending and revenue 2000-2024 workbook (published 25 Sep 2025)",2026-08-04
BEL,Belgium,BUDGET.EXPEND,EU expenditure allocated to the member state,EUR million,2018,8496.297,"European Commission, EU spending and revenue 2000-2024 workbook (published 25 Sep 2025)",2026-08-04
BGR,Bulgaria,BUDGET.EXPEND,EU expenditure allocated to the member state,EUR million,2018,2168.5663,"European Commission, EU spending and revenue 2000-2024 workbook (published 25 Sep 2025)",2026-08-04
CZE,Czechia,BUDGET.EXPEND,EU expenditure allocated to the member state,EUR million,2018,4121.3822,"European Commission, EU spending and revenue 2000-2024 workbook (published 25 Sep 2025)",2026-08-04
DNK,Denmark,BUDGET.EXPEND,EU expenditure allocated to the member state,EUR million,2018,1414.6175,"European Commission, EU spending and revenue 2000-2024 workbook (published 25 Sep 2025)",2026-08-04
DEU,Germany,BUDGET.EXPEND,EU expenditure allocated to the member state,EUR million,2018,12017.435,"European Commission, EU spending and revenue 2000-2024 workbook (published 25 Sep 2025)",2026-08-04
EST,Estonia,BUDGET.EXPEND,EU expenditure allocated to the member state,EUR million,2018,758.7355,"European Commission, EU spending and revenue 2000-2024 workbook (published 25 Sep 2025)",2026-08-04
IRL,Ireland,BUDGET.EXPEND,EU expenditure allocated to the member state,EUR million,2018,2062.5419,"European Commission, EU spending and revenue 2000-2024 workbook (published 25 Sep 2025)",2026-08-04
GRC,Greece,BUDGET.EXPEND,EU expenditure allocated to the member state,EUR million,2018,4870.0778,"European Commission, EU spending and revenue 2000-2024 workbook (published 25 Sep 2025)",2026-08-04
ESP,Spain,BUDGET.EXPEND,EU expenditure allocated to the member state,EUR million,2018,12273.3108,"European Commission, EU spending and revenue 2000-2024 workbook (published 25 Sep 2025)",2026-08-04
FRA,France,BUDGET.EXPEND,EU expenditure allocated to the member state,EUR million,2018,15036.2455,"European Commission, EU spending and revenue 2000-2024 workbook (published 25 Sep 2025)",2026-08-04
HRV,Croatia,BUDGET.EXPEND,EU expenditure allocated to the member state,EUR million,2018,1120.2752,"European Commission, EU spending and revenue 2000-2024 workbook (published 25 Sep 2025)",2026-08-04
ITA,Italy,BUDGET.EXPEND,EU expenditure allocated to the member state,EUR million,2018,10351.5428,"European Commission, EU spending and revenue 2000-2024 workbook (published 25 Sep 2025)",2026-08-04
CYP,Cyprus,BUDGET.EXPEND,EU expenditure allocated to the member state,EUR million,2018,263.8621,"European Commission, EU spending and revenue 2000-2024 workbook (published 25 Sep 2025)",2026-08-04
LVA,Latvia,BUDGET.EXPEND,EU expenditure allocated to the member state,EUR million,2018,1211.7943,"European Commission, EU spending and revenue 2000-2024 workbook (published 25 Sep 2025)",2026-08-04
LTU,Lithuania,BUDGET.EXPEND,EU expenditure allocated to the member state,EUR million,2018,2070.6385,"European Commission, EU spending and revenue 2000-2024 workbook (published 25 Sep 2025)",2026-08-04
LUX,Luxembourg,BUDGET.EXPEND,EU expenditure allocated to the member state,EUR million,2018,2007.9776,"European Commission, EU spending and revenue 2000-2024 workbook (published 25 Sep 2025)",2026-08-04
HUN,Hungary,BUDGET.EXPEND,EU expenditure allocated to the member state,EUR million,2018,6298.1122,"European Commission, EU spending and revenue 2000-2024 workbook (published 25 Sep 2025)",2026-08-04
MLT,Malta,BUDGET.EXPEND,EU expenditure allocated to the member state,EUR million,2018,155.9603,"European Commission, EU spending and revenue 2000-2024 workbook (published 25 Sep 2025)",2026-08-04
NLD,Netherlands,BUDGET.EXPEND,EU expenditure allocated to the member state,EUR million,2018,2464.3148,"European Commission, EU spending and revenue 2000-2024 workbook (published 25 Sep 2025)",2026-08-04
AUT,Austria,BUDGET.EXPEND,EU expenditure allocated to the member state,EUR million,2018,1950.5847,"European Commission, EU spending and revenue 2000-2024 workbook (published 25 Sep 2025)",2026-08-04
POL,Poland,BUDGET.EXPEND,EU expenditure allocated to the member state,EUR million,2018,16349.5091,"European Commission, EU spending and revenue 2000-2024 workbook (published 25 Sep 2025)",2026-08-04
PRT,Portugal,BUDGET.EXPEND,EU expenditure allocated to the member state,EUR million,2018,5011.9636,"European Commission, EU spending and revenue 2000-2024 workbook (published 25 Sep 2025)",2026-08-04
ROU,Romania,BUDGET.EXPEND,EU expenditure allocated to the member state,EUR million,2018,4865.0331,"European Commission, EU spending and revenue 2000-2024 workbook (published 25 Sep 2025)",2026-08-04
SVN,Slovenia,BUDGET.EXPEND,EU expenditure allocated to the member state,EUR million,2018,926.7563,"European Commission, EU spending and revenue 2000-2024 workbook (published 25 Sep 2025)",2026-08-04
SVK,Slovakia,BUDGET.EXPEND,EU expenditure allocated to the member state,EUR million,2018,2457.1926,"European Commission, EU spending and revenue 2000-2024 workbook (published 25 Sep 2025)",2026-08-04
FIN,Finland,BUDGET.EXPEND,EU expenditure allocated to the member state,EUR million,2018,1482.5913,"European Commission, EU spending and revenue 2000-2024 workbook (published 25 Sep 2025)",2026-08-04
SWE,Sweden,BUDGET.EXPEND,EU expenditure allocated to the member state,EUR million,2018,1811.7831,"European Commission, EU spending and revenue 2000-2024 workbook (published 25 Sep 2025)",2026-08-04
GBR,United Kingdom,BUDGET.EXPEND,EU expenditure allocated to the member state,EUR million,2018,6630.7845,"European Commission, EU spending and revenue 2000-2024 workbook (published 25 Sep 2025)",2026-08-04
BEL,Belgium,BUDGET.CONTRIB,National contributions to the EU budget (excludes customs duties),EUR million,2018,3839.7589,"European Commission, EU spending and revenue 2000-2024 workbook (published 25 Sep 2025)",2026-08-04
BGR,Bulgaria,BUDGET.CONTRIB,National contributions to the EU budget (excludes customs duties),EUR million,2018,487.0919,"European Commission, EU spending and revenue 2000-2024 workbook (published 25 Sep 2025)",2026-08-04
CZE,Czechia,BUDGET.CONTRIB,National contributions to the EU budget (excludes customs duties),EUR million,2018,1720.1257,"European Commission, EU spending and revenue 2000-2024 workbook (published 25 Sep 2025)",2026-08-04
DNK,Denmark,BUDGET.CONTRIB,National contributions to the EU budget (excludes customs duties),EUR million,2018,2541.2311,"European Commission, EU spending and revenue 2000-2024 workbook (published 25 Sep 2025)",2026-08-04
DEU,Germany,BUDGET.CONTRIB,National contributions to the EU budget (excludes customs duties),EUR million,2018,25266.7,"European Commission, EU spending and revenue 2000-2024 workbook (published 25 Sep 2025)",2026-08-04
EST,Estonia,BUDGET.CONTRIB,National contributions to the EU budget (excludes customs duties),EUR million,2018,210.1698,"European Commission, EU spending and revenue 2000-2024 workbook (published 25 Sep 2025)",2026-08-04
IRL,Ireland,BUDGET.CONTRIB,National contributions to the EU budget (excludes customs duties),EUR million,2018,2320.165,"European Commission, EU spending and revenue 2000-2024 workbook (published 25 Sep 2025)",2026-08-04
GRC,Greece,BUDGET.CONTRIB,National contributions to the EU budget (excludes customs duties),EUR million,2018,1487.6953,"European Commission, EU spending and revenue 2000-2024 workbook (published 25 Sep 2025)",2026-08-04
ESP,Spain,BUDGET.CONTRIB,National contributions to the EU budget (excludes customs duties),EUR million,2018,10313.8632,"European Commission, EU spending and revenue 2000-2024 workbook (published 25 Sep 2025)",2026-08-04
FRA,France,BUDGET.CONTRIB,National contributions to the EU budget (excludes customs duties),EUR million,2018,20573.5492,"European Commission, EU spending and revenue 2000-2024 workbook (published 25 Sep 2025)",2026-08-04
HRV,Croatia,BUDGET.CONTRIB,National contributions to the EU budget (excludes customs duties),EUR million,2018,450.7774,"European Commission, EU spending and revenue 2000-2024 workbook (published 25 Sep 2025)",2026-08-04
ITA,Italy,BUDGET.CONTRIB,National contributions to the EU budget (excludes customs duties),EUR million,2018,15215.0878,"European Commission, EU spending and revenue 2000-2024 workbook (published 25 Sep 2025)",2026-08-04
CYP,Cyprus,BUDGET.CONTRIB,National contributions to the EU budget (excludes customs duties),EUR million,2018,180.2889,"European Commission, EU spending and revenue 2000-2024 workbook (published 25 Sep 2025)",2026-08-04
LVA,Latvia,BUDGET.CONTRIB,National contributions to the EU budget (excludes customs duties),EUR million,2018,234.032,"European Commission, EU spending and revenue 2000-2024 workbook (published 25 Sep 2025)",2026-08-04
LTU,Lithuania,BUDGET.CONTRIB,National contributions to the EU budget (excludes customs duties),EUR million,2018,355.7788,"European Commission, EU spending and revenue 2000-2024 workbook (published 25 Sep 2025)",2026-08-04
LUX,Luxembourg,BUDGET.CONTRIB,National contributions to the EU budget (excludes customs duties),EUR million,2018,356.9114,"European Commission, EU spending and revenue 2000-2024 workbook (published 25 Sep 2025)",2026-08-04
HUN,Hungary,BUDGET.CONTRIB,National contributions to the EU budget (excludes customs duties),EUR million,2018,1075.8273,"European Commission, EU spending and revenue 2000-2024 workbook (published 25 Sep 2025)",2026-08-04
MLT,Malta,BUDGET.CONTRIB,National contributions to the EU budget (excludes customs duties),EUR million,2018,102.5578,"European Commission, EU spending and revenue 2000-2024 workbook (published 25 Sep 2025)",2026-08-04
NLD,Netherlands,BUDGET.CONTRIB,National contributions to the EU budget (excludes customs duties),EUR million,2018,4844.7091,"European Commission, EU spending and revenue 2000-2024 workbook (published 25 Sep 2025)",2026-08-04
AUT,Austria,BUDGET.CONTRIB,National contributions to the EU budget (excludes customs duties),EUR million,2018,3277.0974,"European Commission, EU spending and revenue 2000-2024 workbook (published 25 Sep 2025)",2026-08-04
POL,Poland,BUDGET.CONTRIB,National contributions to the EU budget (excludes customs duties),EUR million,2018,3983.166,"European Commission, EU spending and revenue 2000-2024 workbook (published 25 Sep 2025)",2026-08-04
PRT,Portugal,BUDGET.CONTRIB,National contributions to the EU budget (excludes customs duties),EUR million,2018,1699.368,"European Commission, EU spending and revenue 2000-2024 workbook (published 25 Sep 2025)",2026-08-04
ROU,Romania,BUDGET.CONTRIB,National contributions to the EU budget (excludes customs duties),EUR million,2018,1654.7128,"European Commission, EU spending and revenue 2000-2024 workbook (published 25 Sep 2025)",2026-08-04
SVN,Slovenia,BUDGET.CONTRIB,National contributions to the EU budget (excludes customs duties),EUR million,2018,385.7093,"European Commission, EU spending and revenue 2000-2024 workbook (published 25 Sep 2025)",2026-08-04
SVK,Slovakia,BUDGET.CONTRIB,National contributions to the EU budget (excludes customs duties),EUR million,2018,763.6373,"European Commission, EU spending and revenue 2000-2024 workbook (published 25 Sep 2025)",2026-08-04
FIN,Finland,BUDGET.CONTRIB,National contributions to the EU budget (excludes customs duties),EUR million,2018,2018.3474,"European Commission, EU spending and revenue 2000-2024 workbook (published 25 Sep 2025)",2026-08-04
SWE,Sweden,BUDGET.CONTRIB,National contributions to the EU budget (excludes customs duties),EUR million,2018,3303.4876,"European Commission, EU spending and revenue 2000-2024 workbook (published 25 Sep 2025)",2026-08-04
GBR,United Kingdom,BUDGET.CONTRIB,National contributions to the EU budget (excludes customs duties),EUR million,2018,13461.8869,"European Commission, EU spending and revenue 2000-2024 workbook (published 25 Sep 2025)",2026-08-04
BEL,Belgium,BUDGET.GNI,Gross national income (European Commission definition),EUR million,2018,456719.1748,"European Commission, EU spending and revenue 2000-2024 workbook (published 25 Sep 2025)",2026-08-04
BGR,Bulgaria,BUDGET.GNI,Gross national income (European Commission definition),EUR million,2018,55442.4657,"European Commission, EU spending and revenue 2000-2024 workbook (published 25 Sep 2025)",2026-08-04
CZE,Czechia,BUDGET.GNI,Gross national income (European Commission definition),EUR million,2018,196265.81,"European Commission, EU spending and revenue 2000-2024 workbook (published 25 Sep 2025)",2026-08-04
DNK,Denmark,BUDGET.GNI,Gross national income (European Commission definition),EUR million,2018,304814.1472,"European Commission, EU spending and revenue 2000-2024 workbook (published 25 Sep 2025)",2026-08-04
DEU,Germany,BUDGET.GNI,Gross national income (European Commission definition),EUR million,2018,3458382.0,"European Commission, EU spending and revenue 2000-2024 workbook (published 25 Sep 2025)",2026-08-04
EST,Estonia,BUDGET.GNI,Gross national income (European Commission definition),EUR million,2018,25086.5789,"European Commission, EU spending and revenue 2000-2024 workbook (published 25 Sep 2025)",2026-08-04
IRL,Ireland,BUDGET.GNI,Gross national income (European Commission definition),EUR million,2018,253084.63,"European Commission, EU spending and revenue 2000-2024 workbook (published 25 Sep 2025)",2026-08-04
GRC,Greece,BUDGET.GNI,Gross national income (European Commission definition),EUR million,2018,183070.275,"European Commission, EU spending and revenue 2000-2024 workbook (published 25 Sep 2025)",2026-08-04
ESP,Spain,BUDGET.GNI,Gross national income (European Commission definition),EUR million,2018,1207884.0,"European Commission, EU spending and revenue 2000-2024 workbook (published 25 Sep 2025)",2026-08-04
FRA,France,BUDGET.GNI,Gross national income (European Commission definition),EUR million,2018,2407643.7011,"European Commission, EU spending and revenue 2000-2024 workbook (published 25 Sep 2025)",2026-08-04
HRV,Croatia,BUDGET.GNI,Gross national income (European Commission definition),EUR million,2018,50545.6769,"European Commission, EU spending and revenue 2000-2024 workbook (published 25 Sep 2025)",2026-08-04
ITA,Italy,BUDGET.GNI,Gross national income (European Commission definition),EUR million,2018,1773423.1,"European Commission, EU spending and revenue 2000-2024 workbook (published 25 Sep 2025)",2026-08-04
CYP,Cyprus,BUDGET.GNI,Gross national income (European Commission definition),EUR million,2018,20170.75,"European Commission, EU spending and revenue 2000-2024 workbook (published 25 Sep 2025)",2026-08-04
LVA,Latvia,BUDGET.GNI,Gross national income (European Commission definition),EUR million,2018,29278.719,"European Commission, EU spending and revenue 2000-2024 workbook (published 25 Sep 2025)",2026-08-04
LTU,Lithuania,BUDGET.GNI,Gross national income (European Commission definition),EUR million,2018,43095.4973,"European Commission, EU spending and revenue 2000-2024 workbook (published 25 Sep 2025)",2026-08-04
LUX,Luxembourg,BUDGET.GNI,Gross national income (European Commission definition),EUR million,2018,41326.86,"European Commission, EU spending and revenue 2000-2024 workbook (published 25 Sep 2025)",2026-08-04
HUN,Hungary,BUDGET.GNI,Gross national income (European Commission definition),EUR million,2018,126623.4082,"European Commission, EU spending and revenue 2000-2024 workbook (published 25 Sep 2025)",2026-08-04
MLT,Malta,BUDGET.GNI,Gross national income (European Commission definition),EUR million,2018,11269.744,"European Commission, EU spending and revenue 2000-2024 workbook (published 25 Sep 2025)",2026-08-04
NLD,Netherlands,BUDGET.GNI,Gross national income (European Commission definition),EUR million,2018,781670.0,"European Commission, EU spending and revenue 2000-2024 workbook (published 25 Sep 2025)",2026-08-04
AUT,Austria,BUDGET.GNI,Gross national income (European Commission definition),EUR million,2018,384734.1319,"European Commission, EU spending and revenue 2000-2024 workbook (published 25 Sep 2025)",2026-08-04
POL,Poland,BUDGET.GNI,Gross national income (European Commission definition),EUR million,2018,476348.9141,"European Commission, EU spending and revenue 2000-2024 workbook (published 25 Sep 2025)",2026-08-04
PRT,Portugal,BUDGET.GNI,Gross national income (European Commission definition),EUR million,2018,196467.122,"European Commission, EU spending and revenue 2000-2024 workbook (published 25 Sep 2025)",2026-08-04
ROU,Romania,BUDGET.GNI,Gross national income (European Commission definition),EUR million,2018,198572.102,"European Commission, EU spending and revenue 2000-2024 workbook (published 25 Sep 2025)",2026-08-04
SVN,Slovenia,BUDGET.GNI,Gross national income (European Commission definition),EUR million,2018,45343.3,"European Commission, EU spending and revenue 2000-2024 workbook (published 25 Sep 2025)",2026-08-04
SVK,Slovakia,BUDGET.GNI,Gross national income (European Commission definition),EUR million,2018,88419.7484,"European Commission, EU spending and revenue 2000-2024 workbook (published 25 Sep 2025)",2026-08-04
FIN,Finland,BUDGET.GNI,Gross national income (European Commission definition),EUR million,2018,232880.0,"European Commission, EU spending and revenue 2000-2024 workbook (published 25 Sep 2025)",2026-08-04
SWE,Sweden,BUDGET.GNI,Gross national income (European Commission definition),EUR million,2018,474569.3465,"European Commission, EU spending and revenue 2000-2024 workbook (published 25 Sep 2025)",2026-08-04
GBR,United Kingdom,BUDGET.GNI,Gross national income (European Commission definition),EUR million,2018,2363581.2983,"European Commission, EU spending and revenue 2000-2024 workbook (published 25 Sep 2025)",2026-08-04
BEL,Belgium,BUDGET.ADMIN,EU administrative expenditure allocated to the member state,EUR million,2018,5167.5611,"European Commission, EU spending and revenue 2000-2024 workbook (published 25 Sep 2025)",2026-08-04
BGR,Bulgaria,BUDGET.ADMIN,EU administrative expenditure allocated to the member state,EUR million,2018,12.1763,"European Commission, EU spending and revenue 2000-2024 workbook (published 25 Sep 2025)",2026-08-04
CZE,Czechia,BUDGET.ADMIN,EU administrative expenditure allocated to the member state,EUR million,2018,15.8606,"European Commission, EU spending and revenue 2000-2024 workbook (published 25 Sep 2025)",2026-08-04
DNK,Denmark,BUDGET.ADMIN,EU administrative expenditure allocated to the member state,EUR million,2018,72.6702,"European Commission, EU spending and revenue 2000-2024 workbook (published 25 Sep 2025)",2026-08-04
DEU,Germany,BUDGET.ADMIN,EU administrative expenditure allocated to the member state,EUR million,2018,233.6171,"European Commission, EU spending and revenue 2000-2024 workbook (published 25 Sep 2025)",2026-08-04
EST,Estonia,BUDGET.ADMIN,EU administrative expenditure allocated to the member state,EUR million,2018,9.257,"European Commission, EU spending and revenue 2000-2024 workbook (published 25 Sep 2025)",2026-08-04
IRL,Ireland,BUDGET.ADMIN,EU administrative expenditure allocated to the member state,EUR million,2018,61.7883,"European Commission, EU spending and revenue 2000-2024 workbook (published 25 Sep 2025)",2026-08-04
GRC,Greece,BUDGET.ADMIN,EU administrative expenditure allocated to the member state,EUR million,2018,32.7977,"European Commission, EU spending and revenue 2000-2024 workbook (published 25 Sep 2025)",2026-08-04
ESP,Spain,BUDGET.ADMIN,EU administrative expenditure allocated to the member state,EUR million,2018,116.1433,"European Commission, EU spending and revenue 2000-2024 workbook (published 25 Sep 2025)",2026-08-04
FRA,France,BUDGET.ADMIN,EU administrative expenditure allocated to the member state,EUR million,2018,430.2505,"European Commission, EU spending and revenue 2000-2024 workbook (published 25 Sep 2025)",2026-08-04
HRV,Croatia,BUDGET.ADMIN,EU administrative expenditure allocated to the member state,EUR million,2018,9.1287,"European Commission, EU spending and revenue 2000-2024 workbook (published 25 Sep 2025)",2026-08-04
ITA,Italy,BUDGET.ADMIN,EU administrative expenditure allocated to the member state,EUR million,2018,205.6372,"European Commission, EU spending and revenue 2000-2024 workbook (published 25 Sep 2025)",2026-08-04
CYP,Cyprus,BUDGET.ADMIN,EU administrative expenditure allocated to the member state,EUR million,2018,5.9501,"European Commission, EU spending and revenue 2000-2024 workbook (published 25 Sep 2025)",2026-08-04
LVA,Latvia,BUDGET.ADMIN,EU administrative expenditure allocated to the member state,EUR million,2018,9.0543,"European Commission, EU spending and revenue 2000-2024 workbook (published 25 Sep 2025)",2026-08-04
LTU,Lithuania,BUDGET.ADMIN,EU administrative expenditure allocated to the member state,EUR million,2018,9.9676,"European Commission, EU spending and revenue 2000-2024 workbook (published 25 Sep 2025)",2026-08-04
LUX,Luxembourg,BUDGET.ADMIN,EU administrative expenditure allocated to the member state,EUR million,2018,1633.4457,"European Commission, EU spending and revenue 2000-2024 workbook (published 25 Sep 2025)",2026-08-04
HUN,Hungary,BUDGET.ADMIN,EU administrative expenditure allocated to the member state,EUR million,2018,16.6172,"European Commission, EU spending and revenue 2000-2024 workbook (published 25 Sep 2025)",2026-08-04
MLT,Malta,BUDGET.ADMIN,EU administrative expenditure allocated to the member state,EUR million,2018,7.3273,"European Commission, EU spending and revenue 2000-2024 workbook (published 25 Sep 2025)",2026-08-04
NLD,Netherlands,BUDGET.ADMIN,EU administrative expenditure allocated to the member state,EUR million,2018,93.9503,"European Commission, EU spending and revenue 2000-2024 workbook (published 25 Sep 2025)",2026-08-04
AUT,Austria,BUDGET.ADMIN,EU administrative expenditure allocated to the member state,EUR million,2018,27.2904,"European Commission, EU spending and revenue 2000-2024 workbook (published 25 Sep 2025)",2026-08-04
POL,Poland,BUDGET.ADMIN,EU administrative expenditure allocated to the member state,EUR million,2018,30.0785,"European Commission, EU spending and revenue 2000-2024 workbook (published 25 Sep 2025)",2026-08-04
PRT,Portugal,BUDGET.ADMIN,EU administrative expenditure allocated to the member state,EUR million,2018,45.4731,"European Commission, EU spending and revenue 2000-2024 workbook (published 25 Sep 2025)",2026-08-04
ROU,Romania,BUDGET.ADMIN,EU administrative expenditure allocated to the member state,EUR million,2018,18.7789,"European Commission, EU spending and revenue 2000-2024 workbook (published 25 Sep 2025)",2026-08-04
SVN,Slovenia,BUDGET.ADMIN,EU administrative expenditure allocated to the member state,EUR million,2018,9.5596,"European Commission, EU spending and revenue 2000-2024 workbook (published 25 Sep 2025)",2026-08-04
SVK,Slovakia,BUDGET.ADMIN,EU administrative expenditure allocated to the member state,EUR million,2018,11.3783,"European Commission, EU spending and revenue 2000-2024 workbook (published 25 Sep 2025)",2026-08-04
FIN,Finland,BUDGET.ADMIN,EU administrative expenditure allocated to the member state,EUR million,2018,42.9,"European Commission, EU spending and revenue 2000-2024 workbook (published 25 Sep 2025)",2026-08-04
SWE,Sweden,BUDGET.ADMIN,EU administrative expenditure allocated to the member state,EUR million,2018,40.7574,"European Commission, EU spending and revenue 2000-2024 workbook (published 25 Sep 2025)",2026-08-04
GBR,United Kingdom,BUDGET.ADMIN,EU administrative expenditure allocated to the member state,EUR million,2018,138.9243,"European Commission, EU spending and revenue 2000-2024 workbook (published 25 Sep 2025)",2026-08-04
BEL,Belgium,BUDGET.CUSTOMS,Customs duties collected for the EU budget (traditional own resources),EUR million,2018,2612.1858,"European Commission, EU spending and revenue 2000-2024 workbook (published 25 Sep 2025)",2026-08-04
BGR,Bulgaria,BUDGET.CUSTOMS,Customs duties collected for the EU budget (traditional own resources),EUR million,2018,120.5463,"European Commission, EU spending and revenue 2000-2024 workbook (published 25 Sep 2025)",2026-08-04
CZE,Czechia,BUDGET.CUSTOMS,Customs duties collected for the EU budget (traditional own resources),EUR million,2018,333.2945,"European Commission, EU spending and revenue 2000-2024 workbook (published 25 Sep 2025)",2026-08-04
DNK,Denmark,BUDGET.CUSTOMS,Customs duties collected for the EU budget (traditional own resources),EUR million,2018,426.0898,"European Commission, EU spending and revenue 2000-2024 workbook (published 25 Sep 2025)",2026-08-04
DEU,Germany,BUDGET.CUSTOMS,Customs duties collected for the EU budget (traditional own resources),EUR million,2018,5035.3232,"European Commission, EU spending and revenue 2000-2024 workbook (published 25 Sep 2025)",2026-08-04
EST,Estonia,BUDGET.CUSTOMS,Customs duties collected for the EU budget (traditional own resources),EUR million,2018,41.2421,"European Commission, EU spending and revenue 2000-2024 workbook (published 25 Sep 2025)",2026-08-04
IRL,Ireland,BUDGET.CUSTOMS,Customs duties collected for the EU budget (traditional own resources),EUR million,2018,357.335,"European Commission, EU spending and revenue 2000-2024 workbook (published 25 Sep 2025)",2026-08-04
GRC,Greece,BUDGET.CUSTOMS,Customs duties collected for the EU budget (traditional own resources),EUR million,2018,225.2884,"European Commission, EU spending and revenue 2000-2024 workbook (published 25 Sep 2025)",2026-08-04
ESP,Spain,BUDGET.CUSTOMS,Customs duties collected for the EU budget (traditional own resources),EUR million,2018,1910.1192,"European Commission, EU spending and revenue 2000-2024 workbook (published 25 Sep 2025)",2026-08-04
FRA,France,BUDGET.CUSTOMS,Customs duties collected for the EU budget (traditional own resources),EUR million,2018,2092.4082,"European Commission, EU spending and revenue 2000-2024 workbook (published 25 Sep 2025)",2026-08-04
HRV,Croatia,BUDGET.CUSTOMS,Customs duties collected for the EU budget (traditional own resources),EUR million,2018,45.8521,"European Commission, EU spending and revenue 2000-2024 workbook (published 25 Sep 2025)",2026-08-04
ITA,Italy,BUDGET.CUSTOMS,Customs duties collected for the EU budget (traditional own resources),EUR million,2018,2279.6602,"European Commission, EU spending and revenue 2000-2024 workbook (published 25 Sep 2025)",2026-08-04
CYP,Cyprus,BUDGET.CUSTOMS,Customs duties collected for the EU budget (traditional own resources),EUR million,2018,28.829,"European Commission, EU spending and revenue 2000-2024 workbook (published 25 Sep 2025)",2026-08-04
LVA,Latvia,BUDGET.CUSTOMS,Customs duties collected for the EU budget (traditional own resources),EUR million,2018,53.3127,"European Commission, EU spending and revenue 2000-2024 workbook (published 25 Sep 2025)",2026-08-04
LTU,Lithuania,BUDGET.CUSTOMS,Customs duties collected for the EU budget (traditional own resources),EUR million,2018,114.1018,"European Commission, EU spending and revenue 2000-2024 workbook (published 25 Sep 2025)",2026-08-04
LUX,Luxembourg,BUDGET.CUSTOMS,Customs duties collected for the EU budget (traditional own resources),EUR million,2018,25.1258,"European Commission, EU spending and revenue 2000-2024 workbook (published 25 Sep 2025)",2026-08-04
HUN,Hungary,BUDGET.CUSTOMS,Customs duties collected for the EU budget (traditional own resources),EUR million,2018,241.3613,"European Commission, EU spending and revenue 2000-2024 workbook (published 25 Sep 2025)",2026-08-04
MLT,Malta,BUDGET.CUSTOMS,Customs duties collected for the EU budget (traditional own resources),EUR million,2018,16.0659,"European Commission, EU spending and revenue 2000-2024 workbook (published 25 Sep 2025)",2026-08-04
NLD,Netherlands,BUDGET.CUSTOMS,Customs duties collected for the EU budget (traditional own resources),EUR million,2018,3136.7582,"European Commission, EU spending and revenue 2000-2024 workbook (published 25 Sep 2025)",2026-08-04
AUT,Austria,BUDGET.CUSTOMS,Customs duties collected for the EU budget (traditional own resources),EUR million,2018,265.256,"European Commission, EU spending and revenue 2000-2024 workbook (published 25 Sep 2025)",2026-08-04
POL,Poland,BUDGET.CUSTOMS,Customs duties collected for the EU budget (traditional own resources),EUR million,2018,918.7335,"European Commission, EU spending and revenue 2000-2024 workbook (published 25 Sep 2025)",2026-08-04
PRT,Portugal,BUDGET.CUSTOMS,Customs duties collected for the EU budget (traditional own resources),EUR million,2018,219.867,"European Commission, EU spending and revenue 2000-2024 workbook (published 25 Sep 2025)",2026-08-04
ROU,Romania,BUDGET.CUSTOMS,Customs duties collected for the EU budget (traditional own resources),EUR million,2018,219.7807,"European Commission, EU spending and revenue 2000-2024 workbook (published 25 Sep 2025)",2026-08-04
SVN,Slovenia,BUDGET.CUSTOMS,Customs duties collected for the EU budget (traditional own resources),EUR million,2018,87.9931,"European Commission, EU spending and revenue 2000-2024 workbook (published 25 Sep 2025)",2026-08-04
SVK,Slovakia,BUDGET.CUSTOMS,Customs duties collected for the EU budget (traditional own resources),EUR million,2018,116.7271,"European Commission, EU spending and revenue 2000-2024 workbook (published 25 Sep 2025)",2026-08-04
FIN,Finland,BUDGET.CUSTOMS,Customs duties collected for the EU budget (traditional own resources),EUR million,2018,173.331,"European Commission, EU spending and revenue 2000-2024 workbook (published 25 Sep 2025)",2026-08-04
SWE,Sweden,BUDGET.CUSTOMS,Customs duties collected for the EU budget (traditional own resources),EUR million,2018,618.5862,"European Commission, EU spending and revenue 2000-2024 workbook (published 25 Sep 2025)",2026-08-04
GBR,United Kingdom,BUDGET.CUSTOMS,Customs duties collected for the EU budget (traditional own resources),EUR million,2018,3680.702,"European Commission, EU spending and revenue 2000-2024 workbook (published 25 Sep 2025)",2026-08-04
BEL,Belgium,BUDGET.EXPEND,EU expenditure allocated to the member state,EUR million,2019,8776.9429,"European Commission, EU spending and revenue 2000-2024 workbook (published 25 Sep 2025)",2026-08-04
BGR,Bulgaria,BUDGET.EXPEND,EU expenditure allocated to the member state,EUR million,2019,2204.7624,"European Commission, EU spending and revenue 2000-2024 workbook (published 25 Sep 2025)",2026-08-04
CZE,Czechia,BUDGET.EXPEND,EU expenditure allocated to the member state,EUR million,2019,5275.5383,"European Commission, EU spending and revenue 2000-2024 workbook (published 25 Sep 2025)",2026-08-04
DNK,Denmark,BUDGET.EXPEND,EU expenditure allocated to the member state,EUR million,2019,1500.2613,"European Commission, EU spending and revenue 2000-2024 workbook (published 25 Sep 2025)",2026-08-04
DEU,Germany,BUDGET.EXPEND,EU expenditure allocated to the member state,EUR million,2019,12214.1612,"European Commission, EU spending and revenue 2000-2024 workbook (published 25 Sep 2025)",2026-08-04
EST,Estonia,BUDGET.EXPEND,EU expenditure allocated to the member state,EUR million,2019,1169.2118,"European Commission, EU spending and revenue 2000-2024 workbook (published 25 Sep 2025)",2026-08-04
IRL,Ireland,BUDGET.EXPEND,EU expenditure allocated to the member state,EUR million,2019,2070.8362,"European Commission, EU spending and revenue 2000-2024 workbook (published 25 Sep 2025)",2026-08-04
GRC,Greece,BUDGET.EXPEND,EU expenditure allocated to the member state,EUR million,2019,5257.7078,"European Commission, EU spending and revenue 2000-2024 workbook (published 25 Sep 2025)",2026-08-04
ESP,Spain,BUDGET.EXPEND,EU expenditure allocated to the member state,EUR million,2019,11266.8134,"European Commission, EU spending and revenue 2000-2024 workbook (published 25 Sep 2025)",2026-08-04
FRA,France,BUDGET.EXPEND,EU expenditure allocated to the member state,EUR million,2019,15085.6335,"European Commission, EU spending and revenue 2000-2024 workbook (published 25 Sep 2025)",2026-08-04
HRV,Croatia,BUDGET.EXPEND,EU expenditure allocated to the member state,EUR million,2019,2073.675,"European Commission, EU spending and revenue 2000-2024 workbook (published 25 Sep 2025)",2026-08-04
ITA,Italy,BUDGET.EXPEND,EU expenditure allocated to the member state,EUR million,2019,11386.1568,"European Commission, EU spending and revenue 2000-2024 workbook (published 25 Sep 2025)",2026-08-04
CYP,Cyprus,BUDGET.EXPEND,EU expenditure allocated to the member state,EUR million,2019,266.3691,"European Commission, EU spending and revenue 2000-2024 workbook (published 25 Sep 2025)",2026-08-04
LVA,Latvia,BUDGET.EXPEND,EU expenditure allocated to the member state,EUR million,2019,1374.5283,"European Commission, EU spending and revenue 2000-2024 workbook (published 25 Sep 2025)",2026-08-04
LTU,Lithuania,BUDGET.EXPEND,EU expenditure allocated to the member state,EUR million,2019,1549.7384,"European Commission, EU spending and revenue 2000-2024 workbook (published 25 Sep 2025)",2026-08-04
LUX,Luxembourg,BUDGET.EXPEND,EU expenditure allocated to the member state,EUR million,2019,2061.0986,"European Commission, EU spending and revenue 2000-2024 workbook (published 25 Sep 2025)",2026-08-04
HUN,Hungary,BUDGET.EXPEND,EU expenditure allocated to the member state,EUR million,2019,6202.4688,"European Commission, EU spending and revenue 2000-2024 workbook (published 25 Sep 2025)",2026-08-04
MLT,Malta,BUDGET.EXPEND,EU expenditure allocated to the member state,EUR million,2019,260.0466,"European Commission, EU spending and revenue 2000-2024 workbook (published 25 Sep 2025)",2026-08-04
NLD,Netherlands,BUDGET.EXPEND,EU expenditure allocated to the member state,EUR million,2019,2557.0789,"European Commission, EU spending and revenue 2000-2024 workbook (published 25 Sep 2025)",2026-08-04
AUT,Austria,BUDGET.EXPEND,EU expenditure allocated to the member state,EUR million,2019,2022.8214,"European Commission, EU spending and revenue 2000-2024 workbook (published 25 Sep 2025)",2026-08-04
POL,Poland,BUDGET.EXPEND,EU expenditure allocated to the member state,EUR million,2019,16365.5168,"European Commission, EU spending and revenue 2000-2024 workbook (published 25 Sep 2025)",2026-08-04
PRT,Portugal,BUDGET.EXPEND,EU expenditure allocated to the member state,EUR million,2019,4366.5321,"European Commission, EU spending and revenue 2000-2024 workbook (published 25 Sep 2025)",2026-08-04
ROU,Romania,BUDGET.EXPEND,EU expenditure allocated to the member state,EUR million,2019,5133.1881,"European Commission, EU spending and revenue 2000-2024 workbook (published 25 Sep 2025)",2026-08-04
SVN,Slovenia,BUDGET.EXPEND,EU expenditure allocated to the member state,EUR million,2019,936.1538,"European Commission, EU spending and revenue 2000-2024 workbook (published 25 Sep 2025)",2026-08-04
SVK,Slovakia,BUDGET.EXPEND,EU expenditure allocated to the member state,EUR million,2019,2304.3949,"European Commission, EU spending and revenue 2000-2024 workbook (published 25 Sep 2025)",2026-08-04
FIN,Finland,BUDGET.EXPEND,EU expenditure allocated to the member state,EUR million,2019,1541.9756,"European Commission, EU spending and revenue 2000-2024 workbook (published 25 Sep 2025)",2026-08-04
SWE,Sweden,BUDGET.EXPEND,EU expenditure allocated to the member state,EUR million,2019,1705.2304,"European Commission, EU spending and revenue 2000-2024 workbook (published 25 Sep 2025)",2026-08-04
GBR,United Kingdom,BUDGET.EXPEND,EU expenditure allocated to the member state,EUR million,2019,7635.7708,"European Commission, EU spending and revenue 2000-2024 workbook (published 25 Sep 2025)",2026-08-04
BEL,Belgium,BUDGET.CONTRIB,National contributions to the EU budget (excludes customs duties),EUR million,2019,3861.8514,"European Commission, EU spending and revenue 2000-2024 workbook (published 25 Sep 2025)",2026-08-04
BGR,Bulgaria,BUDGET.CONTRIB,National contributions to the EU budget (excludes customs duties),EUR million,2019,488.2896,"European Commission, EU spending and revenue 2000-2024 workbook (published 25 Sep 2025)",2026-08-04
CZE,Czechia,BUDGET.CONTRIB,National contributions to the EU budget (excludes customs duties),EUR million,2019,1712.0882,"European Commission, EU spending and revenue 2000-2024 workbook (published 25 Sep 2025)",2026-08-04
DNK,Denmark,BUDGET.CONTRIB,National contributions to the EU budget (excludes customs duties),EUR million,2019,2405.635,"European Commission, EU spending and revenue 2000-2024 workbook (published 25 Sep 2025)",2026-08-04
DEU,Germany,BUDGET.CONTRIB,National contributions to the EU budget (excludes customs duties),EUR million,2019,25819.9673,"European Commission, EU spending and revenue 2000-2024 workbook (published 25 Sep 2025)",2026-08-04
EST,Estonia,BUDGET.CONTRIB,National contributions to the EU budget (excludes customs duties),EUR million,2019,229.2052,"European Commission, EU spending and revenue 2000-2024 workbook (published 25 Sep 2025)",2026-08-04
IRL,Ireland,BUDGET.CONTRIB,National contributions to the EU budget (excludes customs duties),EUR million,2019,1995.5891,"European Commission, EU spending and revenue 2000-2024 workbook (published 25 Sep 2025)",2026-08-04
GRC,Greece,BUDGET.CONTRIB,National contributions to the EU budget (excludes customs duties),EUR million,2019,1516.601,"European Commission, EU spending and revenue 2000-2024 workbook (published 25 Sep 2025)",2026-08-04
ESP,Spain,BUDGET.CONTRIB,National contributions to the EU budget (excludes customs duties),EUR million,2019,10221.1275,"European Commission, EU spending and revenue 2000-2024 workbook (published 25 Sep 2025)",2026-08-04
FRA,France,BUDGET.CONTRIB,National contributions to the EU budget (excludes customs duties),EUR million,2019,21008.7727,"European Commission, EU spending and revenue 2000-2024 workbook (published 25 Sep 2025)",2026-08-04
HRV,Croatia,BUDGET.CONTRIB,National contributions to the EU budget (excludes customs duties),EUR million,2019,448.6416,"European Commission, EU spending and revenue 2000-2024 workbook (published 25 Sep 2025)",2026-08-04
ITA,Italy,BUDGET.CONTRIB,National contributions to the EU budget (excludes customs duties),EUR million,2019,14956.0371,"European Commission, EU spending and revenue 2000-2024 workbook (published 25 Sep 2025)",2026-08-04
CYP,Cyprus,BUDGET.CONTRIB,National contributions to the EU budget (excludes customs duties),EUR million,2019,184.0639,"European Commission, EU spending and revenue 2000-2024 workbook (published 25 Sep 2025)",2026-08-04
LVA,Latvia,BUDGET.CONTRIB,National contributions to the EU budget (excludes customs duties),EUR million,2019,246.4687,"European Commission, EU spending and revenue 2000-2024 workbook (published 25 Sep 2025)",2026-08-04
LTU,Lithuania,BUDGET.CONTRIB,National contributions to the EU budget (excludes customs duties),EUR million,2019,369.2636,"European Commission, EU spending and revenue 2000-2024 workbook (published 25 Sep 2025)",2026-08-04
LUX,Luxembourg,BUDGET.CONTRIB,National contributions to the EU budget (excludes customs duties),EUR million,2019,364.7939,"European Commission, EU spending and revenue 2000-2024 workbook (published 25 Sep 2025)",2026-08-04
HUN,Hungary,BUDGET.CONTRIB,National contributions to the EU budget (excludes customs duties),EUR million,2019,1089.5752,"European Commission, EU spending and revenue 2000-2024 workbook (published 25 Sep 2025)",2026-08-04
MLT,Malta,BUDGET.CONTRIB,National contributions to the EU budget (excludes customs duties),EUR million,2019,107.2642,"European Commission, EU spending and revenue 2000-2024 workbook (published 25 Sep 2025)",2026-08-04
NLD,Netherlands,BUDGET.CONTRIB,National contributions to the EU budget (excludes customs duties),EUR million,2019,5325.988,"European Commission, EU spending and revenue 2000-2024 workbook (published 25 Sep 2025)",2026-08-04
AUT,Austria,BUDGET.CONTRIB,National contributions to the EU budget (excludes customs duties),EUR million,2019,3147.5843,"European Commission, EU spending and revenue 2000-2024 workbook (published 25 Sep 2025)",2026-08-04
POL,Poland,BUDGET.CONTRIB,National contributions to the EU budget (excludes customs duties),EUR million,2019,4214.0228,"European Commission, EU spending and revenue 2000-2024 workbook (published 25 Sep 2025)",2026-08-04
PRT,Portugal,BUDGET.CONTRIB,National contributions to the EU budget (excludes customs duties),EUR million,2019,1718.946,"European Commission, EU spending and revenue 2000-2024 workbook (published 25 Sep 2025)",2026-08-04
ROU,Romania,BUDGET.CONTRIB,National contributions to the EU budget (excludes customs duties),EUR million,2019,1702.5232,"European Commission, EU spending and revenue 2000-2024 workbook (published 25 Sep 2025)",2026-08-04
SVN,Slovenia,BUDGET.CONTRIB,National contributions to the EU budget (excludes customs duties),EUR million,2019,405.2864,"European Commission, EU spending and revenue 2000-2024 workbook (published 25 Sep 2025)",2026-08-04
SVK,Slovakia,BUDGET.CONTRIB,National contributions to the EU budget (excludes customs duties),EUR million,2019,750.2261,"European Commission, EU spending and revenue 2000-2024 workbook (published 25 Sep 2025)",2026-08-04
FIN,Finland,BUDGET.CONTRIB,National contributions to the EU budget (excludes customs duties),EUR million,2019,2016.396,"European Commission, EU spending and revenue 2000-2024 workbook (published 25 Sep 2025)",2026-08-04
SWE,Sweden,BUDGET.CONTRIB,National contributions to the EU budget (excludes customs duties),EUR million,2019,3042.2442,"European Commission, EU spending and revenue 2000-2024 workbook (published 25 Sep 2025)",2026-08-04
GBR,United Kingdom,BUDGET.CONTRIB,National contributions to the EU budget (excludes customs duties),EUR million,2019,14054.4671,"European Commission, EU spending and revenue 2000-2024 workbook (published 25 Sep 2025)",2026-08-04
BEL,Belgium,BUDGET.GNI,Gross national income (European Commission definition),EUR million,2019,477264.6989,"European Commission, EU spending and revenue 2000-2024 workbook (published 25 Sep 2025)",2026-08-04
BGR,Bulgaria,BUDGET.GNI,Gross national income (European Commission definition),EUR million,2019,61082.8648,"European Commission, EU spending and revenue 2000-2024 workbook (published 25 Sep 2025)",2026-08-04
CZE,Czechia,BUDGET.GNI,Gross national income (European Commission definition),EUR million,2019,210300.9022,"European Commission, EU spending and revenue 2000-2024 workbook (published 25 Sep 2025)",2026-08-04
DNK,Denmark,BUDGET.GNI,Gross national income (European Commission definition),EUR million,2019,319151.701,"European Commission, EU spending and revenue 2000-2024 workbook (published 25 Sep 2025)",2026-08-04
DEU,Germany,BUDGET.GNI,Gross national income (European Commission definition),EUR million,2019,3535372.0,"European Commission, EU spending and revenue 2000-2024 workbook (published 25 Sep 2025)",2026-08-04
EST,Estonia,BUDGET.GNI,Gross national income (European Commission definition),EUR million,2019,27469.4105,"European Commission, EU spending and revenue 2000-2024 workbook (published 25 Sep 2025)",2026-08-04
IRL,Ireland,BUDGET.GNI,Gross national income (European Commission definition),EUR million,2019,267755.28,"European Commission, EU spending and revenue 2000-2024 workbook (published 25 Sep 2025)",2026-08-04
GRC,Greece,BUDGET.GNI,Gross national income (European Commission definition),EUR million,2019,186263.9494,"European Commission, EU spending and revenue 2000-2024 workbook (published 25 Sep 2025)",2026-08-04
ESP,Spain,BUDGET.GNI,Gross national income (European Commission definition),EUR million,2019,1247844.0,"European Commission, EU spending and revenue 2000-2024 workbook (published 25 Sep 2025)",2026-08-04
FRA,France,BUDGET.GNI,Gross national income (European Commission definition),EUR million,2019,2475354.5038,"European Commission, EU spending and revenue 2000-2024 workbook (published 25 Sep 2025)",2026-08-04
HRV,Croatia,BUDGET.GNI,Gross national income (European Commission definition),EUR million,2019,53115.1381,"European Commission, EU spending and revenue 2000-2024 workbook (published 25 Sep 2025)",2026-08-04
ITA,Italy,BUDGET.GNI,Gross national income (European Commission definition),EUR million,2019,1802968.6,"European Commission, EU spending and revenue 2000-2024 workbook (published 25 Sep 2025)",2026-08-04
CYP,Cyprus,BUDGET.GNI,Gross national income (European Commission definition),EUR million,2019,21154.4575,"European Commission, EU spending and revenue 2000-2024 workbook (published 25 Sep 2025)",2026-08-04
LVA,Latvia,BUDGET.GNI,Gross national income (European Commission definition),EUR million,2019,30289.067,"European Commission, EU spending and revenue 2000-2024 workbook (published 25 Sep 2025)",2026-08-04
LTU,Lithuania,BUDGET.GNI,Gross national income (European Commission definition),EUR million,2019,46879.8584,"European Commission, EU spending and revenue 2000-2024 workbook (published 25 Sep 2025)",2026-08-04
LUX,Luxembourg,BUDGET.GNI,Gross national income (European Commission definition),EUR million,2019,43481.8118,"European Commission, EU spending and revenue 2000-2024 workbook (published 25 Sep 2025)",2026-08-04
HUN,Hungary,BUDGET.GNI,Gross national income (European Commission definition),EUR million,2019,138297.7705,"European Commission, EU spending and revenue 2000-2024 workbook (published 25 Sep 2025)",2026-08-04
MLT,Malta,BUDGET.GNI,Gross national income (European Commission definition),EUR million,2019,12085.7497,"European Commission, EU spending and revenue 2000-2024 workbook (published 25 Sep 2025)",2026-08-04
NLD,Netherlands,BUDGET.GNI,Gross national income (European Commission definition),EUR million,2019,814844.0,"European Commission, EU spending and revenue 2000-2024 workbook (published 25 Sep 2025)",2026-08-04
AUT,Austria,BUDGET.GNI,Gross national income (European Commission definition),EUR million,2019,397332.3991,"European Commission, EU spending and revenue 2000-2024 workbook (published 25 Sep 2025)",2026-08-04
POL,Poland,BUDGET.GNI,Gross national income (European Commission definition),EUR million,2019,502729.9346,"European Commission, EU spending and revenue 2000-2024 workbook (published 25 Sep 2025)",2026-08-04
PRT,Portugal,BUDGET.GNI,Gross national income (European Commission definition),EUR million,2019,207238.57,"European Commission, EU spending and revenue 2000-2024 workbook (published 25 Sep 2025)",2026-08-04
ROU,Romania,BUDGET.GNI,Gross national income (European Commission definition),EUR million,2019,220701.0967,"European Commission, EU spending and revenue 2000-2024 workbook (published 25 Sep 2025)",2026-08-04
SVN,Slovenia,BUDGET.GNI,Gross national income (European Commission definition),EUR million,2019,47319.6,"European Commission, EU spending and revenue 2000-2024 workbook (published 25 Sep 2025)",2026-08-04
SVK,Slovakia,BUDGET.GNI,Gross national income (European Commission definition),EUR million,2019,92715.896,"European Commission, EU spending and revenue 2000-2024 workbook (published 25 Sep 2025)",2026-08-04
FIN,Finland,BUDGET.GNI,Gross national income (European Commission definition),EUR million,2019,239535.0,"European Commission, EU spending and revenue 2000-2024 workbook (published 25 Sep 2025)",2026-08-04
SWE,Sweden,BUDGET.GNI,Gross national income (European Commission definition),EUR million,2019,486745.7436,"European Commission, EU spending and revenue 2000-2024 workbook (published 25 Sep 2025)",2026-08-04
GBR,United Kingdom,BUDGET.GNI,Gross national income (European Commission definition),EUR million,2019,2488743.6755,"European Commission, EU spending and revenue 2000-2024 workbook (published 25 Sep 2025)",2026-08-04
BEL,Belgium,BUDGET.ADMIN,EU administrative expenditure allocated to the member state,EUR million,2019,5415.6329,"European Commission, EU spending and revenue 2000-2024 workbook (published 25 Sep 2025)",2026-08-04
BGR,Bulgaria,BUDGET.ADMIN,EU administrative expenditure allocated to the member state,EUR million,2019,11.9234,"European Commission, EU spending and revenue 2000-2024 workbook (published 25 Sep 2025)",2026-08-04
CZE,Czechia,BUDGET.ADMIN,EU administrative expenditure allocated to the member state,EUR million,2019,16.3329,"European Commission, EU spending and revenue 2000-2024 workbook (published 25 Sep 2025)",2026-08-04
DNK,Denmark,BUDGET.ADMIN,EU administrative expenditure allocated to the member state,EUR million,2019,71.3055,"European Commission, EU spending and revenue 2000-2024 workbook (published 25 Sep 2025)",2026-08-04
DEU,Germany,BUDGET.ADMIN,EU administrative expenditure allocated to the member state,EUR million,2019,234.2802,"European Commission, EU spending and revenue 2000-2024 workbook (published 25 Sep 2025)",2026-08-04
EST,Estonia,BUDGET.ADMIN,EU administrative expenditure allocated to the member state,EUR million,2019,11.7798,"European Commission, EU spending and revenue 2000-2024 workbook (published 25 Sep 2025)",2026-08-04
IRL,Ireland,BUDGET.ADMIN,EU administrative expenditure allocated to the member state,EUR million,2019,65.7228,"European Commission, EU spending and revenue 2000-2024 workbook (published 25 Sep 2025)",2026-08-04
GRC,Greece,BUDGET.ADMIN,EU administrative expenditure allocated to the member state,EUR million,2019,34.3829,"European Commission, EU spending and revenue 2000-2024 workbook (published 25 Sep 2025)",2026-08-04
ESP,Spain,BUDGET.ADMIN,EU administrative expenditure allocated to the member state,EUR million,2019,120.8955,"European Commission, EU spending and revenue 2000-2024 workbook (published 25 Sep 2025)",2026-08-04
FRA,France,BUDGET.ADMIN,EU administrative expenditure allocated to the member state,EUR million,2019,439.7056,"European Commission, EU spending and revenue 2000-2024 workbook (published 25 Sep 2025)",2026-08-04
HRV,Croatia,BUDGET.ADMIN,EU administrative expenditure allocated to the member state,EUR million,2019,10.5257,"European Commission, EU spending and revenue 2000-2024 workbook (published 25 Sep 2025)",2026-08-04
ITA,Italy,BUDGET.ADMIN,EU administrative expenditure allocated to the member state,EUR million,2019,211.1805,"European Commission, EU spending and revenue 2000-2024 workbook (published 25 Sep 2025)",2026-08-04
CYP,Cyprus,BUDGET.ADMIN,EU administrative expenditure allocated to the member state,EUR million,2019,6.4893,"European Commission, EU spending and revenue 2000-2024 workbook (published 25 Sep 2025)",2026-08-04
LVA,Latvia,BUDGET.ADMIN,EU administrative expenditure allocated to the member state,EUR million,2019,9.6514,"European Commission, EU spending and revenue 2000-2024 workbook (published 25 Sep 2025)",2026-08-04
LTU,Lithuania,BUDGET.ADMIN,EU administrative expenditure allocated to the member state,EUR million,2019,11.1045,"European Commission, EU spending and revenue 2000-2024 workbook (published 25 Sep 2025)",2026-08-04
LUX,Luxembourg,BUDGET.ADMIN,EU administrative expenditure allocated to the member state,EUR million,2019,1674.0452,"European Commission, EU spending and revenue 2000-2024 workbook (published 25 Sep 2025)",2026-08-04
HUN,Hungary,BUDGET.ADMIN,EU administrative expenditure allocated to the member state,EUR million,2019,16.7459,"European Commission, EU spending and revenue 2000-2024 workbook (published 25 Sep 2025)",2026-08-04
MLT,Malta,BUDGET.ADMIN,EU administrative expenditure allocated to the member state,EUR million,2019,8.009,"European Commission, EU spending and revenue 2000-2024 workbook (published 25 Sep 2025)",2026-08-04
NLD,Netherlands,BUDGET.ADMIN,EU administrative expenditure allocated to the member state,EUR million,2019,102.0005,"European Commission, EU spending and revenue 2000-2024 workbook (published 25 Sep 2025)",2026-08-04
AUT,Austria,BUDGET.ADMIN,EU administrative expenditure allocated to the member state,EUR million,2019,29.2666,"European Commission, EU spending and revenue 2000-2024 workbook (published 25 Sep 2025)",2026-08-04
POL,Poland,BUDGET.ADMIN,EU administrative expenditure allocated to the member state,EUR million,2019,31.3236,"European Commission, EU spending and revenue 2000-2024 workbook (published 25 Sep 2025)",2026-08-04
PRT,Portugal,BUDGET.ADMIN,EU administrative expenditure allocated to the member state,EUR million,2019,48.5818,"European Commission, EU spending and revenue 2000-2024 workbook (published 25 Sep 2025)",2026-08-04
ROU,Romania,BUDGET.ADMIN,EU administrative expenditure allocated to the member state,EUR million,2019,20.415,"European Commission, EU spending and revenue 2000-2024 workbook (published 25 Sep 2025)",2026-08-04
SVN,Slovenia,BUDGET.ADMIN,EU administrative expenditure allocated to the member state,EUR million,2019,9.7716,"European Commission, EU spending and revenue 2000-2024 workbook (published 25 Sep 2025)",2026-08-04
SVK,Slovakia,BUDGET.ADMIN,EU administrative expenditure allocated to the member state,EUR million,2019,12.1715,"European Commission, EU spending and revenue 2000-2024 workbook (published 25 Sep 2025)",2026-08-04
FIN,Finland,BUDGET.ADMIN,EU administrative expenditure allocated to the member state,EUR million,2019,46.9288,"European Commission, EU spending and revenue 2000-2024 workbook (published 25 Sep 2025)",2026-08-04
SWE,Sweden,BUDGET.ADMIN,EU administrative expenditure allocated to the member state,EUR million,2019,41.691,"European Commission, EU spending and revenue 2000-2024 workbook (published 25 Sep 2025)",2026-08-04
GBR,United Kingdom,BUDGET.ADMIN,EU administrative expenditure allocated to the member state,EUR million,2019,140.0449,"European Commission, EU spending and revenue 2000-2024 workbook (published 25 Sep 2025)",2026-08-04
BEL,Belgium,BUDGET.CUSTOMS,Customs duties collected for the EU budget (traditional own resources),EUR million,2019,2793.9652,"European Commission, EU spending and revenue 2000-2024 workbook (published 25 Sep 2025)",2026-08-04
BGR,Bulgaria,BUDGET.CUSTOMS,Customs duties collected for the EU budget (traditional own resources),EUR million,2019,114.5278,"European Commission, EU spending and revenue 2000-2024 workbook (published 25 Sep 2025)",2026-08-04
CZE,Czechia,BUDGET.CUSTOMS,Customs duties collected for the EU budget (traditional own resources),EUR million,2019,358.6065,"European Commission, EU spending and revenue 2000-2024 workbook (published 25 Sep 2025)",2026-08-04
DNK,Denmark,BUDGET.CUSTOMS,Customs duties collected for the EU budget (traditional own resources),EUR million,2019,423.6781,"European Commission, EU spending and revenue 2000-2024 workbook (published 25 Sep 2025)",2026-08-04
DEU,Germany,BUDGET.CUSTOMS,Customs duties collected for the EU budget (traditional own resources),EUR million,2019,5115.1082,"European Commission, EU spending and revenue 2000-2024 workbook (published 25 Sep 2025)",2026-08-04
EST,Estonia,BUDGET.CUSTOMS,Customs duties collected for the EU budget (traditional own resources),EUR million,2019,53.5241,"European Commission, EU spending and revenue 2000-2024 workbook (published 25 Sep 2025)",2026-08-04
IRL,Ireland,BUDGET.CUSTOMS,Customs duties collected for the EU budget (traditional own resources),EUR million,2019,380.3177,"European Commission, EU spending and revenue 2000-2024 workbook (published 25 Sep 2025)",2026-08-04
GRC,Greece,BUDGET.CUSTOMS,Customs duties collected for the EU budget (traditional own resources),EUR million,2019,298.7666,"European Commission, EU spending and revenue 2000-2024 workbook (published 25 Sep 2025)",2026-08-04
ESP,Spain,BUDGET.CUSTOMS,Customs duties collected for the EU budget (traditional own resources),EUR million,2019,1988.8763,"European Commission, EU spending and revenue 2000-2024 workbook (published 25 Sep 2025)",2026-08-04
FRA,France,BUDGET.CUSTOMS,Customs duties collected for the EU budget (traditional own resources),EUR million,2019,2217.5114,"European Commission, EU spending and revenue 2000-2024 workbook (published 25 Sep 2025)",2026-08-04
HRV,Croatia,BUDGET.CUSTOMS,Customs duties collected for the EU budget (traditional own resources),EUR million,2019,48.8273,"European Commission, EU spending and revenue 2000-2024 workbook (published 25 Sep 2025)",2026-08-04
ITA,Italy,BUDGET.CUSTOMS,Customs duties collected for the EU budget (traditional own resources),EUR million,2019,2303.7705,"European Commission, EU spending and revenue 2000-2024 workbook (published 25 Sep 2025)",2026-08-04
CYP,Cyprus,BUDGET.CUSTOMS,Customs duties collected for the EU budget (traditional own resources),EUR million,2019,31.5787,"European Commission, EU spending and revenue 2000-2024 workbook (published 25 Sep 2025)",2026-08-04
LVA,Latvia,BUDGET.CUSTOMS,Customs duties collected for the EU budget (traditional own resources),EUR million,2019,51.0986,"European Commission, EU spending and revenue 2000-2024 workbook (published 25 Sep 2025)",2026-08-04
LTU,Lithuania,BUDGET.CUSTOMS,Customs duties collected for the EU budget (traditional own resources),EUR million,2019,124.3471,"European Commission, EU spending and revenue 2000-2024 workbook (published 25 Sep 2025)",2026-08-04
LUX,Luxembourg,BUDGET.CUSTOMS,Customs duties collected for the EU budget (traditional own resources),EUR million,2019,25.3588,"European Commission, EU spending and revenue 2000-2024 workbook (published 25 Sep 2025)",2026-08-04
HUN,Hungary,BUDGET.CUSTOMS,Customs duties collected for the EU budget (traditional own resources),EUR million,2019,250.1886,"European Commission, EU spending and revenue 2000-2024 workbook (published 25 Sep 2025)",2026-08-04
MLT,Malta,BUDGET.CUSTOMS,Customs duties collected for the EU budget (traditional own resources),EUR million,2019,20.0013,"European Commission, EU spending and revenue 2000-2024 workbook (published 25 Sep 2025)",2026-08-04
NLD,Netherlands,BUDGET.CUSTOMS,Customs duties collected for the EU budget (traditional own resources),EUR million,2019,3411.4025,"European Commission, EU spending and revenue 2000-2024 workbook (published 25 Sep 2025)",2026-08-04
AUT,Austria,BUDGET.CUSTOMS,Customs duties collected for the EU budget (traditional own resources),EUR million,2019,276.409,"European Commission, EU spending and revenue 2000-2024 workbook (published 25 Sep 2025)",2026-08-04
POL,Poland,BUDGET.CUSTOMS,Customs duties collected for the EU budget (traditional own resources),EUR million,2019,1033.6761,"European Commission, EU spending and revenue 2000-2024 workbook (published 25 Sep 2025)",2026-08-04
PRT,Portugal,BUDGET.CUSTOMS,Customs duties collected for the EU budget (traditional own resources),EUR million,2019,231.7102,"European Commission, EU spending and revenue 2000-2024 workbook (published 25 Sep 2025)",2026-08-04
ROU,Romania,BUDGET.CUSTOMS,Customs duties collected for the EU budget (traditional own resources),EUR million,2019,246.6585,"European Commission, EU spending and revenue 2000-2024 workbook (published 25 Sep 2025)",2026-08-04
SVN,Slovenia,BUDGET.CUSTOMS,Customs duties collected for the EU budget (traditional own resources),EUR million,2019,98.5794,"European Commission, EU spending and revenue 2000-2024 workbook (published 25 Sep 2025)",2026-08-04
SVK,Slovakia,BUDGET.CUSTOMS,Customs duties collected for the EU budget (traditional own resources),EUR million,2019,105.3218,"European Commission, EU spending and revenue 2000-2024 workbook (published 25 Sep 2025)",2026-08-04
FIN,Finland,BUDGET.CUSTOMS,Customs duties collected for the EU budget (traditional own resources),EUR million,2019,187.7715,"European Commission, EU spending and revenue 2000-2024 workbook (published 25 Sep 2025)",2026-08-04
SWE,Sweden,BUDGET.CUSTOMS,Customs duties collected for the EU budget (traditional own resources),EUR million,2019,649.4559,"European Commission, EU spending and revenue 2000-2024 workbook (published 25 Sep 2025)",2026-08-04
GBR,United Kingdom,BUDGET.CUSTOMS,Customs duties collected for the EU budget (traditional own resources),EUR million,2019,3865.6693,"European Commission, EU spending and revenue 2000-2024 workbook (published 25 Sep 2025)",2026-08-04
BEL,Belgium,BUDGET.EXPEND,EU expenditure allocated to the member state,EUR million,2020,9051.4595,"European Commission, EU spending and revenue 2000-2024 workbook (published 25 Sep 2025)",2026-08-04
BGR,Bulgaria,BUDGET.EXPEND,EU expenditure allocated to the member state,EUR million,2020,2229.1291,"European Commission, EU spending and revenue 2000-2024 workbook (published 25 Sep 2025)",2026-08-04
CZE,Czechia,BUDGET.EXPEND,EU expenditure allocated to the member state,EUR million,2020,5536.4108,"European Commission, EU spending and revenue 2000-2024 workbook (published 25 Sep 2025)",2026-08-04
DNK,Denmark,BUDGET.EXPEND,EU expenditure allocated to the member state,EUR million,2020,1530.3672,"European Commission, EU spending and revenue 2000-2024 workbook (published 25 Sep 2025)",2026-08-04
DEU,Germany,BUDGET.EXPEND,EU expenditure allocated to the member state,EUR million,2020,12565.5806,"European Commission, EU spending and revenue 2000-2024 workbook (published 25 Sep 2025)",2026-08-04
EST,Estonia,BUDGET.EXPEND,EU expenditure allocated to the member state,EUR million,2020,1084.6717,"European Commission, EU spending and revenue 2000-2024 workbook (published 25 Sep 2025)",2026-08-04
IRL,Ireland,BUDGET.EXPEND,EU expenditure allocated to the member state,EUR million,2020,2254.7196,"European Commission, EU spending and revenue 2000-2024 workbook (published 25 Sep 2025)",2026-08-04
GRC,Greece,BUDGET.EXPEND,EU expenditure allocated to the member state,EUR million,2020,7414.4534,"European Commission, EU spending and revenue 2000-2024 workbook (published 25 Sep 2025)",2026-08-04
ESP,Spain,BUDGET.EXPEND,EU expenditure allocated to the member state,EUR million,2020,12810.0711,"European Commission, EU spending and revenue 2000-2024 workbook (published 25 Sep 2025)",2026-08-04
FRA,France,BUDGET.EXPEND,EU expenditure allocated to the member state,EUR million,2020,15848.854,"European Commission, EU spending and revenue 2000-2024 workbook (published 25 Sep 2025)",2026-08-04
HRV,Croatia,BUDGET.EXPEND,EU expenditure allocated to the member state,EUR million,2020,2688.3797,"European Commission, EU spending and revenue 2000-2024 workbook (published 25 Sep 2025)",2026-08-04
ITA,Italy,BUDGET.EXPEND,EU expenditure allocated to the member state,EUR million,2020,11862.7434,"European Commission, EU spending and revenue 2000-2024 workbook (published 25 Sep 2025)",2026-08-04
CYP,Cyprus,BUDGET.EXPEND,EU expenditure allocated to the member state,EUR million,2020,232.7946,"European Commission, EU spending and revenue 2000-2024 workbook (published 25 Sep 2025)",2026-08-04
LVA,Latvia,BUDGET.EXPEND,EU expenditure allocated to the member state,EUR million,2020,1323.533,"European Commission, EU spending and revenue 2000-2024 workbook (published 25 Sep 2025)",2026-08-04
LTU,Lithuania,BUDGET.EXPEND,EU expenditure allocated to the member state,EUR million,2020,2593.7854,"European Commission, EU spending and revenue 2000-2024 workbook (published 25 Sep 2025)",2026-08-04
LUX,Luxembourg,BUDGET.EXPEND,EU expenditure allocated to the member state,EUR million,2020,2444.7191,"European Commission, EU spending and revenue 2000-2024 workbook (published 25 Sep 2025)",2026-08-04
HUN,Hungary,BUDGET.EXPEND,EU expenditure allocated to the member state,EUR million,2020,6143.6584,"European Commission, EU spending and revenue 2000-2024 workbook (published 25 Sep 2025)",2026-08-04
MLT,Malta,BUDGET.EXPEND,EU expenditure allocated to the member state,EUR million,2020,204.7117,"European Commission, EU spending and revenue 2000-2024 workbook (published 25 Sep 2025)",2026-08-04
NLD,Netherlands,BUDGET.EXPEND,EU expenditure allocated to the member state,EUR million,2020,2735.1985,"European Commission, EU spending and revenue 2000-2024 workbook (published 25 Sep 2025)",2026-08-04
AUT,Austria,BUDGET.EXPEND,EU expenditure allocated to the member state,EUR million,2020,2115.911,"European Commission, EU spending and revenue 2000-2024 workbook (published 25 Sep 2025)",2026-08-04
POL,Poland,BUDGET.EXPEND,EU expenditure allocated to the member state,EUR million,2020,18091.7801,"European Commission, EU spending and revenue 2000-2024 workbook (published 25 Sep 2025)",2026-08-04
PRT,Portugal,BUDGET.EXPEND,EU expenditure allocated to the member state,EUR million,2020,5309.9743,"European Commission, EU spending and revenue 2000-2024 workbook (published 25 Sep 2025)",2026-08-04
ROU,Romania,BUDGET.EXPEND,EU expenditure allocated to the member state,EUR million,2020,6978.0422,"European Commission, EU spending and revenue 2000-2024 workbook (published 25 Sep 2025)",2026-08-04
SVN,Slovenia,BUDGET.EXPEND,EU expenditure allocated to the member state,EUR million,2020,1050.7313,"European Commission, EU spending and revenue 2000-2024 workbook (published 25 Sep 2025)",2026-08-04
SVK,Slovakia,BUDGET.EXPEND,EU expenditure allocated to the member state,EUR million,2020,2593.5699,"European Commission, EU spending and revenue 2000-2024 workbook (published 25 Sep 2025)",2026-08-04
FIN,Finland,BUDGET.EXPEND,EU expenditure allocated to the member state,EUR million,2020,1557.6807,"European Commission, EU spending and revenue 2000-2024 workbook (published 25 Sep 2025)",2026-08-04
SWE,Sweden,BUDGET.EXPEND,EU expenditure allocated to the member state,EUR million,2020,2190.7117,"European Commission, EU spending and revenue 2000-2024 workbook (published 25 Sep 2025)",2026-08-04
GBR,United Kingdom,BUDGET.EXPEND,EU expenditure allocated to the member state,EUR million,2020,6826.7492,"European Commission, EU spending and revenue 2000-2024 workbook (published 25 Sep 2025)",2026-08-04
BEL,Belgium,BUDGET.CONTRIB,National contributions to the EU budget (excludes customs duties),EUR million,2020,4667.8477,"European Commission, EU spending and revenue 2000-2024 workbook (published 25 Sep 2025)",2026-08-04
BGR,Bulgaria,BUDGET.CONTRIB,National contributions to the EU budget (excludes customs duties),EUR million,2020,585.7657,"European Commission, EU spending and revenue 2000-2024 workbook (published 25 Sep 2025)",2026-08-04
CZE,Czechia,BUDGET.CONTRIB,National contributions to the EU budget (excludes customs duties),EUR million,2020,2024.0934,"European Commission, EU spending and revenue 2000-2024 workbook (published 25 Sep 2025)",2026-08-04
DNK,Denmark,BUDGET.CONTRIB,National contributions to the EU budget (excludes customs duties),EUR million,2020,2819.4887,"European Commission, EU spending and revenue 2000-2024 workbook (published 25 Sep 2025)",2026-08-04
DEU,Germany,BUDGET.CONTRIB,National contributions to the EU budget (excludes customs duties),EUR million,2020,28064.3445,"European Commission, EU spending and revenue 2000-2024 workbook (published 25 Sep 2025)",2026-08-04
EST,Estonia,BUDGET.CONTRIB,National contributions to the EU budget (excludes customs duties),EUR million,2020,278.3021,"European Commission, EU spending and revenue 2000-2024 workbook (published 25 Sep 2025)",2026-08-04
IRL,Ireland,BUDGET.CONTRIB,National contributions to the EU budget (excludes customs duties),EUR million,2020,2380.2215,"European Commission, EU spending and revenue 2000-2024 workbook (published 25 Sep 2025)",2026-08-04
GRC,Greece,BUDGET.CONTRIB,National contributions to the EU budget (excludes customs duties),EUR million,2020,1654.5403,"European Commission, EU spending and revenue 2000-2024 workbook (published 25 Sep 2025)",2026-08-04
ESP,Spain,BUDGET.CONTRIB,National contributions to the EU budget (excludes customs duties),EUR million,2020,11040.3064,"European Commission, EU spending and revenue 2000-2024 workbook (published 25 Sep 2025)",2026-08-04
FRA,France,BUDGET.CONTRIB,National contributions to the EU budget (excludes customs duties),EUR million,2020,23689.3904,"European Commission, EU spending and revenue 2000-2024 workbook (published 25 Sep 2025)",2026-08-04
HRV,Croatia,BUDGET.CONTRIB,National contributions to the EU budget (excludes customs duties),EUR million,2020,503.2027,"European Commission, EU spending and revenue 2000-2024 workbook (published 25 Sep 2025)",2026-08-04
ITA,Italy,BUDGET.CONTRIB,National contributions to the EU budget (excludes customs duties),EUR million,2020,16597.6146,"European Commission, EU spending and revenue 2000-2024 workbook (published 25 Sep 2025)",2026-08-04
CYP,Cyprus,BUDGET.CONTRIB,National contributions to the EU budget (excludes customs duties),EUR million,2020,219.3074,"European Commission, EU spending and revenue 2000-2024 workbook (published 25 Sep 2025)",2026-08-04
LVA,Latvia,BUDGET.CONTRIB,National contributions to the EU budget (excludes customs duties),EUR million,2020,285.0766,"European Commission, EU spending and revenue 2000-2024 workbook (published 25 Sep 2025)",2026-08-04
LTU,Lithuania,BUDGET.CONTRIB,National contributions to the EU budget (excludes customs duties),EUR million,2020,447.5375,"European Commission, EU spending and revenue 2000-2024 workbook (published 25 Sep 2025)",2026-08-04
LUX,Luxembourg,BUDGET.CONTRIB,National contributions to the EU budget (excludes customs duties),EUR million,2020,388.0688,"European Commission, EU spending and revenue 2000-2024 workbook (published 25 Sep 2025)",2026-08-04
HUN,Hungary,BUDGET.CONTRIB,National contributions to the EU budget (excludes customs duties),EUR million,2020,1298.5088,"European Commission, EU spending and revenue 2000-2024 workbook (published 25 Sep 2025)",2026-08-04
MLT,Malta,BUDGET.CONTRIB,National contributions to the EU budget (excludes customs duties),EUR million,2020,116.4639,"European Commission, EU spending and revenue 2000-2024 workbook (published 25 Sep 2025)",2026-08-04
NLD,Netherlands,BUDGET.CONTRIB,National contributions to the EU budget (excludes customs duties),EUR million,2020,5845.7869,"European Commission, EU spending and revenue 2000-2024 workbook (published 25 Sep 2025)",2026-08-04
AUT,Austria,BUDGET.CONTRIB,National contributions to the EU budget (excludes customs duties),EUR million,2020,3550.1194,"European Commission, EU spending and revenue 2000-2024 workbook (published 25 Sep 2025)",2026-08-04
POL,Poland,BUDGET.CONTRIB,National contributions to the EU budget (excludes customs duties),EUR million,2020,4880.9642,"European Commission, EU spending and revenue 2000-2024 workbook (published 25 Sep 2025)",2026-08-04
PRT,Portugal,BUDGET.CONTRIB,National contributions to the EU budget (excludes customs duties),EUR million,2020,2009.1606,"European Commission, EU spending and revenue 2000-2024 workbook (published 25 Sep 2025)",2026-08-04
ROU,Romania,BUDGET.CONTRIB,National contributions to the EU budget (excludes customs duties),EUR million,2020,2052.2514,"European Commission, EU spending and revenue 2000-2024 workbook (published 25 Sep 2025)",2026-08-04
SVN,Slovenia,BUDGET.CONTRIB,National contributions to the EU budget (excludes customs duties),EUR million,2020,456.5371,"European Commission, EU spending and revenue 2000-2024 workbook (published 25 Sep 2025)",2026-08-04
SVK,Slovakia,BUDGET.CONTRIB,National contributions to the EU budget (excludes customs duties),EUR million,2020,877.3923,"European Commission, EU spending and revenue 2000-2024 workbook (published 25 Sep 2025)",2026-08-04
FIN,Finland,BUDGET.CONTRIB,National contributions to the EU budget (excludes customs duties),EUR million,2020,2318.2917,"European Commission, EU spending and revenue 2000-2024 workbook (published 25 Sep 2025)",2026-08-04
SWE,Sweden,BUDGET.CONTRIB,National contributions to the EU budget (excludes customs duties),EUR million,2020,4097.4454,"European Commission, EU spending and revenue 2000-2024 workbook (published 25 Sep 2025)",2026-08-04
GBR,United Kingdom,BUDGET.CONTRIB,National contributions to the EU budget (excludes customs duties),EUR million,2020,17075.3515,"European Commission, EU spending and revenue 2000-2024 workbook (published 25 Sep 2025)",2026-08-04
BEL,Belgium,BUDGET.GNI,Gross national income (European Commission definition),EUR million,2020,457502.8707,"European Commission, EU spending and revenue 2000-2024 workbook (published 25 Sep 2025)",2026-08-04
BGR,Bulgaria,BUDGET.GNI,Gross national income (European Commission definition),EUR million,2020,61559.686,"European Commission, EU spending and revenue 2000-2024 workbook (published 25 Sep 2025)",2026-08-04
CZE,Czechia,BUDGET.GNI,Gross national income (European Commission definition),EUR million,2020,201081.8893,"European Commission, EU spending and revenue 2000-2024 workbook (published 25 Sep 2025)",2026-08-04
DNK,Denmark,BUDGET.GNI,Gross national income (European Commission definition),EUR million,2020,320944.2501,"European Commission, EU spending and revenue 2000-2024 workbook (published 25 Sep 2025)",2026-08-04
DEU,Germany,BUDGET.GNI,Gross national income (European Commission definition),EUR million,2020,3427144.0,"European Commission, EU spending and revenue 2000-2024 workbook (published 25 Sep 2025)",2026-08-04
EST,Estonia,BUDGET.GNI,Gross national income (European Commission definition),EUR million,2020,26808.5883,"European Commission, EU spending and revenue 2000-2024 workbook (published 25 Sep 2025)",2026-08-04
IRL,Ireland,BUDGET.GNI,Gross national income (European Commission definition),EUR million,2020,277542.01,"European Commission, EU spending and revenue 2000-2024 workbook (published 25 Sep 2025)",2026-08-04
GRC,Greece,BUDGET.GNI,Gross national income (European Commission definition),EUR million,2020,164887.9189,"European Commission, EU spending and revenue 2000-2024 workbook (published 25 Sep 2025)",2026-08-04
ESP,Spain,BUDGET.GNI,Gross national income (European Commission definition),EUR million,2020,1126812.0,"European Commission, EU spending and revenue 2000-2024 workbook (published 25 Sep 2025)",2026-08-04
FRA,France,BUDGET.GNI,Gross national income (European Commission definition),EUR million,2020,2334205.8693,"European Commission, EU spending and revenue 2000-2024 workbook (published 25 Sep 2025)",2026-08-04
HRV,Croatia,BUDGET.GNI,Gross national income (European Commission definition),EUR million,2020,49500.4149,"European Commission, EU spending and revenue 2000-2024 workbook (published 25 Sep 2025)",2026-08-04
ITA,Italy,BUDGET.GNI,Gross national income (European Commission definition),EUR million,2020,1668655.9,"European Commission, EU spending and revenue 2000-2024 workbook (published 25 Sep 2025)",2026-08-04
CYP,Cyprus,BUDGET.GNI,Gross national income (European Commission definition),EUR million,2020,19939.0065,"European Commission, EU spending and revenue 2000-2024 workbook (published 25 Sep 2025)",2026-08-04
LVA,Latvia,BUDGET.GNI,Gross national income (European Commission definition),EUR million,2020,29378.0,"European Commission, EU spending and revenue 2000-2024 workbook (published 25 Sep 2025)",2026-08-04
LTU,Lithuania,BUDGET.GNI,Gross national income (European Commission definition),EUR million,2020,47191.4115,"European Commission, EU spending and revenue 2000-2024 workbook (published 25 Sep 2025)",2026-08-04
LUX,Luxembourg,BUDGET.GNI,Gross national income (European Commission definition),EUR million,2020,43165.0551,"European Commission, EU spending and revenue 2000-2024 workbook (published 25 Sep 2025)",2026-08-04
HUN,Hungary,BUDGET.GNI,Gross national income (European Commission definition),EUR million,2020,133754.0767,"European Commission, EU spending and revenue 2000-2024 workbook (published 25 Sep 2025)",2026-08-04
MLT,Malta,BUDGET.GNI,Gross national income (European Commission definition),EUR million,2020,11569.19,"European Commission, EU spending and revenue 2000-2024 workbook (published 25 Sep 2025)",2026-08-04
NLD,Netherlands,BUDGET.GNI,Gross national income (European Commission definition),EUR million,2020,789719.0,"European Commission, EU spending and revenue 2000-2024 workbook (published 25 Sep 2025)",2026-08-04
AUT,Austria,BUDGET.GNI,Gross national income (European Commission definition),EUR million,2020,374813.4977,"European Commission, EU spending and revenue 2000-2024 workbook (published 25 Sep 2025)",2026-08-04
POL,Poland,BUDGET.GNI,Gross national income (European Commission definition),EUR million,2020,502850.5416,"European Commission, EU spending and revenue 2000-2024 workbook (published 25 Sep 2025)",2026-08-04
PRT,Portugal,BUDGET.GNI,Gross national income (European Commission definition),EUR million,2020,199433.68,"European Commission, EU spending and revenue 2000-2024 workbook (published 25 Sep 2025)",2026-08-04
ROU,Romania,BUDGET.GNI,Gross national income (European Commission definition),EUR million,2020,215421.3935,"European Commission, EU spending and revenue 2000-2024 workbook (published 25 Sep 2025)",2026-08-04
SVN,Slovenia,BUDGET.GNI,Gross national income (European Commission definition),EUR million,2020,44807.155,"European Commission, EU spending and revenue 2000-2024 workbook (published 25 Sep 2025)",2026-08-04
SVK,Slovakia,BUDGET.GNI,Gross national income (European Commission definition),EUR million,2020,89982.03,"European Commission, EU spending and revenue 2000-2024 workbook (published 25 Sep 2025)",2026-08-04
FIN,Finland,BUDGET.GNI,Gross national income (European Commission definition),EUR million,2020,240061.0,"European Commission, EU spending and revenue 2000-2024 workbook (published 25 Sep 2025)",2026-08-04
SWE,Sweden,BUDGET.GNI,Gross national income (European Commission definition),EUR million,2020,487012.3169,"European Commission, EU spending and revenue 2000-2024 workbook (published 25 Sep 2025)",2026-08-04
GBR,United Kingdom,BUDGET.GNI,Gross national income (European Commission definition),EUR million,2020,2330977.2694,"European Commission, EU spending and revenue 2000-2024 workbook (published 25 Sep 2025)",2026-08-04
BEL,Belgium,BUDGET.ADMIN,EU administrative expenditure allocated to the member state,EUR million,2020,5094.4371,"European Commission, EU spending and revenue 2000-2024 workbook (published 25 Sep 2025)",2026-08-04
BGR,Bulgaria,BUDGET.ADMIN,EU administrative expenditure allocated to the member state,EUR million,2020,8.6525,"European Commission, EU spending and revenue 2000-2024 workbook (published 25 Sep 2025)",2026-08-04
CZE,Czechia,BUDGET.ADMIN,EU administrative expenditure allocated to the member state,EUR million,2020,14.478,"European Commission, EU spending and revenue 2000-2024 workbook (published 25 Sep 2025)",2026-08-04
DNK,Denmark,BUDGET.ADMIN,EU administrative expenditure allocated to the member state,EUR million,2020,68.7111,"European Commission, EU spending and revenue 2000-2024 workbook (published 25 Sep 2025)",2026-08-04
DEU,Germany,BUDGET.ADMIN,EU administrative expenditure allocated to the member state,EUR million,2020,244.6168,"European Commission, EU spending and revenue 2000-2024 workbook (published 25 Sep 2025)",2026-08-04
EST,Estonia,BUDGET.ADMIN,EU administrative expenditure allocated to the member state,EUR million,2020,10.6033,"European Commission, EU spending and revenue 2000-2024 workbook (published 25 Sep 2025)",2026-08-04
IRL,Ireland,BUDGET.ADMIN,EU administrative expenditure allocated to the member state,EUR million,2020,66.3878,"European Commission, EU spending and revenue 2000-2024 workbook (published 25 Sep 2025)",2026-08-04
GRC,Greece,BUDGET.ADMIN,EU administrative expenditure allocated to the member state,EUR million,2020,31.207,"European Commission, EU spending and revenue 2000-2024 workbook (published 25 Sep 2025)",2026-08-04
ESP,Spain,BUDGET.ADMIN,EU administrative expenditure allocated to the member state,EUR million,2020,120.7961,"European Commission, EU spending and revenue 2000-2024 workbook (published 25 Sep 2025)",2026-08-04
FRA,France,BUDGET.ADMIN,EU administrative expenditure allocated to the member state,EUR million,2020,409.6954,"European Commission, EU spending and revenue 2000-2024 workbook (published 25 Sep 2025)",2026-08-04
HRV,Croatia,BUDGET.ADMIN,EU administrative expenditure allocated to the member state,EUR million,2020,9.477,"European Commission, EU spending and revenue 2000-2024 workbook (published 25 Sep 2025)",2026-08-04
ITA,Italy,BUDGET.ADMIN,EU administrative expenditure allocated to the member state,EUR million,2020,201.6057,"European Commission, EU spending and revenue 2000-2024 workbook (published 25 Sep 2025)",2026-08-04
CYP,Cyprus,BUDGET.ADMIN,EU administrative expenditure allocated to the member state,EUR million,2020,4.8611,"European Commission, EU spending and revenue 2000-2024 workbook (published 25 Sep 2025)",2026-08-04
LVA,Latvia,BUDGET.ADMIN,EU administrative expenditure allocated to the member state,EUR million,2020,8.6493,"European Commission, EU spending and revenue 2000-2024 workbook (published 25 Sep 2025)",2026-08-04
LTU,Lithuania,BUDGET.ADMIN,EU administrative expenditure allocated to the member state,EUR million,2020,10.6333,"European Commission, EU spending and revenue 2000-2024 workbook (published 25 Sep 2025)",2026-08-04
LUX,Luxembourg,BUDGET.ADMIN,EU administrative expenditure allocated to the member state,EUR million,2020,1696.1706,"European Commission, EU spending and revenue 2000-2024 workbook (published 25 Sep 2025)",2026-08-04
HUN,Hungary,BUDGET.ADMIN,EU administrative expenditure allocated to the member state,EUR million,2020,10.6893,"European Commission, EU spending and revenue 2000-2024 workbook (published 25 Sep 2025)",2026-08-04
MLT,Malta,BUDGET.ADMIN,EU administrative expenditure allocated to the member state,EUR million,2020,7.6431,"European Commission, EU spending and revenue 2000-2024 workbook (published 25 Sep 2025)",2026-08-04
NLD,Netherlands,BUDGET.ADMIN,EU administrative expenditure allocated to the member state,EUR million,2020,91.4511,"European Commission, EU spending and revenue 2000-2024 workbook (published 25 Sep 2025)",2026-08-04
AUT,Austria,BUDGET.ADMIN,EU administrative expenditure allocated to the member state,EUR million,2020,29.3272,"European Commission, EU spending and revenue 2000-2024 workbook (published 25 Sep 2025)",2026-08-04
POL,Poland,BUDGET.ADMIN,EU administrative expenditure allocated to the member state,EUR million,2020,26.3913,"European Commission, EU spending and revenue 2000-2024 workbook (published 25 Sep 2025)",2026-08-04
PRT,Portugal,BUDGET.ADMIN,EU administrative expenditure allocated to the member state,EUR million,2020,47.0849,"European Commission, EU spending and revenue 2000-2024 workbook (published 25 Sep 2025)",2026-08-04
ROU,Romania,BUDGET.ADMIN,EU administrative expenditure allocated to the member state,EUR million,2020,14.8726,"European Commission, EU spending and revenue 2000-2024 workbook (published 25 Sep 2025)",2026-08-04
SVN,Slovenia,BUDGET.ADMIN,EU administrative expenditure allocated to the member state,EUR million,2020,10.1752,"European Commission, EU spending and revenue 2000-2024 workbook (published 25 Sep 2025)",2026-08-04
SVK,Slovakia,BUDGET.ADMIN,EU administrative expenditure allocated to the member state,EUR million,2020,11.7248,"European Commission, EU spending and revenue 2000-2024 workbook (published 25 Sep 2025)",2026-08-04
FIN,Finland,BUDGET.ADMIN,EU administrative expenditure allocated to the member state,EUR million,2020,43.8353,"European Commission, EU spending and revenue 2000-2024 workbook (published 25 Sep 2025)",2026-08-04
SWE,Sweden,BUDGET.ADMIN,EU administrative expenditure allocated to the member state,EUR million,2020,39.5352,"European Commission, EU spending and revenue 2000-2024 workbook (published 25 Sep 2025)",2026-08-04
GBR,United Kingdom,BUDGET.ADMIN,EU administrative expenditure allocated to the member state,EUR million,2020,111.415,"European Commission, EU spending and revenue 2000-2024 workbook (published 25 Sep 2025)",2026-08-04
BEL,Belgium,BUDGET.CUSTOMS,Customs duties collected for the EU budget (traditional own resources),EUR million,2020,2408.9888,"European Commission, EU spending and revenue 2000-2024 workbook (published 25 Sep 2025)",2026-08-04
BGR,Bulgaria,BUDGET.CUSTOMS,Customs duties collected for the EU budget (traditional own resources),EUR million,2020,109.0359,"European Commission, EU spending and revenue 2000-2024 workbook (published 25 Sep 2025)",2026-08-04
CZE,Czechia,BUDGET.CUSTOMS,Customs duties collected for the EU budget (traditional own resources),EUR million,2020,311.2537,"European Commission, EU spending and revenue 2000-2024 workbook (published 25 Sep 2025)",2026-08-04
DNK,Denmark,BUDGET.CUSTOMS,Customs duties collected for the EU budget (traditional own resources),EUR million,2020,422.3466,"European Commission, EU spending and revenue 2000-2024 workbook (published 25 Sep 2025)",2026-08-04
DEU,Germany,BUDGET.CUSTOMS,Customs duties collected for the EU budget (traditional own resources),EUR million,2020,4838.2588,"European Commission, EU spending and revenue 2000-2024 workbook (published 25 Sep 2025)",2026-08-04
EST,Estonia,BUDGET.CUSTOMS,Customs duties collected for the EU budget (traditional own resources),EUR million,2020,41.5755,"European Commission, EU spending and revenue 2000-2024 workbook (published 25 Sep 2025)",2026-08-04
IRL,Ireland,BUDGET.CUSTOMS,Customs duties collected for the EU budget (traditional own resources),EUR million,2020,293.298,"European Commission, EU spending and revenue 2000-2024 workbook (published 25 Sep 2025)",2026-08-04
GRC,Greece,BUDGET.CUSTOMS,Customs duties collected for the EU budget (traditional own resources),EUR million,2020,253.3514,"European Commission, EU spending and revenue 2000-2024 workbook (published 25 Sep 2025)",2026-08-04
ESP,Spain,BUDGET.CUSTOMS,Customs duties collected for the EU budget (traditional own resources),EUR million,2020,1672.688,"European Commission, EU spending and revenue 2000-2024 workbook (published 25 Sep 2025)",2026-08-04
FRA,France,BUDGET.CUSTOMS,Customs duties collected for the EU budget (traditional own resources),EUR million,2020,2066.0194,"European Commission, EU spending and revenue 2000-2024 workbook (published 25 Sep 2025)",2026-08-04
HRV,Croatia,BUDGET.CUSTOMS,Customs duties collected for the EU budget (traditional own resources),EUR million,2020,47.0648,"European Commission, EU spending and revenue 2000-2024 workbook (published 25 Sep 2025)",2026-08-04
ITA,Italy,BUDGET.CUSTOMS,Customs duties collected for the EU budget (traditional own resources),EUR million,2020,1978.5388,"European Commission, EU spending and revenue 2000-2024 workbook (published 25 Sep 2025)",2026-08-04
CYP,Cyprus,BUDGET.CUSTOMS,Customs duties collected for the EU budget (traditional own resources),EUR million,2020,32.1214,"European Commission, EU spending and revenue 2000-2024 workbook (published 25 Sep 2025)",2026-08-04
LVA,Latvia,BUDGET.CUSTOMS,Customs duties collected for the EU budget (traditional own resources),EUR million,2020,48.0748,"European Commission, EU spending and revenue 2000-2024 workbook (published 25 Sep 2025)",2026-08-04
LTU,Lithuania,BUDGET.CUSTOMS,Customs duties collected for the EU budget (traditional own resources),EUR million,2020,125.3205,"European Commission, EU spending and revenue 2000-2024 workbook (published 25 Sep 2025)",2026-08-04
LUX,Luxembourg,BUDGET.CUSTOMS,Customs duties collected for the EU budget (traditional own resources),EUR million,2020,24.1063,"European Commission, EU spending and revenue 2000-2024 workbook (published 25 Sep 2025)",2026-08-04
HUN,Hungary,BUDGET.CUSTOMS,Customs duties collected for the EU budget (traditional own resources),EUR million,2020,221.3206,"European Commission, EU spending and revenue 2000-2024 workbook (published 25 Sep 2025)",2026-08-04
MLT,Malta,BUDGET.CUSTOMS,Customs duties collected for the EU budget (traditional own resources),EUR million,2020,16.0061,"European Commission, EU spending and revenue 2000-2024 workbook (published 25 Sep 2025)",2026-08-04
NLD,Netherlands,BUDGET.CUSTOMS,Customs duties collected for the EU budget (traditional own resources),EUR million,2020,3969.351,"European Commission, EU spending and revenue 2000-2024 workbook (published 25 Sep 2025)",2026-08-04
AUT,Austria,BUDGET.CUSTOMS,Customs duties collected for the EU budget (traditional own resources),EUR million,2020,261.955,"European Commission, EU spending and revenue 2000-2024 workbook (published 25 Sep 2025)",2026-08-04
POL,Poland,BUDGET.CUSTOMS,Customs duties collected for the EU budget (traditional own resources),EUR million,2020,991.0534,"European Commission, EU spending and revenue 2000-2024 workbook (published 25 Sep 2025)",2026-08-04
PRT,Portugal,BUDGET.CUSTOMS,Customs duties collected for the EU budget (traditional own resources),EUR million,2020,204.7801,"European Commission, EU spending and revenue 2000-2024 workbook (published 25 Sep 2025)",2026-08-04
ROU,Romania,BUDGET.CUSTOMS,Customs duties collected for the EU budget (traditional own resources),EUR million,2020,229.6792,"European Commission, EU spending and revenue 2000-2024 workbook (published 25 Sep 2025)",2026-08-04
SVN,Slovenia,BUDGET.CUSTOMS,Customs duties collected for the EU budget (traditional own resources),EUR million,2020,97.3629,"European Commission, EU spending and revenue 2000-2024 workbook (published 25 Sep 2025)",2026-08-04
SVK,Slovakia,BUDGET.CUSTOMS,Customs duties collected for the EU budget (traditional own resources),EUR million,2020,99.5233,"European Commission, EU spending and revenue 2000-2024 workbook (published 25 Sep 2025)",2026-08-04
FIN,Finland,BUDGET.CUSTOMS,Customs duties collected for the EU budget (traditional own resources),EUR million,2020,174.1467,"European Commission, EU spending and revenue 2000-2024 workbook (published 25 Sep 2025)",2026-08-04
SWE,Sweden,BUDGET.CUSTOMS,Customs duties collected for the EU budget (traditional own resources),EUR million,2020,603.3478,"European Commission, EU spending and revenue 2000-2024 workbook (published 25 Sep 2025)",2026-08-04
GBR,United Kingdom,BUDGET.CUSTOMS,Customs duties collected for the EU budget (traditional own resources),EUR million,2020,3292.6115,"European Commission, EU spending and revenue 2000-2024 workbook (published 25 Sep 2025)",2026-08-04
BEL,Belgium,BUDGET.EXPEND,EU expenditure allocated to the member state,EUR million,2021,9639.8858,"European Commission, EU spending and revenue 2000-2024 workbook (published 25 Sep 2025)",2026-08-04
BGR,Bulgaria,BUDGET.EXPEND,EU expenditure allocated to the member state,EUR million,2021,2560.6245,"European Commission, EU spending and revenue 2000-2024 workbook (published 25 Sep 2025)",2026-08-04
CZE,Czechia,BUDGET.EXPEND,EU expenditure allocated to the member state,EUR million,2021,5407.4794,"European Commission, EU spending and revenue 2000-2024 workbook (published 25 Sep 2025)",2026-08-04
DNK,Denmark,BUDGET.EXPEND,EU expenditure allocated to the member state,EUR million,2021,1637.2525,"European Commission, EU spending and revenue 2000-2024 workbook (published 25 Sep 2025)",2026-08-04
DEU,Germany,BUDGET.EXPEND,EU expenditure allocated to the member state,EUR million,2021,11834.2786,"European Commission, EU spending and revenue 2000-2024 workbook (published 25 Sep 2025)",2026-08-04
EST,Estonia,BUDGET.EXPEND,EU expenditure allocated to the member state,EUR million,2021,1081.8451,"European Commission, EU spending and revenue 2000-2024 workbook (published 25 Sep 2025)",2026-08-04
IRL,Ireland,BUDGET.EXPEND,EU expenditure allocated to the member state,EUR million,2021,2686.4502,"European Commission, EU spending and revenue 2000-2024 workbook (published 25 Sep 2025)",2026-08-04
GRC,Greece,BUDGET.EXPEND,EU expenditure allocated to the member state,EUR million,2021,6282.2613,"European Commission, EU spending and revenue 2000-2024 workbook (published 25 Sep 2025)",2026-08-04
ESP,Spain,BUDGET.EXPEND,EU expenditure allocated to the member state,EUR million,2021,16190.1578,"European Commission, EU spending and revenue 2000-2024 workbook (published 25 Sep 2025)",2026-08-04
FRA,France,BUDGET.EXPEND,EU expenditure allocated to the member state,EUR million,2021,15729.3405,"European Commission, EU spending and revenue 2000-2024 workbook (published 25 Sep 2025)",2026-08-04
HRV,Croatia,BUDGET.EXPEND,EU expenditure allocated to the member state,EUR million,2021,2352.0431,"European Commission, EU spending and revenue 2000-2024 workbook (published 25 Sep 2025)",2026-08-04
ITA,Italy,BUDGET.EXPEND,EU expenditure allocated to the member state,EUR million,2021,16745.6053,"European Commission, EU spending and revenue 2000-2024 workbook (published 25 Sep 2025)",2026-08-04
CYP,Cyprus,BUDGET.EXPEND,EU expenditure allocated to the member state,EUR million,2021,424.2918,"European Commission, EU spending and revenue 2000-2024 workbook (published 25 Sep 2025)",2026-08-04
LVA,Latvia,BUDGET.EXPEND,EU expenditure allocated to the member state,EUR million,2021,1243.648,"European Commission, EU spending and revenue 2000-2024 workbook (published 25 Sep 2025)",2026-08-04
LTU,Lithuania,BUDGET.EXPEND,EU expenditure allocated to the member state,EUR million,2021,2172.8807,"European Commission, EU spending and revenue 2000-2024 workbook (published 25 Sep 2025)",2026-08-04
LUX,Luxembourg,BUDGET.EXPEND,EU expenditure allocated to the member state,EUR million,2021,2492.5866,"European Commission, EU spending and revenue 2000-2024 workbook (published 25 Sep 2025)",2026-08-04
HUN,Hungary,BUDGET.EXPEND,EU expenditure allocated to the member state,EUR million,2021,5973.7096,"European Commission, EU spending and revenue 2000-2024 workbook (published 25 Sep 2025)",2026-08-04
MLT,Malta,BUDGET.EXPEND,EU expenditure allocated to the member state,EUR million,2021,221.8147,"European Commission, EU spending and revenue 2000-2024 workbook (published 25 Sep 2025)",2026-08-04
NLD,Netherlands,BUDGET.EXPEND,EU expenditure allocated to the member state,EUR million,2021,2624.4251,"European Commission, EU spending and revenue 2000-2024 workbook (published 25 Sep 2025)",2026-08-04
AUT,Austria,BUDGET.EXPEND,EU expenditure allocated to the member state,EUR million,2021,2224.6443,"European Commission, EU spending and revenue 2000-2024 workbook (published 25 Sep 2025)",2026-08-04
POL,Poland,BUDGET.EXPEND,EU expenditure allocated to the member state,EUR million,2021,18727.3968,"European Commission, EU spending and revenue 2000-2024 workbook (published 25 Sep 2025)",2026-08-04
PRT,Portugal,BUDGET.EXPEND,EU expenditure allocated to the member state,EUR million,2021,5633.352,"European Commission, EU spending and revenue 2000-2024 workbook (published 25 Sep 2025)",2026-08-04
ROU,Romania,BUDGET.EXPEND,EU expenditure allocated to the member state,EUR million,2021,6637.7813,"European Commission, EU spending and revenue 2000-2024 workbook (published 25 Sep 2025)",2026-08-04
SVN,Slovenia,BUDGET.EXPEND,EU expenditure allocated to the member state,EUR million,2021,1010.7633,"European Commission, EU spending and revenue 2000-2024 workbook (published 25 Sep 2025)",2026-08-04
SVK,Slovakia,BUDGET.EXPEND,EU expenditure allocated to the member state,EUR million,2021,2743.1228,"European Commission, EU spending and revenue 2000-2024 workbook (published 25 Sep 2025)",2026-08-04
FIN,Finland,BUDGET.EXPEND,EU expenditure allocated to the member state,EUR million,2021,1600.2022,"European Commission, EU spending and revenue 2000-2024 workbook (published 25 Sep 2025)",2026-08-04
SWE,Sweden,BUDGET.EXPEND,EU expenditure allocated to the member state,EUR million,2021,2070.9814,"European Commission, EU spending and revenue 2000-2024 workbook (published 25 Sep 2025)",2026-08-04
BEL,Belgium,BUDGET.CONTRIB,National contributions to the EU budget (excludes customs duties),EUR million,2021,5033.3491,"European Commission, EU spending and revenue 2000-2024 workbook (published 25 Sep 2025)",2026-08-04
BGR,Bulgaria,BUDGET.CONTRIB,National contributions to the EU budget (excludes customs duties),EUR million,2021,687.6152,"European Commission, EU spending and revenue 2000-2024 workbook (published 25 Sep 2025)",2026-08-04
CZE,Czechia,BUDGET.CONTRIB,National contributions to the EU budget (excludes customs duties),EUR million,2021,2265.8362,"European Commission, EU spending and revenue 2000-2024 workbook (published 25 Sep 2025)",2026-08-04
DNK,Denmark,BUDGET.CONTRIB,National contributions to the EU budget (excludes customs duties),EUR million,2021,3056.8544,"European Commission, EU spending and revenue 2000-2024 workbook (published 25 Sep 2025)",2026-08-04
DEU,Germany,BUDGET.CONTRIB,National contributions to the EU budget (excludes customs duties),EUR million,2021,33157.8356,"European Commission, EU spending and revenue 2000-2024 workbook (published 25 Sep 2025)",2026-08-04
EST,Estonia,BUDGET.CONTRIB,National contributions to the EU budget (excludes customs duties),EUR million,2021,322.5095,"European Commission, EU spending and revenue 2000-2024 workbook (published 25 Sep 2025)",2026-08-04
IRL,Ireland,BUDGET.CONTRIB,National contributions to the EU budget (excludes customs duties),EUR million,2021,3070.4915,"European Commission, EU spending and revenue 2000-2024 workbook (published 25 Sep 2025)",2026-08-04
GRC,Greece,BUDGET.CONTRIB,National contributions to the EU budget (excludes customs duties),EUR million,2021,1570.6623,"European Commission, EU spending and revenue 2000-2024 workbook (published 25 Sep 2025)",2026-08-04
ESP,Spain,BUDGET.CONTRIB,National contributions to the EU budget (excludes customs duties),EUR million,2021,12698.0009,"European Commission, EU spending and revenue 2000-2024 workbook (published 25 Sep 2025)",2026-08-04
FRA,France,BUDGET.CONTRIB,National contributions to the EU budget (excludes customs duties),EUR million,2021,26368.3053,"European Commission, EU spending and revenue 2000-2024 workbook (published 25 Sep 2025)",2026-08-04
HRV,Croatia,BUDGET.CONTRIB,National contributions to the EU budget (excludes customs duties),EUR million,2021,578.2647,"European Commission, EU spending and revenue 2000-2024 workbook (published 25 Sep 2025)",2026-08-04
ITA,Italy,BUDGET.CONTRIB,National contributions to the EU budget (excludes customs duties),EUR million,2021,18104.084,"European Commission, EU spending and revenue 2000-2024 workbook (published 25 Sep 2025)",2026-08-04
CYP,Cyprus,BUDGET.CONTRIB,National contributions to the EU budget (excludes customs duties),EUR million,2021,228.6682,"European Commission, EU spending and revenue 2000-2024 workbook (published 25 Sep 2025)",2026-08-04
LVA,Latvia,BUDGET.CONTRIB,National contributions to the EU budget (excludes customs duties),EUR million,2021,332.998,"European Commission, EU spending and revenue 2000-2024 workbook (published 25 Sep 2025)",2026-08-04
LTU,Lithuania,BUDGET.CONTRIB,National contributions to the EU budget (excludes customs duties),EUR million,2021,526.8498,"European Commission, EU spending and revenue 2000-2024 workbook (published 25 Sep 2025)",2026-08-04
LUX,Luxembourg,BUDGET.CONTRIB,National contributions to the EU budget (excludes customs duties),EUR million,2021,444.1696,"European Commission, EU spending and revenue 2000-2024 workbook (published 25 Sep 2025)",2026-08-04
HUN,Hungary,BUDGET.CONTRIB,National contributions to the EU budget (excludes customs duties),EUR million,2021,1668.1215,"European Commission, EU spending and revenue 2000-2024 workbook (published 25 Sep 2025)",2026-08-04
MLT,Malta,BUDGET.CONTRIB,National contributions to the EU budget (excludes customs duties),EUR million,2021,149.5552,"European Commission, EU spending and revenue 2000-2024 workbook (published 25 Sep 2025)",2026-08-04
NLD,Netherlands,BUDGET.CONTRIB,National contributions to the EU budget (excludes customs duties),EUR million,2021,6644.1148,"European Commission, EU spending and revenue 2000-2024 workbook (published 25 Sep 2025)",2026-08-04
AUT,Austria,BUDGET.CONTRIB,National contributions to the EU budget (excludes customs duties),EUR million,2021,3497.8087,"European Commission, EU spending and revenue 2000-2024 workbook (published 25 Sep 2025)",2026-08-04
POL,Poland,BUDGET.CONTRIB,National contributions to the EU budget (excludes customs duties),EUR million,2021,5809.5186,"European Commission, EU spending and revenue 2000-2024 workbook (published 25 Sep 2025)",2026-08-04
PRT,Portugal,BUDGET.CONTRIB,National contributions to the EU budget (excludes customs duties),EUR million,2021,2373.1291,"European Commission, EU spending and revenue 2000-2024 workbook (published 25 Sep 2025)",2026-08-04
ROU,Romania,BUDGET.CONTRIB,National contributions to the EU budget (excludes customs duties),EUR million,2021,2466.7355,"European Commission, EU spending and revenue 2000-2024 workbook (published 25 Sep 2025)",2026-08-04
SVN,Slovenia,BUDGET.CONTRIB,National contributions to the EU budget (excludes customs duties),EUR million,2021,493.962,"European Commission, EU spending and revenue 2000-2024 workbook (published 25 Sep 2025)",2026-08-04
SVK,Slovakia,BUDGET.CONTRIB,National contributions to the EU budget (excludes customs duties),EUR million,2021,966.4229,"European Commission, EU spending and revenue 2000-2024 workbook (published 25 Sep 2025)",2026-08-04
FIN,Finland,BUDGET.CONTRIB,National contributions to the EU budget (excludes customs duties),EUR million,2021,2535.5136,"European Commission, EU spending and revenue 2000-2024 workbook (published 25 Sep 2025)",2026-08-04
SWE,Sweden,BUDGET.CONTRIB,National contributions to the EU budget (excludes customs duties),EUR million,2021,4546.5055,"European Commission, EU spending and revenue 2000-2024 workbook (published 25 Sep 2025)",2026-08-04
BEL,Belgium,BUDGET.GNI,Gross national income (European Commission definition),EUR million,2021,511225.5268,"European Commission, EU spending and revenue 2000-2024 workbook (published 25 Sep 2025)",2026-08-04
BGR,Bulgaria,BUDGET.GNI,Gross national income (European Commission definition),EUR million,2021,65661.8673,"European Commission, EU spending and revenue 2000-2024 workbook (published 25 Sep 2025)",2026-08-04
CZE,Czechia,BUDGET.GNI,Gross national income (European Commission definition),EUR million,2021,229137.1495,"European Commission, EU spending and revenue 2000-2024 workbook (published 25 Sep 2025)",2026-08-04
DNK,Denmark,BUDGET.GNI,Gross national income (European Commission definition),EUR million,2021,346451.7606,"European Commission, EU spending and revenue 2000-2024 workbook (published 25 Sep 2025)",2026-08-04
DEU,Germany,BUDGET.GNI,Gross national income (European Commission definition),EUR million,2021,3678522.0,"European Commission, EU spending and revenue 2000-2024 workbook (published 25 Sep 2025)",2026-08-04
EST,Estonia,BUDGET.GNI,Gross national income (European Commission definition),EUR million,2021,30306.8726,"European Commission, EU spending and revenue 2000-2024 workbook (published 25 Sep 2025)",2026-08-04
IRL,Ireland,BUDGET.GNI,Gross national income (European Commission definition),EUR million,2021,315180.1525,"European Commission, EU spending and revenue 2000-2024 workbook (published 25 Sep 2025)",2026-08-04
GRC,Greece,BUDGET.GNI,Gross national income (European Commission definition),EUR million,2021,181904.1282,"European Commission, EU spending and revenue 2000-2024 workbook (published 25 Sep 2025)",2026-08-04
ESP,Spain,BUDGET.GNI,Gross national income (European Commission definition),EUR million,2021,1211336.0,"European Commission, EU spending and revenue 2000-2024 workbook (published 25 Sep 2025)",2026-08-04
FRA,France,BUDGET.GNI,Gross national income (European Commission definition),EUR million,2021,2522221.7153,"European Commission, EU spending and revenue 2000-2024 workbook (published 25 Sep 2025)",2026-08-04
HRV,Croatia,BUDGET.GNI,Gross national income (European Commission definition),EUR million,2021,57351.6026,"European Commission, EU spending and revenue 2000-2024 workbook (published 25 Sep 2025)",2026-08-04
ITA,Italy,BUDGET.GNI,Gross national income (European Commission definition),EUR million,2021,1796755.0,"European Commission, EU spending and revenue 2000-2024 workbook (published 25 Sep 2025)",2026-08-04
CYP,Cyprus,BUDGET.GNI,Gross national income (European Commission definition),EUR million,2021,21864.5319,"European Commission, EU spending and revenue 2000-2024 workbook (published 25 Sep 2025)",2026-08-04
LVA,Latvia,BUDGET.GNI,Gross national income (European Commission definition),EUR million,2021,32823.3742,"European Commission, EU spending and revenue 2000-2024 workbook (published 25 Sep 2025)",2026-08-04
LTU,Lithuania,BUDGET.GNI,Gross national income (European Commission definition),EUR million,2021,53701.1711,"European Commission, EU spending and revenue 2000-2024 workbook (published 25 Sep 2025)",2026-08-04
LUX,Luxembourg,BUDGET.GNI,Gross national income (European Commission definition),EUR million,2021,52669.8804,"European Commission, EU spending and revenue 2000-2024 workbook (published 25 Sep 2025)",2026-08-04
HUN,Hungary,BUDGET.GNI,Gross national income (European Commission definition),EUR million,2021,149280.9241,"European Commission, EU spending and revenue 2000-2024 workbook (published 25 Sep 2025)",2026-08-04
MLT,Malta,BUDGET.GNI,Gross national income (European Commission definition),EUR million,2021,13353.72,"European Commission, EU spending and revenue 2000-2024 workbook (published 25 Sep 2025)",2026-08-04
NLD,Netherlands,BUDGET.GNI,Gross national income (European Commission definition),EUR million,2021,854872.0,"European Commission, EU spending and revenue 2000-2024 workbook (published 25 Sep 2025)",2026-08-04
AUT,Austria,BUDGET.GNI,Gross national income (European Commission definition),EUR million,2021,401152.5349,"European Commission, EU spending and revenue 2000-2024 workbook (published 25 Sep 2025)",2026-08-04
POL,Poland,BUDGET.GNI,Gross national income (European Commission definition),EUR million,2021,556421.0055,"European Commission, EU spending and revenue 2000-2024 workbook (published 25 Sep 2025)",2026-08-04
PRT,Portugal,BUDGET.GNI,Gross national income (European Commission definition),EUR million,2021,208838.77,"European Commission, EU spending and revenue 2000-2024 workbook (published 25 Sep 2025)",2026-08-04
ROU,Romania,BUDGET.GNI,Gross national income (European Commission definition),EUR million,2021,236558.0993,"European Commission, EU spending and revenue 2000-2024 workbook (published 25 Sep 2025)",2026-08-04
SVN,Slovenia,BUDGET.GNI,Gross national income (European Commission definition),EUR million,2021,51956.1302,"European Commission, EU spending and revenue 2000-2024 workbook (published 25 Sep 2025)",2026-08-04
SVK,Slovakia,BUDGET.GNI,Gross national income (European Commission definition),EUR million,2021,96002.6139,"European Commission, EU spending and revenue 2000-2024 workbook (published 25 Sep 2025)",2026-08-04
FIN,Finland,BUDGET.GNI,Gross national income (European Commission definition),EUR million,2021,257217.0,"European Commission, EU spending and revenue 2000-2024 workbook (published 25 Sep 2025)",2026-08-04
SWE,Sweden,BUDGET.GNI,Gross national income (European Commission definition),EUR million,2021,546115.9654,"European Commission, EU spending and revenue 2000-2024 workbook (published 25 Sep 2025)",2026-08-04
BEL,Belgium,BUDGET.ADMIN,EU administrative expenditure allocated to the member state,EUR million,2021,5638.364,"European Commission, EU spending and revenue 2000-2024 workbook (published 25 Sep 2025)",2026-08-04
BGR,Bulgaria,BUDGET.ADMIN,EU administrative expenditure allocated to the member state,EUR million,2021,9.3657,"European Commission, EU spending and revenue 2000-2024 workbook (published 25 Sep 2025)",2026-08-04
CZE,Czechia,BUDGET.ADMIN,EU administrative expenditure allocated to the member state,EUR million,2021,13.4301,"European Commission, EU spending and revenue 2000-2024 workbook (published 25 Sep 2025)",2026-08-04
DNK,Denmark,BUDGET.ADMIN,EU administrative expenditure allocated to the member state,EUR million,2021,73.6434,"European Commission, EU spending and revenue 2000-2024 workbook (published 25 Sep 2025)",2026-08-04
DEU,Germany,BUDGET.ADMIN,EU administrative expenditure allocated to the member state,EUR million,2021,273.0659,"European Commission, EU spending and revenue 2000-2024 workbook (published 25 Sep 2025)",2026-08-04
EST,Estonia,BUDGET.ADMIN,EU administrative expenditure allocated to the member state,EUR million,2021,12.2507,"European Commission, EU spending and revenue 2000-2024 workbook (published 25 Sep 2025)",2026-08-04
IRL,Ireland,BUDGET.ADMIN,EU administrative expenditure allocated to the member state,EUR million,2021,74.6126,"European Commission, EU spending and revenue 2000-2024 workbook (published 25 Sep 2025)",2026-08-04
GRC,Greece,BUDGET.ADMIN,EU administrative expenditure allocated to the member state,EUR million,2021,38.8753,"European Commission, EU spending and revenue 2000-2024 workbook (published 25 Sep 2025)",2026-08-04
ESP,Spain,BUDGET.ADMIN,EU administrative expenditure allocated to the member state,EUR million,2021,134.8068,"European Commission, EU spending and revenue 2000-2024 workbook (published 25 Sep 2025)",2026-08-04
FRA,France,BUDGET.ADMIN,EU administrative expenditure allocated to the member state,EUR million,2021,456.1003,"European Commission, EU spending and revenue 2000-2024 workbook (published 25 Sep 2025)",2026-08-04
HRV,Croatia,BUDGET.ADMIN,EU administrative expenditure allocated to the member state,EUR million,2021,10.0775,"European Commission, EU spending and revenue 2000-2024 workbook (published 25 Sep 2025)",2026-08-04
ITA,Italy,BUDGET.ADMIN,EU administrative expenditure allocated to the member state,EUR million,2021,219.142,"European Commission, EU spending and revenue 2000-2024 workbook (published 25 Sep 2025)",2026-08-04
CYP,Cyprus,BUDGET.ADMIN,EU administrative expenditure allocated to the member state,EUR million,2021,4.6284,"European Commission, EU spending and revenue 2000-2024 workbook (published 25 Sep 2025)",2026-08-04
LVA,Latvia,BUDGET.ADMIN,EU administrative expenditure allocated to the member state,EUR million,2021,6.999,"European Commission, EU spending and revenue 2000-2024 workbook (published 25 Sep 2025)",2026-08-04
LTU,Lithuania,BUDGET.ADMIN,EU administrative expenditure allocated to the member state,EUR million,2021,11.6047,"European Commission, EU spending and revenue 2000-2024 workbook (published 25 Sep 2025)",2026-08-04
LUX,Luxembourg,BUDGET.ADMIN,EU administrative expenditure allocated to the member state,EUR million,2021,1811.1813,"European Commission, EU spending and revenue 2000-2024 workbook (published 25 Sep 2025)",2026-08-04
HUN,Hungary,BUDGET.ADMIN,EU administrative expenditure allocated to the member state,EUR million,2021,7.798,"European Commission, EU spending and revenue 2000-2024 workbook (published 25 Sep 2025)",2026-08-04
MLT,Malta,BUDGET.ADMIN,EU administrative expenditure allocated to the member state,EUR million,2021,7.0708,"European Commission, EU spending and revenue 2000-2024 workbook (published 25 Sep 2025)",2026-08-04
NLD,Netherlands,BUDGET.ADMIN,EU administrative expenditure allocated to the member state,EUR million,2021,94.2247,"European Commission, EU spending and revenue 2000-2024 workbook (published 25 Sep 2025)",2026-08-04
AUT,Austria,BUDGET.ADMIN,EU administrative expenditure allocated to the member state,EUR million,2021,36.4039,"European Commission, EU spending and revenue 2000-2024 workbook (published 25 Sep 2025)",2026-08-04
POL,Poland,BUDGET.ADMIN,EU administrative expenditure allocated to the member state,EUR million,2021,26.5018,"European Commission, EU spending and revenue 2000-2024 workbook (published 25 Sep 2025)",2026-08-04
PRT,Portugal,BUDGET.ADMIN,EU administrative expenditure allocated to the member state,EUR million,2021,53.5109,"European Commission, EU spending and revenue 2000-2024 workbook (published 25 Sep 2025)",2026-08-04
ROU,Romania,BUDGET.ADMIN,EU administrative expenditure allocated to the member state,EUR million,2021,13.7832,"European Commission, EU spending and revenue 2000-2024 workbook (published 25 Sep 2025)",2026-08-04
SVN,Slovenia,BUDGET.ADMIN,EU administrative expenditure allocated to the member state,EUR million,2021,10.3628,"European Commission, EU spending and revenue 2000-2024 workbook (published 25 Sep 2025)",2026-08-04
SVK,Slovakia,BUDGET.ADMIN,EU administrative expenditure allocated to the member state,EUR million,2021,12.2732,"European Commission, EU spending and revenue 2000-2024 workbook (published 25 Sep 2025)",2026-08-04
FIN,Finland,BUDGET.ADMIN,EU administrative expenditure allocated to the member state,EUR million,2021,48.672,"European Commission, EU spending and revenue 2000-2024 workbook (published 25 Sep 2025)",2026-08-04
SWE,Sweden,BUDGET.ADMIN,EU administrative expenditure allocated to the member state,EUR million,2021,42.8878,"European Commission, EU spending and revenue 2000-2024 workbook (published 25 Sep 2025)",2026-08-04
BEL,Belgium,BUDGET.CUSTOMS,Customs duties collected for the EU budget (traditional own resources),EUR million,2021,1723.9257,"European Commission, EU spending and revenue 2000-2024 workbook (published 25 Sep 2025)",2026-08-04
BGR,Bulgaria,BUDGET.CUSTOMS,Customs duties collected for the EU budget (traditional own resources),EUR million,2021,160.0514,"European Commission, EU spending and revenue 2000-2024 workbook (published 25 Sep 2025)",2026-08-04
CZE,Czechia,BUDGET.CUSTOMS,Customs duties collected for the EU budget (traditional own resources),EUR million,2021,297.932,"European Commission, EU spending and revenue 2000-2024 workbook (published 25 Sep 2025)",2026-08-04
DNK,Denmark,BUDGET.CUSTOMS,Customs duties collected for the EU budget (traditional own resources),EUR million,2021,361.0168,"European Commission, EU spending and revenue 2000-2024 workbook (published 25 Sep 2025)",2026-08-04
DEU,Germany,BUDGET.CUSTOMS,Customs duties collected for the EU budget (traditional own resources),EUR million,2021,3819.5353,"European Commission, EU spending and revenue 2000-2024 workbook (published 25 Sep 2025)",2026-08-04
EST,Estonia,BUDGET.CUSTOMS,Customs duties collected for the EU budget (traditional own resources),EUR million,2021,42.6956,"European Commission, EU spending and revenue 2000-2024 workbook (published 25 Sep 2025)",2026-08-04
IRL,Ireland,BUDGET.CUSTOMS,Customs duties collected for the EU budget (traditional own resources),EUR million,2021,389.9472,"European Commission, EU spending and revenue 2000-2024 workbook (published 25 Sep 2025)",2026-08-04
GRC,Greece,BUDGET.CUSTOMS,Customs duties collected for the EU budget (traditional own resources),EUR million,2021,214.1449,"European Commission, EU spending and revenue 2000-2024 workbook (published 25 Sep 2025)",2026-08-04
ESP,Spain,BUDGET.CUSTOMS,Customs duties collected for the EU budget (traditional own resources),EUR million,2021,1528.0356,"European Commission, EU spending and revenue 2000-2024 workbook (published 25 Sep 2025)",2026-08-04
FRA,France,BUDGET.CUSTOMS,Customs duties collected for the EU budget (traditional own resources),EUR million,2021,1766.1651,"European Commission, EU spending and revenue 2000-2024 workbook (published 25 Sep 2025)",2026-08-04
HRV,Croatia,BUDGET.CUSTOMS,Customs duties collected for the EU budget (traditional own resources),EUR million,2021,42.0057,"European Commission, EU spending and revenue 2000-2024 workbook (published 25 Sep 2025)",2026-08-04
ITA,Italy,BUDGET.CUSTOMS,Customs duties collected for the EU budget (traditional own resources),EUR million,2021,1867.9103,"European Commission, EU spending and revenue 2000-2024 workbook (published 25 Sep 2025)",2026-08-04
CYP,Cyprus,BUDGET.CUSTOMS,Customs duties collected for the EU budget (traditional own resources),EUR million,2021,30.8613,"European Commission, EU spending and revenue 2000-2024 workbook (published 25 Sep 2025)",2026-08-04
LVA,Latvia,BUDGET.CUSTOMS,Customs duties collected for the EU budget (traditional own resources),EUR million,2021,59.3207,"European Commission, EU spending and revenue 2000-2024 workbook (published 25 Sep 2025)",2026-08-04
LTU,Lithuania,BUDGET.CUSTOMS,Customs duties collected for the EU budget (traditional own resources),EUR million,2021,123.1934,"European Commission, EU spending and revenue 2000-2024 workbook (published 25 Sep 2025)",2026-08-04
LUX,Luxembourg,BUDGET.CUSTOMS,Customs duties collected for the EU budget (traditional own resources),EUR million,2021,16.3644,"European Commission, EU spending and revenue 2000-2024 workbook (published 25 Sep 2025)",2026-08-04
HUN,Hungary,BUDGET.CUSTOMS,Customs duties collected for the EU budget (traditional own resources),EUR million,2021,199.4116,"European Commission, EU spending and revenue 2000-2024 workbook (published 25 Sep 2025)",2026-08-04
MLT,Malta,BUDGET.CUSTOMS,Customs duties collected for the EU budget (traditional own resources),EUR million,2021,73.3649,"European Commission, EU spending and revenue 2000-2024 workbook (published 25 Sep 2025)",2026-08-04
NLD,Netherlands,BUDGET.CUSTOMS,Customs duties collected for the EU budget (traditional own resources),EUR million,2021,2957.3959,"European Commission, EU spending and revenue 2000-2024 workbook (published 25 Sep 2025)",2026-08-04
AUT,Austria,BUDGET.CUSTOMS,Customs duties collected for the EU budget (traditional own resources),EUR million,2021,215.9114,"European Commission, EU spending and revenue 2000-2024 workbook (published 25 Sep 2025)",2026-08-04
POL,Poland,BUDGET.CUSTOMS,Customs duties collected for the EU budget (traditional own resources),EUR million,2021,1121.9896,"European Commission, EU spending and revenue 2000-2024 workbook (published 25 Sep 2025)",2026-08-04
PRT,Portugal,BUDGET.CUSTOMS,Customs duties collected for the EU budget (traditional own resources),EUR million,2021,170.7356,"European Commission, EU spending and revenue 2000-2024 workbook (published 25 Sep 2025)",2026-08-04
ROU,Romania,BUDGET.CUSTOMS,Customs duties collected for the EU budget (traditional own resources),EUR million,2021,217.3486,"European Commission, EU spending and revenue 2000-2024 workbook (published 25 Sep 2025)",2026-08-04
SVN,Slovenia,BUDGET.CUSTOMS,Customs duties collected for the EU budget (traditional own resources),EUR million,2021,126.4183,"European Commission, EU spending and revenue 2000-2024 workbook (published 25 Sep 2025)",2026-08-04
SVK,Slovakia,BUDGET.CUSTOMS,Customs duties collected for the EU budget (traditional own resources),EUR million,2021,371.5603,"European Commission, EU spending and revenue 2000-2024 workbook (published 25 Sep 2025)",2026-08-04
FIN,Finland,BUDGET.CUSTOMS,Customs duties collected for the EU budget (traditional own resources),EUR million,2021,156.764,"European Commission, EU spending and revenue 2000-2024 workbook (published 25 Sep 2025)",2026-08-04
SWE,Sweden,BUDGET.CUSTOMS,Customs duties collected for the EU budget (traditional own resources),EUR million,2021,522.8642,"European Commission, EU spending and revenue 2000-2024 workbook (published 25 Sep 2025)",2026-08-04
BEL,Belgium,BUDGET.EXPEND,EU expenditure allocated to the member state,EUR million,2022,11212.2222,"European Commission, EU spending and revenue 2000-2024 workbook (published 25 Sep 2025)",2026-08-04
BGR,Bulgaria,BUDGET.EXPEND,EU expenditure allocated to the member state,EUR million,2022,2343.6714,"European Commission, EU spending and revenue 2000-2024 workbook (published 25 Sep 2025)",2026-08-04
CZE,Czechia,BUDGET.EXPEND,EU expenditure allocated to the member state,EUR million,2022,5294.6355,"European Commission, EU spending and revenue 2000-2024 workbook (published 25 Sep 2025)",2026-08-04
DNK,Denmark,BUDGET.EXPEND,EU expenditure allocated to the member state,EUR million,2022,2186.1263,"European Commission, EU spending and revenue 2000-2024 workbook (published 25 Sep 2025)",2026-08-04
DEU,Germany,BUDGET.EXPEND,EU expenditure allocated to the member state,EUR million,2022,14159.6151,"European Commission, EU spending and revenue 2000-2024 workbook (published 25 Sep 2025)",2026-08-04
EST,Estonia,BUDGET.EXPEND,EU expenditure allocated to the member state,EUR million,2022,1253.0405,"European Commission, EU spending and revenue 2000-2024 workbook (published 25 Sep 2025)",2026-08-04
IRL,Ireland,BUDGET.EXPEND,EU expenditure allocated to the member state,EUR million,2022,2340.6161,"European Commission, EU spending and revenue 2000-2024 workbook (published 25 Sep 2025)",2026-08-04
GRC,Greece,BUDGET.EXPEND,EU expenditure allocated to the member state,EUR million,2022,5851.2184,"European Commission, EU spending and revenue 2000-2024 workbook (published 25 Sep 2025)",2026-08-04
ESP,Spain,BUDGET.EXPEND,EU expenditure allocated to the member state,EUR million,2022,14248.3849,"European Commission, EU spending and revenue 2000-2024 workbook (published 25 Sep 2025)",2026-08-04
FRA,France,BUDGET.EXPEND,EU expenditure allocated to the member state,EUR million,2022,16892.2998,"European Commission, EU spending and revenue 2000-2024 workbook (published 25 Sep 2025)",2026-08-04
HRV,Croatia,BUDGET.EXPEND,EU expenditure allocated to the member state,EUR million,2022,2059.6166,"European Commission, EU spending and revenue 2000-2024 workbook (published 25 Sep 2025)",2026-08-04
ITA,Italy,BUDGET.EXPEND,EU expenditure allocated to the member state,EUR million,2022,14592.5185,"European Commission, EU spending and revenue 2000-2024 workbook (published 25 Sep 2025)",2026-08-04
CYP,Cyprus,BUDGET.EXPEND,EU expenditure allocated to the member state,EUR million,2022,488.1578,"European Commission, EU spending and revenue 2000-2024 workbook (published 25 Sep 2025)",2026-08-04
LVA,Latvia,BUDGET.EXPEND,EU expenditure allocated to the member state,EUR million,2022,1375.1839,"European Commission, EU spending and revenue 2000-2024 workbook (published 25 Sep 2025)",2026-08-04
LTU,Lithuania,BUDGET.EXPEND,EU expenditure allocated to the member state,EUR million,2022,2283.6659,"European Commission, EU spending and revenue 2000-2024 workbook (published 25 Sep 2025)",2026-08-04
LUX,Luxembourg,BUDGET.EXPEND,EU expenditure allocated to the member state,EUR million,2022,2478.5609,"European Commission, EU spending and revenue 2000-2024 workbook (published 25 Sep 2025)",2026-08-04
HUN,Hungary,BUDGET.EXPEND,EU expenditure allocated to the member state,EUR million,2022,6062.0661,"European Commission, EU spending and revenue 2000-2024 workbook (published 25 Sep 2025)",2026-08-04
MLT,Malta,BUDGET.EXPEND,EU expenditure allocated to the member state,EUR million,2022,264.3552,"European Commission, EU spending and revenue 2000-2024 workbook (published 25 Sep 2025)",2026-08-04
NLD,Netherlands,BUDGET.EXPEND,EU expenditure allocated to the member state,EUR million,2022,3510.8385,"European Commission, EU spending and revenue 2000-2024 workbook (published 25 Sep 2025)",2026-08-04
AUT,Austria,BUDGET.EXPEND,EU expenditure allocated to the member state,EUR million,2022,2265.8493,"European Commission, EU spending and revenue 2000-2024 workbook (published 25 Sep 2025)",2026-08-04
POL,Poland,BUDGET.EXPEND,EU expenditure allocated to the member state,EUR million,2022,18318.9788,"European Commission, EU spending and revenue 2000-2024 workbook (published 25 Sep 2025)",2026-08-04
PRT,Portugal,BUDGET.EXPEND,EU expenditure allocated to the member state,EUR million,2022,5274.392,"European Commission, EU spending and revenue 2000-2024 workbook (published 25 Sep 2025)",2026-08-04
ROU,Romania,BUDGET.EXPEND,EU expenditure allocated to the member state,EUR million,2022,8161.8731,"European Commission, EU spending and revenue 2000-2024 workbook (published 25 Sep 2025)",2026-08-04
SVN,Slovenia,BUDGET.EXPEND,EU expenditure allocated to the member state,EUR million,2022,944.2999,"European Commission, EU spending and revenue 2000-2024 workbook (published 25 Sep 2025)",2026-08-04
SVK,Slovakia,BUDGET.EXPEND,EU expenditure allocated to the member state,EUR million,2022,3176.8991,"European Commission, EU spending and revenue 2000-2024 workbook (published 25 Sep 2025)",2026-08-04
FIN,Finland,BUDGET.EXPEND,EU expenditure allocated to the member state,EUR million,2022,1773.0999,"European Commission, EU spending and revenue 2000-2024 workbook (published 25 Sep 2025)",2026-08-04
SWE,Sweden,BUDGET.EXPEND,EU expenditure allocated to the member state,EUR million,2022,2124.3946,"European Commission, EU spending and revenue 2000-2024 workbook (published 25 Sep 2025)",2026-08-04
BEL,Belgium,BUDGET.CONTRIB,National contributions to the EU budget (excludes customs duties),EUR million,2022,4740.5741,"European Commission, EU spending and revenue 2000-2024 workbook (published 25 Sep 2025)",2026-08-04
BGR,Bulgaria,BUDGET.CONTRIB,National contributions to the EU budget (excludes customs duties),EUR million,2022,688.4107,"European Commission, EU spending and revenue 2000-2024 workbook (published 25 Sep 2025)",2026-08-04
CZE,Czechia,BUDGET.CONTRIB,National contributions to the EU budget (excludes customs duties),EUR million,2022,2252.9349,"European Commission, EU spending and revenue 2000-2024 workbook (published 25 Sep 2025)",2026-08-04
DNK,Denmark,BUDGET.CONTRIB,National contributions to the EU budget (excludes customs duties),EUR million,2022,2723.6165,"European Commission, EU spending and revenue 2000-2024 workbook (published 25 Sep 2025)",2026-08-04
DEU,Germany,BUDGET.CONTRIB,National contributions to the EU budget (excludes customs duties),EUR million,2022,30830.1475,"European Commission, EU spending and revenue 2000-2024 workbook (published 25 Sep 2025)",2026-08-04
EST,Estonia,BUDGET.CONTRIB,National contributions to the EU budget (excludes customs duties),EUR million,2022,307.7166,"European Commission, EU spending and revenue 2000-2024 workbook (published 25 Sep 2025)",2026-08-04
IRL,Ireland,BUDGET.CONTRIB,National contributions to the EU budget (excludes customs duties),EUR million,2022,2991.3865,"European Commission, EU spending and revenue 2000-2024 workbook (published 25 Sep 2025)",2026-08-04
GRC,Greece,BUDGET.CONTRIB,National contributions to the EU budget (excludes customs duties),EUR million,2022,1726.3643,"European Commission, EU spending and revenue 2000-2024 workbook (published 25 Sep 2025)",2026-08-04
ESP,Spain,BUDGET.CONTRIB,National contributions to the EU budget (excludes customs duties),EUR million,2022,11759.9813,"European Commission, EU spending and revenue 2000-2024 workbook (published 25 Sep 2025)",2026-08-04
FRA,France,BUDGET.CONTRIB,National contributions to the EU budget (excludes customs duties),EUR million,2022,24229.6779,"European Commission, EU spending and revenue 2000-2024 workbook (published 25 Sep 2025)",2026-08-04
HRV,Croatia,BUDGET.CONTRIB,National contributions to the EU budget (excludes customs duties),EUR million,2022,547.2991,"European Commission, EU spending and revenue 2000-2024 workbook (published 25 Sep 2025)",2026-08-04
ITA,Italy,BUDGET.CONTRIB,National contributions to the EU budget (excludes customs duties),EUR million,2022,16734.7838,"European Commission, EU spending and revenue 2000-2024 workbook (published 25 Sep 2025)",2026-08-04
CYP,Cyprus,BUDGET.CONTRIB,National contributions to the EU budget (excludes customs duties),EUR million,2022,209.8327,"European Commission, EU spending and revenue 2000-2024 workbook (published 25 Sep 2025)",2026-08-04
LVA,Latvia,BUDGET.CONTRIB,National contributions to the EU budget (excludes customs duties),EUR million,2022,316.0478,"European Commission, EU spending and revenue 2000-2024 workbook (published 25 Sep 2025)",2026-08-04
LTU,Lithuania,BUDGET.CONTRIB,National contributions to the EU budget (excludes customs duties),EUR million,2022,503.6355,"European Commission, EU spending and revenue 2000-2024 workbook (published 25 Sep 2025)",2026-08-04
LUX,Luxembourg,BUDGET.CONTRIB,National contributions to the EU budget (excludes customs duties),EUR million,2022,519.9387,"European Commission, EU spending and revenue 2000-2024 workbook (published 25 Sep 2025)",2026-08-04
HUN,Hungary,BUDGET.CONTRIB,National contributions to the EU budget (excludes customs duties),EUR million,2022,1476.1473,"European Commission, EU spending and revenue 2000-2024 workbook (published 25 Sep 2025)",2026-08-04
MLT,Malta,BUDGET.CONTRIB,National contributions to the EU budget (excludes customs duties),EUR million,2022,134.1793,"European Commission, EU spending and revenue 2000-2024 workbook (published 25 Sep 2025)",2026-08-04
NLD,Netherlands,BUDGET.CONTRIB,National contributions to the EU budget (excludes customs duties),EUR million,2022,6096.9051,"European Commission, EU spending and revenue 2000-2024 workbook (published 25 Sep 2025)",2026-08-04
AUT,Austria,BUDGET.CONTRIB,National contributions to the EU budget (excludes customs duties),EUR million,2022,3292.9202,"European Commission, EU spending and revenue 2000-2024 workbook (published 25 Sep 2025)",2026-08-04
POL,Poland,BUDGET.CONTRIB,National contributions to the EU budget (excludes customs duties),EUR million,2022,5829.3681,"European Commission, EU spending and revenue 2000-2024 workbook (published 25 Sep 2025)",2026-08-04
PRT,Portugal,BUDGET.CONTRIB,National contributions to the EU budget (excludes customs duties),EUR million,2022,2132.4787,"European Commission, EU spending and revenue 2000-2024 workbook (published 25 Sep 2025)",2026-08-04
ROU,Romania,BUDGET.CONTRIB,National contributions to the EU budget (excludes customs duties),EUR million,2022,2350.2905,"European Commission, EU spending and revenue 2000-2024 workbook (published 25 Sep 2025)",2026-08-04
SVN,Slovenia,BUDGET.CONTRIB,National contributions to the EU budget (excludes customs duties),EUR million,2022,494.9283,"European Commission, EU spending and revenue 2000-2024 workbook (published 25 Sep 2025)",2026-08-04
SVK,Slovakia,BUDGET.CONTRIB,National contributions to the EU budget (excludes customs duties),EUR million,2022,916.4948,"European Commission, EU spending and revenue 2000-2024 workbook (published 25 Sep 2025)",2026-08-04
FIN,Finland,BUDGET.CONTRIB,National contributions to the EU budget (excludes customs duties),EUR million,2022,2307.1336,"European Commission, EU spending and revenue 2000-2024 workbook (published 25 Sep 2025)",2026-08-04
SWE,Sweden,BUDGET.CONTRIB,National contributions to the EU budget (excludes customs duties),EUR million,2022,3788.6795,"European Commission, EU spending and revenue 2000-2024 workbook (published 25 Sep 2025)",2026-08-04
BEL,Belgium,BUDGET.GNI,Gross national income (European Commission definition),EUR million,2022,552983.9064,"European Commission, EU spending and revenue 2000-2024 workbook (published 25 Sep 2025)",2026-08-04
BGR,Bulgaria,BUDGET.GNI,Gross national income (European Commission definition),EUR million,2022,82144.5649,"European Commission, EU spending and revenue 2000-2024 workbook (published 25 Sep 2025)",2026-08-04
CZE,Czechia,BUDGET.GNI,Gross national income (European Commission definition),EUR million,2022,264650.2461,"European Commission, EU spending and revenue 2000-2024 workbook (published 25 Sep 2025)",2026-08-04
DNK,Denmark,BUDGET.GNI,Gross national income (European Commission definition),EUR million,2022,390341.3961,"European Commission, EU spending and revenue 2000-2024 workbook (published 25 Sep 2025)",2026-08-04
DEU,Germany,BUDGET.GNI,Gross national income (European Commission definition),EUR million,2022,3998940.0,"European Commission, EU spending and revenue 2000-2024 workbook (published 25 Sep 2025)",2026-08-04
EST,Estonia,BUDGET.GNI,Gross national income (European Commission definition),EUR million,2022,35828.4987,"European Commission, EU spending and revenue 2000-2024 workbook (published 25 Sep 2025)",2026-08-04
IRL,Ireland,BUDGET.GNI,Gross national income (European Commission definition),EUR million,2022,364122.7239,"European Commission, EU spending and revenue 2000-2024 workbook (published 25 Sep 2025)",2026-08-04
GRC,Greece,BUDGET.GNI,Gross national income (European Commission definition),EUR million,2022,203136.084,"European Commission, EU spending and revenue 2000-2024 workbook (published 25 Sep 2025)",2026-08-04
ESP,Spain,BUDGET.GNI,Gross national income (European Commission definition),EUR million,2022,1330768.0,"European Commission, EU spending and revenue 2000-2024 workbook (published 25 Sep 2025)",2026-08-04
FRA,France,BUDGET.GNI,Gross national income (European Commission definition),EUR million,2022,2718476.5416,"European Commission, EU spending and revenue 2000-2024 workbook (published 25 Sep 2025)",2026-08-04
HRV,Croatia,BUDGET.GNI,Gross national income (European Commission definition),EUR million,2022,67160.9424,"European Commission, EU spending and revenue 2000-2024 workbook (published 25 Sep 2025)",2026-08-04
ITA,Italy,BUDGET.GNI,Gross national income (European Commission definition),EUR million,2022,1931503.6,"European Commission, EU spending and revenue 2000-2024 workbook (published 25 Sep 2025)",2026-08-04
CYP,Cyprus,BUDGET.GNI,Gross national income (European Commission definition),EUR million,2022,24995.7936,"European Commission, EU spending and revenue 2000-2024 workbook (published 25 Sep 2025)",2026-08-04
LVA,Latvia,BUDGET.GNI,Gross national income (European Commission definition),EUR million,2022,38507.5074,"European Commission, EU spending and revenue 2000-2024 workbook (published 25 Sep 2025)",2026-08-04
LTU,Lithuania,BUDGET.GNI,Gross national income (European Commission definition),EUR million,2022,64322.5724,"European Commission, EU spending and revenue 2000-2024 workbook (published 25 Sep 2025)",2026-08-04
LUX,Luxembourg,BUDGET.GNI,Gross national income (European Commission definition),EUR million,2022,55067.5155,"European Commission, EU spending and revenue 2000-2024 workbook (published 25 Sep 2025)",2026-08-04
HUN,Hungary,BUDGET.GNI,Gross national income (European Commission definition),EUR million,2022,165004.528,"European Commission, EU spending and revenue 2000-2024 workbook (published 25 Sep 2025)",2026-08-04
MLT,Malta,BUDGET.GNI,Gross national income (European Commission definition),EUR million,2022,15419.4723,"European Commission, EU spending and revenue 2000-2024 workbook (published 25 Sep 2025)",2026-08-04
NLD,Netherlands,BUDGET.GNI,Gross national income (European Commission definition),EUR million,2022,903086.9066,"European Commission, EU spending and revenue 2000-2024 workbook (published 25 Sep 2025)",2026-08-04
AUT,Austria,BUDGET.GNI,Gross national income (European Commission definition),EUR million,2022,444907.2816,"European Commission, EU spending and revenue 2000-2024 workbook (published 25 Sep 2025)",2026-08-04
POL,Poland,BUDGET.GNI,Gross national income (European Commission definition),EUR million,2022,626514.1981,"European Commission, EU spending and revenue 2000-2024 workbook (published 25 Sep 2025)",2026-08-04
PRT,Portugal,BUDGET.GNI,Gross national income (European Commission definition),EUR million,2022,235882.5,"European Commission, EU spending and revenue 2000-2024 workbook (published 25 Sep 2025)",2026-08-04
ROU,Romania,BUDGET.GNI,Gross national income (European Commission definition),EUR million,2022,278170.6811,"European Commission, EU spending and revenue 2000-2024 workbook (published 25 Sep 2025)",2026-08-04
SVN,Slovenia,BUDGET.GNI,Gross national income (European Commission definition),EUR million,2022,58289.2159,"European Commission, EU spending and revenue 2000-2024 workbook (published 25 Sep 2025)",2026-08-04
SVK,Slovakia,BUDGET.GNI,Gross national income (European Commission definition),EUR million,2022,107817.1,"European Commission, EU spending and revenue 2000-2024 workbook (published 25 Sep 2025)",2026-08-04
FIN,Finland,BUDGET.GNI,Gross national income (European Commission definition),EUR million,2022,266331.0,"European Commission, EU spending and revenue 2000-2024 workbook (published 25 Sep 2025)",2026-08-04
SWE,Sweden,BUDGET.GNI,Gross national income (European Commission definition),EUR million,2022,578653.4986,"European Commission, EU spending and revenue 2000-2024 workbook (published 25 Sep 2025)",2026-08-04
BEL,Belgium,BUDGET.ADMIN,EU administrative expenditure allocated to the member state,EUR million,2022,6006.565,"European Commission, EU spending and revenue 2000-2024 workbook (published 25 Sep 2025)",2026-08-04
BGR,Bulgaria,BUDGET.ADMIN,EU administrative expenditure allocated to the member state,EUR million,2022,8.9293,"European Commission, EU spending and revenue 2000-2024 workbook (published 25 Sep 2025)",2026-08-04
CZE,Czechia,BUDGET.ADMIN,EU administrative expenditure allocated to the member state,EUR million,2022,17.6574,"European Commission, EU spending and revenue 2000-2024 workbook (published 25 Sep 2025)",2026-08-04
DNK,Denmark,BUDGET.ADMIN,EU administrative expenditure allocated to the member state,EUR million,2022,78.4031,"European Commission, EU spending and revenue 2000-2024 workbook (published 25 Sep 2025)",2026-08-04
DEU,Germany,BUDGET.ADMIN,EU administrative expenditure allocated to the member state,EUR million,2022,289.0758,"European Commission, EU spending and revenue 2000-2024 workbook (published 25 Sep 2025)",2026-08-04
EST,Estonia,BUDGET.ADMIN,EU administrative expenditure allocated to the member state,EUR million,2022,14.7819,"European Commission, EU spending and revenue 2000-2024 workbook (published 25 Sep 2025)",2026-08-04
IRL,Ireland,BUDGET.ADMIN,EU administrative expenditure allocated to the member state,EUR million,2022,78.1175,"European Commission, EU spending and revenue 2000-2024 workbook (published 25 Sep 2025)",2026-08-04
GRC,Greece,BUDGET.ADMIN,EU administrative expenditure allocated to the member state,EUR million,2022,39.352,"European Commission, EU spending and revenue 2000-2024 workbook (published 25 Sep 2025)",2026-08-04
ESP,Spain,BUDGET.ADMIN,EU administrative expenditure allocated to the member state,EUR million,2022,152.7916,"European Commission, EU spending and revenue 2000-2024 workbook (published 25 Sep 2025)",2026-08-04
FRA,France,BUDGET.ADMIN,EU administrative expenditure allocated to the member state,EUR million,2022,508.2763,"European Commission, EU spending and revenue 2000-2024 workbook (published 25 Sep 2025)",2026-08-04
HRV,Croatia,BUDGET.ADMIN,EU administrative expenditure allocated to the member state,EUR million,2022,12.2144,"European Commission, EU spending and revenue 2000-2024 workbook (published 25 Sep 2025)",2026-08-04
ITA,Italy,BUDGET.ADMIN,EU administrative expenditure allocated to the member state,EUR million,2022,238.8687,"European Commission, EU spending and revenue 2000-2024 workbook (published 25 Sep 2025)",2026-08-04
CYP,Cyprus,BUDGET.ADMIN,EU administrative expenditure allocated to the member state,EUR million,2022,5.7783,"European Commission, EU spending and revenue 2000-2024 workbook (published 25 Sep 2025)",2026-08-04
LVA,Latvia,BUDGET.ADMIN,EU administrative expenditure allocated to the member state,EUR million,2022,7.7796,"European Commission, EU spending and revenue 2000-2024 workbook (published 25 Sep 2025)",2026-08-04
LTU,Lithuania,BUDGET.ADMIN,EU administrative expenditure allocated to the member state,EUR million,2022,15.6604,"European Commission, EU spending and revenue 2000-2024 workbook (published 25 Sep 2025)",2026-08-04
LUX,Luxembourg,BUDGET.ADMIN,EU administrative expenditure allocated to the member state,EUR million,2022,1841.3401,"European Commission, EU spending and revenue 2000-2024 workbook (published 25 Sep 2025)",2026-08-04
HUN,Hungary,BUDGET.ADMIN,EU administrative expenditure allocated to the member state,EUR million,2022,9.5452,"European Commission, EU spending and revenue 2000-2024 workbook (published 25 Sep 2025)",2026-08-04
MLT,Malta,BUDGET.ADMIN,EU administrative expenditure allocated to the member state,EUR million,2022,8.8303,"European Commission, EU spending and revenue 2000-2024 workbook (published 25 Sep 2025)",2026-08-04
NLD,Netherlands,BUDGET.ADMIN,EU administrative expenditure allocated to the member state,EUR million,2022,100.5783,"European Commission, EU spending and revenue 2000-2024 workbook (published 25 Sep 2025)",2026-08-04
AUT,Austria,BUDGET.ADMIN,EU administrative expenditure allocated to the member state,EUR million,2022,41.2599,"European Commission, EU spending and revenue 2000-2024 workbook (published 25 Sep 2025)",2026-08-04
POL,Poland,BUDGET.ADMIN,EU administrative expenditure allocated to the member state,EUR million,2022,32.8752,"European Commission, EU spending and revenue 2000-2024 workbook (published 25 Sep 2025)",2026-08-04
PRT,Portugal,BUDGET.ADMIN,EU administrative expenditure allocated to the member state,EUR million,2022,59.8721,"European Commission, EU spending and revenue 2000-2024 workbook (published 25 Sep 2025)",2026-08-04
ROU,Romania,BUDGET.ADMIN,EU administrative expenditure allocated to the member state,EUR million,2022,19.2247,"European Commission, EU spending and revenue 2000-2024 workbook (published 25 Sep 2025)",2026-08-04
SVN,Slovenia,BUDGET.ADMIN,EU administrative expenditure allocated to the member state,EUR million,2022,11.6583,"European Commission, EU spending and revenue 2000-2024 workbook (published 25 Sep 2025)",2026-08-04
SVK,Slovakia,BUDGET.ADMIN,EU administrative expenditure allocated to the member state,EUR million,2022,15.8533,"European Commission, EU spending and revenue 2000-2024 workbook (published 25 Sep 2025)",2026-08-04
FIN,Finland,BUDGET.ADMIN,EU administrative expenditure allocated to the member state,EUR million,2022,56.6987,"European Commission, EU spending and revenue 2000-2024 workbook (published 25 Sep 2025)",2026-08-04
SWE,Sweden,BUDGET.ADMIN,EU administrative expenditure allocated to the member state,EUR million,2022,46.5835,"European Commission, EU spending and revenue 2000-2024 workbook (published 25 Sep 2025)",2026-08-04
BEL,Belgium,BUDGET.CUSTOMS,Customs duties collected for the EU budget (traditional own resources),EUR million,2022,3029.583,"European Commission, EU spending and revenue 2000-2024 workbook (published 25 Sep 2025)",2026-08-04
BGR,Bulgaria,BUDGET.CUSTOMS,Customs duties collected for the EU budget (traditional own resources),EUR million,2022,166.1536,"European Commission, EU spending and revenue 2000-2024 workbook (published 25 Sep 2025)",2026-08-04
CZE,Czechia,BUDGET.CUSTOMS,Customs duties collected for the EU budget (traditional own resources),EUR million,2022,394.9376,"European Commission, EU spending and revenue 2000-2024 workbook (published 25 Sep 2025)",2026-08-04
DNK,Denmark,BUDGET.CUSTOMS,Customs duties collected for the EU budget (traditional own resources),EUR million,2022,466.1283,"European Commission, EU spending and revenue 2000-2024 workbook (published 25 Sep 2025)",2026-08-04
DEU,Germany,BUDGET.CUSTOMS,Customs duties collected for the EU budget (traditional own resources),EUR million,2022,4893.9819,"European Commission, EU spending and revenue 2000-2024 workbook (published 25 Sep 2025)",2026-08-04
EST,Estonia,BUDGET.CUSTOMS,Customs duties collected for the EU budget (traditional own resources),EUR million,2022,66.1876,"European Commission, EU spending and revenue 2000-2024 workbook (published 25 Sep 2025)",2026-08-04
IRL,Ireland,BUDGET.CUSTOMS,Customs duties collected for the EU budget (traditional own resources),EUR million,2022,482.2178,"European Commission, EU spending and revenue 2000-2024 workbook (published 25 Sep 2025)",2026-08-04
GRC,Greece,BUDGET.CUSTOMS,Customs duties collected for the EU budget (traditional own resources),EUR million,2022,690.301,"European Commission, EU spending and revenue 2000-2024 workbook (published 25 Sep 2025)",2026-08-04
ESP,Spain,BUDGET.CUSTOMS,Customs duties collected for the EU budget (traditional own resources),EUR million,2022,2040.2432,"European Commission, EU spending and revenue 2000-2024 workbook (published 25 Sep 2025)",2026-08-04
FRA,France,BUDGET.CUSTOMS,Customs duties collected for the EU budget (traditional own resources),EUR million,2022,2259.6987,"European Commission, EU spending and revenue 2000-2024 workbook (published 25 Sep 2025)",2026-08-04
HRV,Croatia,BUDGET.CUSTOMS,Customs duties collected for the EU budget (traditional own resources),EUR million,2022,62.6029,"European Commission, EU spending and revenue 2000-2024 workbook (published 25 Sep 2025)",2026-08-04
ITA,Italy,BUDGET.CUSTOMS,Customs duties collected for the EU budget (traditional own resources),EUR million,2022,2784.8888,"European Commission, EU spending and revenue 2000-2024 workbook (published 25 Sep 2025)",2026-08-04
CYP,Cyprus,BUDGET.CUSTOMS,Customs duties collected for the EU budget (traditional own resources),EUR million,2022,39.2387,"European Commission, EU spending and revenue 2000-2024 workbook (published 25 Sep 2025)",2026-08-04
LVA,Latvia,BUDGET.CUSTOMS,Customs duties collected for the EU budget (traditional own resources),EUR million,2022,66.0385,"European Commission, EU spending and revenue 2000-2024 workbook (published 25 Sep 2025)",2026-08-04
LTU,Lithuania,BUDGET.CUSTOMS,Customs duties collected for the EU budget (traditional own resources),EUR million,2022,151.5924,"European Commission, EU spending and revenue 2000-2024 workbook (published 25 Sep 2025)",2026-08-04
LUX,Luxembourg,BUDGET.CUSTOMS,Customs duties collected for the EU budget (traditional own resources),EUR million,2022,16.1502,"European Commission, EU spending and revenue 2000-2024 workbook (published 25 Sep 2025)",2026-08-04
HUN,Hungary,BUDGET.CUSTOMS,Customs duties collected for the EU budget (traditional own resources),EUR million,2022,366.6186,"European Commission, EU spending and revenue 2000-2024 workbook (published 25 Sep 2025)",2026-08-04
MLT,Malta,BUDGET.CUSTOMS,Customs duties collected for the EU budget (traditional own resources),EUR million,2022,21.433,"European Commission, EU spending and revenue 2000-2024 workbook (published 25 Sep 2025)",2026-08-04
NLD,Netherlands,BUDGET.CUSTOMS,Customs duties collected for the EU budget (traditional own resources),EUR million,2022,3709.1997,"European Commission, EU spending and revenue 2000-2024 workbook (published 25 Sep 2025)",2026-08-04
AUT,Austria,BUDGET.CUSTOMS,Customs duties collected for the EU budget (traditional own resources),EUR million,2022,288.8217,"European Commission, EU spending and revenue 2000-2024 workbook (published 25 Sep 2025)",2026-08-04
POL,Poland,BUDGET.CUSTOMS,Customs duties collected for the EU budget (traditional own resources),EUR million,2022,1350.311,"European Commission, EU spending and revenue 2000-2024 workbook (published 25 Sep 2025)",2026-08-04
PRT,Portugal,BUDGET.CUSTOMS,Customs duties collected for the EU budget (traditional own resources),EUR million,2022,332.0333,"European Commission, EU spending and revenue 2000-2024 workbook (published 25 Sep 2025)",2026-08-04
ROU,Romania,BUDGET.CUSTOMS,Customs duties collected for the EU budget (traditional own resources),EUR million,2022,296.7038,"European Commission, EU spending and revenue 2000-2024 workbook (published 25 Sep 2025)",2026-08-04
SVN,Slovenia,BUDGET.CUSTOMS,Customs duties collected for the EU budget (traditional own resources),EUR million,2022,221.1049,"European Commission, EU spending and revenue 2000-2024 workbook (published 25 Sep 2025)",2026-08-04
SVK,Slovakia,BUDGET.CUSTOMS,Customs duties collected for the EU budget (traditional own resources),EUR million,2022,115.1099,"European Commission, EU spending and revenue 2000-2024 workbook (published 25 Sep 2025)",2026-08-04
FIN,Finland,BUDGET.CUSTOMS,Customs duties collected for the EU budget (traditional own resources),EUR million,2022,223.1321,"European Commission, EU spending and revenue 2000-2024 workbook (published 25 Sep 2025)",2026-08-04
SWE,Sweden,BUDGET.CUSTOMS,Customs duties collected for the EU budget (traditional own resources),EUR million,2022,642.7168,"European Commission, EU spending and revenue 2000-2024 workbook (published 25 Sep 2025)",2026-08-04
BEL,Belgium,BUDGET.EXPEND,EU expenditure allocated to the member state,EUR million,2023,11576.0654,"European Commission, EU spending and revenue 2000-2024 workbook (published 25 Sep 2025)",2026-08-04
BGR,Bulgaria,BUDGET.EXPEND,EU expenditure allocated to the member state,EUR million,2023,2811.8003,"European Commission, EU spending and revenue 2000-2024 workbook (published 25 Sep 2025)",2026-08-04
CZE,Czechia,BUDGET.EXPEND,EU expenditure allocated to the member state,EUR million,2023,5551.9683,"European Commission, EU spending and revenue 2000-2024 workbook (published 25 Sep 2025)",2026-08-04
DNK,Denmark,BUDGET.EXPEND,EU expenditure allocated to the member state,EUR million,2023,1775.5238,"European Commission, EU spending and revenue 2000-2024 workbook (published 25 Sep 2025)",2026-08-04
DEU,Germany,BUDGET.EXPEND,EU expenditure allocated to the member state,EUR million,2023,14064.523,"European Commission, EU spending and revenue 2000-2024 workbook (published 25 Sep 2025)",2026-08-04
EST,Estonia,BUDGET.EXPEND,EU expenditure allocated to the member state,EUR million,2023,1194.2182,"European Commission, EU spending and revenue 2000-2024 workbook (published 25 Sep 2025)",2026-08-04
IRL,Ireland,BUDGET.EXPEND,EU expenditure allocated to the member state,EUR million,2023,2263.9016,"European Commission, EU spending and revenue 2000-2024 workbook (published 25 Sep 2025)",2026-08-04
GRC,Greece,BUDGET.EXPEND,EU expenditure allocated to the member state,EUR million,2023,5852.2243,"European Commission, EU spending and revenue 2000-2024 workbook (published 25 Sep 2025)",2026-08-04
ESP,Spain,BUDGET.EXPEND,EU expenditure allocated to the member state,EUR million,2023,12122.1345,"European Commission, EU spending and revenue 2000-2024 workbook (published 25 Sep 2025)",2026-08-04
FRA,France,BUDGET.EXPEND,EU expenditure allocated to the member state,EUR million,2023,16498.4317,"European Commission, EU spending and revenue 2000-2024 workbook (published 25 Sep 2025)",2026-08-04
HRV,Croatia,BUDGET.EXPEND,EU expenditure allocated to the member state,EUR million,2023,3042.8823,"European Commission, EU spending and revenue 2000-2024 workbook (published 25 Sep 2025)",2026-08-04
ITA,Italy,BUDGET.EXPEND,EU expenditure allocated to the member state,EUR million,2023,12803.6549,"European Commission, EU spending and revenue 2000-2024 workbook (published 25 Sep 2025)",2026-08-04
CYP,Cyprus,BUDGET.EXPEND,EU expenditure allocated to the member state,EUR million,2023,392.8167,"European Commission, EU spending and revenue 2000-2024 workbook (published 25 Sep 2025)",2026-08-04
LVA,Latvia,BUDGET.EXPEND,EU expenditure allocated to the member state,EUR million,2023,1499.1195,"European Commission, EU spending and revenue 2000-2024 workbook (published 25 Sep 2025)",2026-08-04
LTU,Lithuania,BUDGET.EXPEND,EU expenditure allocated to the member state,EUR million,2023,2278.7941,"European Commission, EU spending and revenue 2000-2024 workbook (published 25 Sep 2025)",2026-08-04
LUX,Luxembourg,BUDGET.EXPEND,EU expenditure allocated to the member state,EUR million,2023,2511.474,"European Commission, EU spending and revenue 2000-2024 workbook (published 25 Sep 2025)",2026-08-04
HUN,Hungary,BUDGET.EXPEND,EU expenditure allocated to the member state,EUR million,2023,6418.8705,"European Commission, EU spending and revenue 2000-2024 workbook (published 25 Sep 2025)",2026-08-04
MLT,Malta,BUDGET.EXPEND,EU expenditure allocated to the member state,EUR million,2023,277.2868,"European Commission, EU spending and revenue 2000-2024 workbook (published 25 Sep 2025)",2026-08-04
NLD,Netherlands,BUDGET.EXPEND,EU expenditure allocated to the member state,EUR million,2023,2886.1853,"European Commission, EU spending and revenue 2000-2024 workbook (published 25 Sep 2025)",2026-08-04
AUT,Austria,BUDGET.EXPEND,EU expenditure allocated to the member state,EUR million,2023,2167.0017,"European Commission, EU spending and revenue 2000-2024 workbook (published 25 Sep 2025)",2026-08-04
POL,Poland,BUDGET.EXPEND,EU expenditure allocated to the member state,EUR million,2023,14137.4,"European Commission, EU spending and revenue 2000-2024 workbook (published 25 Sep 2025)",2026-08-04
PRT,Portugal,BUDGET.EXPEND,EU expenditure allocated to the member state,EUR million,2023,4518.4584,"European Commission, EU spending and revenue 2000-2024 workbook (published 25 Sep 2025)",2026-08-04
ROU,Romania,BUDGET.EXPEND,EU expenditure allocated to the member state,EUR million,2023,8654.6209,"European Commission, EU spending and revenue 2000-2024 workbook (published 25 Sep 2025)",2026-08-04
SVN,Slovenia,BUDGET.EXPEND,EU expenditure allocated to the member state,EUR million,2023,951.9214,"European Commission, EU spending and revenue 2000-2024 workbook (published 25 Sep 2025)",2026-08-04
SVK,Slovakia,BUDGET.EXPEND,EU expenditure allocated to the member state,EUR million,2023,3546.4315,"European Commission, EU spending and revenue 2000-2024 workbook (published 25 Sep 2025)",2026-08-04
FIN,Finland,BUDGET.EXPEND,EU expenditure allocated to the member state,EUR million,2023,1516.9915,"European Commission, EU spending and revenue 2000-2024 workbook (published 25 Sep 2025)",2026-08-04
SWE,Sweden,BUDGET.EXPEND,EU expenditure allocated to the member state,EUR million,2023,2081.3496,"European Commission, EU spending and revenue 2000-2024 workbook (published 25 Sep 2025)",2026-08-04
BEL,Belgium,BUDGET.CONTRIB,National contributions to the EU budget (excludes customs duties),EUR million,2023,4452.7619,"European Commission, EU spending and revenue 2000-2024 workbook (published 25 Sep 2025)",2026-08-04
BGR,Bulgaria,BUDGET.CONTRIB,National contributions to the EU budget (excludes customs duties),EUR million,2023,778.6,"European Commission, EU spending and revenue 2000-2024 workbook (published 25 Sep 2025)",2026-08-04
CZE,Czechia,BUDGET.CONTRIB,National contributions to the EU budget (excludes customs duties),EUR million,2023,2452.8075,"European Commission, EU spending and revenue 2000-2024 workbook (published 25 Sep 2025)",2026-08-04
DNK,Denmark,BUDGET.CONTRIB,National contributions to the EU budget (excludes customs duties),EUR million,2023,2709.9559,"European Commission, EU spending and revenue 2000-2024 workbook (published 25 Sep 2025)",2026-08-04
DEU,Germany,BUDGET.CONTRIB,National contributions to the EU budget (excludes customs duties),EUR million,2023,29874.7369,"European Commission, EU spending and revenue 2000-2024 workbook (published 25 Sep 2025)",2026-08-04
EST,Estonia,BUDGET.CONTRIB,National contributions to the EU budget (excludes customs duties),EUR million,2023,307.8896,"European Commission, EU spending and revenue 2000-2024 workbook (published 25 Sep 2025)",2026-08-04
IRL,Ireland,BUDGET.CONTRIB,National contributions to the EU budget (excludes customs duties),EUR million,2023,3245.0633,"European Commission, EU spending and revenue 2000-2024 workbook (published 25 Sep 2025)",2026-08-04
GRC,Greece,BUDGET.CONTRIB,National contributions to the EU budget (excludes customs duties),EUR million,2023,1634.3801,"European Commission, EU spending and revenue 2000-2024 workbook (published 25 Sep 2025)",2026-08-04
ESP,Spain,BUDGET.CONTRIB,National contributions to the EU budget (excludes customs duties),EUR million,2023,11138.6773,"European Commission, EU spending and revenue 2000-2024 workbook (published 25 Sep 2025)",2026-08-04
FRA,France,BUDGET.CONTRIB,National contributions to the EU budget (excludes customs duties),EUR million,2023,23873.1399,"European Commission, EU spending and revenue 2000-2024 workbook (published 25 Sep 2025)",2026-08-04
HRV,Croatia,BUDGET.CONTRIB,National contributions to the EU budget (excludes customs duties),EUR million,2023,646.9403,"European Commission, EU spending and revenue 2000-2024 workbook (published 25 Sep 2025)",2026-08-04
ITA,Italy,BUDGET.CONTRIB,National contributions to the EU budget (excludes customs duties),EUR million,2023,16320.1782,"European Commission, EU spending and revenue 2000-2024 workbook (published 25 Sep 2025)",2026-08-04
CYP,Cyprus,BUDGET.CONTRIB,National contributions to the EU budget (excludes customs duties),EUR million,2023,221.4381,"European Commission, EU spending and revenue 2000-2024 workbook (published 25 Sep 2025)",2026-08-04
LVA,Latvia,BUDGET.CONTRIB,National contributions to the EU budget (excludes customs duties),EUR million,2023,342.996,"European Commission, EU spending and revenue 2000-2024 workbook (published 25 Sep 2025)",2026-08-04
LTU,Lithuania,BUDGET.CONTRIB,National contributions to the EU budget (excludes customs duties),EUR million,2023,596.9049,"European Commission, EU spending and revenue 2000-2024 workbook (published 25 Sep 2025)",2026-08-04
LUX,Luxembourg,BUDGET.CONTRIB,National contributions to the EU budget (excludes customs duties),EUR million,2023,690.5469,"European Commission, EU spending and revenue 2000-2024 workbook (published 25 Sep 2025)",2026-08-04
HUN,Hungary,BUDGET.CONTRIB,National contributions to the EU budget (excludes customs duties),EUR million,2023,1767.5262,"European Commission, EU spending and revenue 2000-2024 workbook (published 25 Sep 2025)",2026-08-04
MLT,Malta,BUDGET.CONTRIB,National contributions to the EU budget (excludes customs duties),EUR million,2023,151.8816,"European Commission, EU spending and revenue 2000-2024 workbook (published 25 Sep 2025)",2026-08-04
NLD,Netherlands,BUDGET.CONTRIB,National contributions to the EU budget (excludes customs duties),EUR million,2023,5897.2375,"European Commission, EU spending and revenue 2000-2024 workbook (published 25 Sep 2025)",2026-08-04
AUT,Austria,BUDGET.CONTRIB,National contributions to the EU budget (excludes customs duties),EUR million,2023,3111.3389,"European Commission, EU spending and revenue 2000-2024 workbook (published 25 Sep 2025)",2026-08-04
POL,Poland,BUDGET.CONTRIB,National contributions to the EU budget (excludes customs duties),EUR million,2023,5691.3712,"European Commission, EU spending and revenue 2000-2024 workbook (published 25 Sep 2025)",2026-08-04
PRT,Portugal,BUDGET.CONTRIB,National contributions to the EU budget (excludes customs duties),EUR million,2023,2128.7985,"European Commission, EU spending and revenue 2000-2024 workbook (published 25 Sep 2025)",2026-08-04
ROU,Romania,BUDGET.CONTRIB,National contributions to the EU budget (excludes customs duties),EUR million,2023,2526.2088,"European Commission, EU spending and revenue 2000-2024 workbook (published 25 Sep 2025)",2026-08-04
SVN,Slovenia,BUDGET.CONTRIB,National contributions to the EU budget (excludes customs duties),EUR million,2023,507.6026,"European Commission, EU spending and revenue 2000-2024 workbook (published 25 Sep 2025)",2026-08-04
SVK,Slovakia,BUDGET.CONTRIB,National contributions to the EU budget (excludes customs duties),EUR million,2023,945.8338,"European Commission, EU spending and revenue 2000-2024 workbook (published 25 Sep 2025)",2026-08-04
FIN,Finland,BUDGET.CONTRIB,National contributions to the EU budget (excludes customs duties),EUR million,2023,2195.3497,"European Commission, EU spending and revenue 2000-2024 workbook (published 25 Sep 2025)",2026-08-04
SWE,Sweden,BUDGET.CONTRIB,National contributions to the EU budget (excludes customs duties),EUR million,2023,3274.6124,"European Commission, EU spending and revenue 2000-2024 workbook (published 25 Sep 2025)",2026-08-04
BEL,Belgium,BUDGET.GNI,Gross national income (European Commission definition),EUR million,2023,597051.3046,"European Commission, EU spending and revenue 2000-2024 workbook (published 25 Sep 2025)",2026-08-04
BGR,Bulgaria,BUDGET.GNI,Gross national income (European Commission definition),EUR million,2023,89250.1649,"European Commission, EU spending and revenue 2000-2024 workbook (published 25 Sep 2025)",2026-08-04
CZE,Czechia,BUDGET.GNI,Gross national income (European Commission definition),EUR million,2023,297860.55,"European Commission, EU spending and revenue 2000-2024 workbook (published 25 Sep 2025)",2026-08-04
DNK,Denmark,BUDGET.GNI,Gross national income (European Commission definition),EUR million,2023,383131.2603,"European Commission, EU spending and revenue 2000-2024 workbook (published 25 Sep 2025)",2026-08-04
DEU,Germany,BUDGET.GNI,Gross national income (European Commission definition),EUR million,2023,4286159.0,"European Commission, EU spending and revenue 2000-2024 workbook (published 25 Sep 2025)",2026-08-04
EST,Estonia,BUDGET.GNI,Gross national income (European Commission definition),EUR million,2023,36865.1631,"European Commission, EU spending and revenue 2000-2024 workbook (published 25 Sep 2025)",2026-08-04
IRL,Ireland,BUDGET.GNI,Gross national income (European Commission definition),EUR million,2023,389574.7559,"European Commission, EU spending and revenue 2000-2024 workbook (published 25 Sep 2025)",2026-08-04
GRC,Greece,BUDGET.GNI,Gross national income (European Commission definition),EUR million,2023,216871.1807,"European Commission, EU spending and revenue 2000-2024 workbook (published 25 Sep 2025)",2026-08-04
ESP,Spain,BUDGET.GNI,Gross national income (European Commission definition),EUR million,2023,1451260.244,"European Commission, EU spending and revenue 2000-2024 workbook (published 25 Sep 2025)",2026-08-04
FRA,France,BUDGET.GNI,Gross national income (European Commission definition),EUR million,2023,2855317.9509,"European Commission, EU spending and revenue 2000-2024 workbook (published 25 Sep 2025)",2026-08-04
HRV,Croatia,BUDGET.GNI,Gross national income (European Commission definition),EUR million,2023,76541.134,"European Commission, EU spending and revenue 2000-2024 workbook (published 25 Sep 2025)",2026-08-04
ITA,Italy,BUDGET.GNI,Gross national income (European Commission definition),EUR million,2023,2081729.0,"European Commission, EU spending and revenue 2000-2024 workbook (published 25 Sep 2025)",2026-08-04
CYP,Cyprus,BUDGET.GNI,Gross national income (European Commission definition),EUR million,2023,26666.4533,"European Commission, EU spending and revenue 2000-2024 workbook (published 25 Sep 2025)",2026-08-04
LVA,Latvia,BUDGET.GNI,Gross national income (European Commission definition),EUR million,2023,39841.5488,"European Commission, EU spending and revenue 2000-2024 workbook (published 25 Sep 2025)",2026-08-04
LTU,Lithuania,BUDGET.GNI,Gross national income (European Commission definition),EUR million,2023,69573.764,"European Commission, EU spending and revenue 2000-2024 workbook (published 25 Sep 2025)",2026-08-04
LUX,Luxembourg,BUDGET.GNI,Gross national income (European Commission definition),EUR million,2023,53189.4004,"European Commission, EU spending and revenue 2000-2024 workbook (published 25 Sep 2025)",2026-08-04
HUN,Hungary,BUDGET.GNI,Gross national income (European Commission definition),EUR million,2023,189558.1171,"European Commission, EU spending and revenue 2000-2024 workbook (published 25 Sep 2025)",2026-08-04
MLT,Malta,BUDGET.GNI,Gross national income (European Commission definition),EUR million,2023,16745.47,"European Commission, EU spending and revenue 2000-2024 workbook (published 25 Sep 2025)",2026-08-04
NLD,Netherlands,BUDGET.GNI,Gross national income (European Commission definition),EUR million,2023,1026977.694,"European Commission, EU spending and revenue 2000-2024 workbook (published 25 Sep 2025)",2026-08-04
AUT,Austria,BUDGET.GNI,Gross national income (European Commission definition),EUR million,2023,474411.0624,"European Commission, EU spending and revenue 2000-2024 workbook (published 25 Sep 2025)",2026-08-04
POL,Poland,BUDGET.GNI,Gross national income (European Commission definition),EUR million,2023,720859.579,"European Commission, EU spending and revenue 2000-2024 workbook (published 25 Sep 2025)",2026-08-04
PRT,Portugal,BUDGET.GNI,Gross national income (European Commission definition),EUR million,2023,260554.08,"European Commission, EU spending and revenue 2000-2024 workbook (published 25 Sep 2025)",2026-08-04
ROU,Romania,BUDGET.GNI,Gross national income (European Commission definition),EUR million,2023,316779.1025,"European Commission, EU spending and revenue 2000-2024 workbook (published 25 Sep 2025)",2026-08-04
SVN,Slovenia,BUDGET.GNI,Gross national income (European Commission definition),EUR million,2023,61849.0456,"European Commission, EU spending and revenue 2000-2024 workbook (published 25 Sep 2025)",2026-08-04
SVK,Slovakia,BUDGET.GNI,Gross national income (European Commission definition),EUR million,2023,119640.5,"European Commission, EU spending and revenue 2000-2024 workbook (published 25 Sep 2025)",2026-08-04
FIN,Finland,BUDGET.GNI,Gross national income (European Commission definition),EUR million,2023,277131.0,"European Commission, EU spending and revenue 2000-2024 workbook (published 25 Sep 2025)",2026-08-04
SWE,Sweden,BUDGET.GNI,Gross national income (European Commission definition),EUR million,2023,570139.2741,"European Commission, EU spending and revenue 2000-2024 workbook (published 25 Sep 2025)",2026-08-04
BEL,Belgium,BUDGET.ADMIN,EU administrative expenditure allocated to the member state,EUR million,2023,6288.0355,"European Commission, EU spending and revenue 2000-2024 workbook (published 25 Sep 2025)",2026-08-04
BGR,Bulgaria,BUDGET.ADMIN,EU administrative expenditure allocated to the member state,EUR million,2023,10.4205,"European Commission, EU spending and revenue 2000-2024 workbook (published 25 Sep 2025)",2026-08-04
CZE,Czechia,BUDGET.ADMIN,EU administrative expenditure allocated to the member state,EUR million,2023,24.7103,"European Commission, EU spending and revenue 2000-2024 workbook (published 25 Sep 2025)",2026-08-04
DNK,Denmark,BUDGET.ADMIN,EU administrative expenditure allocated to the member state,EUR million,2023,84.4227,"European Commission, EU spending and revenue 2000-2024 workbook (published 25 Sep 2025)",2026-08-04
DEU,Germany,BUDGET.ADMIN,EU administrative expenditure allocated to the member state,EUR million,2023,290.699,"European Commission, EU spending and revenue 2000-2024 workbook (published 25 Sep 2025)",2026-08-04
EST,Estonia,BUDGET.ADMIN,EU administrative expenditure allocated to the member state,EUR million,2023,16.3238,"European Commission, EU spending and revenue 2000-2024 workbook (published 25 Sep 2025)",2026-08-04
IRL,Ireland,BUDGET.ADMIN,EU administrative expenditure allocated to the member state,EUR million,2023,124.3382,"European Commission, EU spending and revenue 2000-2024 workbook (published 25 Sep 2025)",2026-08-04
GRC,Greece,BUDGET.ADMIN,EU administrative expenditure allocated to the member state,EUR million,2023,42.3351,"European Commission, EU spending and revenue 2000-2024 workbook (published 25 Sep 2025)",2026-08-04
ESP,Spain,BUDGET.ADMIN,EU administrative expenditure allocated to the member state,EUR million,2023,175.5574,"European Commission, EU spending and revenue 2000-2024 workbook (published 25 Sep 2025)",2026-08-04
FRA,France,BUDGET.ADMIN,EU administrative expenditure allocated to the member state,EUR million,2023,517.5653,"European Commission, EU spending and revenue 2000-2024 workbook (published 25 Sep 2025)",2026-08-04
HRV,Croatia,BUDGET.ADMIN,EU administrative expenditure allocated to the member state,EUR million,2023,13.8675,"European Commission, EU spending and revenue 2000-2024 workbook (published 25 Sep 2025)",2026-08-04
ITA,Italy,BUDGET.ADMIN,EU administrative expenditure allocated to the member state,EUR million,2023,259.8859,"European Commission, EU spending and revenue 2000-2024 workbook (published 25 Sep 2025)",2026-08-04
CYP,Cyprus,BUDGET.ADMIN,EU administrative expenditure allocated to the member state,EUR million,2023,6.5415,"European Commission, EU spending and revenue 2000-2024 workbook (published 25 Sep 2025)",2026-08-04
LVA,Latvia,BUDGET.ADMIN,EU administrative expenditure allocated to the member state,EUR million,2023,8.7543,"European Commission, EU spending and revenue 2000-2024 workbook (published 25 Sep 2025)",2026-08-04
LTU,Lithuania,BUDGET.ADMIN,EU administrative expenditure allocated to the member state,EUR million,2023,18.832,"European Commission, EU spending and revenue 2000-2024 workbook (published 25 Sep 2025)",2026-08-04
LUX,Luxembourg,BUDGET.ADMIN,EU administrative expenditure allocated to the member state,EUR million,2023,1897.4264,"European Commission, EU spending and revenue 2000-2024 workbook (published 25 Sep 2025)",2026-08-04
HUN,Hungary,BUDGET.ADMIN,EU administrative expenditure allocated to the member state,EUR million,2023,10.999,"European Commission, EU spending and revenue 2000-2024 workbook (published 25 Sep 2025)",2026-08-04
MLT,Malta,BUDGET.ADMIN,EU administrative expenditure allocated to the member state,EUR million,2023,10.0778,"European Commission, EU spending and revenue 2000-2024 workbook (published 25 Sep 2025)",2026-08-04
NLD,Netherlands,BUDGET.ADMIN,EU administrative expenditure allocated to the member state,EUR million,2023,107.9414,"European Commission, EU spending and revenue 2000-2024 workbook (published 25 Sep 2025)",2026-08-04
AUT,Austria,BUDGET.ADMIN,EU administrative expenditure allocated to the member state,EUR million,2023,44.824,"European Commission, EU spending and revenue 2000-2024 workbook (published 25 Sep 2025)",2026-08-04
POL,Poland,BUDGET.ADMIN,EU administrative expenditure allocated to the member state,EUR million,2023,37.9636,"European Commission, EU spending and revenue 2000-2024 workbook (published 25 Sep 2025)",2026-08-04
PRT,Portugal,BUDGET.ADMIN,EU administrative expenditure allocated to the member state,EUR million,2023,66.7717,"European Commission, EU spending and revenue 2000-2024 workbook (published 25 Sep 2025)",2026-08-04
ROU,Romania,BUDGET.ADMIN,EU administrative expenditure allocated to the member state,EUR million,2023,21.7094,"European Commission, EU spending and revenue 2000-2024 workbook (published 25 Sep 2025)",2026-08-04
SVN,Slovenia,BUDGET.ADMIN,EU administrative expenditure allocated to the member state,EUR million,2023,13.3979,"European Commission, EU spending and revenue 2000-2024 workbook (published 25 Sep 2025)",2026-08-04
SVK,Slovakia,BUDGET.ADMIN,EU administrative expenditure allocated to the member state,EUR million,2023,18.3457,"European Commission, EU spending and revenue 2000-2024 workbook (published 25 Sep 2025)",2026-08-04
FIN,Finland,BUDGET.ADMIN,EU administrative expenditure allocated to the member state,EUR million,2023,63.3343,"European Commission, EU spending and revenue 2000-2024 workbook (published 25 Sep 2025)",2026-08-04
SWE,Sweden,BUDGET.ADMIN,EU administrative expenditure allocated to the member state,EUR million,2023,49.7097,"European Commission, EU spending and revenue 2000-2024 workbook (published 25 Sep 2025)",2026-08-04
BEL,Belgium,BUDGET.CUSTOMS,Customs duties collected for the EU budget (traditional own resources),EUR million,2023,2280.7738,"European Commission, EU spending and revenue 2000-2024 workbook (published 25 Sep 2025)",2026-08-04
BGR,Bulgaria,BUDGET.CUSTOMS,Customs duties collected for the EU budget (traditional own resources),EUR million,2023,127.3292,"European Commission, EU spending and revenue 2000-2024 workbook (published 25 Sep 2025)",2026-08-04
CZE,Czechia,BUDGET.CUSTOMS,Customs duties collected for the EU budget (traditional own resources),EUR million,2023,392.9192,"European Commission, EU spending and revenue 2000-2024 workbook (published 25 Sep 2025)",2026-08-04
DNK,Denmark,BUDGET.CUSTOMS,Customs duties collected for the EU budget (traditional own resources),EUR million,2023,375.0628,"European Commission, EU spending and revenue 2000-2024 workbook (published 25 Sep 2025)",2026-08-04
DEU,Germany,BUDGET.CUSTOMS,Customs duties collected for the EU budget (traditional own resources),EUR million,2023,4485.8853,"European Commission, EU spending and revenue 2000-2024 workbook (published 25 Sep 2025)",2026-08-04
EST,Estonia,BUDGET.CUSTOMS,Customs duties collected for the EU budget (traditional own resources),EUR million,2023,34.8292,"European Commission, EU spending and revenue 2000-2024 workbook (published 25 Sep 2025)",2026-08-04
IRL,Ireland,BUDGET.CUSTOMS,Customs duties collected for the EU budget (traditional own resources),EUR million,2023,445.0501,"European Commission, EU spending and revenue 2000-2024 workbook (published 25 Sep 2025)",2026-08-04
GRC,Greece,BUDGET.CUSTOMS,Customs duties collected for the EU budget (traditional own resources),EUR million,2023,231.3807,"European Commission, EU spending and revenue 2000-2024 workbook (published 25 Sep 2025)",2026-08-04
ESP,Spain,BUDGET.CUSTOMS,Customs duties collected for the EU budget (traditional own resources),EUR million,2023,1968.2765,"European Commission, EU spending and revenue 2000-2024 workbook (published 25 Sep 2025)",2026-08-04
FRA,France,BUDGET.CUSTOMS,Customs duties collected for the EU budget (traditional own resources),EUR million,2023,2011.6421,"European Commission, EU spending and revenue 2000-2024 workbook (published 25 Sep 2025)",2026-08-04
HRV,Croatia,BUDGET.CUSTOMS,Customs duties collected for the EU budget (traditional own resources),EUR million,2023,59.2507,"European Commission, EU spending and revenue 2000-2024 workbook (published 25 Sep 2025)",2026-08-04
ITA,Italy,BUDGET.CUSTOMS,Customs duties collected for the EU budget (traditional own resources),EUR million,2023,2280.1657,"European Commission, EU spending and revenue 2000-2024 workbook (published 25 Sep 2025)",2026-08-04
CYP,Cyprus,BUDGET.CUSTOMS,Customs duties collected for the EU budget (traditional own resources),EUR million,2023,44.9679,"European Commission, EU spending and revenue 2000-2024 workbook (published 25 Sep 2025)",2026-08-04
LVA,Latvia,BUDGET.CUSTOMS,Customs duties collected for the EU budget (traditional own resources),EUR million,2023,41.7761,"European Commission, EU spending and revenue 2000-2024 workbook (published 25 Sep 2025)",2026-08-04
LTU,Lithuania,BUDGET.CUSTOMS,Customs duties collected for the EU budget (traditional own resources),EUR million,2023,95.338,"European Commission, EU spending and revenue 2000-2024 workbook (published 25 Sep 2025)",2026-08-04
LUX,Luxembourg,BUDGET.CUSTOMS,Customs duties collected for the EU budget (traditional own resources),EUR million,2023,14.9054,"European Commission, EU spending and revenue 2000-2024 workbook (published 25 Sep 2025)",2026-08-04
HUN,Hungary,BUDGET.CUSTOMS,Customs duties collected for the EU budget (traditional own resources),EUR million,2023,280.0685,"European Commission, EU spending and revenue 2000-2024 workbook (published 25 Sep 2025)",2026-08-04
MLT,Malta,BUDGET.CUSTOMS,Customs duties collected for the EU budget (traditional own resources),EUR million,2023,-28.4711,"European Commission, EU spending and revenue 2000-2024 workbook (published 25 Sep 2025)",2026-08-04
NLD,Netherlands,BUDGET.CUSTOMS,Customs duties collected for the EU budget (traditional own resources),EUR million,2023,3334.2124,"European Commission, EU spending and revenue 2000-2024 workbook (published 25 Sep 2025)",2026-08-04
AUT,Austria,BUDGET.CUSTOMS,Customs duties collected for the EU budget (traditional own resources),EUR million,2023,250.4825,"European Commission, EU spending and revenue 2000-2024 workbook (published 25 Sep 2025)",2026-08-04
POL,Poland,BUDGET.CUSTOMS,Customs duties collected for the EU budget (traditional own resources),EUR million,2023,981.9993,"European Commission, EU spending and revenue 2000-2024 workbook (published 25 Sep 2025)",2026-08-04
PRT,Portugal,BUDGET.CUSTOMS,Customs duties collected for the EU budget (traditional own resources),EUR million,2023,237.821,"European Commission, EU spending and revenue 2000-2024 workbook (published 25 Sep 2025)",2026-08-04
ROU,Romania,BUDGET.CUSTOMS,Customs duties collected for the EU budget (traditional own resources),EUR million,2023,261.262,"European Commission, EU spending and revenue 2000-2024 workbook (published 25 Sep 2025)",2026-08-04
SVN,Slovenia,BUDGET.CUSTOMS,Customs duties collected for the EU budget (traditional own resources),EUR million,2023,166.0263,"European Commission, EU spending and revenue 2000-2024 workbook (published 25 Sep 2025)",2026-08-04
SVK,Slovakia,BUDGET.CUSTOMS,Customs duties collected for the EU budget (traditional own resources),EUR million,2023,113.7123,"European Commission, EU spending and revenue 2000-2024 workbook (published 25 Sep 2025)",2026-08-04
FIN,Finland,BUDGET.CUSTOMS,Customs duties collected for the EU budget (traditional own resources),EUR million,2023,161.8893,"European Commission, EU spending and revenue 2000-2024 workbook (published 25 Sep 2025)",2026-08-04
SWE,Sweden,BUDGET.CUSTOMS,Customs duties collected for the EU budget (traditional own resources),EUR million,2023,536.6628,"European Commission, EU spending and revenue 2000-2024 workbook (published 25 Sep 2025)",2026-08-04
BEL,Belgium,BUDGET.EXPEND,EU expenditure allocated to the member state,EUR million,2024,11455.6914,"European Commission, EU spending and revenue 2000-2024 workbook (published 25 Sep 2025)",2026-08-04
BGR,Bulgaria,BUDGET.EXPEND,EU expenditure allocated to the member state,EUR million,2024,2066.6152,"European Commission, EU spending and revenue 2000-2024 workbook (published 25 Sep 2025)",2026-08-04
CZE,Czechia,BUDGET.EXPEND,EU expenditure allocated to the member state,EUR million,2024,3108.4996,"European Commission, EU spending and revenue 2000-2024 workbook (published 25 Sep 2025)",2026-08-04
DNK,Denmark,BUDGET.EXPEND,EU expenditure allocated to the member state,EUR million,2024,1842.3995,"European Commission, EU spending and revenue 2000-2024 workbook (published 25 Sep 2025)",2026-08-04
DEU,Germany,BUDGET.EXPEND,EU expenditure allocated to the member state,EUR million,2024,12619.8122,"European Commission, EU spending and revenue 2000-2024 workbook (published 25 Sep 2025)",2026-08-04
EST,Estonia,BUDGET.EXPEND,EU expenditure allocated to the member state,EUR million,2024,906.214,"European Commission, EU spending and revenue 2000-2024 workbook (published 25 Sep 2025)",2026-08-04
IRL,Ireland,BUDGET.EXPEND,EU expenditure allocated to the member state,EUR million,2024,2188.1823,"European Commission, EU spending and revenue 2000-2024 workbook (published 25 Sep 2025)",2026-08-04
GRC,Greece,BUDGET.EXPEND,EU expenditure allocated to the member state,EUR million,2024,5100.5842,"European Commission, EU spending and revenue 2000-2024 workbook (published 25 Sep 2025)",2026-08-04
ESP,Spain,BUDGET.EXPEND,EU expenditure allocated to the member state,EUR million,2024,12610.3325,"European Commission, EU spending and revenue 2000-2024 workbook (published 25 Sep 2025)",2026-08-04
FRA,France,BUDGET.EXPEND,EU expenditure allocated to the member state,EUR million,2024,16455.7557,"European Commission, EU spending and revenue 2000-2024 workbook (published 25 Sep 2025)",2026-08-04
HRV,Croatia,BUDGET.EXPEND,EU expenditure allocated to the member state,EUR million,2024,1737.2965,"European Commission, EU spending and revenue 2000-2024 workbook (published 25 Sep 2025)",2026-08-04
ITA,Italy,BUDGET.EXPEND,EU expenditure allocated to the member state,EUR million,2024,13268.7069,"European Commission, EU spending and revenue 2000-2024 workbook (published 25 Sep 2025)",2026-08-04
CYP,Cyprus,BUDGET.EXPEND,EU expenditure allocated to the member state,EUR million,2024,320.8699,"European Commission, EU spending and revenue 2000-2024 workbook (published 25 Sep 2025)",2026-08-04
LVA,Latvia,BUDGET.EXPEND,EU expenditure allocated to the member state,EUR million,2024,1327.9683,"European Commission, EU spending and revenue 2000-2024 workbook (published 25 Sep 2025)",2026-08-04
LTU,Lithuania,BUDGET.EXPEND,EU expenditure allocated to the member state,EUR million,2024,1833.1787,"European Commission, EU spending and revenue 2000-2024 workbook (published 25 Sep 2025)",2026-08-04
LUX,Luxembourg,BUDGET.EXPEND,EU expenditure allocated to the member state,EUR million,2024,2811.5896,"European Commission, EU spending and revenue 2000-2024 workbook (published 25 Sep 2025)",2026-08-04
HUN,Hungary,BUDGET.EXPEND,EU expenditure allocated to the member state,EUR million,2024,3452.9156,"European Commission, EU spending and revenue 2000-2024 workbook (published 25 Sep 2025)",2026-08-04
MLT,Malta,BUDGET.EXPEND,EU expenditure allocated to the member state,EUR million,2024,262.8147,"European Commission, EU spending and revenue 2000-2024 workbook (published 25 Sep 2025)",2026-08-04
NLD,Netherlands,BUDGET.EXPEND,EU expenditure allocated to the member state,EUR million,2024,3152.7012,"European Commission, EU spending and revenue 2000-2024 workbook (published 25 Sep 2025)",2026-08-04
AUT,Austria,BUDGET.EXPEND,EU expenditure allocated to the member state,EUR million,2024,2012.145,"European Commission, EU spending and revenue 2000-2024 workbook (published 25 Sep 2025)",2026-08-04
POL,Poland,BUDGET.EXPEND,EU expenditure allocated to the member state,EUR million,2024,9147.8303,"European Commission, EU spending and revenue 2000-2024 workbook (published 25 Sep 2025)",2026-08-04
PRT,Portugal,BUDGET.EXPEND,EU expenditure allocated to the member state,EUR million,2024,3181.3166,"European Commission, EU spending and revenue 2000-2024 workbook (published 25 Sep 2025)",2026-08-04
ROU,Romania,BUDGET.EXPEND,EU expenditure allocated to the member state,EUR million,2024,5268.4587,"European Commission, EU spending and revenue 2000-2024 workbook (published 25 Sep 2025)",2026-08-04
SVN,Slovenia,BUDGET.EXPEND,EU expenditure allocated to the member state,EUR million,2024,973.8457,"European Commission, EU spending and revenue 2000-2024 workbook (published 25 Sep 2025)",2026-08-04
SVK,Slovakia,BUDGET.EXPEND,EU expenditure allocated to the member state,EUR million,2024,2205.095,"European Commission, EU spending and revenue 2000-2024 workbook (published 25 Sep 2025)",2026-08-04
FIN,Finland,BUDGET.EXPEND,EU expenditure allocated to the member state,EUR million,2024,1638.0072,"European Commission, EU spending and revenue 2000-2024 workbook (published 25 Sep 2025)",2026-08-04
SWE,Sweden,BUDGET.EXPEND,EU expenditure allocated to the member state,EUR million,2024,2008.2867,"European Commission, EU spending and revenue 2000-2024 workbook (published 25 Sep 2025)",2026-08-04
BEL,Belgium,BUDGET.CONTRIB,National contributions to the EU budget (excludes customs duties),EUR million,2024,4370.4126,"European Commission, EU spending and revenue 2000-2024 workbook (published 25 Sep 2025)",2026-08-04
BGR,Bulgaria,BUDGET.CONTRIB,National contributions to the EU budget (excludes customs duties),EUR million,2024,745.9541,"European Commission, EU spending and revenue 2000-2024 workbook (published 25 Sep 2025)",2026-08-04
CZE,Czechia,BUDGET.CONTRIB,National contributions to the EU budget (excludes customs duties),EUR million,2024,2110.5906,"European Commission, EU spending and revenue 2000-2024 workbook (published 25 Sep 2025)",2026-08-04
DNK,Denmark,BUDGET.CONTRIB,National contributions to the EU budget (excludes customs duties),EUR million,2024,2405.3222,"European Commission, EU spending and revenue 2000-2024 workbook (published 25 Sep 2025)",2026-08-04
DEU,Germany,BUDGET.CONTRIB,National contributions to the EU budget (excludes customs duties),EUR million,2024,27392.8187,"European Commission, EU spending and revenue 2000-2024 workbook (published 25 Sep 2025)",2026-08-04
EST,Estonia,BUDGET.CONTRIB,National contributions to the EU budget (excludes customs duties),EUR million,2024,299.9413,"European Commission, EU spending and revenue 2000-2024 workbook (published 25 Sep 2025)",2026-08-04
IRL,Ireland,BUDGET.CONTRIB,National contributions to the EU budget (excludes customs duties),EUR million,2024,3009.5457,"European Commission, EU spending and revenue 2000-2024 workbook (published 25 Sep 2025)",2026-08-04
GRC,Greece,BUDGET.CONTRIB,National contributions to the EU budget (excludes customs duties),EUR million,2024,1714.725,"European Commission, EU spending and revenue 2000-2024 workbook (published 25 Sep 2025)",2026-08-04
ESP,Spain,BUDGET.CONTRIB,National contributions to the EU budget (excludes customs duties),EUR million,2024,10984.952,"European Commission, EU spending and revenue 2000-2024 workbook (published 25 Sep 2025)",2026-08-04
FRA,France,BUDGET.CONTRIB,National contributions to the EU budget (excludes customs duties),EUR million,2024,22276.3938,"European Commission, EU spending and revenue 2000-2024 workbook (published 25 Sep 2025)",2026-08-04
HRV,Croatia,BUDGET.CONTRIB,National contributions to the EU budget (excludes customs duties),EUR million,2024,662.6137,"European Commission, EU spending and revenue 2000-2024 workbook (published 25 Sep 2025)",2026-08-04
ITA,Italy,BUDGET.CONTRIB,National contributions to the EU budget (excludes customs duties),EUR million,2024,15733.932,"European Commission, EU spending and revenue 2000-2024 workbook (published 25 Sep 2025)",2026-08-04
CYP,Cyprus,BUDGET.CONTRIB,National contributions to the EU budget (excludes customs duties),EUR million,2024,214.0922,"European Commission, EU spending and revenue 2000-2024 workbook (published 25 Sep 2025)",2026-08-04
LVA,Latvia,BUDGET.CONTRIB,National contributions to the EU budget (excludes customs duties),EUR million,2024,322.1724,"European Commission, EU spending and revenue 2000-2024 workbook (published 25 Sep 2025)",2026-08-04
LTU,Lithuania,BUDGET.CONTRIB,National contributions to the EU budget (excludes customs duties),EUR million,2024,595.0801,"European Commission, EU spending and revenue 2000-2024 workbook (published 25 Sep 2025)",2026-08-04
LUX,Luxembourg,BUDGET.CONTRIB,National contributions to the EU budget (excludes customs duties),EUR million,2024,441.2411,"European Commission, EU spending and revenue 2000-2024 workbook (published 25 Sep 2025)",2026-08-04
HUN,Hungary,BUDGET.CONTRIB,National contributions to the EU budget (excludes customs duties),EUR million,2024,1597.0209,"European Commission, EU spending and revenue 2000-2024 workbook (published 25 Sep 2025)",2026-08-04
MLT,Malta,BUDGET.CONTRIB,National contributions to the EU budget (excludes customs duties),EUR million,2024,154.4737,"European Commission, EU spending and revenue 2000-2024 workbook (published 25 Sep 2025)",2026-08-04
NLD,Netherlands,BUDGET.CONTRIB,National contributions to the EU budget (excludes customs duties),EUR million,2024,4866.0542,"European Commission, EU spending and revenue 2000-2024 workbook (published 25 Sep 2025)",2026-08-04
AUT,Austria,BUDGET.CONTRIB,National contributions to the EU budget (excludes customs duties),EUR million,2024,3032.8907,"European Commission, EU spending and revenue 2000-2024 workbook (published 25 Sep 2025)",2026-08-04
POL,Poland,BUDGET.CONTRIB,National contributions to the EU budget (excludes customs duties),EUR million,2024,6697.4819,"European Commission, EU spending and revenue 2000-2024 workbook (published 25 Sep 2025)",2026-08-04
PRT,Portugal,BUDGET.CONTRIB,National contributions to the EU budget (excludes customs duties),EUR million,2024,2061.1892,"European Commission, EU spending and revenue 2000-2024 workbook (published 25 Sep 2025)",2026-08-04
ROU,Romania,BUDGET.CONTRIB,National contributions to the EU budget (excludes customs duties),EUR million,2024,2749.3032,"European Commission, EU spending and revenue 2000-2024 workbook (published 25 Sep 2025)",2026-08-04
SVN,Slovenia,BUDGET.CONTRIB,National contributions to the EU budget (excludes customs duties),EUR million,2024,479.9109,"European Commission, EU spending and revenue 2000-2024 workbook (published 25 Sep 2025)",2026-08-04
SVK,Slovakia,BUDGET.CONTRIB,National contributions to the EU budget (excludes customs duties),EUR million,2024,891.206,"European Commission, EU spending and revenue 2000-2024 workbook (published 25 Sep 2025)",2026-08-04
FIN,Finland,BUDGET.CONTRIB,National contributions to the EU budget (excludes customs duties),EUR million,2024,2022.7748,"European Commission, EU spending and revenue 2000-2024 workbook (published 25 Sep 2025)",2026-08-04
SWE,Sweden,BUDGET.CONTRIB,National contributions to the EU budget (excludes customs duties),EUR million,2024,3184.5692,"European Commission, EU spending and revenue 2000-2024 workbook (published 25 Sep 2025)",2026-08-04
BEL,Belgium,BUDGET.GNI,Gross national income (European Commission definition),EUR million,2024,620704.2273,"European Commission, EU spending and revenue 2000-2024 workbook (published 25 Sep 2025)",2026-08-04
BGR,Bulgaria,BUDGET.GNI,Gross national income (European Commission definition),EUR million,2024,98843.5709,"European Commission, EU spending and revenue 2000-2024 workbook (published 25 Sep 2025)",2026-08-04
CZE,Czechia,BUDGET.GNI,Gross national income (European Commission definition),EUR million,2024,304902.9828,"European Commission, EU spending and revenue 2000-2024 workbook (published 25 Sep 2025)",2026-08-04
DNK,Denmark,BUDGET.GNI,Gross national income (European Commission definition),EUR million,2024,410557.2212,"European Commission, EU spending and revenue 2000-2024 workbook (published 25 Sep 2025)",2026-08-04
DEU,Germany,BUDGET.GNI,Gross national income (European Commission definition),EUR million,2024,4458995.0,"European Commission, EU spending and revenue 2000-2024 workbook (published 25 Sep 2025)",2026-08-04
EST,Estonia,BUDGET.GNI,Gross national income (European Commission definition),EUR million,2024,38282.3159,"European Commission, EU spending and revenue 2000-2024 workbook (published 25 Sep 2025)",2026-08-04
IRL,Ireland,BUDGET.GNI,Gross national income (European Commission definition),EUR million,2024,404041.1783,"European Commission, EU spending and revenue 2000-2024 workbook (published 25 Sep 2025)",2026-08-04
GRC,Greece,BUDGET.GNI,Gross national income (European Commission definition),EUR million,2024,230167.7114,"European Commission, EU spending and revenue 2000-2024 workbook (published 25 Sep 2025)",2026-08-04
ESP,Spain,BUDGET.GNI,Gross national income (European Commission definition),EUR million,2024,1584040.548,"European Commission, EU spending and revenue 2000-2024 workbook (published 25 Sep 2025)",2026-08-04
FRA,France,BUDGET.GNI,Gross national income (European Commission definition),EUR million,2024,2970748.9216,"European Commission, EU spending and revenue 2000-2024 workbook (published 25 Sep 2025)",2026-08-04
HRV,Croatia,BUDGET.GNI,Gross national income (European Commission definition),EUR million,2024,85942.83,"European Commission, EU spending and revenue 2000-2024 workbook (published 25 Sep 2025)",2026-08-04
ITA,Italy,BUDGET.GNI,Gross national income (European Commission definition),EUR million,2024,2178170.7,"European Commission, EU spending and revenue 2000-2024 workbook (published 25 Sep 2025)",2026-08-04
CYP,Cyprus,BUDGET.GNI,Gross national income (European Commission definition),EUR million,2024,30394.2072,"European Commission, EU spending and revenue 2000-2024 workbook (published 25 Sep 2025)",2026-08-04
LVA,Latvia,BUDGET.GNI,Gross national income (European Commission definition),EUR million,2024,39225.0989,"European Commission, EU spending and revenue 2000-2024 workbook (published 25 Sep 2025)",2026-08-04
LTU,Lithuania,BUDGET.GNI,Gross national income (European Commission definition),EUR million,2024,76173.5999,"European Commission, EU spending and revenue 2000-2024 workbook (published 25 Sep 2025)",2026-08-04
LUX,Luxembourg,BUDGET.GNI,Gross national income (European Commission definition),EUR million,2024,60862.824,"European Commission, EU spending and revenue 2000-2024 workbook (published 25 Sep 2025)",2026-08-04
HUN,Hungary,BUDGET.GNI,Gross national income (European Commission definition),EUR million,2024,201111.0185,"European Commission, EU spending and revenue 2000-2024 workbook (published 25 Sep 2025)",2026-08-04
MLT,Malta,BUDGET.GNI,Gross national income (European Commission definition),EUR million,2024,19452.86,"European Commission, EU spending and revenue 2000-2024 workbook (published 25 Sep 2025)",2026-08-04
NLD,Netherlands,BUDGET.GNI,Gross national income (European Commission definition),EUR million,2024,1118634.4365,"European Commission, EU spending and revenue 2000-2024 workbook (published 25 Sep 2025)",2026-08-04
AUT,Austria,BUDGET.GNI,Gross national income (European Commission definition),EUR million,2024,479233.5223,"European Commission, EU spending and revenue 2000-2024 workbook (published 25 Sep 2025)",2026-08-04
POL,Poland,BUDGET.GNI,Gross national income (European Commission definition),EUR million,2024,814614.8964,"European Commission, EU spending and revenue 2000-2024 workbook (published 25 Sep 2025)",2026-08-04
PRT,Portugal,BUDGET.GNI,Gross national income (European Commission definition),EUR million,2024,279951.97,"European Commission, EU spending and revenue 2000-2024 workbook (published 25 Sep 2025)",2026-08-04
ROU,Romania,BUDGET.GNI,Gross national income (European Commission definition),EUR million,2024,344067.9086,"European Commission, EU spending and revenue 2000-2024 workbook (published 25 Sep 2025)",2026-08-04
SVN,Slovenia,BUDGET.GNI,Gross national income (European Commission definition),EUR million,2024,66363.8563,"European Commission, EU spending and revenue 2000-2024 workbook (published 25 Sep 2025)",2026-08-04
SVK,Slovakia,BUDGET.GNI,Gross national income (European Commission definition),EUR million,2024,128024.77,"European Commission, EU spending and revenue 2000-2024 workbook (published 25 Sep 2025)",2026-08-04
FIN,Finland,BUDGET.GNI,Gross national income (European Commission definition),EUR million,2024,277061.18,"European Commission, EU spending and revenue 2000-2024 workbook (published 25 Sep 2025)",2026-08-04
SWE,Sweden,BUDGET.GNI,Gross national income (European Commission definition),EUR million,2024,588723.8777,"European Commission, EU spending and revenue 2000-2024 workbook (published 25 Sep 2025)",2026-08-04
BEL,Belgium,BUDGET.ADMIN,EU administrative expenditure allocated to the member state,EUR million,2024,6446.3135,"European Commission, EU spending and revenue 2000-2024 workbook (published 25 Sep 2025)",2026-08-04
BGR,Bulgaria,BUDGET.ADMIN,EU administrative expenditure allocated to the member state,EUR million,2024,11.5967,"European Commission, EU spending and revenue 2000-2024 workbook (published 25 Sep 2025)",2026-08-04
CZE,Czechia,BUDGET.ADMIN,EU administrative expenditure allocated to the member state,EUR million,2024,28.6684,"European Commission, EU spending and revenue 2000-2024 workbook (published 25 Sep 2025)",2026-08-04
DNK,Denmark,BUDGET.ADMIN,EU administrative expenditure allocated to the member state,EUR million,2024,91.7872,"European Commission, EU spending and revenue 2000-2024 workbook (published 25 Sep 2025)",2026-08-04
DEU,Germany,BUDGET.ADMIN,EU administrative expenditure allocated to the member state,EUR million,2024,319.1559,"European Commission, EU spending and revenue 2000-2024 workbook (published 25 Sep 2025)",2026-08-04
EST,Estonia,BUDGET.ADMIN,EU administrative expenditure allocated to the member state,EUR million,2024,17.9784,"European Commission, EU spending and revenue 2000-2024 workbook (published 25 Sep 2025)",2026-08-04
IRL,Ireland,BUDGET.ADMIN,EU administrative expenditure allocated to the member state,EUR million,2024,97.755,"European Commission, EU spending and revenue 2000-2024 workbook (published 25 Sep 2025)",2026-08-04
GRC,Greece,BUDGET.ADMIN,EU administrative expenditure allocated to the member state,EUR million,2024,46.3818,"European Commission, EU spending and revenue 2000-2024 workbook (published 25 Sep 2025)",2026-08-04
ESP,Spain,BUDGET.ADMIN,EU administrative expenditure allocated to the member state,EUR million,2024,203.9663,"European Commission, EU spending and revenue 2000-2024 workbook (published 25 Sep 2025)",2026-08-04
FRA,France,BUDGET.ADMIN,EU administrative expenditure allocated to the member state,EUR million,2024,562.1791,"European Commission, EU spending and revenue 2000-2024 workbook (published 25 Sep 2025)",2026-08-04
HRV,Croatia,BUDGET.ADMIN,EU administrative expenditure allocated to the member state,EUR million,2024,15.4382,"European Commission, EU spending and revenue 2000-2024 workbook (published 25 Sep 2025)",2026-08-04
ITA,Italy,BUDGET.ADMIN,EU administrative expenditure allocated to the member state,EUR million,2024,284.7306,"European Commission, EU spending and revenue 2000-2024 workbook (published 25 Sep 2025)",2026-08-04
CYP,Cyprus,BUDGET.ADMIN,EU administrative expenditure allocated to the member state,EUR million,2024,7.5317,"European Commission, EU spending and revenue 2000-2024 workbook (published 25 Sep 2025)",2026-08-04
LVA,Latvia,BUDGET.ADMIN,EU administrative expenditure allocated to the member state,EUR million,2024,10.325,"European Commission, EU spending and revenue 2000-2024 workbook (published 25 Sep 2025)",2026-08-04
LTU,Lithuania,BUDGET.ADMIN,EU administrative expenditure allocated to the member state,EUR million,2024,24.7893,"European Commission, EU spending and revenue 2000-2024 workbook (published 25 Sep 2025)",2026-08-04
LUX,Luxembourg,BUDGET.ADMIN,EU administrative expenditure allocated to the member state,EUR million,2024,2022.4011,"European Commission, EU spending and revenue 2000-2024 workbook (published 25 Sep 2025)",2026-08-04
HUN,Hungary,BUDGET.ADMIN,EU administrative expenditure allocated to the member state,EUR million,2024,13.8014,"European Commission, EU spending and revenue 2000-2024 workbook (published 25 Sep 2025)",2026-08-04
MLT,Malta,BUDGET.ADMIN,EU administrative expenditure allocated to the member state,EUR million,2024,10.9125,"European Commission, EU spending and revenue 2000-2024 workbook (published 25 Sep 2025)",2026-08-04
NLD,Netherlands,BUDGET.ADMIN,EU administrative expenditure allocated to the member state,EUR million,2024,124.4695,"European Commission, EU spending and revenue 2000-2024 workbook (published 25 Sep 2025)",2026-08-04
AUT,Austria,BUDGET.ADMIN,EU administrative expenditure allocated to the member state,EUR million,2024,52.7424,"European Commission, EU spending and revenue 2000-2024 workbook (published 25 Sep 2025)",2026-08-04
POL,Poland,BUDGET.ADMIN,EU administrative expenditure allocated to the member state,EUR million,2024,40.4559,"European Commission, EU spending and revenue 2000-2024 workbook (published 25 Sep 2025)",2026-08-04
PRT,Portugal,BUDGET.ADMIN,EU administrative expenditure allocated to the member state,EUR million,2024,76.6294,"European Commission, EU spending and revenue 2000-2024 workbook (published 25 Sep 2025)",2026-08-04
ROU,Romania,BUDGET.ADMIN,EU administrative expenditure allocated to the member state,EUR million,2024,24.5139,"European Commission, EU spending and revenue 2000-2024 workbook (published 25 Sep 2025)",2026-08-04
SVN,Slovenia,BUDGET.ADMIN,EU administrative expenditure allocated to the member state,EUR million,2024,13.6003,"European Commission, EU spending and revenue 2000-2024 workbook (published 25 Sep 2025)",2026-08-04
SVK,Slovakia,BUDGET.ADMIN,EU administrative expenditure allocated to the member state,EUR million,2024,19.9025,"European Commission, EU spending and revenue 2000-2024 workbook (published 25 Sep 2025)",2026-08-04
FIN,Finland,BUDGET.ADMIN,EU administrative expenditure allocated to the member state,EUR million,2024,70.235,"European Commission, EU spending and revenue 2000-2024 workbook (published 25 Sep 2025)",2026-08-04
SWE,Sweden,BUDGET.ADMIN,EU administrative expenditure allocated to the member state,EUR million,2024,58.2575,"European Commission, EU spending and revenue 2000-2024 workbook (published 25 Sep 2025)",2026-08-04
BEL,Belgium,BUDGET.CUSTOMS,Customs duties collected for the EU budget (traditional own resources),EUR million,2024,2502.4783,"European Commission, EU spending and revenue 2000-2024 workbook (published 25 Sep 2025)",2026-08-04
BGR,Bulgaria,BUDGET.CUSTOMS,Customs duties collected for the EU budget (traditional own resources),EUR million,2024,126.5001,"European Commission, EU spending and revenue 2000-2024 workbook (published 25 Sep 2025)",2026-08-04
CZE,Czechia,BUDGET.CUSTOMS,Customs duties collected for the EU budget (traditional own resources),EUR million,2024,339.0568,"European Commission, EU spending and revenue 2000-2024 workbook (published 25 Sep 2025)",2026-08-04
DNK,Denmark,BUDGET.CUSTOMS,Customs duties collected for the EU budget (traditional own resources),EUR million,2024,363.6833,"European Commission, EU spending and revenue 2000-2024 workbook (published 25 Sep 2025)",2026-08-04
DEU,Germany,BUDGET.CUSTOMS,Customs duties collected for the EU budget (traditional own resources),EUR million,2024,4021.7851,"European Commission, EU spending and revenue 2000-2024 workbook (published 25 Sep 2025)",2026-08-04
EST,Estonia,BUDGET.CUSTOMS,Customs duties collected for the EU budget (traditional own resources),EUR million,2024,32.9403,"European Commission, EU spending and revenue 2000-2024 workbook (published 25 Sep 2025)",2026-08-04
IRL,Ireland,BUDGET.CUSTOMS,Customs duties collected for the EU budget (traditional own resources),EUR million,2024,430.5504,"European Commission, EU spending and revenue 2000-2024 workbook (published 25 Sep 2025)",2026-08-04
GRC,Greece,BUDGET.CUSTOMS,Customs duties collected for the EU budget (traditional own resources),EUR million,2024,269.2894,"European Commission, EU spending and revenue 2000-2024 workbook (published 25 Sep 2025)",2026-08-04
ESP,Spain,BUDGET.CUSTOMS,Customs duties collected for the EU budget (traditional own resources),EUR million,2024,1941.3146,"European Commission, EU spending and revenue 2000-2024 workbook (published 25 Sep 2025)",2026-08-04
FRA,France,BUDGET.CUSTOMS,Customs duties collected for the EU budget (traditional own resources),EUR million,2024,1947.0969,"European Commission, EU spending and revenue 2000-2024 workbook (published 25 Sep 2025)",2026-08-04
HRV,Croatia,BUDGET.CUSTOMS,Customs duties collected for the EU budget (traditional own resources),EUR million,2024,62.9771,"European Commission, EU spending and revenue 2000-2024 workbook (published 25 Sep 2025)",2026-08-04
ITA,Italy,BUDGET.CUSTOMS,Customs duties collected for the EU budget (traditional own resources),EUR million,2024,2255.2481,"European Commission, EU spending and revenue 2000-2024 workbook (published 25 Sep 2025)",2026-08-04
CYP,Cyprus,BUDGET.CUSTOMS,Customs duties collected for the EU budget (traditional own resources),EUR million,2024,44.7019,"European Commission, EU spending and revenue 2000-2024 workbook (published 25 Sep 2025)",2026-08-04
LVA,Latvia,BUDGET.CUSTOMS,Customs duties collected for the EU budget (traditional own resources),EUR million,2024,45.4454,"European Commission, EU spending and revenue 2000-2024 workbook (published 25 Sep 2025)",2026-08-04
LTU,Lithuania,BUDGET.CUSTOMS,Customs duties collected for the EU budget (traditional own resources),EUR million,2024,92.0619,"European Commission, EU spending and revenue 2000-2024 workbook (published 25 Sep 2025)",2026-08-04
LUX,Luxembourg,BUDGET.CUSTOMS,Customs duties collected for the EU budget (traditional own resources),EUR million,2024,14.5037,"European Commission, EU spending and revenue 2000-2024 workbook (published 25 Sep 2025)",2026-08-04
HUN,Hungary,BUDGET.CUSTOMS,Customs duties collected for the EU budget (traditional own resources),EUR million,2024,231.1376,"European Commission, EU spending and revenue 2000-2024 workbook (published 25 Sep 2025)",2026-08-04
MLT,Malta,BUDGET.CUSTOMS,Customs duties collected for the EU budget (traditional own resources),EUR million,2024,19.262,"European Commission, EU spending and revenue 2000-2024 workbook (published 25 Sep 2025)",2026-08-04
NLD,Netherlands,BUDGET.CUSTOMS,Customs duties collected for the EU budget (traditional own resources),EUR million,2024,2636.1316,"European Commission, EU spending and revenue 2000-2024 workbook (published 25 Sep 2025)",2026-08-04
AUT,Austria,BUDGET.CUSTOMS,Customs duties collected for the EU budget (traditional own resources),EUR million,2024,208.8749,"European Commission, EU spending and revenue 2000-2024 workbook (published 25 Sep 2025)",2026-08-04
POL,Poland,BUDGET.CUSTOMS,Customs duties collected for the EU budget (traditional own resources),EUR million,2024,1158.0493,"European Commission, EU spending and revenue 2000-2024 workbook (published 25 Sep 2025)",2026-08-04
PRT,Portugal,BUDGET.CUSTOMS,Customs duties collected for the EU budget (traditional own resources),EUR million,2024,245.3257,"European Commission, EU spending and revenue 2000-2024 workbook (published 25 Sep 2025)",2026-08-04
ROU,Romania,BUDGET.CUSTOMS,Customs duties collected for the EU budget (traditional own resources),EUR million,2024,284.28,"European Commission, EU spending and revenue 2000-2024 workbook (published 25 Sep 2025)",2026-08-04
SVN,Slovenia,BUDGET.CUSTOMS,Customs duties collected for the EU budget (traditional own resources),EUR million,2024,168.6221,"European Commission, EU spending and revenue 2000-2024 workbook (published 25 Sep 2025)",2026-08-04
SVK,Slovakia,BUDGET.CUSTOMS,Customs duties collected for the EU budget (traditional own resources),EUR million,2024,-47.8607,"European Commission, EU spending and revenue 2000-2024 workbook (published 25 Sep 2025)",2026-08-04
FIN,Finland,BUDGET.CUSTOMS,Customs duties collected for the EU budget (traditional own resources),EUR million,2024,137.5979,"European Commission, EU spending and revenue 2000-2024 workbook (published 25 Sep 2025)",2026-08-04
SWE,Sweden,BUDGET.CUSTOMS,Customs duties collected for the EU budget (traditional own resources),EUR million,2024,533.8237,"European Commission, EU spending and revenue 2000-2024 workbook (published 25 Sep 2025)",2026-08-04
