iso3,country,indicator_code,indicator_name,unit,year,value,source,retrieved
UKR,Ukraine,NE.EXP.GNFS.ZS,Exports of goods and services (% of GDP),% of GDP,2025,25.3335332319508,"World Bank World Development Indicators, NE.EXP.GNFS.ZS",2026-08-02
UKR,Ukraine,NE.EXP.GNFS.ZS,Exports of goods and services (% of GDP),% of GDP,2024,29.6719973021423,"World Bank World Development Indicators, NE.EXP.GNFS.ZS",2026-08-02
UKR,Ukraine,NE.EXP.GNFS.ZS,Exports of goods and services (% of GDP),% of GDP,2023,28.300468273727,"World Bank World Development Indicators, NE.EXP.GNFS.ZS",2026-08-02
UKR,Ukraine,NE.EXP.GNFS.ZS,Exports of goods and services (% of GDP),% of GDP,2022,35.4451153382041,"World Bank World Development Indicators, NE.EXP.GNFS.ZS",2026-08-02
UKR,Ukraine,NE.EXP.GNFS.ZS,Exports of goods and services (% of GDP),% of GDP,2021,40.6883404768688,"World Bank World Development Indicators, NE.EXP.GNFS.ZS",2026-08-02
UKR,Ukraine,NE.EXP.GNFS.ZS,Exports of goods and services (% of GDP),% of GDP,2020,38.8216462901934,"World Bank World Development Indicators, NE.EXP.GNFS.ZS",2026-08-02
UKR,Ukraine,NE.EXP.GNFS.ZS,Exports of goods and services (% of GDP),% of GDP,2019,41.2316912560049,"World Bank World Development Indicators, NE.EXP.GNFS.ZS",2026-08-02
UKR,Ukraine,NE.EXP.GNFS.ZS,Exports of goods and services (% of GDP),% of GDP,2018,45.2352356625927,"World Bank World Development Indicators, NE.EXP.GNFS.ZS",2026-08-02
UKR,Ukraine,NE.EXP.GNFS.ZS,Exports of goods and services (% of GDP),% of GDP,2017,48.1249163515559,"World Bank World Development Indicators, NE.EXP.GNFS.ZS",2026-08-02
UKR,Ukraine,NE.EXP.GNFS.ZS,Exports of goods and services (% of GDP),% of GDP,2016,49.2986194577187,"World Bank World Development Indicators, NE.EXP.GNFS.ZS",2026-08-02
UKR,Ukraine,NE.EXP.GNFS.ZS,Exports of goods and services (% of GDP),% of GDP,2015,52.5976795082231,"World Bank World Development Indicators, NE.EXP.GNFS.ZS",2026-08-02
UKR,Ukraine,NE.EXP.GNFS.ZS,Exports of goods and services (% of GDP),% of GDP,2014,48.5929618158503,"World Bank World Development Indicators, NE.EXP.GNFS.ZS",2026-08-02
UKR,Ukraine,NE.EXP.GNFS.ZS,Exports of goods and services (% of GDP),% of GDP,2013,42.8973826672717,"World Bank World Development Indicators, NE.EXP.GNFS.ZS",2026-08-02
UKR,Ukraine,NE.EXP.GNFS.ZS,Exports of goods and services (% of GDP),% of GDP,2012,47.38283156146,"World Bank World Development Indicators, NE.EXP.GNFS.ZS",2026-08-02
UKR,Ukraine,NE.EXP.GNFS.ZS,Exports of goods and services (% of GDP),% of GDP,2011,49.4061569340739,"World Bank World Development Indicators, NE.EXP.GNFS.ZS",2026-08-02
UKR,Ukraine,NE.EXP.GNFS.ZS,Exports of goods and services (% of GDP),% of GDP,2010,46.4565383259637,"World Bank World Development Indicators, NE.EXP.GNFS.ZS",2026-08-02
UKR,Ukraine,NE.EXP.GNFS.ZS,Exports of goods and services (% of GDP),% of GDP,2009,42.9288246983766,"World Bank World Development Indicators, NE.EXP.GNFS.ZS",2026-08-02
UKR,Ukraine,NE.EXP.GNFS.ZS,Exports of goods and services (% of GDP),% of GDP,2008,43.2598688559666,"World Bank World Development Indicators, NE.EXP.GNFS.ZS",2026-08-02
UKR,Ukraine,NE.EXP.GNFS.ZS,Exports of goods and services (% of GDP),% of GDP,2007,41.2899111443658,"World Bank World Development Indicators, NE.EXP.GNFS.ZS",2026-08-02
UKR,Ukraine,NE.EXP.GNFS.ZS,Exports of goods and services (% of GDP),% of GDP,2006,43.2186231235111,"World Bank World Development Indicators, NE.EXP.GNFS.ZS",2026-08-02
UKR,Ukraine,NE.EXP.GNFS.ZS,Exports of goods and services (% of GDP),% of GDP,2005,47.7297326846335,"World Bank World Development Indicators, NE.EXP.GNFS.ZS",2026-08-02
UKR,Ukraine,NE.EXP.GNFS.ZS,Exports of goods and services (% of GDP),% of GDP,2004,58.6968317186137,"World Bank World Development Indicators, NE.EXP.GNFS.ZS",2026-08-02
UKR,Ukraine,NE.EXP.GNFS.ZS,Exports of goods and services (% of GDP),% of GDP,2003,52.5431306448415,"World Bank World Development Indicators, NE.EXP.GNFS.ZS",2026-08-02
UKR,Ukraine,NE.EXP.GNFS.ZS,Exports of goods and services (% of GDP),% of GDP,2002,50.1187333965439,"World Bank World Development Indicators, NE.EXP.GNFS.ZS",2026-08-02
UKR,Ukraine,NE.EXP.GNFS.ZS,Exports of goods and services (% of GDP),% of GDP,2001,50.6489878063218,"World Bank World Development Indicators, NE.EXP.GNFS.ZS",2026-08-02
UKR,Ukraine,NE.EXP.GNFS.ZS,Exports of goods and services (% of GDP),% of GDP,2000,60.2970566860465,"World Bank World Development Indicators, NE.EXP.GNFS.ZS",2026-08-02
UKR,Ukraine,NE.EXP.GNFS.ZS,Exports of goods and services (% of GDP),% of GDP,1999,53.7037907269131,"World Bank World Development Indicators, NE.EXP.GNFS.ZS",2026-08-02
UKR,Ukraine,NE.EXP.GNFS.ZS,Exports of goods and services (% of GDP),% of GDP,1998,41.8878472215453,"World Bank World Development Indicators, NE.EXP.GNFS.ZS",2026-08-02
UKR,Ukraine,NE.EXP.GNFS.ZS,Exports of goods and services (% of GDP),% of GDP,1997,40.5912261554116,"World Bank World Development Indicators, NE.EXP.GNFS.ZS",2026-08-02
UKR,Ukraine,NE.EXP.GNFS.ZS,Exports of goods and services (% of GDP),% of GDP,1996,45.6519320649174,"World Bank World Development Indicators, NE.EXP.GNFS.ZS",2026-08-02
UKR,Ukraine,NE.EXP.GNFS.ZS,Exports of goods and services (% of GDP),% of GDP,1995,47.0732494907039,"World Bank World Development Indicators, NE.EXP.GNFS.ZS",2026-08-02
UKR,Ukraine,NE.EXP.GNFS.ZS,Exports of goods and services (% of GDP),% of GDP,1994,35.3888495217936,"World Bank World Development Indicators, NE.EXP.GNFS.ZS",2026-08-02
UKR,Ukraine,NE.EXP.GNFS.ZS,Exports of goods and services (% of GDP),% of GDP,1993,25.8779413649147,"World Bank World Development Indicators, NE.EXP.GNFS.ZS",2026-08-02
UKR,Ukraine,NE.EXP.GNFS.ZS,Exports of goods and services (% of GDP),% of GDP,1992,23.9797337572025,"World Bank World Development Indicators, NE.EXP.GNFS.ZS",2026-08-02
UKR,Ukraine,NE.EXP.GNFS.ZS,Exports of goods and services (% of GDP),% of GDP,1991,26.1538461538462,"World Bank World Development Indicators, NE.EXP.GNFS.ZS",2026-08-02
UKR,Ukraine,NE.EXP.GNFS.ZS,Exports of goods and services (% of GDP),% of GDP,1990,27.6646706586826,"World Bank World Development Indicators, NE.EXP.GNFS.ZS",2026-08-02
UKR,Ukraine,NE.EXP.GNFS.ZS,Exports of goods and services (% of GDP),% of GDP,1989,32.0751026794445,"World Bank World Development Indicators, NE.EXP.GNFS.ZS",2026-08-02
BLR,Belarus,NE.EXP.GNFS.ZS,Exports of goods and services (% of GDP),% of GDP,2025,55.0805784287869,"World Bank World Development Indicators, NE.EXP.GNFS.ZS",2026-08-02
BLR,Belarus,NE.EXP.GNFS.ZS,Exports of goods and services (% of GDP),% of GDP,2024,63.1561020083551,"World Bank World Development Indicators, NE.EXP.GNFS.ZS",2026-08-02
BLR,Belarus,NE.EXP.GNFS.ZS,Exports of goods and services (% of GDP),% of GDP,2023,66.0267285714941,"World Bank World Development Indicators, NE.EXP.GNFS.ZS",2026-08-02
BLR,Belarus,NE.EXP.GNFS.ZS,Exports of goods and services (% of GDP),% of GDP,2022,63.0511868938428,"World Bank World Development Indicators, NE.EXP.GNFS.ZS",2026-08-02
BLR,Belarus,NE.EXP.GNFS.ZS,Exports of goods and services (% of GDP),% of GDP,2021,70.8317550415821,"World Bank World Development Indicators, NE.EXP.GNFS.ZS",2026-08-02
BLR,Belarus,NE.EXP.GNFS.ZS,Exports of goods and services (% of GDP),% of GDP,2020,61.0120971835577,"World Bank World Development Indicators, NE.EXP.GNFS.ZS",2026-08-02
BLR,Belarus,NE.EXP.GNFS.ZS,Exports of goods and services (% of GDP),% of GDP,2019,65.0945839929757,"World Bank World Development Indicators, NE.EXP.GNFS.ZS",2026-08-02
BLR,Belarus,NE.EXP.GNFS.ZS,Exports of goods and services (% of GDP),% of GDP,2018,70.4550452625374,"World Bank World Development Indicators, NE.EXP.GNFS.ZS",2026-08-02
BLR,Belarus,NE.EXP.GNFS.ZS,Exports of goods and services (% of GDP),% of GDP,2017,66.7896002012327,"World Bank World Development Indicators, NE.EXP.GNFS.ZS",2026-08-02
BLR,Belarus,NE.EXP.GNFS.ZS,Exports of goods and services (% of GDP),% of GDP,2016,62.5093471231924,"World Bank World Development Indicators, NE.EXP.GNFS.ZS",2026-08-02
BLR,Belarus,NE.EXP.GNFS.ZS,Exports of goods and services (% of GDP),% of GDP,2015,58.0107665670743,"World Bank World Development Indicators, NE.EXP.GNFS.ZS",2026-08-02
BLR,Belarus,NE.EXP.GNFS.ZS,Exports of goods and services (% of GDP),% of GDP,2014,54.941004057247,"World Bank World Development Indicators, NE.EXP.GNFS.ZS",2026-08-02
BLR,Belarus,NE.EXP.GNFS.ZS,Exports of goods and services (% of GDP),% of GDP,2013,58.3335781066769,"World Bank World Development Indicators, NE.EXP.GNFS.ZS",2026-08-02
BLR,Belarus,NE.EXP.GNFS.ZS,Exports of goods and services (% of GDP),% of GDP,2012,78.7769072783938,"World Bank World Development Indicators, NE.EXP.GNFS.ZS",2026-08-02
BLR,Belarus,NE.EXP.GNFS.ZS,Exports of goods and services (% of GDP),% of GDP,2011,78.4653615193087,"World Bank World Development Indicators, NE.EXP.GNFS.ZS",2026-08-02
BLR,Belarus,NE.EXP.GNFS.ZS,Exports of goods and services (% of GDP),% of GDP,2010,51.3728853529564,"World Bank World Development Indicators, NE.EXP.GNFS.ZS",2026-08-02
BLR,Belarus,NE.EXP.GNFS.ZS,Exports of goods and services (% of GDP),% of GDP,2009,48.8764618241933,"World Bank World Development Indicators, NE.EXP.GNFS.ZS",2026-08-02
BLR,Belarus,NE.EXP.GNFS.ZS,Exports of goods and services (% of GDP),% of GDP,2008,60.9377552183976,"World Bank World Development Indicators, NE.EXP.GNFS.ZS",2026-08-02
BLR,Belarus,NE.EXP.GNFS.ZS,Exports of goods and services (% of GDP),% of GDP,2007,60.9430527153212,"World Bank World Development Indicators, NE.EXP.GNFS.ZS",2026-08-02
BLR,Belarus,NE.EXP.GNFS.ZS,Exports of goods and services (% of GDP),% of GDP,2006,60.0613117690842,"World Bank World Development Indicators, NE.EXP.GNFS.ZS",2026-08-02
BLR,Belarus,NE.EXP.GNFS.ZS,Exports of goods and services (% of GDP),% of GDP,2005,59.7978087236099,"World Bank World Development Indicators, NE.EXP.GNFS.ZS",2026-08-02
BLR,Belarus,NE.EXP.GNFS.ZS,Exports of goods and services (% of GDP),% of GDP,2004,67.8863333586708,"World Bank World Development Indicators, NE.EXP.GNFS.ZS",2026-08-02
BLR,Belarus,NE.EXP.GNFS.ZS,Exports of goods and services (% of GDP),% of GDP,2003,65.156379906358,"World Bank World Development Indicators, NE.EXP.GNFS.ZS",2026-08-02
BLR,Belarus,NE.EXP.GNFS.ZS,Exports of goods and services (% of GDP),% of GDP,2002,63.6275159440361,"World Bank World Development Indicators, NE.EXP.GNFS.ZS",2026-08-02
BLR,Belarus,NE.EXP.GNFS.ZS,Exports of goods and services (% of GDP),% of GDP,2001,66.7476067360771,"World Bank World Development Indicators, NE.EXP.GNFS.ZS",2026-08-02
BLR,Belarus,NE.EXP.GNFS.ZS,Exports of goods and services (% of GDP),% of GDP,2000,69.2108213448948,"World Bank World Development Indicators, NE.EXP.GNFS.ZS",2026-08-02
BLR,Belarus,NE.EXP.GNFS.ZS,Exports of goods and services (% of GDP),% of GDP,1999,59.2033413701759,"World Bank World Development Indicators, NE.EXP.GNFS.ZS",2026-08-02
BLR,Belarus,NE.EXP.GNFS.ZS,Exports of goods and services (% of GDP),% of GDP,1998,59.0511292994057,"World Bank World Development Indicators, NE.EXP.GNFS.ZS",2026-08-02
BLR,Belarus,NE.EXP.GNFS.ZS,Exports of goods and services (% of GDP),% of GDP,1997,59.8598805986424,"World Bank World Development Indicators, NE.EXP.GNFS.ZS",2026-08-02
BLR,Belarus,NE.EXP.GNFS.ZS,Exports of goods and services (% of GDP),% of GDP,1996,46.3498037416792,"World Bank World Development Indicators, NE.EXP.GNFS.ZS",2026-08-02
BLR,Belarus,NE.EXP.GNFS.ZS,Exports of goods and services (% of GDP),% of GDP,1995,49.6651647817599,"World Bank World Development Indicators, NE.EXP.GNFS.ZS",2026-08-02
BLR,Belarus,NE.EXP.GNFS.ZS,Exports of goods and services (% of GDP),% of GDP,1994,71.2696004046535,"World Bank World Development Indicators, NE.EXP.GNFS.ZS",2026-08-02
BLR,Belarus,NE.EXP.GNFS.ZS,Exports of goods and services (% of GDP),% of GDP,1993,67.6142131979695,"World Bank World Development Indicators, NE.EXP.GNFS.ZS",2026-08-02
BLR,Belarus,NE.EXP.GNFS.ZS,Exports of goods and services (% of GDP),% of GDP,1992,59.7826086956522,"World Bank World Development Indicators, NE.EXP.GNFS.ZS",2026-08-02
BLR,Belarus,NE.EXP.GNFS.ZS,Exports of goods and services (% of GDP),% of GDP,1991,33.3333333333333,"World Bank World Development Indicators, NE.EXP.GNFS.ZS",2026-08-02
BLR,Belarus,NE.EXP.GNFS.ZS,Exports of goods and services (% of GDP),% of GDP,1990,45.9584295612009,"World Bank World Development Indicators, NE.EXP.GNFS.ZS",2026-08-02
RUS,Russian Federation,NE.EXP.GNFS.ZS,Exports of goods and services (% of GDP),% of GDP,2025,18.2030774281844,"World Bank World Development Indicators, NE.EXP.GNFS.ZS",2026-08-02
RUS,Russian Federation,NE.EXP.GNFS.ZS,Exports of goods and services (% of GDP),% of GDP,2024,21.8563659146375,"World Bank World Development Indicators, NE.EXP.GNFS.ZS",2026-08-02
RUS,Russian Federation,NE.EXP.GNFS.ZS,Exports of goods and services (% of GDP),% of GDP,2023,22.7699393140297,"World Bank World Development Indicators, NE.EXP.GNFS.ZS",2026-08-02
RUS,Russian Federation,NE.EXP.GNFS.ZS,Exports of goods and services (% of GDP),% of GDP,2022,27.7096266135186,"World Bank World Development Indicators, NE.EXP.GNFS.ZS",2026-08-02
RUS,Russian Federation,NE.EXP.GNFS.ZS,Exports of goods and services (% of GDP),% of GDP,2021,30.0024195364041,"World Bank World Development Indicators, NE.EXP.GNFS.ZS",2026-08-02
RUS,Russian Federation,NE.EXP.GNFS.ZS,Exports of goods and services (% of GDP),% of GDP,2020,25.5221855113549,"World Bank World Development Indicators, NE.EXP.GNFS.ZS",2026-08-02
RUS,Russian Federation,NE.EXP.GNFS.ZS,Exports of goods and services (% of GDP),% of GDP,2019,28.4334306799759,"World Bank World Development Indicators, NE.EXP.GNFS.ZS",2026-08-02
RUS,Russian Federation,NE.EXP.GNFS.ZS,Exports of goods and services (% of GDP),% of GDP,2018,30.7932568020743,"World Bank World Development Indicators, NE.EXP.GNFS.ZS",2026-08-02
RUS,Russian Federation,NE.EXP.GNFS.ZS,Exports of goods and services (% of GDP),% of GDP,2017,26.0908809797568,"World Bank World Development Indicators, NE.EXP.GNFS.ZS",2026-08-02
RUS,Russian Federation,NE.EXP.GNFS.ZS,Exports of goods and services (% of GDP),% of GDP,2016,25.8544829769167,"World Bank World Development Indicators, NE.EXP.GNFS.ZS",2026-08-02
RUS,Russian Federation,NE.EXP.GNFS.ZS,Exports of goods and services (% of GDP),% of GDP,2015,28.703389442924,"World Bank World Development Indicators, NE.EXP.GNFS.ZS",2026-08-02
RUS,Russian Federation,NE.EXP.GNFS.ZS,Exports of goods and services (% of GDP),% of GDP,2014,27.1110970517525,"World Bank World Development Indicators, NE.EXP.GNFS.ZS",2026-08-02
RUS,Russian Federation,NE.EXP.GNFS.ZS,Exports of goods and services (% of GDP),% of GDP,2013,25.845336826255,"World Bank World Development Indicators, NE.EXP.GNFS.ZS",2026-08-02
RUS,Russian Federation,NE.EXP.GNFS.ZS,Exports of goods and services (% of GDP),% of GDP,2012,26.9073203393663,"World Bank World Development Indicators, NE.EXP.GNFS.ZS",2026-08-02
RUS,Russian Federation,NE.EXP.GNFS.ZS,Exports of goods and services (% of GDP),% of GDP,2011,28.0553614798549,"World Bank World Development Indicators, NE.EXP.GNFS.ZS",2026-08-02
RUS,Russian Federation,NE.EXP.GNFS.ZS,Exports of goods and services (% of GDP),% of GDP,2010,29.2155607849758,"World Bank World Development Indicators, NE.EXP.GNFS.ZS",2026-08-02
RUS,Russian Federation,NE.EXP.GNFS.ZS,Exports of goods and services (% of GDP),% of GDP,2009,27.9381012041521,"World Bank World Development Indicators, NE.EXP.GNFS.ZS",2026-08-02
RUS,Russian Federation,NE.EXP.GNFS.ZS,Exports of goods and services (% of GDP),% of GDP,2008,31.3095603335689,"World Bank World Development Indicators, NE.EXP.GNFS.ZS",2026-08-02
RUS,Russian Federation,NE.EXP.GNFS.ZS,Exports of goods and services (% of GDP),% of GDP,2007,30.164060484537,"World Bank World Development Indicators, NE.EXP.GNFS.ZS",2026-08-02
RUS,Russian Federation,NE.EXP.GNFS.ZS,Exports of goods and services (% of GDP),% of GDP,2006,33.7304754439762,"World Bank World Development Indicators, NE.EXP.GNFS.ZS",2026-08-02
RUS,Russian Federation,NE.EXP.GNFS.ZS,Exports of goods and services (% of GDP),% of GDP,2005,35.2030659651181,"World Bank World Development Indicators, NE.EXP.GNFS.ZS",2026-08-02
RUS,Russian Federation,NE.EXP.GNFS.ZS,Exports of goods and services (% of GDP),% of GDP,2004,34.4178910554597,"World Bank World Development Indicators, NE.EXP.GNFS.ZS",2026-08-02
RUS,Russian Federation,NE.EXP.GNFS.ZS,Exports of goods and services (% of GDP),% of GDP,2003,35.2499817757806,"World Bank World Development Indicators, NE.EXP.GNFS.ZS",2026-08-02
RUS,Russian Federation,NE.EXP.GNFS.ZS,Exports of goods and services (% of GDP),% of GDP,2002,35.2125940630626,"World Bank World Development Indicators, NE.EXP.GNFS.ZS",2026-08-02
RUS,Russian Federation,NE.EXP.GNFS.ZS,Exports of goods and services (% of GDP),% of GDP,2001,36.8934935960337,"World Bank World Development Indicators, NE.EXP.GNFS.ZS",2026-08-02
RUS,Russian Federation,NE.EXP.GNFS.ZS,Exports of goods and services (% of GDP),% of GDP,2000,44.0604413055146,"World Bank World Development Indicators, NE.EXP.GNFS.ZS",2026-08-02
RUS,Russian Federation,NE.EXP.GNFS.ZS,Exports of goods and services (% of GDP),% of GDP,1999,43.2199685128244,"World Bank World Development Indicators, NE.EXP.GNFS.ZS",2026-08-02
RUS,Russian Federation,NE.EXP.GNFS.ZS,Exports of goods and services (% of GDP),% of GDP,1998,31.22120547318,"World Bank World Development Indicators, NE.EXP.GNFS.ZS",2026-08-02
RUS,Russian Federation,NE.EXP.GNFS.ZS,Exports of goods and services (% of GDP),% of GDP,1997,24.7298415292289,"World Bank World Development Indicators, NE.EXP.GNFS.ZS",2026-08-02
RUS,Russian Federation,NE.EXP.GNFS.ZS,Exports of goods and services (% of GDP),% of GDP,1996,26.0729881302908,"World Bank World Development Indicators, NE.EXP.GNFS.ZS",2026-08-02
RUS,Russian Federation,NE.EXP.GNFS.ZS,Exports of goods and services (% of GDP),% of GDP,1995,29.2890113495619,"World Bank World Development Indicators, NE.EXP.GNFS.ZS",2026-08-02
RUS,Russian Federation,NE.EXP.GNFS.ZS,Exports of goods and services (% of GDP),% of GDP,1994,27.7583790421613,"World Bank World Development Indicators, NE.EXP.GNFS.ZS",2026-08-02
RUS,Russian Federation,NE.EXP.GNFS.ZS,Exports of goods and services (% of GDP),% of GDP,1993,38.2045944842866,"World Bank World Development Indicators, NE.EXP.GNFS.ZS",2026-08-02
RUS,Russian Federation,NE.EXP.GNFS.ZS,Exports of goods and services (% of GDP),% of GDP,1992,62.3224618621778,"World Bank World Development Indicators, NE.EXP.GNFS.ZS",2026-08-02
RUS,Russian Federation,NE.EXP.GNFS.ZS,Exports of goods and services (% of GDP),% of GDP,1991,13.2713621737576,"World Bank World Development Indicators, NE.EXP.GNFS.ZS",2026-08-02
RUS,Russian Federation,NE.EXP.GNFS.ZS,Exports of goods and services (% of GDP),% of GDP,1990,18.1620614715927,"World Bank World Development Indicators, NE.EXP.GNFS.ZS",2026-08-02
RUS,Russian Federation,NE.EXP.GNFS.ZS,Exports of goods and services (% of GDP),% of GDP,1989,21.9022687609075,"World Bank World Development Indicators, NE.EXP.GNFS.ZS",2026-08-02
RUS,Russian Federation,NE.IMP.GNFS.ZS,Imports of goods and services (% of GDP),% of GDP,2025,15.5069734394404,"World Bank World Development Indicators, NE.IMP.GNFS.ZS",2026-08-02
RUS,Russian Federation,NE.IMP.GNFS.ZS,Imports of goods and services (% of GDP),% of GDP,2024,17.5620399669048,"World Bank World Development Indicators, NE.IMP.GNFS.ZS",2026-08-02
RUS,Russian Federation,NE.IMP.GNFS.ZS,Imports of goods and services (% of GDP),% of GDP,2023,18.5695723352636,"World Bank World Development Indicators, NE.IMP.GNFS.ZS",2026-08-02
RUS,Russian Federation,NE.IMP.GNFS.ZS,Imports of goods and services (% of GDP),% of GDP,2022,15.0566816178163,"World Bank World Development Indicators, NE.IMP.GNFS.ZS",2026-08-02
RUS,Russian Federation,NE.IMP.GNFS.ZS,Imports of goods and services (% of GDP),% of GDP,2021,20.5837759257711,"World Bank World Development Indicators, NE.IMP.GNFS.ZS",2026-08-02
RUS,Russian Federation,NE.IMP.GNFS.ZS,Imports of goods and services (% of GDP),% of GDP,2020,20.4447226915578,"World Bank World Development Indicators, NE.IMP.GNFS.ZS",2026-08-02
RUS,Russian Federation,NE.IMP.GNFS.ZS,Imports of goods and services (% of GDP),% of GDP,2019,20.7953229819275,"World Bank World Development Indicators, NE.IMP.GNFS.ZS",2026-08-02
RUS,Russian Federation,NE.IMP.GNFS.ZS,Imports of goods and services (% of GDP),% of GDP,2018,20.7876435683221,"World Bank World Development Indicators, NE.IMP.GNFS.ZS",2026-08-02
RUS,Russian Federation,NE.IMP.GNFS.ZS,Imports of goods and services (% of GDP),% of GDP,2017,20.7856433573743,"World Bank World Development Indicators, NE.IMP.GNFS.ZS",2026-08-02
RUS,Russian Federation,NE.IMP.GNFS.ZS,Imports of goods and services (% of GDP),% of GDP,2016,20.6636368626929,"World Bank World Development Indicators, NE.IMP.GNFS.ZS",2026-08-02
RUS,Russian Federation,NE.IMP.GNFS.ZS,Imports of goods and services (% of GDP),% of GDP,2015,20.6559598687647,"World Bank World Development Indicators, NE.IMP.GNFS.ZS",2026-08-02
RUS,Russian Federation,NE.IMP.GNFS.ZS,Imports of goods and services (% of GDP),% of GDP,2014,20.6902442110591,"World Bank World Development Indicators, NE.IMP.GNFS.ZS",2026-08-02
RUS,Russian Federation,NE.IMP.GNFS.ZS,Imports of goods and services (% of GDP),% of GDP,2013,20.441812574244,"World Bank World Development Indicators, NE.IMP.GNFS.ZS",2026-08-02
RUS,Russian Federation,NE.IMP.GNFS.ZS,Imports of goods and services (% of GDP),% of GDP,2012,20.2440700464294,"World Bank World Development Indicators, NE.IMP.GNFS.ZS",2026-08-02
RUS,Russian Federation,NE.IMP.GNFS.ZS,Imports of goods and services (% of GDP),% of GDP,2011,19.9800379279369,"World Bank World Development Indicators, NE.IMP.GNFS.ZS",2026-08-02
RUS,Russian Federation,NE.IMP.GNFS.ZS,Imports of goods and services (% of GDP),% of GDP,2010,21.1399447022831,"World Bank World Development Indicators, NE.IMP.GNFS.ZS",2026-08-02
RUS,Russian Federation,NE.IMP.GNFS.ZS,Imports of goods and services (% of GDP),% of GDP,2009,20.496959823666,"World Bank World Development Indicators, NE.IMP.GNFS.ZS",2026-08-02
RUS,Russian Federation,NE.IMP.GNFS.ZS,Imports of goods and services (% of GDP),% of GDP,2008,22.072905707322,"World Bank World Development Indicators, NE.IMP.GNFS.ZS",2026-08-02
RUS,Russian Federation,NE.IMP.GNFS.ZS,Imports of goods and services (% of GDP),% of GDP,2007,21.5420622609236,"World Bank World Development Indicators, NE.IMP.GNFS.ZS",2026-08-02
RUS,Russian Federation,NE.IMP.GNFS.ZS,Imports of goods and services (% of GDP),% of GDP,2006,21.0029264232898,"World Bank World Development Indicators, NE.IMP.GNFS.ZS",2026-08-02
RUS,Russian Federation,NE.IMP.GNFS.ZS,Imports of goods and services (% of GDP),% of GDP,2005,21.5101825254241,"World Bank World Development Indicators, NE.IMP.GNFS.ZS",2026-08-02
RUS,Russian Federation,NE.IMP.GNFS.ZS,Imports of goods and services (% of GDP),% of GDP,2004,22.1639613429458,"World Bank World Development Indicators, NE.IMP.GNFS.ZS",2026-08-02
RUS,Russian Federation,NE.IMP.GNFS.ZS,Imports of goods and services (% of GDP),% of GDP,2003,23.8782872318208,"World Bank World Development Indicators, NE.IMP.GNFS.ZS",2026-08-02
RUS,Russian Federation,NE.IMP.GNFS.ZS,Imports of goods and services (% of GDP),% of GDP,2002,24.432851668898,"World Bank World Development Indicators, NE.IMP.GNFS.ZS",2026-08-02
RUS,Russian Federation,NE.IMP.GNFS.ZS,Imports of goods and services (% of GDP),% of GDP,2001,24.2173650683869,"World Bank World Development Indicators, NE.IMP.GNFS.ZS",2026-08-02
RUS,Russian Federation,NE.IMP.GNFS.ZS,Imports of goods and services (% of GDP),% of GDP,2000,24.0334657318409,"World Bank World Development Indicators, NE.IMP.GNFS.ZS",2026-08-02
RUS,Russian Federation,NE.IMP.GNFS.ZS,Imports of goods and services (% of GDP),% of GDP,1999,26.1733129859875,"World Bank World Development Indicators, NE.IMP.GNFS.ZS",2026-08-02
RUS,Russian Federation,NE.IMP.GNFS.ZS,Imports of goods and services (% of GDP),% of GDP,1998,24.5510478117966,"World Bank World Development Indicators, NE.IMP.GNFS.ZS",2026-08-02
RUS,Russian Federation,NE.IMP.GNFS.ZS,Imports of goods and services (% of GDP),% of GDP,1997,22.527079880846,"World Bank World Development Indicators, NE.IMP.GNFS.ZS",2026-08-02
RUS,Russian Federation,NE.IMP.GNFS.ZS,Imports of goods and services (% of GDP),% of GDP,1996,21.8495126891282,"World Bank World Development Indicators, NE.IMP.GNFS.ZS",2026-08-02
RUS,Russian Federation,NE.IMP.GNFS.ZS,Imports of goods and services (% of GDP),% of GDP,1995,25.8938941161638,"World Bank World Development Indicators, NE.IMP.GNFS.ZS",2026-08-02
RUS,Russian Federation,NE.IMP.GNFS.ZS,Imports of goods and services (% of GDP),% of GDP,1994,23.1953336062219,"World Bank World Development Indicators, NE.IMP.GNFS.ZS",2026-08-02
RUS,Russian Federation,NE.IMP.GNFS.ZS,Imports of goods and services (% of GDP),% of GDP,1993,30.4938487551746,"World Bank World Development Indicators, NE.IMP.GNFS.ZS",2026-08-02
RUS,Russian Federation,NE.IMP.GNFS.ZS,Imports of goods and services (% of GDP),% of GDP,1992,48.2546028406102,"World Bank World Development Indicators, NE.IMP.GNFS.ZS",2026-08-02
RUS,Russian Federation,NE.IMP.GNFS.ZS,Imports of goods and services (% of GDP),% of GDP,1991,12.9853414372542,"World Bank World Development Indicators, NE.IMP.GNFS.ZS",2026-08-02
RUS,Russian Federation,NE.IMP.GNFS.ZS,Imports of goods and services (% of GDP),% of GDP,1990,17.9447376591121,"World Bank World Development Indicators, NE.IMP.GNFS.ZS",2026-08-02
RUS,Russian Federation,NE.IMP.GNFS.ZS,Imports of goods and services (% of GDP),% of GDP,1989,21.0122164048866,"World Bank World Development Indicators, NE.IMP.GNFS.ZS",2026-08-02
MDA,Moldova,NE.EXP.GNFS.ZS,Exports of goods and services (% of GDP),% of GDP,2025,31.7519320468579,"World Bank World Development Indicators, NE.EXP.GNFS.ZS",2026-08-02
MDA,Moldova,NE.EXP.GNFS.ZS,Exports of goods and services (% of GDP),% of GDP,2024,31.5677994316927,"World Bank World Development Indicators, NE.EXP.GNFS.ZS",2026-08-02
MDA,Moldova,NE.EXP.GNFS.ZS,Exports of goods and services (% of GDP),% of GDP,2023,35.1125857861262,"World Bank World Development Indicators, NE.EXP.GNFS.ZS",2026-08-02
MDA,Moldova,NE.EXP.GNFS.ZS,Exports of goods and services (% of GDP),% of GDP,2022,41.2264594544499,"World Bank World Development Indicators, NE.EXP.GNFS.ZS",2026-08-02
MDA,Moldova,NE.EXP.GNFS.ZS,Exports of goods and services (% of GDP),% of GDP,2021,30.6487877126898,"World Bank World Development Indicators, NE.EXP.GNFS.ZS",2026-08-02
MDA,Moldova,NE.EXP.GNFS.ZS,Exports of goods and services (% of GDP),% of GDP,2020,27.9143362637536,"World Bank World Development Indicators, NE.EXP.GNFS.ZS",2026-08-02
MDA,Moldova,NE.EXP.GNFS.ZS,Exports of goods and services (% of GDP),% of GDP,2019,31.1910849579769,"World Bank World Development Indicators, NE.EXP.GNFS.ZS",2026-08-02
MDA,Moldova,NE.EXP.GNFS.ZS,Exports of goods and services (% of GDP),% of GDP,2018,30.6963699430194,"World Bank World Development Indicators, NE.EXP.GNFS.ZS",2026-08-02
MDA,Moldova,NE.EXP.GNFS.ZS,Exports of goods and services (% of GDP),% of GDP,2017,32.5328465977446,"World Bank World Development Indicators, NE.EXP.GNFS.ZS",2026-08-02
MDA,Moldova,NE.EXP.GNFS.ZS,Exports of goods and services (% of GDP),% of GDP,2016,32.8664989349745,"World Bank World Development Indicators, NE.EXP.GNFS.ZS",2026-08-02
MDA,Moldova,NE.EXP.GNFS.ZS,Exports of goods and services (% of GDP),% of GDP,2015,31.8069217883307,"World Bank World Development Indicators, NE.EXP.GNFS.ZS",2026-08-02
MDA,Moldova,NE.EXP.GNFS.ZS,Exports of goods and services (% of GDP),% of GDP,2014,31.5279635595633,"World Bank World Development Indicators, NE.EXP.GNFS.ZS",2026-08-02
MDA,Moldova,NE.EXP.GNFS.ZS,Exports of goods and services (% of GDP),% of GDP,2013,32.0926131660285,"World Bank World Development Indicators, NE.EXP.GNFS.ZS",2026-08-02
MDA,Moldova,NE.EXP.GNFS.ZS,Exports of goods and services (% of GDP),% of GDP,2012,31.1328505372467,"World Bank World Development Indicators, NE.EXP.GNFS.ZS",2026-08-02
MDA,Moldova,NE.EXP.GNFS.ZS,Exports of goods and services (% of GDP),% of GDP,2011,32.5404575697943,"World Bank World Development Indicators, NE.EXP.GNFS.ZS",2026-08-02
MDA,Moldova,NE.EXP.GNFS.ZS,Exports of goods and services (% of GDP),% of GDP,2010,27.8296130640861,"World Bank World Development Indicators, NE.EXP.GNFS.ZS",2026-08-02
MDA,Moldova,NE.EXP.GNFS.ZS,Exports of goods and services (% of GDP),% of GDP,2009,36.8721225187512,"World Bank World Development Indicators, NE.EXP.GNFS.ZS",2026-08-02
MDA,Moldova,NE.EXP.GNFS.ZS,Exports of goods and services (% of GDP),% of GDP,2008,40.8187486093894,"World Bank World Development Indicators, NE.EXP.GNFS.ZS",2026-08-02
MDA,Moldova,NE.EXP.GNFS.ZS,Exports of goods and services (% of GDP),% of GDP,2007,45.5804735167509,"World Bank World Development Indicators, NE.EXP.GNFS.ZS",2026-08-02
MDA,Moldova,NE.EXP.GNFS.ZS,Exports of goods and services (% of GDP),% of GDP,2006,45.256336863744,"World Bank World Development Indicators, NE.EXP.GNFS.ZS",2026-08-02
MDA,Moldova,NE.EXP.GNFS.ZS,Exports of goods and services (% of GDP),% of GDP,2005,51.1635849357272,"World Bank World Development Indicators, NE.EXP.GNFS.ZS",2026-08-02
MDA,Moldova,NE.EXP.GNFS.ZS,Exports of goods and services (% of GDP),% of GDP,2004,51.1939123376623,"World Bank World Development Indicators, NE.EXP.GNFS.ZS",2026-08-02
MDA,Moldova,NE.EXP.GNFS.ZS,Exports of goods and services (% of GDP),% of GDP,2003,53.3131901951555,"World Bank World Development Indicators, NE.EXP.GNFS.ZS",2026-08-02
MDA,Moldova,NE.EXP.GNFS.ZS,Exports of goods and services (% of GDP),% of GDP,2002,52.4638965185895,"World Bank World Development Indicators, NE.EXP.GNFS.ZS",2026-08-02
MDA,Moldova,NE.EXP.GNFS.ZS,Exports of goods and services (% of GDP),% of GDP,2001,50.0550428204431,"World Bank World Development Indicators, NE.EXP.GNFS.ZS",2026-08-02
MDA,Moldova,NE.EXP.GNFS.ZS,Exports of goods and services (% of GDP),% of GDP,2000,49.6001138108804,"World Bank World Development Indicators, NE.EXP.GNFS.ZS",2026-08-02
MDA,Moldova,NE.EXP.GNFS.ZS,Exports of goods and services (% of GDP),% of GDP,1999,52.3183763996002,"World Bank World Development Indicators, NE.EXP.GNFS.ZS",2026-08-02
MDA,Moldova,NE.EXP.GNFS.ZS,Exports of goods and services (% of GDP),% of GDP,1998,45.0195365920155,"World Bank World Development Indicators, NE.EXP.GNFS.ZS",2026-08-02
MDA,Moldova,NE.EXP.GNFS.ZS,Exports of goods and services (% of GDP),% of GDP,1997,53.2001155100244,"World Bank World Development Indicators, NE.EXP.GNFS.ZS",2026-08-02
MDA,Moldova,NE.EXP.GNFS.ZS,Exports of goods and services (% of GDP),% of GDP,1996,55.3282551648836,"World Bank World Development Indicators, NE.EXP.GNFS.ZS",2026-08-02
MDA,Moldova,NE.EXP.GNFS.ZS,Exports of goods and services (% of GDP),% of GDP,1995,60.1260240612434,"World Bank World Development Indicators, NE.EXP.GNFS.ZS",2026-08-02
UKR,Ukraine,NE.IMP.GNFS.ZS,Imports of goods and services (% of GDP),% of GDP,2025,51.8467407605299,"World Bank World Development Indicators, NE.IMP.GNFS.ZS",2026-08-02
UKR,Ukraine,NE.IMP.GNFS.ZS,Imports of goods and services (% of GDP),% of GDP,2024,50.0164700870853,"World Bank World Development Indicators, NE.IMP.GNFS.ZS",2026-08-02
UKR,Ukraine,NE.IMP.GNFS.ZS,Imports of goods and services (% of GDP),% of GDP,2023,49.2091459198387,"World Bank World Development Indicators, NE.IMP.GNFS.ZS",2026-08-02
UKR,Ukraine,NE.IMP.GNFS.ZS,Imports of goods and services (% of GDP),% of GDP,2022,51.9513986525203,"World Bank World Development Indicators, NE.IMP.GNFS.ZS",2026-08-02
UKR,Ukraine,NE.IMP.GNFS.ZS,Imports of goods and services (% of GDP),% of GDP,2021,42.0096208865812,"World Bank World Development Indicators, NE.IMP.GNFS.ZS",2026-08-02
UKR,Ukraine,NE.IMP.GNFS.ZS,Imports of goods and services (% of GDP),% of GDP,2020,40.3348060859881,"World Bank World Development Indicators, NE.IMP.GNFS.ZS",2026-08-02
UKR,Ukraine,NE.IMP.GNFS.ZS,Imports of goods and services (% of GDP),% of GDP,2019,49.2795430350714,"World Bank World Development Indicators, NE.IMP.GNFS.ZS",2026-08-02
UKR,Ukraine,NE.IMP.GNFS.ZS,Imports of goods and services (% of GDP),% of GDP,2018,53.9645794092748,"World Bank World Development Indicators, NE.IMP.GNFS.ZS",2026-08-02
UKR,Ukraine,NE.IMP.GNFS.ZS,Imports of goods and services (% of GDP),% of GDP,2017,55.9100665598426,"World Bank World Development Indicators, NE.IMP.GNFS.ZS",2026-08-02
UKR,Ukraine,NE.IMP.GNFS.ZS,Imports of goods and services (% of GDP),% of GDP,2016,56.2225854554037,"World Bank World Development Indicators, NE.IMP.GNFS.ZS",2026-08-02
UKR,Ukraine,NE.IMP.GNFS.ZS,Imports of goods and services (% of GDP),% of GDP,2015,55.2089367899327,"World Bank World Development Indicators, NE.IMP.GNFS.ZS",2026-08-02
UKR,Ukraine,NE.IMP.GNFS.ZS,Imports of goods and services (% of GDP),% of GDP,2014,52.0988206677736,"World Bank World Development Indicators, NE.IMP.GNFS.ZS",2026-08-02
UKR,Ukraine,NE.IMP.GNFS.ZS,Imports of goods and services (% of GDP),% of GDP,2013,51.1042867829065,"World Bank World Development Indicators, NE.IMP.GNFS.ZS",2026-08-02
UKR,Ukraine,NE.IMP.GNFS.ZS,Imports of goods and services (% of GDP),% of GDP,2012,55.2399567951663,"World Bank World Development Indicators, NE.IMP.GNFS.ZS",2026-08-02
UKR,Ukraine,NE.IMP.GNFS.ZS,Imports of goods and services (% of GDP),% of GDP,2011,55.3989169701848,"World Bank World Development Indicators, NE.IMP.GNFS.ZS",2026-08-02
UKR,Ukraine,NE.IMP.GNFS.ZS,Imports of goods and services (% of GDP),% of GDP,2010,49.2731921273264,"World Bank World Development Indicators, NE.IMP.GNFS.ZS",2026-08-02
UKR,Ukraine,NE.IMP.GNFS.ZS,Imports of goods and services (% of GDP),% of GDP,2009,44.547337921655,"World Bank World Development Indicators, NE.IMP.GNFS.ZS",2026-08-02
UKR,Ukraine,NE.IMP.GNFS.ZS,Imports of goods and services (% of GDP),% of GDP,2008,50.9120232857868,"World Bank World Development Indicators, NE.IMP.GNFS.ZS",2026-08-02
UKR,Ukraine,NE.IMP.GNFS.ZS,Imports of goods and services (% of GDP),% of GDP,2007,46.7566495274968,"World Bank World Development Indicators, NE.IMP.GNFS.ZS",2026-08-02
UKR,Ukraine,NE.IMP.GNFS.ZS,Imports of goods and services (% of GDP),% of GDP,2006,45.9624295155199,"World Bank World Development Indicators, NE.IMP.GNFS.ZS",2026-08-02
UKR,Ukraine,NE.IMP.GNFS.ZS,Imports of goods and services (% of GDP),% of GDP,2005,46.9178374241513,"World Bank World Development Indicators, NE.IMP.GNFS.ZS",2026-08-02
UKR,Ukraine,NE.IMP.GNFS.ZS,Imports of goods and services (% of GDP),% of GDP,2004,51.2848768263486,"World Bank World Development Indicators, NE.IMP.GNFS.ZS",2026-08-02
UKR,Ukraine,NE.IMP.GNFS.ZS,Imports of goods and services (% of GDP),% of GDP,2003,50.0470516125543,"World Bank World Development Indicators, NE.IMP.GNFS.ZS",2026-08-02
UKR,Ukraine,NE.IMP.GNFS.ZS,Imports of goods and services (% of GDP),% of GDP,2002,45.8759364135681,"World Bank World Development Indicators, NE.IMP.GNFS.ZS",2026-08-02
UKR,Ukraine,NE.IMP.GNFS.ZS,Imports of goods and services (% of GDP),% of GDP,2001,49.2771398129513,"World Bank World Development Indicators, NE.IMP.GNFS.ZS",2026-08-02
UKR,Ukraine,NE.IMP.GNFS.ZS,Imports of goods and services (% of GDP),% of GDP,2000,55.4386582485465,"World Bank World Development Indicators, NE.IMP.GNFS.ZS",2026-08-02
UKR,Ukraine,NE.IMP.GNFS.ZS,Imports of goods and services (% of GDP),% of GDP,1999,48.2479162386348,"World Bank World Development Indicators, NE.IMP.GNFS.ZS",2026-08-02
UKR,Ukraine,NE.IMP.GNFS.ZS,Imports of goods and services (% of GDP),% of GDP,1998,44.1618812199663,"World Bank World Development Indicators, NE.IMP.GNFS.ZS",2026-08-02
UKR,Ukraine,NE.IMP.GNFS.ZS,Imports of goods and services (% of GDP),% of GDP,1997,43.6501900069619,"World Bank World Development Indicators, NE.IMP.GNFS.ZS",2026-08-02
UKR,Ukraine,NE.IMP.GNFS.ZS,Imports of goods and services (% of GDP),% of GDP,1996,48.2047130116905,"World Bank World Development Indicators, NE.IMP.GNFS.ZS",2026-08-02
UKR,Ukraine,NE.IMP.GNFS.ZS,Imports of goods and services (% of GDP),% of GDP,1995,50.1564469934012,"World Bank World Development Indicators, NE.IMP.GNFS.ZS",2026-08-02
UKR,Ukraine,NE.IMP.GNFS.ZS,Imports of goods and services (% of GDP),% of GDP,1994,38.5551546849935,"World Bank World Development Indicators, NE.IMP.GNFS.ZS",2026-08-02
UKR,Ukraine,NE.IMP.GNFS.ZS,Imports of goods and services (% of GDP),% of GDP,1993,26.1908776378707,"World Bank World Development Indicators, NE.IMP.GNFS.ZS",2026-08-02
UKR,Ukraine,NE.IMP.GNFS.ZS,Imports of goods and services (% of GDP),% of GDP,1992,21.9888734353268,"World Bank World Development Indicators, NE.IMP.GNFS.ZS",2026-08-02
UKR,Ukraine,NE.IMP.GNFS.ZS,Imports of goods and services (% of GDP),% of GDP,1991,23.9799331103679,"World Bank World Development Indicators, NE.IMP.GNFS.ZS",2026-08-02
UKR,Ukraine,NE.IMP.GNFS.ZS,Imports of goods and services (% of GDP),% of GDP,1990,28.7425149700599,"World Bank World Development Indicators, NE.IMP.GNFS.ZS",2026-08-02
UKR,Ukraine,NE.IMP.GNFS.ZS,Imports of goods and services (% of GDP),% of GDP,1989,32.1402959775735,"World Bank World Development Indicators, NE.IMP.GNFS.ZS",2026-08-02
BLR,Belarus,NE.IMP.GNFS.ZS,Imports of goods and services (% of GDP),% of GDP,2025,57.0270473925912,"World Bank World Development Indicators, NE.IMP.GNFS.ZS",2026-08-02
BLR,Belarus,NE.IMP.GNFS.ZS,Imports of goods and services (% of GDP),% of GDP,2024,65.0867303062587,"World Bank World Development Indicators, NE.IMP.GNFS.ZS",2026-08-02
BLR,Belarus,NE.IMP.GNFS.ZS,Imports of goods and services (% of GDP),% of GDP,2023,65.5579463134666,"World Bank World Development Indicators, NE.IMP.GNFS.ZS",2026-08-02
BLR,Belarus,NE.IMP.GNFS.ZS,Imports of goods and services (% of GDP),% of GDP,2022,56.973020682251,"World Bank World Development Indicators, NE.IMP.GNFS.ZS",2026-08-02
BLR,Belarus,NE.IMP.GNFS.ZS,Imports of goods and services (% of GDP),% of GDP,2021,65.1824128358935,"World Bank World Development Indicators, NE.IMP.GNFS.ZS",2026-08-02
BLR,Belarus,NE.IMP.GNFS.ZS,Imports of goods and services (% of GDP),% of GDP,2020,57.9220789629764,"World Bank World Development Indicators, NE.IMP.GNFS.ZS",2026-08-02
BLR,Belarus,NE.IMP.GNFS.ZS,Imports of goods and services (% of GDP),% of GDP,2019,65.7558221092078,"World Bank World Development Indicators, NE.IMP.GNFS.ZS",2026-08-02
BLR,Belarus,NE.IMP.GNFS.ZS,Imports of goods and services (% of GDP),% of GDP,2018,68.9386909876332,"World Bank World Development Indicators, NE.IMP.GNFS.ZS",2026-08-02
BLR,Belarus,NE.IMP.GNFS.ZS,Imports of goods and services (% of GDP),% of GDP,2017,66.5781545217791,"World Bank World Development Indicators, NE.IMP.GNFS.ZS",2026-08-02
BLR,Belarus,NE.IMP.GNFS.ZS,Imports of goods and services (% of GDP),% of GDP,2016,62.6999757764695,"World Bank World Development Indicators, NE.IMP.GNFS.ZS",2026-08-02
BLR,Belarus,NE.IMP.GNFS.ZS,Imports of goods and services (% of GDP),% of GDP,2015,57.9040596348719,"World Bank World Development Indicators, NE.IMP.GNFS.ZS",2026-08-02
BLR,Belarus,NE.IMP.GNFS.ZS,Imports of goods and services (% of GDP),% of GDP,2014,55.7104203103354,"World Bank World Development Indicators, NE.IMP.GNFS.ZS",2026-08-02
BLR,Belarus,NE.IMP.GNFS.ZS,Imports of goods and services (% of GDP),% of GDP,2013,61.4823871290472,"World Bank World Development Indicators, NE.IMP.GNFS.ZS",2026-08-02
BLR,Belarus,NE.IMP.GNFS.ZS,Imports of goods and services (% of GDP),% of GDP,2012,74.3083620349781,"World Bank World Development Indicators, NE.IMP.GNFS.ZS",2026-08-02
BLR,Belarus,NE.IMP.GNFS.ZS,Imports of goods and services (% of GDP),% of GDP,2011,79.5088935540041,"World Bank World Development Indicators, NE.IMP.GNFS.ZS",2026-08-02
BLR,Belarus,NE.IMP.GNFS.ZS,Imports of goods and services (% of GDP),% of GDP,2010,64.545087636347,"World Bank World Development Indicators, NE.IMP.GNFS.ZS",2026-08-02
BLR,Belarus,NE.IMP.GNFS.ZS,Imports of goods and services (% of GDP),% of GDP,2009,59.759183004167,"World Bank World Development Indicators, NE.IMP.GNFS.ZS",2026-08-02
BLR,Belarus,NE.IMP.GNFS.ZS,Imports of goods and services (% of GDP),% of GDP,2008,68.6617233270771,"World Bank World Development Indicators, NE.IMP.GNFS.ZS",2026-08-02
BLR,Belarus,NE.IMP.GNFS.ZS,Imports of goods and services (% of GDP),% of GDP,2007,67.2108252637516,"World Bank World Development Indicators, NE.IMP.GNFS.ZS",2026-08-02
BLR,Belarus,NE.IMP.GNFS.ZS,Imports of goods and services (% of GDP),% of GDP,2006,64.2337921203023,"World Bank World Development Indicators, NE.IMP.GNFS.ZS",2026-08-02
BLR,Belarus,NE.IMP.GNFS.ZS,Imports of goods and services (% of GDP),% of GDP,2005,59.08654296872,"World Bank World Development Indicators, NE.IMP.GNFS.ZS",2026-08-02
BLR,Belarus,NE.IMP.GNFS.ZS,Imports of goods and services (% of GDP),% of GDP,2004,74.2501770290328,"World Bank World Development Indicators, NE.IMP.GNFS.ZS",2026-08-02
BLR,Belarus,NE.IMP.GNFS.ZS,Imports of goods and services (% of GDP),% of GDP,2003,68.9854723668665,"World Bank World Development Indicators, NE.IMP.GNFS.ZS",2026-08-02
BLR,Belarus,NE.IMP.GNFS.ZS,Imports of goods and services (% of GDP),% of GDP,2002,67.3745423382546,"World Bank World Development Indicators, NE.IMP.GNFS.ZS",2026-08-02
BLR,Belarus,NE.IMP.GNFS.ZS,Imports of goods and services (% of GDP),% of GDP,2001,70.2973237369855,"World Bank World Development Indicators, NE.IMP.GNFS.ZS",2026-08-02
BLR,Belarus,NE.IMP.GNFS.ZS,Imports of goods and services (% of GDP),% of GDP,2000,72.3983446101294,"World Bank World Development Indicators, NE.IMP.GNFS.ZS",2026-08-02
BLR,Belarus,NE.IMP.GNFS.ZS,Imports of goods and services (% of GDP),% of GDP,1999,61.6317764594536,"World Bank World Development Indicators, NE.IMP.GNFS.ZS",2026-08-02
BLR,Belarus,NE.IMP.GNFS.ZS,Imports of goods and services (% of GDP),% of GDP,1998,63.9065684365836,"World Bank World Development Indicators, NE.IMP.GNFS.ZS",2026-08-02
BLR,Belarus,NE.IMP.GNFS.ZS,Imports of goods and services (% of GDP),% of GDP,1997,65.6562985579151,"World Bank World Development Indicators, NE.IMP.GNFS.ZS",2026-08-02
BLR,Belarus,NE.IMP.GNFS.ZS,Imports of goods and services (% of GDP),% of GDP,1996,50.4250960440786,"World Bank World Development Indicators, NE.IMP.GNFS.ZS",2026-08-02
BLR,Belarus,NE.IMP.GNFS.ZS,Imports of goods and services (% of GDP),% of GDP,1995,54.0530299910216,"World Bank World Development Indicators, NE.IMP.GNFS.ZS",2026-08-02
BLR,Belarus,NE.IMP.GNFS.ZS,Imports of goods and services (% of GDP),% of GDP,1994,84.1061091440454,"World Bank World Development Indicators, NE.IMP.GNFS.ZS",2026-08-02
BLR,Belarus,NE.IMP.GNFS.ZS,Imports of goods and services (% of GDP),% of GDP,1993,83.3502538071066,"World Bank World Development Indicators, NE.IMP.GNFS.ZS",2026-08-02
BLR,Belarus,NE.IMP.GNFS.ZS,Imports of goods and services (% of GDP),% of GDP,1992,57.6086956521739,"World Bank World Development Indicators, NE.IMP.GNFS.ZS",2026-08-02
BLR,Belarus,NE.IMP.GNFS.ZS,Imports of goods and services (% of GDP),% of GDP,1991,33.3333333333333,"World Bank World Development Indicators, NE.IMP.GNFS.ZS",2026-08-02
BLR,Belarus,NE.IMP.GNFS.ZS,Imports of goods and services (% of GDP),% of GDP,1990,43.64896073903,"World Bank World Development Indicators, NE.IMP.GNFS.ZS",2026-08-02
TUR,Turkey,NE.EXP.GNFS.ZS,Exports of goods and services (% of GDP),% of GDP,2025,24.8497719904256,"World Bank World Development Indicators, NE.EXP.GNFS.ZS",2026-08-02
TUR,Turkey,NE.EXP.GNFS.ZS,Exports of goods and services (% of GDP),% of GDP,2024,27.5682232095509,"World Bank World Development Indicators, NE.EXP.GNFS.ZS",2026-08-02
TUR,Turkey,NE.EXP.GNFS.ZS,Exports of goods and services (% of GDP),% of GDP,2023,31.9135926809724,"World Bank World Development Indicators, NE.EXP.GNFS.ZS",2026-08-02
TUR,Turkey,NE.EXP.GNFS.ZS,Exports of goods and services (% of GDP),% of GDP,2022,38.1412107474416,"World Bank World Development Indicators, NE.EXP.GNFS.ZS",2026-08-02
TUR,Turkey,NE.EXP.GNFS.ZS,Exports of goods and services (% of GDP),% of GDP,2021,35.0536332850518,"World Bank World Development Indicators, NE.EXP.GNFS.ZS",2026-08-02
TUR,Turkey,NE.EXP.GNFS.ZS,Exports of goods and services (% of GDP),% of GDP,2020,28.7400043468285,"World Bank World Development Indicators, NE.EXP.GNFS.ZS",2026-08-02
TUR,Turkey,NE.EXP.GNFS.ZS,Exports of goods and services (% of GDP),% of GDP,2019,33.0298811646869,"World Bank World Development Indicators, NE.EXP.GNFS.ZS",2026-08-02
TUR,Turkey,NE.EXP.GNFS.ZS,Exports of goods and services (% of GDP),% of GDP,2018,31.7278536539697,"World Bank World Development Indicators, NE.EXP.GNFS.ZS",2026-08-02
TUR,Turkey,NE.EXP.GNFS.ZS,Exports of goods and services (% of GDP),% of GDP,2017,26.5394989930636,"World Bank World Development Indicators, NE.EXP.GNFS.ZS",2026-08-02
TUR,Turkey,NE.EXP.GNFS.ZS,Exports of goods and services (% of GDP),% of GDP,2016,23.6322024334399,"World Bank World Development Indicators, NE.EXP.GNFS.ZS",2026-08-02
TUR,Turkey,NE.EXP.GNFS.ZS,Exports of goods and services (% of GDP),% of GDP,2015,25.280784580735,"World Bank World Development Indicators, NE.EXP.GNFS.ZS",2026-08-02
TUR,Turkey,NE.EXP.GNFS.ZS,Exports of goods and services (% of GDP),% of GDP,2014,25.8173246854016,"World Bank World Development Indicators, NE.EXP.GNFS.ZS",2026-08-02
TUR,Turkey,NE.EXP.GNFS.ZS,Exports of goods and services (% of GDP),% of GDP,2013,24.403259811358,"World Bank World Development Indicators, NE.EXP.GNFS.ZS",2026-08-02
TUR,Turkey,NE.EXP.GNFS.ZS,Exports of goods and services (% of GDP),% of GDP,2012,24.9658181147838,"World Bank World Development Indicators, NE.EXP.GNFS.ZS",2026-08-02
TUR,Turkey,NE.EXP.GNFS.ZS,Exports of goods and services (% of GDP),% of GDP,2011,23.4903574412774,"World Bank World Development Indicators, NE.EXP.GNFS.ZS",2026-08-02
TUR,Turkey,NE.EXP.GNFS.ZS,Exports of goods and services (% of GDP),% of GDP,2010,21.5899457839207,"World Bank World Development Indicators, NE.EXP.GNFS.ZS",2026-08-02
TUR,Turkey,NE.EXP.GNFS.ZS,Exports of goods and services (% of GDP),% of GDP,2009,23.7578595278795,"World Bank World Development Indicators, NE.EXP.GNFS.ZS",2026-08-02
TUR,Turkey,NE.EXP.GNFS.ZS,Exports of goods and services (% of GDP),% of GDP,2008,23.9213779600098,"World Bank World Development Indicators, NE.EXP.GNFS.ZS",2026-08-02
TUR,Turkey,NE.EXP.GNFS.ZS,Exports of goods and services (% of GDP),% of GDP,2007,22.1875803331528,"World Bank World Development Indicators, NE.EXP.GNFS.ZS",2026-08-02
TUR,Turkey,NE.EXP.GNFS.ZS,Exports of goods and services (% of GDP),% of GDP,2006,22.6756853295786,"World Bank World Development Indicators, NE.EXP.GNFS.ZS",2026-08-02
TUR,Turkey,NE.EXP.GNFS.ZS,Exports of goods and services (% of GDP),% of GDP,2005,22.118798245903,"World Bank World Development Indicators, NE.EXP.GNFS.ZS",2026-08-02
TUR,Turkey,NE.EXP.GNFS.ZS,Exports of goods and services (% of GDP),% of GDP,2004,23.8544386839448,"World Bank World Development Indicators, NE.EXP.GNFS.ZS",2026-08-02
TUR,Turkey,NE.EXP.GNFS.ZS,Exports of goods and services (% of GDP),% of GDP,2003,23.1946607252779,"World Bank World Development Indicators, NE.EXP.GNFS.ZS",2026-08-02
TUR,Turkey,NE.EXP.GNFS.ZS,Exports of goods and services (% of GDP),% of GDP,2002,25.2651261294128,"World Bank World Development Indicators, NE.EXP.GNFS.ZS",2026-08-02
TUR,Turkey,NE.EXP.GNFS.ZS,Exports of goods and services (% of GDP),% of GDP,2001,27.2970601933763,"World Bank World Development Indicators, NE.EXP.GNFS.ZS",2026-08-02
TUR,Turkey,NE.EXP.GNFS.ZS,Exports of goods and services (% of GDP),% of GDP,2000,19.9334162657424,"World Bank World Development Indicators, NE.EXP.GNFS.ZS",2026-08-02
TUR,Turkey,NE.EXP.GNFS.ZS,Exports of goods and services (% of GDP),% of GDP,1999,18.8307575753475,"World Bank World Development Indicators, NE.EXP.GNFS.ZS",2026-08-02
TUR,Turkey,NE.EXP.GNFS.ZS,Exports of goods and services (% of GDP),% of GDP,1998,20.6544822015948,"World Bank World Development Indicators, NE.EXP.GNFS.ZS",2026-08-02
TUR,Turkey,NE.EXP.GNFS.ZS,Exports of goods and services (% of GDP),% of GDP,1997,21.4390354082889,"World Bank World Development Indicators, NE.EXP.GNFS.ZS",2026-08-02
TUR,Turkey,NE.EXP.GNFS.ZS,Exports of goods and services (% of GDP),% of GDP,1996,19.5581113911938,"World Bank World Development Indicators, NE.EXP.GNFS.ZS",2026-08-02
TUR,Turkey,NE.EXP.GNFS.ZS,Exports of goods and services (% of GDP),% of GDP,1995,18.3238507569896,"World Bank World Development Indicators, NE.EXP.GNFS.ZS",2026-08-02
TUR,Turkey,NE.EXP.GNFS.ZS,Exports of goods and services (% of GDP),% of GDP,1994,21.3621312072128,"World Bank World Development Indicators, NE.EXP.GNFS.ZS",2026-08-02
TUR,Turkey,NE.EXP.GNFS.ZS,Exports of goods and services (% of GDP),% of GDP,1993,13.673802849848,"World Bank World Development Indicators, NE.EXP.GNFS.ZS",2026-08-02
TUR,Turkey,NE.EXP.GNFS.ZS,Exports of goods and services (% of GDP),% of GDP,1992,14.3922357339889,"World Bank World Development Indicators, NE.EXP.GNFS.ZS",2026-08-02
TUR,Turkey,NE.EXP.GNFS.ZS,Exports of goods and services (% of GDP),% of GDP,1991,13.8411301141106,"World Bank World Development Indicators, NE.EXP.GNFS.ZS",2026-08-02
TUR,Turkey,NE.EXP.GNFS.ZS,Exports of goods and services (% of GDP),% of GDP,1990,13.3651028519296,"World Bank World Development Indicators, NE.EXP.GNFS.ZS",2026-08-02
TUR,Turkey,NE.EXP.GNFS.ZS,Exports of goods and services (% of GDP),% of GDP,1989,16.2029157514894,"World Bank World Development Indicators, NE.EXP.GNFS.ZS",2026-08-02
TUR,Turkey,NE.EXP.GNFS.ZS,Exports of goods and services (% of GDP),% of GDP,1988,18.6539704158267,"World Bank World Development Indicators, NE.EXP.GNFS.ZS",2026-08-02
TUR,Turkey,NE.EXP.GNFS.ZS,Exports of goods and services (% of GDP),% of GDP,1987,15.580840422955,"World Bank World Development Indicators, NE.EXP.GNFS.ZS",2026-08-02
TUR,Turkey,NE.EXP.GNFS.ZS,Exports of goods and services (% of GDP),% of GDP,1986,13.3124377193893,"World Bank World Development Indicators, NE.EXP.GNFS.ZS",2026-08-02
TUR,Turkey,NE.EXP.GNFS.ZS,Exports of goods and services (% of GDP),% of GDP,1985,15.8607228847003,"World Bank World Development Indicators, NE.EXP.GNFS.ZS",2026-08-02
TUR,Turkey,NE.EXP.GNFS.ZS,Exports of goods and services (% of GDP),% of GDP,1984,15.6066026885362,"World Bank World Development Indicators, NE.EXP.GNFS.ZS",2026-08-02
TUR,Turkey,NE.EXP.GNFS.ZS,Exports of goods and services (% of GDP),% of GDP,1983,12.4732126163184,"World Bank World Development Indicators, NE.EXP.GNFS.ZS",2026-08-02
TUR,Turkey,NE.EXP.GNFS.ZS,Exports of goods and services (% of GDP),% of GDP,1982,11.8640513905568,"World Bank World Development Indicators, NE.EXP.GNFS.ZS",2026-08-02
TUR,Turkey,NE.EXP.GNFS.ZS,Exports of goods and services (% of GDP),% of GDP,1981,8.23693203391976,"World Bank World Development Indicators, NE.EXP.GNFS.ZS",2026-08-02
TUR,Turkey,NE.EXP.GNFS.ZS,Exports of goods and services (% of GDP),% of GDP,1980,5.16193170955531,"World Bank World Development Indicators, NE.EXP.GNFS.ZS",2026-08-02
TUR,Turkey,NE.EXP.GNFS.ZS,Exports of goods and services (% of GDP),% of GDP,1979,3.21802670890177,"World Bank World Development Indicators, NE.EXP.GNFS.ZS",2026-08-02
TUR,Turkey,NE.EXP.GNFS.ZS,Exports of goods and services (% of GDP),% of GDP,1978,4.14691194133637,"World Bank World Development Indicators, NE.EXP.GNFS.ZS",2026-08-02
TUR,Turkey,NE.EXP.GNFS.ZS,Exports of goods and services (% of GDP),% of GDP,1977,3.81520401401117,"World Bank World Development Indicators, NE.EXP.GNFS.ZS",2026-08-02
TUR,Turkey,NE.EXP.GNFS.ZS,Exports of goods and services (% of GDP),% of GDP,1976,4.85908649173955,"World Bank World Development Indicators, NE.EXP.GNFS.ZS",2026-08-02
TUR,Turkey,NE.EXP.GNFS.ZS,Exports of goods and services (% of GDP),% of GDP,1975,4.42134657151722,"World Bank World Development Indicators, NE.EXP.GNFS.ZS",2026-08-02
TUR,Turkey,NE.EXP.GNFS.ZS,Exports of goods and services (% of GDP),% of GDP,1974,5.72811617587737,"World Bank World Development Indicators, NE.EXP.GNFS.ZS",2026-08-02
TUR,Turkey,NE.EXP.GNFS.ZS,Exports of goods and services (% of GDP),% of GDP,1973,7.03296703296703,"World Bank World Development Indicators, NE.EXP.GNFS.ZS",2026-08-02
TUR,Turkey,NE.EXP.GNFS.ZS,Exports of goods and services (% of GDP),% of GDP,1972,6.01867865790384,"World Bank World Development Indicators, NE.EXP.GNFS.ZS",2026-08-02
TUR,Turkey,NE.EXP.GNFS.ZS,Exports of goods and services (% of GDP),% of GDP,1971,5.31958762886598,"World Bank World Development Indicators, NE.EXP.GNFS.ZS",2026-08-02
TUR,Turkey,NE.EXP.GNFS.ZS,Exports of goods and services (% of GDP),% of GDP,1970,4.42748091603053,"World Bank World Development Indicators, NE.EXP.GNFS.ZS",2026-08-02
TUR,Turkey,NE.EXP.GNFS.ZS,Exports of goods and services (% of GDP),% of GDP,1969,3.5958904109589,"World Bank World Development Indicators, NE.EXP.GNFS.ZS",2026-08-02
TUR,Turkey,NE.EXP.GNFS.ZS,Exports of goods and services (% of GDP),% of GDP,1968,3.68253968253968,"World Bank World Development Indicators, NE.EXP.GNFS.ZS",2026-08-02
TUR,Turkey,NE.EXP.GNFS.ZS,Exports of goods and services (% of GDP),% of GDP,1967,4.11931818181818,"World Bank World Development Indicators, NE.EXP.GNFS.ZS",2026-08-02
TUR,Turkey,NE.EXP.GNFS.ZS,Exports of goods and services (% of GDP),% of GDP,1966,4.09771473601261,"World Bank World Development Indicators, NE.EXP.GNFS.ZS",2026-08-02
TUR,Turkey,NE.EXP.GNFS.ZS,Exports of goods and services (% of GDP),% of GDP,1965,4.54967502321263,"World Bank World Development Indicators, NE.EXP.GNFS.ZS",2026-08-02
TUR,Turkey,NE.EXP.GNFS.ZS,Exports of goods and services (% of GDP),% of GDP,1964,4.47316103379722,"World Bank World Development Indicators, NE.EXP.GNFS.ZS",2026-08-02
TUR,Turkey,NE.EXP.GNFS.ZS,Exports of goods and services (% of GDP),% of GDP,1963,4.18454935622318,"World Bank World Development Indicators, NE.EXP.GNFS.ZS",2026-08-02
TUR,Turkey,NE.EXP.GNFS.ZS,Exports of goods and services (% of GDP),% of GDP,1962,5.60398505603985,"World Bank World Development Indicators, NE.EXP.GNFS.ZS",2026-08-02
TUR,Turkey,NE.EXP.GNFS.ZS,Exports of goods and services (% of GDP),% of GDP,1961,5.14603616133519,"World Bank World Development Indicators, NE.EXP.GNFS.ZS",2026-08-02
TUR,Turkey,NE.EXP.GNFS.ZS,Exports of goods and services (% of GDP),% of GDP,1960,2.05580029368576,"World Bank World Development Indicators, NE.EXP.GNFS.ZS",2026-08-02
TUR,Turkey,NE.IMP.GNFS.ZS,Imports of goods and services (% of GDP),% of GDP,2025,25.0849063722672,"World Bank World Development Indicators, NE.IMP.GNFS.ZS",2026-08-02
TUR,Turkey,NE.IMP.GNFS.ZS,Imports of goods and services (% of GDP),% of GDP,2024,27.0305829100406,"World Bank World Development Indicators, NE.IMP.GNFS.ZS",2026-08-02
TUR,Turkey,NE.IMP.GNFS.ZS,Imports of goods and services (% of GDP),% of GDP,2023,33.7696157928943,"World Bank World Development Indicators, NE.IMP.GNFS.ZS",2026-08-02
TUR,Turkey,NE.IMP.GNFS.ZS,Imports of goods and services (% of GDP),% of GDP,2022,41.7570614839925,"World Bank World Development Indicators, NE.IMP.GNFS.ZS",2026-08-02
TUR,Turkey,NE.IMP.GNFS.ZS,Imports of goods and services (% of GDP),% of GDP,2021,34.5552643235919,"World Bank World Development Indicators, NE.IMP.GNFS.ZS",2026-08-02
TUR,Turkey,NE.IMP.GNFS.ZS,Imports of goods and services (% of GDP),% of GDP,2020,31.6498487704686,"World Bank World Development Indicators, NE.IMP.GNFS.ZS",2026-08-02
TUR,Turkey,NE.IMP.GNFS.ZS,Imports of goods and services (% of GDP),% of GDP,2019,29.548577767937,"World Bank World Development Indicators, NE.IMP.GNFS.ZS",2026-08-02
TUR,Turkey,NE.IMP.GNFS.ZS,Imports of goods and services (% of GDP),% of GDP,2018,31.0972787311468,"World Bank World Development Indicators, NE.IMP.GNFS.ZS",2026-08-02
TUR,Turkey,NE.IMP.GNFS.ZS,Imports of goods and services (% of GDP),% of GDP,2017,29.5961595228053,"World Bank World Development Indicators, NE.IMP.GNFS.ZS",2026-08-02
TUR,Turkey,NE.IMP.GNFS.ZS,Imports of goods and services (% of GDP),% of GDP,2016,25.2379813745471,"World Bank World Development Indicators, NE.IMP.GNFS.ZS",2026-08-02
TUR,Turkey,NE.IMP.GNFS.ZS,Imports of goods and services (% of GDP),% of GDP,2015,26.5941406789482,"World Bank World Development Indicators, NE.IMP.GNFS.ZS",2026-08-02
TUR,Turkey,NE.IMP.GNFS.ZS,Imports of goods and services (% of GDP),% of GDP,2014,28.4894493558784,"World Bank World Development Indicators, NE.IMP.GNFS.ZS",2026-08-02
TUR,Turkey,NE.IMP.GNFS.ZS,Imports of goods and services (% of GDP),% of GDP,2013,28.6650931929463,"World Bank World Development Indicators, NE.IMP.GNFS.ZS",2026-08-02
TUR,Turkey,NE.IMP.GNFS.ZS,Imports of goods and services (% of GDP),% of GDP,2012,28.3619431820769,"World Bank World Development Indicators, NE.IMP.GNFS.ZS",2026-08-02
TUR,Turkey,NE.IMP.GNFS.ZS,Imports of goods and services (% of GDP),% of GDP,2011,30.1612264563406,"World Bank World Development Indicators, NE.IMP.GNFS.ZS",2026-08-02
TUR,Turkey,NE.IMP.GNFS.ZS,Imports of goods and services (% of GDP),% of GDP,2010,25.3533908870685,"World Bank World Development Indicators, NE.IMP.GNFS.ZS",2026-08-02
TUR,Turkey,NE.IMP.GNFS.ZS,Imports of goods and services (% of GDP),% of GDP,2009,23.2812790453404,"World Bank World Development Indicators, NE.IMP.GNFS.ZS",2026-08-02
TUR,Turkey,NE.IMP.GNFS.ZS,Imports of goods and services (% of GDP),% of GDP,2008,26.8398720466583,"World Bank World Development Indicators, NE.IMP.GNFS.ZS",2026-08-02
TUR,Turkey,NE.IMP.GNFS.ZS,Imports of goods and services (% of GDP),% of GDP,2007,25.8398878465602,"World Bank World Development Indicators, NE.IMP.GNFS.ZS",2026-08-02
TUR,Turkey,NE.IMP.GNFS.ZS,Imports of goods and services (% of GDP),% of GDP,2006,26.2699913345528,"World Bank World Development Indicators, NE.IMP.GNFS.ZS",2026-08-02
TUR,Turkey,NE.IMP.GNFS.ZS,Imports of goods and services (% of GDP),% of GDP,2005,24.1900326387181,"World Bank World Development Indicators, NE.IMP.GNFS.ZS",2026-08-02
TUR,Turkey,NE.IMP.GNFS.ZS,Imports of goods and services (% of GDP),% of GDP,2004,25.1390188595817,"World Bank World Development Indicators, NE.IMP.GNFS.ZS",2026-08-02
TUR,Turkey,NE.IMP.GNFS.ZS,Imports of goods and services (% of GDP),% of GDP,2003,23.1734946135067,"World Bank World Development Indicators, NE.IMP.GNFS.ZS",2026-08-02
TUR,Turkey,NE.IMP.GNFS.ZS,Imports of goods and services (% of GDP),% of GDP,2002,22.8374839940274,"World Bank World Development Indicators, NE.IMP.GNFS.ZS",2026-08-02
TUR,Turkey,NE.IMP.GNFS.ZS,Imports of goods and services (% of GDP),% of GDP,2001,22.6477228745251,"World Bank World Development Indicators, NE.IMP.GNFS.ZS",2026-08-02
TUR,Turkey,NE.IMP.GNFS.ZS,Imports of goods and services (% of GDP),% of GDP,2000,22.4412584330653,"World Bank World Development Indicators, NE.IMP.GNFS.ZS",2026-08-02
TUR,Turkey,NE.IMP.GNFS.ZS,Imports of goods and services (% of GDP),% of GDP,1999,18.8357467519768,"World Bank World Development Indicators, NE.IMP.GNFS.ZS",2026-08-02
TUR,Turkey,NE.IMP.GNFS.ZS,Imports of goods and services (% of GDP),% of GDP,1998,19.7225065361954,"World Bank World Development Indicators, NE.IMP.GNFS.ZS",2026-08-02
TUR,Turkey,NE.IMP.GNFS.ZS,Imports of goods and services (% of GDP),% of GDP,1997,21.3220312744105,"World Bank World Development Indicators, NE.IMP.GNFS.ZS",2026-08-02
TUR,Turkey,NE.IMP.GNFS.ZS,Imports of goods and services (% of GDP),% of GDP,1996,20.0896066432611,"World Bank World Development Indicators, NE.IMP.GNFS.ZS",2026-08-02
TUR,Turkey,NE.IMP.GNFS.ZS,Imports of goods and services (% of GDP),% of GDP,1995,17.6686297382878,"World Bank World Development Indicators, NE.IMP.GNFS.ZS",2026-08-02
TUR,Turkey,NE.IMP.GNFS.ZS,Imports of goods and services (% of GDP),% of GDP,1994,20.3837211337284,"World Bank World Development Indicators, NE.IMP.GNFS.ZS",2026-08-02
TUR,Turkey,NE.IMP.GNFS.ZS,Imports of goods and services (% of GDP),% of GDP,1993,19.3432849256138,"World Bank World Development Indicators, NE.IMP.GNFS.ZS",2026-08-02
TUR,Turkey,NE.IMP.GNFS.ZS,Imports of goods and services (% of GDP),% of GDP,1992,17.345129910515,"World Bank World Development Indicators, NE.IMP.GNFS.ZS",2026-08-02
TUR,Turkey,NE.IMP.GNFS.ZS,Imports of goods and services (% of GDP),% of GDP,1991,16.6348815592789,"World Bank World Development Indicators, NE.IMP.GNFS.ZS",2026-08-02
TUR,Turkey,NE.IMP.GNFS.ZS,Imports of goods and services (% of GDP),% of GDP,1990,17.5778926485052,"World Bank World Development Indicators, NE.IMP.GNFS.ZS",2026-08-02
TUR,Turkey,NE.IMP.GNFS.ZS,Imports of goods and services (% of GDP),% of GDP,1989,17.7807524857703,"World Bank World Development Indicators, NE.IMP.GNFS.ZS",2026-08-02
TUR,Turkey,NE.IMP.GNFS.ZS,Imports of goods and services (% of GDP),% of GDP,1988,17.5528634276008,"World Bank World Development Indicators, NE.IMP.GNFS.ZS",2026-08-02
TUR,Turkey,NE.IMP.GNFS.ZS,Imports of goods and services (% of GDP),% of GDP,1987,17.7574446045938,"World Bank World Development Indicators, NE.IMP.GNFS.ZS",2026-08-02
TUR,Turkey,NE.IMP.GNFS.ZS,Imports of goods and services (% of GDP),% of GDP,1986,16.1020217583248,"World Bank World Development Indicators, NE.IMP.GNFS.ZS",2026-08-02
TUR,Turkey,NE.IMP.GNFS.ZS,Imports of goods and services (% of GDP),% of GDP,1985,18.9662492342323,"World Bank World Development Indicators, NE.IMP.GNFS.ZS",2026-08-02
TUR,Turkey,NE.IMP.GNFS.ZS,Imports of goods and services (% of GDP),% of GDP,1984,19.6735024162276,"World Bank World Development Indicators, NE.IMP.GNFS.ZS",2026-08-02
TUR,Turkey,NE.IMP.GNFS.ZS,Imports of goods and services (% of GDP),% of GDP,1983,16.5578391750205,"World Bank World Development Indicators, NE.IMP.GNFS.ZS",2026-08-02
TUR,Turkey,NE.IMP.GNFS.ZS,Imports of goods and services (% of GDP),% of GDP,1982,15.0168696746154,"World Bank World Development Indicators, NE.IMP.GNFS.ZS",2026-08-02
TUR,Turkey,NE.IMP.GNFS.ZS,Imports of goods and services (% of GDP),% of GDP,1981,12.9046956081509,"World Bank World Development Indicators, NE.IMP.GNFS.ZS",2026-08-02
TUR,Turkey,NE.IMP.GNFS.ZS,Imports of goods and services (% of GDP),% of GDP,1980,11.927885902191,"World Bank World Development Indicators, NE.IMP.GNFS.ZS",2026-08-02
TUR,Turkey,NE.IMP.GNFS.ZS,Imports of goods and services (% of GDP),% of GDP,1979,5.88171772074439,"World Bank World Development Indicators, NE.IMP.GNFS.ZS",2026-08-02
TUR,Turkey,NE.IMP.GNFS.ZS,Imports of goods and services (% of GDP),% of GDP,1978,7.28870345786712,"World Bank World Development Indicators, NE.IMP.GNFS.ZS",2026-08-02
TUR,Turkey,NE.IMP.GNFS.ZS,Imports of goods and services (% of GDP),% of GDP,1977,10.7071854586765,"World Bank World Development Indicators, NE.IMP.GNFS.ZS",2026-08-02
TUR,Turkey,NE.IMP.GNFS.ZS,Imports of goods and services (% of GDP),% of GDP,1976,10.6656948493683,"World Bank World Development Indicators, NE.IMP.GNFS.ZS",2026-08-02
TUR,Turkey,NE.IMP.GNFS.ZS,Imports of goods and services (% of GDP),% of GDP,1975,11.231771641328,"World Bank World Development Indicators, NE.IMP.GNFS.ZS",2026-08-02
TUR,Turkey,NE.IMP.GNFS.ZS,Imports of goods and services (% of GDP),% of GDP,1974,11.2747075433643,"World Bank World Development Indicators, NE.IMP.GNFS.ZS",2026-08-02
TUR,Turkey,NE.IMP.GNFS.ZS,Imports of goods and services (% of GDP),% of GDP,1973,9.09340659340659,"World Bank World Development Indicators, NE.IMP.GNFS.ZS",2026-08-02
TUR,Turkey,NE.IMP.GNFS.ZS,Imports of goods and services (% of GDP),% of GDP,1972,8.54375648564511,"World Bank World Development Indicators, NE.IMP.GNFS.ZS",2026-08-02
TUR,Turkey,NE.IMP.GNFS.ZS,Imports of goods and services (% of GDP),% of GDP,1971,8.24742268041237,"World Bank World Development Indicators, NE.IMP.GNFS.ZS",2026-08-02
TUR,Turkey,NE.IMP.GNFS.ZS,Imports of goods and services (% of GDP),% of GDP,1970,6.36132315521628,"World Bank World Development Indicators, NE.IMP.GNFS.ZS",2026-08-02
TUR,Turkey,NE.IMP.GNFS.ZS,Imports of goods and services (% of GDP),% of GDP,1969,4.73744292237443,"World Bank World Development Indicators, NE.IMP.GNFS.ZS",2026-08-02
TUR,Turkey,NE.IMP.GNFS.ZS,Imports of goods and services (% of GDP),% of GDP,1968,5.07936507936508,"World Bank World Development Indicators, NE.IMP.GNFS.ZS",2026-08-02
TUR,Turkey,NE.IMP.GNFS.ZS,Imports of goods and services (% of GDP),% of GDP,1967,4.97159090909091,"World Bank World Development Indicators, NE.IMP.GNFS.ZS",2026-08-02
TUR,Turkey,NE.IMP.GNFS.ZS,Imports of goods and services (% of GDP),% of GDP,1966,5.67375886524823,"World Bank World Development Indicators, NE.IMP.GNFS.ZS",2026-08-02
TUR,Turkey,NE.IMP.GNFS.ZS,Imports of goods and services (% of GDP),% of GDP,1965,5.38532961931291,"World Bank World Development Indicators, NE.IMP.GNFS.ZS",2026-08-02
TUR,Turkey,NE.IMP.GNFS.ZS,Imports of goods and services (% of GDP),% of GDP,1964,5.46719681908549,"World Bank World Development Indicators, NE.IMP.GNFS.ZS",2026-08-02
TUR,Turkey,NE.IMP.GNFS.ZS,Imports of goods and services (% of GDP),% of GDP,1963,6.97424892703863,"World Bank World Development Indicators, NE.IMP.GNFS.ZS",2026-08-02
TUR,Turkey,NE.IMP.GNFS.ZS,Imports of goods and services (% of GDP),% of GDP,1962,7.97011207970112,"World Bank World Development Indicators, NE.IMP.GNFS.ZS",2026-08-02
TUR,Turkey,NE.IMP.GNFS.ZS,Imports of goods and services (% of GDP),% of GDP,1961,6.81502086230876,"World Bank World Development Indicators, NE.IMP.GNFS.ZS",2026-08-02
TUR,Turkey,NE.IMP.GNFS.ZS,Imports of goods and services (% of GDP),% of GDP,1960,3.67107195301028,"World Bank World Development Indicators, NE.IMP.GNFS.ZS",2026-08-02
MDA,Moldova,NE.IMP.GNFS.ZS,Imports of goods and services (% of GDP),% of GDP,2025,60.9142407389342,"World Bank World Development Indicators, NE.IMP.GNFS.ZS",2026-08-02
MDA,Moldova,NE.IMP.GNFS.ZS,Imports of goods and services (% of GDP),% of GDP,2024,57.3246384476637,"World Bank World Development Indicators, NE.IMP.GNFS.ZS",2026-08-02
MDA,Moldova,NE.IMP.GNFS.ZS,Imports of goods and services (% of GDP),% of GDP,2023,58.882035362679,"World Bank World Development Indicators, NE.IMP.GNFS.ZS",2026-08-02
MDA,Moldova,NE.IMP.GNFS.ZS,Imports of goods and services (% of GDP),% of GDP,2022,70.8912121253156,"World Bank World Development Indicators, NE.IMP.GNFS.ZS",2026-08-02
MDA,Moldova,NE.IMP.GNFS.ZS,Imports of goods and services (% of GDP),% of GDP,2021,57.8220988272368,"World Bank World Development Indicators, NE.IMP.GNFS.ZS",2026-08-02
MDA,Moldova,NE.IMP.GNFS.ZS,Imports of goods and services (% of GDP),% of GDP,2020,51.3513858554044,"World Bank World Development Indicators, NE.IMP.GNFS.ZS",2026-08-02
MDA,Moldova,NE.IMP.GNFS.ZS,Imports of goods and services (% of GDP),% of GDP,2019,56.4411521569138,"World Bank World Development Indicators, NE.IMP.GNFS.ZS",2026-08-02
MDA,Moldova,NE.IMP.GNFS.ZS,Imports of goods and services (% of GDP),% of GDP,2018,56.7504174845453,"World Bank World Development Indicators, NE.IMP.GNFS.ZS",2026-08-02
MDA,Moldova,NE.IMP.GNFS.ZS,Imports of goods and services (% of GDP),% of GDP,2017,56.0905436776933,"World Bank World Development Indicators, NE.IMP.GNFS.ZS",2026-08-02
MDA,Moldova,NE.IMP.GNFS.ZS,Imports of goods and services (% of GDP),% of GDP,2016,56.1381847838926,"World Bank World Development Indicators, NE.IMP.GNFS.ZS",2026-08-02
MDA,Moldova,NE.IMP.GNFS.ZS,Imports of goods and services (% of GDP),% of GDP,2015,57.1594936682016,"World Bank World Development Indicators, NE.IMP.GNFS.ZS",2026-08-02
MDA,Moldova,NE.IMP.GNFS.ZS,Imports of goods and services (% of GDP),% of GDP,2014,62.7003284095294,"World Bank World Development Indicators, NE.IMP.GNFS.ZS",2026-08-02
MDA,Moldova,NE.IMP.GNFS.ZS,Imports of goods and services (% of GDP),% of GDP,2013,63.5946836672099,"World Bank World Development Indicators, NE.IMP.GNFS.ZS",2026-08-02
MDA,Moldova,NE.IMP.GNFS.ZS,Imports of goods and services (% of GDP),% of GDP,2012,65.1735592963827,"World Bank World Development Indicators, NE.IMP.GNFS.ZS",2026-08-02
MDA,Moldova,NE.IMP.GNFS.ZS,Imports of goods and services (% of GDP),% of GDP,2011,66.0771389628613,"World Bank World Development Indicators, NE.IMP.GNFS.ZS",2026-08-02
MDA,Moldova,NE.IMP.GNFS.ZS,Imports of goods and services (% of GDP),% of GDP,2010,60.1082388310712,"World Bank World Development Indicators, NE.IMP.GNFS.ZS",2026-08-02
MDA,Moldova,NE.IMP.GNFS.ZS,Imports of goods and services (% of GDP),% of GDP,2009,73.4912043317434,"World Bank World Development Indicators, NE.IMP.GNFS.ZS",2026-08-02
MDA,Moldova,NE.IMP.GNFS.ZS,Imports of goods and services (% of GDP),% of GDP,2008,93.6028527383109,"World Bank World Development Indicators, NE.IMP.GNFS.ZS",2026-08-02
MDA,Moldova,NE.IMP.GNFS.ZS,Imports of goods and services (% of GDP),% of GDP,2007,97.1400655062699,"World Bank World Development Indicators, NE.IMP.GNFS.ZS",2026-08-02
MDA,Moldova,NE.IMP.GNFS.ZS,Imports of goods and services (% of GDP),% of GDP,2006,91.8984269562497,"World Bank World Development Indicators, NE.IMP.GNFS.ZS",2026-08-02
MDA,Moldova,NE.IMP.GNFS.ZS,Imports of goods and services (% of GDP),% of GDP,2005,91.8599835334112,"World Bank World Development Indicators, NE.IMP.GNFS.ZS",2026-08-02
MDA,Moldova,NE.IMP.GNFS.ZS,Imports of goods and services (% of GDP),% of GDP,2004,81.5051573426573,"World Bank World Development Indicators, NE.IMP.GNFS.ZS",2026-08-02
MDA,Moldova,NE.IMP.GNFS.ZS,Imports of goods and services (% of GDP),% of GDP,2003,86.7433397298961,"World Bank World Development Indicators, NE.IMP.GNFS.ZS",2026-08-02
MDA,Moldova,NE.IMP.GNFS.ZS,Imports of goods and services (% of GDP),% of GDP,2002,77.3756289829454,"World Bank World Development Indicators, NE.IMP.GNFS.ZS",2026-08-02
MDA,Moldova,NE.IMP.GNFS.ZS,Imports of goods and services (% of GDP),% of GDP,2001,74.4456967789098,"World Bank World Development Indicators, NE.IMP.GNFS.ZS",2026-08-02
MDA,Moldova,NE.IMP.GNFS.ZS,Imports of goods and services (% of GDP),% of GDP,2000,76.5629863195976,"World Bank World Development Indicators, NE.IMP.GNFS.ZS",2026-08-02
MDA,Moldova,NE.IMP.GNFS.ZS,Imports of goods and services (% of GDP),% of GDP,1999,65.2095587942884,"World Bank World Development Indicators, NE.IMP.GNFS.ZS",2026-08-02
MDA,Moldova,NE.IMP.GNFS.ZS,Imports of goods and services (% of GDP),% of GDP,1998,71.7835878595233,"World Bank World Development Indicators, NE.IMP.GNFS.ZS",2026-08-02
MDA,Moldova,NE.IMP.GNFS.ZS,Imports of goods and services (% of GDP),% of GDP,1997,74.3602847378175,"World Bank World Development Indicators, NE.IMP.GNFS.ZS",2026-08-02
MDA,Moldova,NE.IMP.GNFS.ZS,Imports of goods and services (% of GDP),% of GDP,1996,73.9092808752274,"World Bank World Development Indicators, NE.IMP.GNFS.ZS",2026-08-02
MDA,Moldova,NE.IMP.GNFS.ZS,Imports of goods and services (% of GDP),% of GDP,1995,67.8903624619293,"World Bank World Development Indicators, NE.IMP.GNFS.ZS",2026-08-02
TUR,Turkey,BX.KLT.DINV.WD.GD.ZS,"Foreign direct investment, net inflows (% of GDP)",% of GDP,2024,0.860701598247461,"World Bank World Development Indicators, BX.KLT.DINV.WD.GD.ZS",2026-08-02
TUR,Turkey,BX.KLT.DINV.WD.GD.ZS,"Foreign direct investment, net inflows (% of GDP)",% of GDP,2023,0.933806495534912,"World Bank World Development Indicators, BX.KLT.DINV.WD.GD.ZS",2026-08-02
TUR,Turkey,BX.KLT.DINV.WD.GD.ZS,"Foreign direct investment, net inflows (% of GDP)",% of GDP,2022,1.48839623728753,"World Bank World Development Indicators, BX.KLT.DINV.WD.GD.ZS",2026-08-02
TUR,Turkey,BX.KLT.DINV.WD.GD.ZS,"Foreign direct investment, net inflows (% of GDP)",% of GDP,2021,1.50891969619413,"World Bank World Development Indicators, BX.KLT.DINV.WD.GD.ZS",2026-08-02
TUR,Turkey,BX.KLT.DINV.WD.GD.ZS,"Foreign direct investment, net inflows (% of GDP)",% of GDP,2020,1.02531493703228,"World Bank World Development Indicators, BX.KLT.DINV.WD.GD.ZS",2026-08-02
TUR,Turkey,BX.KLT.DINV.WD.GD.ZS,"Foreign direct investment, net inflows (% of GDP)",% of GDP,2019,1.22536076199392,"World Bank World Development Indicators, BX.KLT.DINV.WD.GD.ZS",2026-08-02
TUR,Turkey,BX.KLT.DINV.WD.GD.ZS,"Foreign direct investment, net inflows (% of GDP)",% of GDP,2018,1.57923380202967,"World Bank World Development Indicators, BX.KLT.DINV.WD.GD.ZS",2026-08-02
TUR,Turkey,BX.KLT.DINV.WD.GD.ZS,"Foreign direct investment, net inflows (% of GDP)",% of GDP,2017,1.29532700760314,"World Bank World Development Indicators, BX.KLT.DINV.WD.GD.ZS",2026-08-02
TUR,Turkey,BX.KLT.DINV.WD.GD.ZS,"Foreign direct investment, net inflows (% of GDP)",% of GDP,2016,1.58873607703875,"World Bank World Development Indicators, BX.KLT.DINV.WD.GD.ZS",2026-08-02
TUR,Turkey,BX.KLT.DINV.WD.GD.ZS,"Foreign direct investment, net inflows (% of GDP)",% of GDP,2015,2.225752648523,"World Bank World Development Indicators, BX.KLT.DINV.WD.GD.ZS",2026-08-02
TUR,Turkey,BX.KLT.DINV.WD.GD.ZS,"Foreign direct investment, net inflows (% of GDP)",% of GDP,2014,1.41530142282668,"World Bank World Development Indicators, BX.KLT.DINV.WD.GD.ZS",2026-08-02
TUR,Turkey,BX.KLT.DINV.WD.GD.ZS,"Foreign direct investment, net inflows (% of GDP)",% of GDP,2013,1.40962960980578,"World Bank World Development Indicators, BX.KLT.DINV.WD.GD.ZS",2026-08-02
TUR,Turkey,BX.KLT.DINV.WD.GD.ZS,"Foreign direct investment, net inflows (% of GDP)",% of GDP,2012,1.55241965245755,"World Bank World Development Indicators, BX.KLT.DINV.WD.GD.ZS",2026-08-02
TUR,Turkey,BX.KLT.DINV.WD.GD.ZS,"Foreign direct investment, net inflows (% of GDP)",% of GDP,2011,1.91686136260632,"World Bank World Development Indicators, BX.KLT.DINV.WD.GD.ZS",2026-08-02
TUR,Turkey,BX.KLT.DINV.WD.GD.ZS,"Foreign direct investment, net inflows (% of GDP)",% of GDP,2010,1.16274364749147,"World Bank World Development Indicators, BX.KLT.DINV.WD.GD.ZS",2026-08-02
TUR,Turkey,BX.KLT.DINV.WD.GD.ZS,"Foreign direct investment, net inflows (% of GDP)",% of GDP,2009,1.31290302296241,"World Bank World Development Indicators, BX.KLT.DINV.WD.GD.ZS",2026-08-02
TUR,Turkey,BX.KLT.DINV.WD.GD.ZS,"Foreign direct investment, net inflows (% of GDP)",% of GDP,2008,2.56004537243285,"World Bank World Development Indicators, BX.KLT.DINV.WD.GD.ZS",2026-08-02
TUR,Turkey,BX.KLT.DINV.WD.GD.ZS,"Foreign direct investment, net inflows (% of GDP)",% of GDP,2007,3.21746696332257,"World Bank World Development Indicators, BX.KLT.DINV.WD.GD.ZS",2026-08-02
TUR,Turkey,BX.KLT.DINV.WD.GD.ZS,"Foreign direct investment, net inflows (% of GDP)",% of GDP,2006,3.60660172381881,"World Bank World Development Indicators, BX.KLT.DINV.WD.GD.ZS",2026-08-02
TUR,Turkey,BX.KLT.DINV.WD.GD.ZS,"Foreign direct investment, net inflows (% of GDP)",% of GDP,2005,1.97338571270823,"World Bank World Development Indicators, BX.KLT.DINV.WD.GD.ZS",2026-08-02
TUR,Turkey,BX.KLT.DINV.WD.GD.ZS,"Foreign direct investment, net inflows (% of GDP)",% of GDP,2004,0.679008638958041,"World Bank World Development Indicators, BX.KLT.DINV.WD.GD.ZS",2026-08-02
TUR,Turkey,BX.KLT.DINV.WD.GD.ZS,"Foreign direct investment, net inflows (% of GDP)",% of GDP,2003,0.539644361182156,"World Bank World Development Indicators, BX.KLT.DINV.WD.GD.ZS",2026-08-02
TUR,Turkey,BX.KLT.DINV.WD.GD.ZS,"Foreign direct investment, net inflows (% of GDP)",% of GDP,2002,0.449376588359619,"World Bank World Development Indicators, BX.KLT.DINV.WD.GD.ZS",2026-08-02
TUR,Turkey,BX.KLT.DINV.WD.GD.ZS,"Foreign direct investment, net inflows (% of GDP)",% of GDP,2001,1.65780492583561,"World Bank World Development Indicators, BX.KLT.DINV.WD.GD.ZS",2026-08-02
TUR,Turkey,BX.KLT.DINV.WD.GD.ZS,"Foreign direct investment, net inflows (% of GDP)",% of GDP,2000,0.357417831801301,"World Bank World Development Indicators, BX.KLT.DINV.WD.GD.ZS",2026-08-02
TUR,Turkey,BX.KLT.DINV.WD.GD.ZS,"Foreign direct investment, net inflows (% of GDP)",% of GDP,1999,0.305056291376802,"World Bank World Development Indicators, BX.KLT.DINV.WD.GD.ZS",2026-08-02
TUR,Turkey,BX.KLT.DINV.WD.GD.ZS,"Foreign direct investment, net inflows (% of GDP)",% of GDP,1998,0.340536066432393,"World Bank World Development Indicators, BX.KLT.DINV.WD.GD.ZS",2026-08-02
TUR,Turkey,BX.KLT.DINV.WD.GD.ZS,"Foreign direct investment, net inflows (% of GDP)",% of GDP,1997,0.305135116508485,"World Bank World Development Indicators, BX.KLT.DINV.WD.GD.ZS",2026-08-02
TUR,Turkey,BX.KLT.DINV.WD.GD.ZS,"Foreign direct investment, net inflows (% of GDP)",% of GDP,1996,0.288376703171623,"World Bank World Development Indicators, BX.KLT.DINV.WD.GD.ZS",2026-08-02
TUR,Turkey,BX.KLT.DINV.WD.GD.ZS,"Foreign direct investment, net inflows (% of GDP)",% of GDP,1995,0.377077718996453,"World Bank World Development Indicators, BX.KLT.DINV.WD.GD.ZS",2026-08-02
TUR,Turkey,BX.KLT.DINV.WD.GD.ZS,"Foreign direct investment, net inflows (% of GDP)",% of GDP,1994,0.465363886338255,"World Bank World Development Indicators, BX.KLT.DINV.WD.GD.ZS",2026-08-02
TUR,Turkey,BX.KLT.DINV.WD.GD.ZS,"Foreign direct investment, net inflows (% of GDP)",% of GDP,1993,0.37579865975877,"World Bank World Development Indicators, BX.KLT.DINV.WD.GD.ZS",2026-08-02
TUR,Turkey,BX.KLT.DINV.WD.GD.ZS,"Foreign direct investment, net inflows (% of GDP)",% of GDP,1992,0.530468058329858,"World Bank World Development Indicators, BX.KLT.DINV.WD.GD.ZS",2026-08-02
TUR,Turkey,BX.KLT.DINV.WD.GD.ZS,"Foreign direct investment, net inflows (% of GDP)",% of GDP,1991,0.536300486465289,"World Bank World Development Indicators, BX.KLT.DINV.WD.GD.ZS",2026-08-02
TUR,Turkey,BX.KLT.DINV.WD.GD.ZS,"Foreign direct investment, net inflows (% of GDP)",% of GDP,1990,0.474592695978886,"World Bank World Development Indicators, BX.KLT.DINV.WD.GD.ZS",2026-08-02
TUR,Turkey,BX.KLT.DINV.WD.GD.ZS,"Foreign direct investment, net inflows (% of GDP)",% of GDP,1989,0.618890490617133,"World Bank World Development Indicators, BX.KLT.DINV.WD.GD.ZS",2026-08-02
TUR,Turkey,BX.KLT.DINV.WD.GD.ZS,"Foreign direct investment, net inflows (% of GDP)",% of GDP,1988,0.389545326157192,"World Bank World Development Indicators, BX.KLT.DINV.WD.GD.ZS",2026-08-02
TUR,Turkey,BX.KLT.DINV.WD.GD.ZS,"Foreign direct investment, net inflows (% of GDP)",% of GDP,1987,0.131895736055962,"World Bank World Development Indicators, BX.KLT.DINV.WD.GD.ZS",2026-08-02
TUR,Turkey,BX.KLT.DINV.WD.GD.ZS,"Foreign direct investment, net inflows (% of GDP)",% of GDP,1986,0.165184331030378,"World Bank World Development Indicators, BX.KLT.DINV.WD.GD.ZS",2026-08-02
TUR,Turkey,BX.KLT.DINV.WD.GD.ZS,"Foreign direct investment, net inflows (% of GDP)",% of GDP,1985,0.147249647390691,"World Bank World Development Indicators, BX.KLT.DINV.WD.GD.ZS",2026-08-02
TUR,Turkey,BX.KLT.DINV.WD.GD.ZS,"Foreign direct investment, net inflows (% of GDP)",% of GDP,1984,0.188529397056885,"World Bank World Development Indicators, BX.KLT.DINV.WD.GD.ZS",2026-08-02
TUR,Turkey,BX.KLT.DINV.WD.GD.ZS,"Foreign direct investment, net inflows (% of GDP)",% of GDP,1983,0.0744293747932517,"World Bank World Development Indicators, BX.KLT.DINV.WD.GD.ZS",2026-08-02
TUR,Turkey,BX.KLT.DINV.WD.GD.ZS,"Foreign direct investment, net inflows (% of GDP)",% of GDP,1982,0.0854444253826652,"World Bank World Development Indicators, BX.KLT.DINV.WD.GD.ZS",2026-08-02
TUR,Turkey,BX.KLT.DINV.WD.GD.ZS,"Foreign direct investment, net inflows (% of GDP)",% of GDP,1981,0.133464118466017,"World Bank World Development Indicators, BX.KLT.DINV.WD.GD.ZS",2026-08-02
TUR,Turkey,BX.KLT.DINV.WD.GD.ZS,"Foreign direct investment, net inflows (% of GDP)",% of GDP,1980,0.0261537873284136,"World Bank World Development Indicators, BX.KLT.DINV.WD.GD.ZS",2026-08-02
TUR,Turkey,BX.KLT.DINV.WD.GD.ZS,"Foreign direct investment, net inflows (% of GDP)",% of GDP,1979,0.0836902919261366,"World Bank World Development Indicators, BX.KLT.DINV.WD.GD.ZS",2026-08-02
TUR,Turkey,BX.KLT.DINV.WD.GD.ZS,"Foreign direct investment, net inflows (% of GDP)",% of GDP,1978,0.0515835387824768,"World Bank World Development Indicators, BX.KLT.DINV.WD.GD.ZS",2026-08-02
TUR,Turkey,BX.KLT.DINV.WD.GD.ZS,"Foreign direct investment, net inflows (% of GDP)",% of GDP,1977,0.0460096563476285,"World Bank World Development Indicators, BX.KLT.DINV.WD.GD.ZS",2026-08-02
TUR,Turkey,BX.KLT.DINV.WD.GD.ZS,"Foreign direct investment, net inflows (% of GDP)",% of GDP,1976,0.0194363459669582,"World Bank World Development Indicators, BX.KLT.DINV.WD.GD.ZS",2026-08-02
TUR,Turkey,BX.KLT.DINV.WD.GD.ZS,"Foreign direct investment, net inflows (% of GDP)",% of GDP,1975,0.247595408004964,"World Bank World Development Indicators, BX.KLT.DINV.WD.GD.ZS",2026-08-02
TUR,Turkey,BX.KLT.DINV.WD.GD.ZS,"Foreign direct investment, net inflows (% of GDP)",% of GDP,1974,0.1807180314643,"World Bank World Development Indicators, BX.KLT.DINV.WD.GD.ZS",2026-08-02
TUR,Turkey,BX.KLT.DINV.WD.GD.ZS,"Foreign direct investment, net inflows (% of GDP)",% of GDP,1973,0.303846153846154,"World Bank World Development Indicators, BX.KLT.DINV.WD.GD.ZS",2026-08-02
TUR,Turkey,BX.KLT.DINV.WD.GD.ZS,"Foreign direct investment, net inflows (% of GDP)",% of GDP,1972,0.208232445520581,"World Bank World Development Indicators, BX.KLT.DINV.WD.GD.ZS",2026-08-02
TUR,Turkey,BX.KLT.DINV.WD.GD.ZS,"Foreign direct investment, net inflows (% of GDP)",% of GDP,1971,0.278350515463918,"World Bank World Development Indicators, BX.KLT.DINV.WD.GD.ZS",2026-08-02
TUR,Turkey,BX.KLT.DINV.WD.GD.ZS,"Foreign direct investment, net inflows (% of GDP)",% of GDP,1970,0.324681933842239,"World Bank World Development Indicators, BX.KLT.DINV.WD.GD.ZS",2026-08-02
UKR,Ukraine,BX.KLT.DINV.WD.GD.ZS,"Foreign direct investment, net inflows (% of GDP)",% of GDP,2024,2.10549664352154,"World Bank World Development Indicators, BX.KLT.DINV.WD.GD.ZS",2026-08-02
UKR,Ukraine,BX.KLT.DINV.WD.GD.ZS,"Foreign direct investment, net inflows (% of GDP)",% of GDP,2023,2.52287921090664,"World Bank World Development Indicators, BX.KLT.DINV.WD.GD.ZS",2026-08-02
UKR,Ukraine,BX.KLT.DINV.WD.GD.ZS,"Foreign direct investment, net inflows (% of GDP)",% of GDP,2022,0.136428578229067,"World Bank World Development Indicators, BX.KLT.DINV.WD.GD.ZS",2026-08-02
UKR,Ukraine,BX.KLT.DINV.WD.GD.ZS,"Foreign direct investment, net inflows (% of GDP)",% of GDP,2021,3.98166133947207,"World Bank World Development Indicators, BX.KLT.DINV.WD.GD.ZS",2026-08-02
UKR,Ukraine,BX.KLT.DINV.WD.GD.ZS,"Foreign direct investment, net inflows (% of GDP)",% of GDP,2020,0.194103193490519,"World Bank World Development Indicators, BX.KLT.DINV.WD.GD.ZS",2026-08-02
UKR,Ukraine,BX.KLT.DINV.WD.GD.ZS,"Foreign direct investment, net inflows (% of GDP)",% of GDP,2019,3.76649676088543,"World Bank World Development Indicators, BX.KLT.DINV.WD.GD.ZS",2026-08-02
UKR,Ukraine,BX.KLT.DINV.WD.GD.ZS,"Foreign direct investment, net inflows (% of GDP)",% of GDP,2018,3.80086991777664,"World Bank World Development Indicators, BX.KLT.DINV.WD.GD.ZS",2026-08-02
UKR,Ukraine,BX.KLT.DINV.WD.GD.ZS,"Foreign direct investment, net inflows (% of GDP)",% of GDP,2017,3.28306130596563,"World Bank World Development Indicators, BX.KLT.DINV.WD.GD.ZS",2026-08-02
UKR,Ukraine,BX.KLT.DINV.WD.GD.ZS,"Foreign direct investment, net inflows (% of GDP)",% of GDP,2016,4.42178946686191,"World Bank World Development Indicators, BX.KLT.DINV.WD.GD.ZS",2026-08-02
UKR,Ukraine,BX.KLT.DINV.WD.GD.ZS,"Foreign direct investment, net inflows (% of GDP)",% of GDP,2015,-0.217508398305494,"World Bank World Development Indicators, BX.KLT.DINV.WD.GD.ZS",2026-08-02
UKR,Ukraine,BX.KLT.DINV.WD.GD.ZS,"Foreign direct investment, net inflows (% of GDP)",% of GDP,2014,0.634438528402592,"World Bank World Development Indicators, BX.KLT.DINV.WD.GD.ZS",2026-08-02
UKR,Ukraine,BX.KLT.DINV.WD.GD.ZS,"Foreign direct investment, net inflows (% of GDP)",% of GDP,2013,2.36694390135139,"World Bank World Development Indicators, BX.KLT.DINV.WD.GD.ZS",2026-08-02
UKR,Ukraine,BX.KLT.DINV.WD.GD.ZS,"Foreign direct investment, net inflows (% of GDP)",% of GDP,2012,4.47720109403357,"World Bank World Development Indicators, BX.KLT.DINV.WD.GD.ZS",2026-08-02
UKR,Ukraine,BX.KLT.DINV.WD.GD.ZS,"Foreign direct investment, net inflows (% of GDP)",% of GDP,2011,4.256089748054,"World Bank World Development Indicators, BX.KLT.DINV.WD.GD.ZS",2026-08-02
UKR,Ukraine,BX.KLT.DINV.WD.GD.ZS,"Foreign direct investment, net inflows (% of GDP)",% of GDP,2010,4.56840018285092,"World Bank World Development Indicators, BX.KLT.DINV.WD.GD.ZS",2026-08-02
UKR,Ukraine,BX.KLT.DINV.WD.GD.ZS,"Foreign direct investment, net inflows (% of GDP)",% of GDP,2009,3.9234187670663,"World Bank World Development Indicators, BX.KLT.DINV.WD.GD.ZS",2026-08-02
UKR,Ukraine,BX.KLT.DINV.WD.GD.ZS,"Foreign direct investment, net inflows (% of GDP)",% of GDP,2008,5.68814936936009,"World Bank World Development Indicators, BX.KLT.DINV.WD.GD.ZS",2026-08-02
UKR,Ukraine,BX.KLT.DINV.WD.GD.ZS,"Foreign direct investment, net inflows (% of GDP)",% of GDP,2007,6.8531805098082,"World Bank World Development Indicators, BX.KLT.DINV.WD.GD.ZS",2026-08-02
UKR,Ukraine,BX.KLT.DINV.WD.GD.ZS,"Foreign direct investment, net inflows (% of GDP)",% of GDP,2006,5.00872538573992,"World Bank World Development Indicators, BX.KLT.DINV.WD.GD.ZS",2026-08-02
UKR,Ukraine,BX.KLT.DINV.WD.GD.ZS,"Foreign direct investment, net inflows (% of GDP)",% of GDP,2005,8.7495509827803,"World Bank World Development Indicators, BX.KLT.DINV.WD.GD.ZS",2026-08-02
UKR,Ukraine,BX.KLT.DINV.WD.GD.ZS,"Foreign direct investment, net inflows (% of GDP)",% of GDP,2004,2.55131815944331,"World Bank World Development Indicators, BX.KLT.DINV.WD.GD.ZS",2026-08-02
UKR,Ukraine,BX.KLT.DINV.WD.GD.ZS,"Foreign direct investment, net inflows (% of GDP)",% of GDP,2003,2.73791628490563,"World Bank World Development Indicators, BX.KLT.DINV.WD.GD.ZS",2026-08-02
UKR,Ukraine,BX.KLT.DINV.WD.GD.ZS,"Foreign direct investment, net inflows (% of GDP)",% of GDP,2002,1.57657070830023,"World Bank World Development Indicators, BX.KLT.DINV.WD.GD.ZS",2026-08-02
UKR,Ukraine,BX.KLT.DINV.WD.GD.ZS,"Foreign direct investment, net inflows (% of GDP)",% of GDP,2001,2.01477599147626,"World Bank World Development Indicators, BX.KLT.DINV.WD.GD.ZS",2026-08-02
UKR,Ukraine,BX.KLT.DINV.WD.GD.ZS,"Foreign direct investment, net inflows (% of GDP)",% of GDP,2000,1.83783307310592,"World Bank World Development Indicators, BX.KLT.DINV.WD.GD.ZS",2026-08-02
UKR,Ukraine,BX.KLT.DINV.WD.GD.ZS,"Foreign direct investment, net inflows (% of GDP)",% of GDP,1999,1.57058250563469,"World Bank World Development Indicators, BX.KLT.DINV.WD.GD.ZS",2026-08-02
UKR,Ukraine,BX.KLT.DINV.WD.GD.ZS,"Foreign direct investment, net inflows (% of GDP)",% of GDP,1998,1.77400963613502,"World Bank World Development Indicators, BX.KLT.DINV.WD.GD.ZS",2026-08-02
UKR,Ukraine,BX.KLT.DINV.WD.GD.ZS,"Foreign direct investment, net inflows (% of GDP)",% of GDP,1997,1.2422352423285,"World Bank World Development Indicators, BX.KLT.DINV.WD.GD.ZS",2026-08-02
UKR,Ukraine,BX.KLT.DINV.WD.GD.ZS,"Foreign direct investment, net inflows (% of GDP)",% of GDP,1996,1.16924072792846,"World Bank World Development Indicators, BX.KLT.DINV.WD.GD.ZS",2026-08-02
UKR,Ukraine,BX.KLT.DINV.WD.GD.ZS,"Foreign direct investment, net inflows (% of GDP)",% of GDP,1995,0.553782708035487,"World Bank World Development Indicators, BX.KLT.DINV.WD.GD.ZS",2026-08-02
UKR,Ukraine,BX.KLT.DINV.WD.GD.ZS,"Foreign direct investment, net inflows (% of GDP)",% of GDP,1994,0.302571398665359,"World Bank World Development Indicators, BX.KLT.DINV.WD.GD.ZS",2026-08-02
UKR,Ukraine,BX.KLT.DINV.WD.GD.ZS,"Foreign direct investment, net inflows (% of GDP)",% of GDP,1993,0.304652532051486,"World Bank World Development Indicators, BX.KLT.DINV.WD.GD.ZS",2026-08-02
UKR,Ukraine,BX.KLT.DINV.WD.GD.ZS,"Foreign direct investment, net inflows (% of GDP)",% of GDP,1992,0.270467973646631,"World Bank World Development Indicators, BX.KLT.DINV.WD.GD.ZS",2026-08-02
BLR,Belarus,BX.KLT.DINV.WD.GD.ZS,"Foreign direct investment, net inflows (% of GDP)",% of GDP,2025,1.71482023151392,"World Bank World Development Indicators, BX.KLT.DINV.WD.GD.ZS",2026-08-02
BLR,Belarus,BX.KLT.DINV.WD.GD.ZS,"Foreign direct investment, net inflows (% of GDP)",% of GDP,2024,2.20948690351676,"World Bank World Development Indicators, BX.KLT.DINV.WD.GD.ZS",2026-08-02
BLR,Belarus,BX.KLT.DINV.WD.GD.ZS,"Foreign direct investment, net inflows (% of GDP)",% of GDP,2023,2.74854001098901,"World Bank World Development Indicators, BX.KLT.DINV.WD.GD.ZS",2026-08-02
BLR,Belarus,BX.KLT.DINV.WD.GD.ZS,"Foreign direct investment, net inflows (% of GDP)",% of GDP,2022,2.17745011943276,"World Bank World Development Indicators, BX.KLT.DINV.WD.GD.ZS",2026-08-02
BLR,Belarus,BX.KLT.DINV.WD.GD.ZS,"Foreign direct investment, net inflows (% of GDP)",% of GDP,2021,1.76640687852003,"World Bank World Development Indicators, BX.KLT.DINV.WD.GD.ZS",2026-08-02
BLR,Belarus,BX.KLT.DINV.WD.GD.ZS,"Foreign direct investment, net inflows (% of GDP)",% of GDP,2020,2.27010267778425,"World Bank World Development Indicators, BX.KLT.DINV.WD.GD.ZS",2026-08-02
BLR,Belarus,BX.KLT.DINV.WD.GD.ZS,"Foreign direct investment, net inflows (% of GDP)",% of GDP,2019,1.976861708457,"World Bank World Development Indicators, BX.KLT.DINV.WD.GD.ZS",2026-08-02
BLR,Belarus,BX.KLT.DINV.WD.GD.ZS,"Foreign direct investment, net inflows (% of GDP)",% of GDP,2018,2.37627120733619,"World Bank World Development Indicators, BX.KLT.DINV.WD.GD.ZS",2026-08-02
BLR,Belarus,BX.KLT.DINV.WD.GD.ZS,"Foreign direct investment, net inflows (% of GDP)",% of GDP,2017,2.33218919527708,"World Bank World Development Indicators, BX.KLT.DINV.WD.GD.ZS",2026-08-02
BLR,Belarus,BX.KLT.DINV.WD.GD.ZS,"Foreign direct investment, net inflows (% of GDP)",% of GDP,2016,2.61275643208459,"World Bank World Development Indicators, BX.KLT.DINV.WD.GD.ZS",2026-08-02
BLR,Belarus,BX.KLT.DINV.WD.GD.ZS,"Foreign direct investment, net inflows (% of GDP)",% of GDP,2015,2.92676775504253,"World Bank World Development Indicators, BX.KLT.DINV.WD.GD.ZS",2026-08-02
BLR,Belarus,BX.KLT.DINV.WD.GD.ZS,"Foreign direct investment, net inflows (% of GDP)",% of GDP,2014,2.36255232890544,"World Bank World Development Indicators, BX.KLT.DINV.WD.GD.ZS",2026-08-02
BLR,Belarus,BX.KLT.DINV.WD.GD.ZS,"Foreign direct investment, net inflows (% of GDP)",% of GDP,2013,2.97388136295762,"World Bank World Development Indicators, BX.KLT.DINV.WD.GD.ZS",2026-08-02
BLR,Belarus,BX.KLT.DINV.WD.GD.ZS,"Foreign direct investment, net inflows (% of GDP)",% of GDP,2012,2.22818019245943,"World Bank World Development Indicators, BX.KLT.DINV.WD.GD.ZS",2026-08-02
BLR,Belarus,BX.KLT.DINV.WD.GD.ZS,"Foreign direct investment, net inflows (% of GDP)",% of GDP,2011,6.48031997656593,"World Bank World Development Indicators, BX.KLT.DINV.WD.GD.ZS",2026-08-02
BLR,Belarus,BX.KLT.DINV.WD.GD.ZS,"Foreign direct investment, net inflows (% of GDP)",% of GDP,2010,2.43465600372626,"World Bank World Development Indicators, BX.KLT.DINV.WD.GD.ZS",2026-08-02
BLR,Belarus,BX.KLT.DINV.WD.GD.ZS,"Foreign direct investment, net inflows (% of GDP)",% of GDP,2009,3.68858496262614,"World Bank World Development Indicators, BX.KLT.DINV.WD.GD.ZS",2026-08-02
BLR,Belarus,BX.KLT.DINV.WD.GD.ZS,"Foreign direct investment, net inflows (% of GDP)",% of GDP,2008,3.60135661387402,"World Bank World Development Indicators, BX.KLT.DINV.WD.GD.ZS",2026-08-02
BLR,Belarus,BX.KLT.DINV.WD.GD.ZS,"Foreign direct investment, net inflows (% of GDP)",% of GDP,2007,3.99176494489288,"World Bank World Development Indicators, BX.KLT.DINV.WD.GD.ZS",2026-08-02
BLR,Belarus,BX.KLT.DINV.WD.GD.ZS,"Foreign direct investment, net inflows (% of GDP)",% of GDP,2006,0.966130137383779,"World Bank World Development Indicators, BX.KLT.DINV.WD.GD.ZS",2026-08-02
BLR,Belarus,BX.KLT.DINV.WD.GD.ZS,"Foreign direct investment, net inflows (% of GDP)",% of GDP,2005,1.01489264466989,"World Bank World Development Indicators, BX.KLT.DINV.WD.GD.ZS",2026-08-02
BLR,Belarus,BX.KLT.DINV.WD.GD.ZS,"Foreign direct investment, net inflows (% of GDP)",% of GDP,2004,0.707817258030317,"World Bank World Development Indicators, BX.KLT.DINV.WD.GD.ZS",2026-08-02
BLR,Belarus,BX.KLT.DINV.WD.GD.ZS,"Foreign direct investment, net inflows (% of GDP)",% of GDP,2003,0.963790820679998,"World Bank World Development Indicators, BX.KLT.DINV.WD.GD.ZS",2026-08-02
BLR,Belarus,BX.KLT.DINV.WD.GD.ZS,"Foreign direct investment, net inflows (% of GDP)",% of GDP,2002,1.69305705420781,"World Bank World Development Indicators, BX.KLT.DINV.WD.GD.ZS",2026-08-02
BLR,Belarus,BX.KLT.DINV.WD.GD.ZS,"Foreign direct investment, net inflows (% of GDP)",% of GDP,2001,0.775405864952368,"World Bank World Development Indicators, BX.KLT.DINV.WD.GD.ZS",2026-08-02
BLR,Belarus,BX.KLT.DINV.WD.GD.ZS,"Foreign direct investment, net inflows (% of GDP)",% of GDP,2000,0.932726194574,"World Bank World Development Indicators, BX.KLT.DINV.WD.GD.ZS",2026-08-02
BLR,Belarus,BX.KLT.DINV.WD.GD.ZS,"Foreign direct investment, net inflows (% of GDP)",% of GDP,1999,3.65778714528179,"World Bank World Development Indicators, BX.KLT.DINV.WD.GD.ZS",2026-08-02
BLR,Belarus,BX.KLT.DINV.WD.GD.ZS,"Foreign direct investment, net inflows (% of GDP)",% of GDP,1998,1.33490888841733,"World Bank World Development Indicators, BX.KLT.DINV.WD.GD.ZS",2026-08-02
BLR,Belarus,BX.KLT.DINV.WD.GD.ZS,"Foreign direct investment, net inflows (% of GDP)",% of GDP,1997,2.48860300411635,"World Bank World Development Indicators, BX.KLT.DINV.WD.GD.ZS",2026-08-02
BLR,Belarus,BX.KLT.DINV.WD.GD.ZS,"Foreign direct investment, net inflows (% of GDP)",% of GDP,1996,0.720667909896663,"World Bank World Development Indicators, BX.KLT.DINV.WD.GD.ZS",2026-08-02
BLR,Belarus,BX.KLT.DINV.WD.GD.ZS,"Foreign direct investment, net inflows (% of GDP)",% of GDP,1995,0.105205275981648,"World Bank World Development Indicators, BX.KLT.DINV.WD.GD.ZS",2026-08-02
BLR,Belarus,BX.KLT.DINV.WD.GD.ZS,"Foreign direct investment, net inflows (% of GDP)",% of GDP,1994,0.0703214382060361,"World Bank World Development Indicators, BX.KLT.DINV.WD.GD.ZS",2026-08-02
BLR,Belarus,BX.KLT.DINV.WD.GD.ZS,"Foreign direct investment, net inflows (% of GDP)",% of GDP,1993,0.10814083248731,"World Bank World Development Indicators, BX.KLT.DINV.WD.GD.ZS",2026-08-02
BLR,Belarus,BX.KLT.DINV.WD.GD.ZS,"Foreign direct investment, net inflows (% of GDP)",% of GDP,1992,0.0413228260869565,"World Bank World Development Indicators, BX.KLT.DINV.WD.GD.ZS",2026-08-02
RUS,Russian Federation,BX.KLT.DINV.WD.GD.ZS,"Foreign direct investment, net inflows (% of GDP)",% of GDP,2025,0.895273062759947,"World Bank World Development Indicators, BX.KLT.DINV.WD.GD.ZS",2026-08-02
RUS,Russian Federation,BX.KLT.DINV.WD.GD.ZS,"Foreign direct investment, net inflows (% of GDP)",% of GDP,2024,-0.427643327459558,"World Bank World Development Indicators, BX.KLT.DINV.WD.GD.ZS",2026-08-02
RUS,Russian Federation,BX.KLT.DINV.WD.GD.ZS,"Foreign direct investment, net inflows (% of GDP)",% of GDP,2023,-0.490895490828941,"World Bank World Development Indicators, BX.KLT.DINV.WD.GD.ZS",2026-08-02
RUS,Russian Federation,BX.KLT.DINV.WD.GD.ZS,"Foreign direct investment, net inflows (% of GDP)",% of GDP,2022,-1.73614086534944,"World Bank World Development Indicators, BX.KLT.DINV.WD.GD.ZS",2026-08-02
RUS,Russian Federation,BX.KLT.DINV.WD.GD.ZS,"Foreign direct investment, net inflows (% of GDP)",% of GDP,2021,2.21136527873962,"World Bank World Development Indicators, BX.KLT.DINV.WD.GD.ZS",2026-08-02
RUS,Russian Federation,BX.KLT.DINV.WD.GD.ZS,"Foreign direct investment, net inflows (% of GDP)",% of GDP,2020,0.634851184443604,"World Bank World Development Indicators, BX.KLT.DINV.WD.GD.ZS",2026-08-02
RUS,Russian Federation,BX.KLT.DINV.WD.GD.ZS,"Foreign direct investment, net inflows (% of GDP)",% of GDP,2019,1.88851731564914,"World Bank World Development Indicators, BX.KLT.DINV.WD.GD.ZS",2026-08-02
RUS,Russian Federation,BX.KLT.DINV.WD.GD.ZS,"Foreign direct investment, net inflows (% of GDP)",% of GDP,2018,0.530060790633169,"World Bank World Development Indicators, BX.KLT.DINV.WD.GD.ZS",2026-08-02
RUS,Russian Federation,BX.KLT.DINV.WD.GD.ZS,"Foreign direct investment, net inflows (% of GDP)",% of GDP,2017,1.81409297475419,"World Bank World Development Indicators, BX.KLT.DINV.WD.GD.ZS",2026-08-02
RUS,Russian Federation,BX.KLT.DINV.WD.GD.ZS,"Foreign direct investment, net inflows (% of GDP)",% of GDP,2016,2.54849998807899,"World Bank World Development Indicators, BX.KLT.DINV.WD.GD.ZS",2026-08-02
RUS,Russian Federation,BX.KLT.DINV.WD.GD.ZS,"Foreign direct investment, net inflows (% of GDP)",% of GDP,2015,0.502607961400285,"World Bank World Development Indicators, BX.KLT.DINV.WD.GD.ZS",2026-08-02
RUS,Russian Federation,BX.KLT.DINV.WD.GD.ZS,"Foreign direct investment, net inflows (% of GDP)",% of GDP,2014,1.0698764102333,"World Bank World Development Indicators, BX.KLT.DINV.WD.GD.ZS",2026-08-02
RUS,Russian Federation,BX.KLT.DINV.WD.GD.ZS,"Foreign direct investment, net inflows (% of GDP)",% of GDP,2013,3.01940211363344,"World Bank World Development Indicators, BX.KLT.DINV.WD.GD.ZS",2026-08-02
RUS,Russian Federation,BX.KLT.DINV.WD.GD.ZS,"Foreign direct investment, net inflows (% of GDP)",% of GDP,2012,2.29079869889368,"World Bank World Development Indicators, BX.KLT.DINV.WD.GD.ZS",2026-08-02
RUS,Russian Federation,BX.KLT.DINV.WD.GD.ZS,"Foreign direct investment, net inflows (% of GDP)",% of GDP,2011,2.69236118071968,"World Bank World Development Indicators, BX.KLT.DINV.WD.GD.ZS",2026-08-02
RUS,Russian Federation,BX.KLT.DINV.WD.GD.ZS,"Foreign direct investment, net inflows (% of GDP)",% of GDP,2010,2.8308286983175,"World Bank World Development Indicators, BX.KLT.DINV.WD.GD.ZS",2026-08-02
RUS,Russian Federation,BX.KLT.DINV.WD.GD.ZS,"Foreign direct investment, net inflows (% of GDP)",% of GDP,2009,2.99212552042529,"World Bank World Development Indicators, BX.KLT.DINV.WD.GD.ZS",2026-08-02
RUS,Russian Federation,BX.KLT.DINV.WD.GD.ZS,"Foreign direct investment, net inflows (% of GDP)",% of GDP,2008,4.50269424864822,"World Bank World Development Indicators, BX.KLT.DINV.WD.GD.ZS",2026-08-02
RUS,Russian Federation,BX.KLT.DINV.WD.GD.ZS,"Foreign direct investment, net inflows (% of GDP)",% of GDP,2007,4.29895594841933,"World Bank World Development Indicators, BX.KLT.DINV.WD.GD.ZS",2026-08-02
RUS,Russian Federation,BX.KLT.DINV.WD.GD.ZS,"Foreign direct investment, net inflows (% of GDP)",% of GDP,2006,3.7977120943899,"World Bank World Development Indicators, BX.KLT.DINV.WD.GD.ZS",2026-08-02
RUS,Russian Federation,BX.KLT.DINV.WD.GD.ZS,"Foreign direct investment, net inflows (% of GDP)",% of GDP,2005,2.02980703784767,"World Bank World Development Indicators, BX.KLT.DINV.WD.GD.ZS",2026-08-02
RUS,Russian Federation,BX.KLT.DINV.WD.GD.ZS,"Foreign direct investment, net inflows (% of GDP)",% of GDP,2004,2.60618528064118,"World Bank World Development Indicators, BX.KLT.DINV.WD.GD.ZS",2026-08-02
RUS,Russian Federation,BX.KLT.DINV.WD.GD.ZS,"Foreign direct investment, net inflows (% of GDP)",% of GDP,2003,1.84237888462157,"World Bank World Development Indicators, BX.KLT.DINV.WD.GD.ZS",2026-08-02
RUS,Russian Federation,BX.KLT.DINV.WD.GD.ZS,"Foreign direct investment, net inflows (% of GDP)",% of GDP,2002,1.00553594478556,"World Bank World Development Indicators, BX.KLT.DINV.WD.GD.ZS",2026-08-02
RUS,Russian Federation,BX.KLT.DINV.WD.GD.ZS,"Foreign direct investment, net inflows (% of GDP)",% of GDP,2001,0.928663004211825,"World Bank World Development Indicators, BX.KLT.DINV.WD.GD.ZS",2026-08-02
RUS,Russian Federation,BX.KLT.DINV.WD.GD.ZS,"Foreign direct investment, net inflows (% of GDP)",% of GDP,2000,1.03116111575235,"World Bank World Development Indicators, BX.KLT.DINV.WD.GD.ZS",2026-08-02
RUS,Russian Federation,BX.KLT.DINV.WD.GD.ZS,"Foreign direct investment, net inflows (% of GDP)",% of GDP,1999,1.6622825455164,"World Bank World Development Indicators, BX.KLT.DINV.WD.GD.ZS",2026-08-02
RUS,Russian Federation,BX.KLT.DINV.WD.GD.ZS,"Foreign direct investment, net inflows (% of GDP)",% of GDP,1998,1.0191194251039,"World Bank World Development Indicators, BX.KLT.DINV.WD.GD.ZS",2026-08-02
RUS,Russian Federation,BX.KLT.DINV.WD.GD.ZS,"Foreign direct investment, net inflows (% of GDP)",% of GDP,1997,1.20135889262562,"World Bank World Development Indicators, BX.KLT.DINV.WD.GD.ZS",2026-08-02
RUS,Russian Federation,BX.KLT.DINV.WD.GD.ZS,"Foreign direct investment, net inflows (% of GDP)",% of GDP,1996,0.658454456416548,"World Bank World Development Indicators, BX.KLT.DINV.WD.GD.ZS",2026-08-02
RUS,Russian Federation,BX.KLT.DINV.WD.GD.ZS,"Foreign direct investment, net inflows (% of GDP)",% of GDP,1995,0.522256838168622,"World Bank World Development Indicators, BX.KLT.DINV.WD.GD.ZS",2026-08-02
RUS,Russian Federation,BX.KLT.DINV.WD.GD.ZS,"Foreign direct investment, net inflows (% of GDP)",% of GDP,1994,0.174540526074499,"World Bank World Development Indicators, BX.KLT.DINV.WD.GD.ZS",2026-08-02
RUS,Russian Federation,BX.KLT.DINV.WD.GD.ZS,"Foreign direct investment, net inflows (% of GDP)",% of GDP,1993,0.278287134511107,"World Bank World Development Indicators, BX.KLT.DINV.WD.GD.ZS",2026-08-02
RUS,Russian Federation,BX.KLT.DINV.WD.GD.ZS,"Foreign direct investment, net inflows (% of GDP)",% of GDP,1992,0.252231983166754,"World Bank World Development Indicators, BX.KLT.DINV.WD.GD.ZS",2026-08-02
MDA,Moldova,BX.KLT.DINV.WD.GD.ZS,"Foreign direct investment, net inflows (% of GDP)",% of GDP,2025,2.25785505605625,"World Bank World Development Indicators, BX.KLT.DINV.WD.GD.ZS",2026-08-02
MDA,Moldova,BX.KLT.DINV.WD.GD.ZS,"Foreign direct investment, net inflows (% of GDP)",% of GDP,2024,2.51754698286646,"World Bank World Development Indicators, BX.KLT.DINV.WD.GD.ZS",2026-08-02
MDA,Moldova,BX.KLT.DINV.WD.GD.ZS,"Foreign direct investment, net inflows (% of GDP)",% of GDP,2023,2.15951089914844,"World Bank World Development Indicators, BX.KLT.DINV.WD.GD.ZS",2026-08-02
MDA,Moldova,BX.KLT.DINV.WD.GD.ZS,"Foreign direct investment, net inflows (% of GDP)",% of GDP,2022,4.03446735088075,"World Bank World Development Indicators, BX.KLT.DINV.WD.GD.ZS",2026-08-02
MDA,Moldova,BX.KLT.DINV.WD.GD.ZS,"Foreign direct investment, net inflows (% of GDP)",% of GDP,2021,2.8200678267721,"World Bank World Development Indicators, BX.KLT.DINV.WD.GD.ZS",2026-08-02
MDA,Moldova,BX.KLT.DINV.WD.GD.ZS,"Foreign direct investment, net inflows (% of GDP)",% of GDP,2020,1.35047634241375,"World Bank World Development Indicators, BX.KLT.DINV.WD.GD.ZS",2026-08-02
MDA,Moldova,BX.KLT.DINV.WD.GD.ZS,"Foreign direct investment, net inflows (% of GDP)",% of GDP,2019,4.44218297010915,"World Bank World Development Indicators, BX.KLT.DINV.WD.GD.ZS",2026-08-02
MDA,Moldova,BX.KLT.DINV.WD.GD.ZS,"Foreign direct investment, net inflows (% of GDP)",% of GDP,2018,2.75177990255296,"World Bank World Development Indicators, BX.KLT.DINV.WD.GD.ZS",2026-08-02
MDA,Moldova,BX.KLT.DINV.WD.GD.ZS,"Foreign direct investment, net inflows (% of GDP)",% of GDP,2017,1.5715119911375,"World Bank World Development Indicators, BX.KLT.DINV.WD.GD.ZS",2026-08-02
MDA,Moldova,BX.KLT.DINV.WD.GD.ZS,"Foreign direct investment, net inflows (% of GDP)",% of GDP,2016,1.09561343852844,"World Bank World Development Indicators, BX.KLT.DINV.WD.GD.ZS",2026-08-02
MDA,Moldova,BX.KLT.DINV.WD.GD.ZS,"Foreign direct investment, net inflows (% of GDP)",% of GDP,2015,2.89663554883048,"World Bank World Development Indicators, BX.KLT.DINV.WD.GD.ZS",2026-08-02
MDA,Moldova,BX.KLT.DINV.WD.GD.ZS,"Foreign direct investment, net inflows (% of GDP)",% of GDP,2014,3.67896919655633,"World Bank World Development Indicators, BX.KLT.DINV.WD.GD.ZS",2026-08-02
MDA,Moldova,BX.KLT.DINV.WD.GD.ZS,"Foreign direct investment, net inflows (% of GDP)",% of GDP,2013,2.54698521289676,"World Bank World Development Indicators, BX.KLT.DINV.WD.GD.ZS",2026-08-02
MDA,Moldova,BX.KLT.DINV.WD.GD.ZS,"Foreign direct investment, net inflows (% of GDP)",% of GDP,2012,2.88432657387508,"World Bank World Development Indicators, BX.KLT.DINV.WD.GD.ZS",2026-08-02
MDA,Moldova,BX.KLT.DINV.WD.GD.ZS,"Foreign direct investment, net inflows (% of GDP)",% of GDP,2011,4.43147611475958,"World Bank World Development Indicators, BX.KLT.DINV.WD.GD.ZS",2026-08-02
MDA,Moldova,BX.KLT.DINV.WD.GD.ZS,"Foreign direct investment, net inflows (% of GDP)",% of GDP,2010,4.25879212676733,"World Bank World Development Indicators, BX.KLT.DINV.WD.GD.ZS",2026-08-02
MDA,Moldova,BX.KLT.DINV.WD.GD.ZS,"Foreign direct investment, net inflows (% of GDP)",% of GDP,2009,4.85271053589236,"World Bank World Development Indicators, BX.KLT.DINV.WD.GD.ZS",2026-08-02
MDA,Moldova,BX.KLT.DINV.WD.GD.ZS,"Foreign direct investment, net inflows (% of GDP)",% of GDP,2008,12.0005134783383,"World Bank World Development Indicators, BX.KLT.DINV.WD.GD.ZS",2026-08-02
MDA,Moldova,BX.KLT.DINV.WD.GD.ZS,"Foreign direct investment, net inflows (% of GDP)",% of GDP,2007,12.1790254892383,"World Bank World Development Indicators, BX.KLT.DINV.WD.GD.ZS",2026-08-02
MDA,Moldova,BX.KLT.DINV.WD.GD.ZS,"Foreign direct investment, net inflows (% of GDP)",% of GDP,2006,7.58980668418465,"World Bank World Development Indicators, BX.KLT.DINV.WD.GD.ZS",2026-08-02
MDA,Moldova,BX.KLT.DINV.WD.GD.ZS,"Foreign direct investment, net inflows (% of GDP)",% of GDP,2005,6.38146310288962,"World Bank World Development Indicators, BX.KLT.DINV.WD.GD.ZS",2026-08-02
MDA,Moldova,BX.KLT.DINV.WD.GD.ZS,"Foreign direct investment, net inflows (% of GDP)",% of GDP,2004,5.81198983204296,"World Bank World Development Indicators, BX.KLT.DINV.WD.GD.ZS",2026-08-02
MDA,Moldova,BX.KLT.DINV.WD.GD.ZS,"Foreign direct investment, net inflows (% of GDP)",% of GDP,2003,3.72304120351932,"World Bank World Development Indicators, BX.KLT.DINV.WD.GD.ZS",2026-08-02
MDA,Moldova,BX.KLT.DINV.WD.GD.ZS,"Foreign direct investment, net inflows (% of GDP)",% of GDP,2002,5.05771338869042,"World Bank World Development Indicators, BX.KLT.DINV.WD.GD.ZS",2026-08-02
MDA,Moldova,BX.KLT.DINV.WD.GD.ZS,"Foreign direct investment, net inflows (% of GDP)",% of GDP,2001,6.98600963880541,"World Bank World Development Indicators, BX.KLT.DINV.WD.GD.ZS",2026-08-02
MDA,Moldova,BX.KLT.DINV.WD.GD.ZS,"Foreign direct investment, net inflows (% of GDP)",% of GDP,2000,9.89887383909094,"World Bank World Development Indicators, BX.KLT.DINV.WD.GD.ZS",2026-08-02
MDA,Moldova,BX.KLT.DINV.WD.GD.ZS,"Foreign direct investment, net inflows (% of GDP)",% of GDP,1999,3.23458756906799,"World Bank World Development Indicators, BX.KLT.DINV.WD.GD.ZS",2026-08-02
MDA,Moldova,BX.KLT.DINV.WD.GD.ZS,"Foreign direct investment, net inflows (% of GDP)",% of GDP,1998,4.44511814313197,"World Bank World Development Indicators, BX.KLT.DINV.WD.GD.ZS",2026-08-02
MDA,Moldova,BX.KLT.DINV.WD.GD.ZS,"Foreign direct investment, net inflows (% of GDP)",% of GDP,1997,4.07962117197816,"World Bank World Development Indicators, BX.KLT.DINV.WD.GD.ZS",2026-08-02
MDA,Moldova,BX.KLT.DINV.WD.GD.ZS,"Foreign direct investment, net inflows (% of GDP)",% of GDP,1996,1.40048902464642,"World Bank World Development Indicators, BX.KLT.DINV.WD.GD.ZS",2026-08-02
MDA,Moldova,BX.KLT.DINV.WD.GD.ZS,"Foreign direct investment, net inflows (% of GDP)",% of GDP,1995,3.8168867101408,"World Bank World Development Indicators, BX.KLT.DINV.WD.GD.ZS",2026-08-02
MDA,Moldova,BX.KLT.DINV.WD.GD.ZS,"Foreign direct investment, net inflows (% of GDP)",% of GDP,1994,0.67954549992515,"World Bank World Development Indicators, BX.KLT.DINV.WD.GD.ZS",2026-08-02
MDA,Moldova,BX.KLT.DINV.WD.GD.ZS,"Foreign direct investment, net inflows (% of GDP)",% of GDP,1993,0.590265678198792,"World Bank World Development Indicators, BX.KLT.DINV.WD.GD.ZS",2026-08-02
MDA,Moldova,BX.KLT.DINV.WD.GD.ZS,"Foreign direct investment, net inflows (% of GDP)",% of GDP,1992,0.732997655028661,"World Bank World Development Indicators, BX.KLT.DINV.WD.GD.ZS",2026-08-02
TUR,Turkey,ST.INT.ARVL,"International tourism, number of arrivals",count,2020,15971000,"World Bank World Development Indicators, ST.INT.ARVL",2026-08-02
TUR,Turkey,ST.INT.ARVL,"International tourism, number of arrivals",count,2019,51747000,"World Bank World Development Indicators, ST.INT.ARVL",2026-08-02
TUR,Turkey,ST.INT.ARVL,"International tourism, number of arrivals",count,2018,46113000,"World Bank World Development Indicators, ST.INT.ARVL",2026-08-02
TUR,Turkey,ST.INT.ARVL,"International tourism, number of arrivals",count,2017,37970000,"World Bank World Development Indicators, ST.INT.ARVL",2026-08-02
TUR,Turkey,ST.INT.ARVL,"International tourism, number of arrivals",count,2016,30907000,"World Bank World Development Indicators, ST.INT.ARVL",2026-08-02
TUR,Turkey,ST.INT.ARVL,"International tourism, number of arrivals",count,2015,41114000,"World Bank World Development Indicators, ST.INT.ARVL",2026-08-02
TUR,Turkey,ST.INT.ARVL,"International tourism, number of arrivals",count,2014,41627000,"World Bank World Development Indicators, ST.INT.ARVL",2026-08-02
TUR,Turkey,ST.INT.ARVL,"International tourism, number of arrivals",count,2013,39861000,"World Bank World Development Indicators, ST.INT.ARVL",2026-08-02
TUR,Turkey,ST.INT.ARVL,"International tourism, number of arrivals",count,2012,37715000,"World Bank World Development Indicators, ST.INT.ARVL",2026-08-02
TUR,Turkey,ST.INT.ARVL,"International tourism, number of arrivals",count,2011,36769000,"World Bank World Development Indicators, ST.INT.ARVL",2026-08-02
TUR,Turkey,ST.INT.ARVL,"International tourism, number of arrivals",count,2010,32997000,"World Bank World Development Indicators, ST.INT.ARVL",2026-08-02
TUR,Turkey,ST.INT.ARVL,"International tourism, number of arrivals",count,2009,31760000,"World Bank World Development Indicators, ST.INT.ARVL",2026-08-02
TUR,Turkey,ST.INT.ARVL,"International tourism, number of arrivals",count,2008,31138000,"World Bank World Development Indicators, ST.INT.ARVL",2026-08-02
TUR,Turkey,ST.INT.ARVL,"International tourism, number of arrivals",count,2007,27215000,"World Bank World Development Indicators, ST.INT.ARVL",2026-08-02
TUR,Turkey,ST.INT.ARVL,"International tourism, number of arrivals",count,2006,19820000,"World Bank World Development Indicators, ST.INT.ARVL",2026-08-02
TUR,Turkey,ST.INT.ARVL,"International tourism, number of arrivals",count,2005,21125000,"World Bank World Development Indicators, ST.INT.ARVL",2026-08-02
TUR,Turkey,ST.INT.ARVL,"International tourism, number of arrivals",count,2004,17517000,"World Bank World Development Indicators, ST.INT.ARVL",2026-08-02
TUR,Turkey,ST.INT.ARVL,"International tourism, number of arrivals",count,2003,14030000,"World Bank World Development Indicators, ST.INT.ARVL",2026-08-02
TUR,Turkey,ST.INT.ARVL,"International tourism, number of arrivals",count,2002,13256000,"World Bank World Development Indicators, ST.INT.ARVL",2026-08-02
TUR,Turkey,ST.INT.ARVL,"International tourism, number of arrivals",count,2001,11619000,"World Bank World Development Indicators, ST.INT.ARVL",2026-08-02
TUR,Turkey,ST.INT.ARVL,"International tourism, number of arrivals",count,2000,10428000,"World Bank World Development Indicators, ST.INT.ARVL",2026-08-02
TUR,Turkey,ST.INT.ARVL,"International tourism, number of arrivals",count,1999,7487000,"World Bank World Development Indicators, ST.INT.ARVL",2026-08-02
TUR,Turkey,ST.INT.ARVL,"International tourism, number of arrivals",count,1998,9753000,"World Bank World Development Indicators, ST.INT.ARVL",2026-08-02
TUR,Turkey,ST.INT.ARVL,"International tourism, number of arrivals",count,1997,9689000,"World Bank World Development Indicators, ST.INT.ARVL",2026-08-02
TUR,Turkey,ST.INT.ARVL,"International tourism, number of arrivals",count,1996,8614000,"World Bank World Development Indicators, ST.INT.ARVL",2026-08-02
TUR,Turkey,ST.INT.ARVL,"International tourism, number of arrivals",count,1995,7727000,"World Bank World Development Indicators, ST.INT.ARVL",2026-08-02
UKR,Ukraine,ST.INT.ARVL,"International tourism, number of arrivals",count,2020,3382000,"World Bank World Development Indicators, ST.INT.ARVL",2026-08-02
UKR,Ukraine,ST.INT.ARVL,"International tourism, number of arrivals",count,2019,13710000,"World Bank World Development Indicators, ST.INT.ARVL",2026-08-02
UKR,Ukraine,ST.INT.ARVL,"International tourism, number of arrivals",count,2018,14342000,"World Bank World Development Indicators, ST.INT.ARVL",2026-08-02
UKR,Ukraine,ST.INT.ARVL,"International tourism, number of arrivals",count,2017,14579000,"World Bank World Development Indicators, ST.INT.ARVL",2026-08-02
UKR,Ukraine,ST.INT.ARVL,"International tourism, number of arrivals",count,2016,13734000,"World Bank World Development Indicators, ST.INT.ARVL",2026-08-02
UKR,Ukraine,ST.INT.ARVL,"International tourism, number of arrivals",count,2015,13025000,"World Bank World Development Indicators, ST.INT.ARVL",2026-08-02
UKR,Ukraine,ST.INT.ARVL,"International tourism, number of arrivals",count,2014,13227000,"World Bank World Development Indicators, ST.INT.ARVL",2026-08-02
UKR,Ukraine,ST.INT.ARVL,"International tourism, number of arrivals",count,2013,26025000,"World Bank World Development Indicators, ST.INT.ARVL",2026-08-02
UKR,Ukraine,ST.INT.ARVL,"International tourism, number of arrivals",count,2012,25061000,"World Bank World Development Indicators, ST.INT.ARVL",2026-08-02
UKR,Ukraine,ST.INT.ARVL,"International tourism, number of arrivals",count,2011,24535000,"World Bank World Development Indicators, ST.INT.ARVL",2026-08-02
UKR,Ukraine,ST.INT.ARVL,"International tourism, number of arrivals",count,2010,24114000,"World Bank World Development Indicators, ST.INT.ARVL",2026-08-02
UKR,Ukraine,ST.INT.ARVL,"International tourism, number of arrivals",count,2009,24033000,"World Bank World Development Indicators, ST.INT.ARVL",2026-08-02
UKR,Ukraine,ST.INT.ARVL,"International tourism, number of arrivals",count,2008,28827000,"World Bank World Development Indicators, ST.INT.ARVL",2026-08-02
UKR,Ukraine,ST.INT.ARVL,"International tourism, number of arrivals",count,2007,26162000,"World Bank World Development Indicators, ST.INT.ARVL",2026-08-02
UKR,Ukraine,ST.INT.ARVL,"International tourism, number of arrivals",count,2006,21714000,"World Bank World Development Indicators, ST.INT.ARVL",2026-08-02
UKR,Ukraine,ST.INT.ARVL,"International tourism, number of arrivals",count,2005,20489000,"World Bank World Development Indicators, ST.INT.ARVL",2026-08-02
UKR,Ukraine,ST.INT.ARVL,"International tourism, number of arrivals",count,2004,18583000,"World Bank World Development Indicators, ST.INT.ARVL",2026-08-02
UKR,Ukraine,ST.INT.ARVL,"International tourism, number of arrivals",count,2003,15161000,"World Bank World Development Indicators, ST.INT.ARVL",2026-08-02
UKR,Ukraine,ST.INT.ARVL,"International tourism, number of arrivals",count,2002,12793000,"World Bank World Development Indicators, ST.INT.ARVL",2026-08-02
UKR,Ukraine,ST.INT.ARVL,"International tourism, number of arrivals",count,2001,11877000,"World Bank World Development Indicators, ST.INT.ARVL",2026-08-02
UKR,Ukraine,ST.INT.ARVL,"International tourism, number of arrivals",count,2000,11691000,"World Bank World Development Indicators, ST.INT.ARVL",2026-08-02
UKR,Ukraine,ST.INT.ARVL,"International tourism, number of arrivals",count,1999,10990000,"World Bank World Development Indicators, ST.INT.ARVL",2026-08-02
UKR,Ukraine,ST.INT.ARVL,"International tourism, number of arrivals",count,1998,12003000,"World Bank World Development Indicators, ST.INT.ARVL",2026-08-02
UKR,Ukraine,ST.INT.ARVL,"International tourism, number of arrivals",count,1997,14743000,"World Bank World Development Indicators, ST.INT.ARVL",2026-08-02
UKR,Ukraine,ST.INT.ARVL,"International tourism, number of arrivals",count,1996,6750000,"World Bank World Development Indicators, ST.INT.ARVL",2026-08-02
UKR,Ukraine,ST.INT.ARVL,"International tourism, number of arrivals",count,1995,6127000,"World Bank World Development Indicators, ST.INT.ARVL",2026-08-02
BLR,Belarus,ST.INT.ARVL,"International tourism, number of arrivals",count,2020,3598000,"World Bank World Development Indicators, ST.INT.ARVL",2026-08-02
BLR,Belarus,ST.INT.ARVL,"International tourism, number of arrivals",count,2019,11832000,"World Bank World Development Indicators, ST.INT.ARVL",2026-08-02
BLR,Belarus,ST.INT.ARVL,"International tourism, number of arrivals",count,2018,11502000,"World Bank World Development Indicators, ST.INT.ARVL",2026-08-02
BLR,Belarus,ST.INT.ARVL,"International tourism, number of arrivals",count,2017,11060000,"World Bank World Development Indicators, ST.INT.ARVL",2026-08-02
BLR,Belarus,ST.INT.ARVL,"International tourism, number of arrivals",count,2016,10935000,"World Bank World Development Indicators, ST.INT.ARVL",2026-08-02
BLR,Belarus,ST.INT.ARVL,"International tourism, number of arrivals",count,2015,4386000,"World Bank World Development Indicators, ST.INT.ARVL",2026-08-02
BLR,Belarus,ST.INT.ARVL,"International tourism, number of arrivals",count,2014,5375000,"World Bank World Development Indicators, ST.INT.ARVL",2026-08-02
BLR,Belarus,ST.INT.ARVL,"International tourism, number of arrivals",count,2013,6242000,"World Bank World Development Indicators, ST.INT.ARVL",2026-08-02
BLR,Belarus,ST.INT.ARVL,"International tourism, number of arrivals",count,2012,6130000,"World Bank World Development Indicators, ST.INT.ARVL",2026-08-02
BLR,Belarus,ST.INT.ARVL,"International tourism, number of arrivals",count,2011,5877000,"World Bank World Development Indicators, ST.INT.ARVL",2026-08-02
BLR,Belarus,ST.INT.ARVL,"International tourism, number of arrivals",count,2010,5674000,"World Bank World Development Indicators, ST.INT.ARVL",2026-08-02
BLR,Belarus,ST.INT.ARVL,"International tourism, number of arrivals",count,2009,4872000,"World Bank World Development Indicators, ST.INT.ARVL",2026-08-02
BLR,Belarus,ST.INT.ARVL,"International tourism, number of arrivals",count,2008,5262000,"World Bank World Development Indicators, ST.INT.ARVL",2026-08-02
BLR,Belarus,ST.INT.ARVL,"International tourism, number of arrivals",count,2007,5283000,"World Bank World Development Indicators, ST.INT.ARVL",2026-08-02
BLR,Belarus,ST.INT.ARVL,"International tourism, number of arrivals",count,2006,5276000,"World Bank World Development Indicators, ST.INT.ARVL",2026-08-02
BLR,Belarus,ST.INT.ARVL,"International tourism, number of arrivals",count,2005,4738000,"World Bank World Development Indicators, ST.INT.ARVL",2026-08-02
BLR,Belarus,ST.INT.ARVL,"International tourism, number of arrivals",count,2004,1816000,"World Bank World Development Indicators, ST.INT.ARVL",2026-08-02
BLR,Belarus,ST.INT.ARVL,"International tourism, number of arrivals",count,2003,1729000,"World Bank World Development Indicators, ST.INT.ARVL",2026-08-02
BLR,Belarus,ST.INT.ARVL,"International tourism, number of arrivals",count,2002,1907000,"World Bank World Development Indicators, ST.INT.ARVL",2026-08-02
BLR,Belarus,ST.INT.ARVL,"International tourism, number of arrivals",count,2001,1852000,"World Bank World Development Indicators, ST.INT.ARVL",2026-08-02
BLR,Belarus,ST.INT.ARVL,"International tourism, number of arrivals",count,2000,2030000,"World Bank World Development Indicators, ST.INT.ARVL",2026-08-02
RUS,Russian Federation,ST.INT.ARVL,"International tourism, number of arrivals",count,2020,6359000,"World Bank World Development Indicators, ST.INT.ARVL",2026-08-02
RUS,Russian Federation,ST.INT.ARVL,"International tourism, number of arrivals",count,2019,24419000,"World Bank World Development Indicators, ST.INT.ARVL",2026-08-02
RUS,Russian Federation,ST.INT.ARVL,"International tourism, number of arrivals",count,2018,24551000,"World Bank World Development Indicators, ST.INT.ARVL",2026-08-02
RUS,Russian Federation,ST.INT.ARVL,"International tourism, number of arrivals",count,2017,24390000,"World Bank World Development Indicators, ST.INT.ARVL",2026-08-02
RUS,Russian Federation,ST.INT.ARVL,"International tourism, number of arrivals",count,2016,24571000,"World Bank World Development Indicators, ST.INT.ARVL",2026-08-02
RUS,Russian Federation,ST.INT.ARVL,"International tourism, number of arrivals",count,2015,33729000,"World Bank World Development Indicators, ST.INT.ARVL",2026-08-02
RUS,Russian Federation,ST.INT.ARVL,"International tourism, number of arrivals",count,2014,32421000,"World Bank World Development Indicators, ST.INT.ARVL",2026-08-02
RUS,Russian Federation,ST.INT.ARVL,"International tourism, number of arrivals",count,2013,30792000,"World Bank World Development Indicators, ST.INT.ARVL",2026-08-02
RUS,Russian Federation,ST.INT.ARVL,"International tourism, number of arrivals",count,2012,28177000,"World Bank World Development Indicators, ST.INT.ARVL",2026-08-02
RUS,Russian Federation,ST.INT.ARVL,"International tourism, number of arrivals",count,2011,24932000,"World Bank World Development Indicators, ST.INT.ARVL",2026-08-02
RUS,Russian Federation,ST.INT.ARVL,"International tourism, number of arrivals",count,2010,22281000,"World Bank World Development Indicators, ST.INT.ARVL",2026-08-02
RUS,Russian Federation,ST.INT.ARVL,"International tourism, number of arrivals",count,2009,21339000,"World Bank World Development Indicators, ST.INT.ARVL",2026-08-02
RUS,Russian Federation,ST.INT.ARVL,"International tourism, number of arrivals",count,2008,23676000,"World Bank World Development Indicators, ST.INT.ARVL",2026-08-02
RUS,Russian Federation,ST.INT.ARVL,"International tourism, number of arrivals",count,2007,22909000,"World Bank World Development Indicators, ST.INT.ARVL",2026-08-02
RUS,Russian Federation,ST.INT.ARVL,"International tourism, number of arrivals",count,2006,22486000,"World Bank World Development Indicators, ST.INT.ARVL",2026-08-02
RUS,Russian Federation,ST.INT.ARVL,"International tourism, number of arrivals",count,2005,22201000,"World Bank World Development Indicators, ST.INT.ARVL",2026-08-02
RUS,Russian Federation,ST.INT.ARVL,"International tourism, number of arrivals",count,2004,22064000,"World Bank World Development Indicators, ST.INT.ARVL",2026-08-02
RUS,Russian Federation,ST.INT.ARVL,"International tourism, number of arrivals",count,2003,22521000,"World Bank World Development Indicators, ST.INT.ARVL",2026-08-02
RUS,Russian Federation,ST.INT.ARVL,"International tourism, number of arrivals",count,2002,23309000,"World Bank World Development Indicators, ST.INT.ARVL",2026-08-02
RUS,Russian Federation,ST.INT.ARVL,"International tourism, number of arrivals",count,2001,21595000,"World Bank World Development Indicators, ST.INT.ARVL",2026-08-02
RUS,Russian Federation,ST.INT.ARVL,"International tourism, number of arrivals",count,2000,21169000,"World Bank World Development Indicators, ST.INT.ARVL",2026-08-02
RUS,Russian Federation,ST.INT.ARVL,"International tourism, number of arrivals",count,1999,18820000,"World Bank World Development Indicators, ST.INT.ARVL",2026-08-02
RUS,Russian Federation,ST.INT.ARVL,"International tourism, number of arrivals",count,1998,16188000,"World Bank World Development Indicators, ST.INT.ARVL",2026-08-02
RUS,Russian Federation,ST.INT.ARVL,"International tourism, number of arrivals",count,1997,17463000,"World Bank World Development Indicators, ST.INT.ARVL",2026-08-02
RUS,Russian Federation,ST.INT.ARVL,"International tourism, number of arrivals",count,1996,16208000,"World Bank World Development Indicators, ST.INT.ARVL",2026-08-02
RUS,Russian Federation,ST.INT.ARVL,"International tourism, number of arrivals",count,1995,10290000,"World Bank World Development Indicators, ST.INT.ARVL",2026-08-02
MDA,Moldova,ST.INT.ARVL,"International tourism, number of arrivals",count,2020,29000,"World Bank World Development Indicators, ST.INT.ARVL",2026-08-02
MDA,Moldova,ST.INT.ARVL,"International tourism, number of arrivals",count,2019,174000,"World Bank World Development Indicators, ST.INT.ARVL",2026-08-02
MDA,Moldova,ST.INT.ARVL,"International tourism, number of arrivals",count,2018,160000,"World Bank World Development Indicators, ST.INT.ARVL",2026-08-02
MDA,Moldova,ST.INT.ARVL,"International tourism, number of arrivals",count,2017,145000,"World Bank World Development Indicators, ST.INT.ARVL",2026-08-02
MDA,Moldova,ST.INT.ARVL,"International tourism, number of arrivals",count,2016,121000,"World Bank World Development Indicators, ST.INT.ARVL",2026-08-02
MDA,Moldova,ST.INT.ARVL,"International tourism, number of arrivals",count,2015,94400.0015258789,"World Bank World Development Indicators, ST.INT.ARVL",2026-08-02
MDA,Moldova,ST.INT.ARVL,"International tourism, number of arrivals",count,2014,93900.0015258789,"World Bank World Development Indicators, ST.INT.ARVL",2026-08-02
MDA,Moldova,ST.INT.ARVL,"International tourism, number of arrivals",count,2013,95599.9984741211,"World Bank World Development Indicators, ST.INT.ARVL",2026-08-02
MDA,Moldova,ST.INT.ARVL,"International tourism, number of arrivals",count,2012,89000,"World Bank World Development Indicators, ST.INT.ARVL",2026-08-02
MDA,Moldova,ST.INT.ARVL,"International tourism, number of arrivals",count,2011,75000,"World Bank World Development Indicators, ST.INT.ARVL",2026-08-02
MDA,Moldova,ST.INT.ARVL,"International tourism, number of arrivals",count,2010,64000,"World Bank World Development Indicators, ST.INT.ARVL",2026-08-02
MDA,Moldova,ST.INT.ARVL,"International tourism, number of arrivals",count,2009,60000,"World Bank World Development Indicators, ST.INT.ARVL",2026-08-02
MDA,Moldova,ST.INT.ARVL,"International tourism, number of arrivals",count,2008,73000,"World Bank World Development Indicators, ST.INT.ARVL",2026-08-02
MDA,Moldova,ST.INT.ARVL,"International tourism, number of arrivals",count,2007,70000,"World Bank World Development Indicators, ST.INT.ARVL",2026-08-02
MDA,Moldova,ST.INT.ARVL,"International tourism, number of arrivals",count,2006,63000,"World Bank World Development Indicators, ST.INT.ARVL",2026-08-02
MDA,Moldova,ST.INT.ARVL,"International tourism, number of arrivals",count,2005,67000,"World Bank World Development Indicators, ST.INT.ARVL",2026-08-02
MDA,Moldova,ST.INT.ARVL,"International tourism, number of arrivals",count,2004,69000,"World Bank World Development Indicators, ST.INT.ARVL",2026-08-02
MDA,Moldova,ST.INT.ARVL,"International tourism, number of arrivals",count,2003,21000,"World Bank World Development Indicators, ST.INT.ARVL",2026-08-02
MDA,Moldova,ST.INT.ARVL,"International tourism, number of arrivals",count,2002,18000,"World Bank World Development Indicators, ST.INT.ARVL",2026-08-02
MDA,Moldova,ST.INT.ARVL,"International tourism, number of arrivals",count,2001,16000,"World Bank World Development Indicators, ST.INT.ARVL",2026-08-02
MDA,Moldova,ST.INT.ARVL,"International tourism, number of arrivals",count,2000,18000,"World Bank World Development Indicators, ST.INT.ARVL",2026-08-02
MDA,Moldova,ST.INT.ARVL,"International tourism, number of arrivals",count,1999,14000,"World Bank World Development Indicators, ST.INT.ARVL",2026-08-02
MDA,Moldova,ST.INT.ARVL,"International tourism, number of arrivals",count,1998,19000,"World Bank World Development Indicators, ST.INT.ARVL",2026-08-02
MDA,Moldova,ST.INT.ARVL,"International tourism, number of arrivals",count,1997,21000,"World Bank World Development Indicators, ST.INT.ARVL",2026-08-02
MDA,Moldova,ST.INT.ARVL,"International tourism, number of arrivals",count,1996,29000,"World Bank World Development Indicators, ST.INT.ARVL",2026-08-02
MDA,Moldova,ST.INT.ARVL,"International tourism, number of arrivals",count,1995,32000,"World Bank World Development Indicators, ST.INT.ARVL",2026-08-02
TUR,Turkey,SM.POP.NETM,Net migration,count,2025,-258205,"World Bank World Development Indicators, SM.POP.NETM",2026-08-02
TUR,Turkey,SM.POP.NETM,Net migration,count,2024,-275952,"World Bank World Development Indicators, SM.POP.NETM",2026-08-02
TUR,Turkey,SM.POP.NETM,Net migration,count,2023,-318070,"World Bank World Development Indicators, SM.POP.NETM",2026-08-02
TUR,Turkey,SM.POP.NETM,Net migration,count,2022,-301544,"World Bank World Development Indicators, SM.POP.NETM",2026-08-02
TUR,Turkey,SM.POP.NETM,Net migration,count,2021,20283,"World Bank World Development Indicators, SM.POP.NETM",2026-08-02
TUR,Turkey,SM.POP.NETM,Net migration,count,2020,37934,"World Bank World Development Indicators, SM.POP.NETM",2026-08-02
TUR,Turkey,SM.POP.NETM,Net migration,count,2019,-15690,"World Bank World Development Indicators, SM.POP.NETM",2026-08-02
TUR,Turkey,SM.POP.NETM,Net migration,count,2018,187570,"World Bank World Development Indicators, SM.POP.NETM",2026-08-02
TUR,Turkey,SM.POP.NETM,Net migration,count,2017,659846,"World Bank World Development Indicators, SM.POP.NETM",2026-08-02
TUR,Turkey,SM.POP.NETM,Net migration,count,2016,352063,"World Bank World Development Indicators, SM.POP.NETM",2026-08-02
TUR,Turkey,SM.POP.NETM,Net migration,count,2015,1063140,"World Bank World Development Indicators, SM.POP.NETM",2026-08-02
TUR,Turkey,SM.POP.NETM,Net migration,count,2014,1033384,"World Bank World Development Indicators, SM.POP.NETM",2026-08-02
TUR,Turkey,SM.POP.NETM,Net migration,count,2013,438618,"World Bank World Development Indicators, SM.POP.NETM",2026-08-02
TUR,Turkey,SM.POP.NETM,Net migration,count,2012,258623,"World Bank World Development Indicators, SM.POP.NETM",2026-08-02
TUR,Turkey,SM.POP.NETM,Net migration,count,2011,68849,"World Bank World Development Indicators, SM.POP.NETM",2026-08-02
TUR,Turkey,SM.POP.NETM,Net migration,count,2010,55532,"World Bank World Development Indicators, SM.POP.NETM",2026-08-02
TUR,Turkey,SM.POP.NETM,Net migration,count,2009,24276,"World Bank World Development Indicators, SM.POP.NETM",2026-08-02
TUR,Turkey,SM.POP.NETM,Net migration,count,2008,47915,"World Bank World Development Indicators, SM.POP.NETM",2026-08-02
TUR,Turkey,SM.POP.NETM,Net migration,count,2007,-186402,"World Bank World Development Indicators, SM.POP.NETM",2026-08-02
TUR,Turkey,SM.POP.NETM,Net migration,count,2006,-190194,"World Bank World Development Indicators, SM.POP.NETM",2026-08-02
TUR,Turkey,SM.POP.NETM,Net migration,count,2005,-174177,"World Bank World Development Indicators, SM.POP.NETM",2026-08-02
TUR,Turkey,SM.POP.NETM,Net migration,count,2004,-146574,"World Bank World Development Indicators, SM.POP.NETM",2026-08-02
TUR,Turkey,SM.POP.NETM,Net migration,count,2003,-121383,"World Bank World Development Indicators, SM.POP.NETM",2026-08-02
TUR,Turkey,SM.POP.NETM,Net migration,count,2002,-129444,"World Bank World Development Indicators, SM.POP.NETM",2026-08-02
TUR,Turkey,SM.POP.NETM,Net migration,count,2001,-166759,"World Bank World Development Indicators, SM.POP.NETM",2026-08-02
TUR,Turkey,SM.POP.NETM,Net migration,count,2000,-195996,"World Bank World Development Indicators, SM.POP.NETM",2026-08-02
TUR,Turkey,SM.POP.NETM,Net migration,count,1999,-219778,"World Bank World Development Indicators, SM.POP.NETM",2026-08-02
TUR,Turkey,SM.POP.NETM,Net migration,count,1998,-231744,"World Bank World Development Indicators, SM.POP.NETM",2026-08-02
TUR,Turkey,SM.POP.NETM,Net migration,count,1997,-208465,"World Bank World Development Indicators, SM.POP.NETM",2026-08-02
TUR,Turkey,SM.POP.NETM,Net migration,count,1996,-179423,"World Bank World Development Indicators, SM.POP.NETM",2026-08-02
TUR,Turkey,SM.POP.NETM,Net migration,count,1995,-149737,"World Bank World Development Indicators, SM.POP.NETM",2026-08-02
TUR,Turkey,SM.POP.NETM,Net migration,count,1994,-37762,"World Bank World Development Indicators, SM.POP.NETM",2026-08-02
TUR,Turkey,SM.POP.NETM,Net migration,count,1993,-35245,"World Bank World Development Indicators, SM.POP.NETM",2026-08-02
TUR,Turkey,SM.POP.NETM,Net migration,count,1992,-49923,"World Bank World Development Indicators, SM.POP.NETM",2026-08-02
TUR,Turkey,SM.POP.NETM,Net migration,count,1991,-69982,"World Bank World Development Indicators, SM.POP.NETM",2026-08-02
TUR,Turkey,SM.POP.NETM,Net migration,count,1990,-27193,"World Bank World Development Indicators, SM.POP.NETM",2026-08-02
TUR,Turkey,SM.POP.NETM,Net migration,count,1989,-33519,"World Bank World Development Indicators, SM.POP.NETM",2026-08-02
TUR,Turkey,SM.POP.NETM,Net migration,count,1988,-27659,"World Bank World Development Indicators, SM.POP.NETM",2026-08-02
TUR,Turkey,SM.POP.NETM,Net migration,count,1987,-40772,"World Bank World Development Indicators, SM.POP.NETM",2026-08-02
TUR,Turkey,SM.POP.NETM,Net migration,count,1986,-29134,"World Bank World Development Indicators, SM.POP.NETM",2026-08-02
TUR,Turkey,SM.POP.NETM,Net migration,count,1985,8960,"World Bank World Development Indicators, SM.POP.NETM",2026-08-02
TUR,Turkey,SM.POP.NETM,Net migration,count,1984,21787,"World Bank World Development Indicators, SM.POP.NETM",2026-08-02
TUR,Turkey,SM.POP.NETM,Net migration,count,1983,39871,"World Bank World Development Indicators, SM.POP.NETM",2026-08-02
TUR,Turkey,SM.POP.NETM,Net migration,count,1982,23728,"World Bank World Development Indicators, SM.POP.NETM",2026-08-02
TUR,Turkey,SM.POP.NETM,Net migration,count,1981,-213889,"World Bank World Development Indicators, SM.POP.NETM",2026-08-02
TUR,Turkey,SM.POP.NETM,Net migration,count,1980,-151969,"World Bank World Development Indicators, SM.POP.NETM",2026-08-02
TUR,Turkey,SM.POP.NETM,Net migration,count,1979,-218509,"World Bank World Development Indicators, SM.POP.NETM",2026-08-02
TUR,Turkey,SM.POP.NETM,Net migration,count,1978,-182818,"World Bank World Development Indicators, SM.POP.NETM",2026-08-02
TUR,Turkey,SM.POP.NETM,Net migration,count,1977,-151825,"World Bank World Development Indicators, SM.POP.NETM",2026-08-02
TUR,Turkey,SM.POP.NETM,Net migration,count,1976,-135377,"World Bank World Development Indicators, SM.POP.NETM",2026-08-02
TUR,Turkey,SM.POP.NETM,Net migration,count,1975,-193829,"World Bank World Development Indicators, SM.POP.NETM",2026-08-02
TUR,Turkey,SM.POP.NETM,Net migration,count,1974,-153311,"World Bank World Development Indicators, SM.POP.NETM",2026-08-02
TUR,Turkey,SM.POP.NETM,Net migration,count,1973,-130985,"World Bank World Development Indicators, SM.POP.NETM",2026-08-02
TUR,Turkey,SM.POP.NETM,Net migration,count,1972,-119850,"World Bank World Development Indicators, SM.POP.NETM",2026-08-02
TUR,Turkey,SM.POP.NETM,Net migration,count,1971,-94891,"World Bank World Development Indicators, SM.POP.NETM",2026-08-02
TUR,Turkey,SM.POP.NETM,Net migration,count,1970,-150924,"World Bank World Development Indicators, SM.POP.NETM",2026-08-02
TUR,Turkey,SM.POP.NETM,Net migration,count,1969,-110578,"World Bank World Development Indicators, SM.POP.NETM",2026-08-02
TUR,Turkey,SM.POP.NETM,Net migration,count,1968,-78973,"World Bank World Development Indicators, SM.POP.NETM",2026-08-02
TUR,Turkey,SM.POP.NETM,Net migration,count,1967,-65993,"World Bank World Development Indicators, SM.POP.NETM",2026-08-02
TUR,Turkey,SM.POP.NETM,Net migration,count,1966,-50999,"World Bank World Development Indicators, SM.POP.NETM",2026-08-02
TUR,Turkey,SM.POP.NETM,Net migration,count,1965,-113911,"World Bank World Development Indicators, SM.POP.NETM",2026-08-02
TUR,Turkey,SM.POP.NETM,Net migration,count,1964,-69978,"World Bank World Development Indicators, SM.POP.NETM",2026-08-02
TUR,Turkey,SM.POP.NETM,Net migration,count,1963,-44317,"World Bank World Development Indicators, SM.POP.NETM",2026-08-02
TUR,Turkey,SM.POP.NETM,Net migration,count,1962,-34353,"World Bank World Development Indicators, SM.POP.NETM",2026-08-02
TUR,Turkey,SM.POP.NETM,Net migration,count,1961,-26187,"World Bank World Development Indicators, SM.POP.NETM",2026-08-02
TUR,Turkey,SM.POP.NETM,Net migration,count,1960,14948,"World Bank World Development Indicators, SM.POP.NETM",2026-08-02
UKR,Ukraine,SM.POP.NETM,Net migration,count,2025,1702358,"World Bank World Development Indicators, SM.POP.NETM",2026-08-02
UKR,Ukraine,SM.POP.NETM,Net migration,count,2024,1146012,"World Bank World Development Indicators, SM.POP.NETM",2026-08-02
UKR,Ukraine,SM.POP.NETM,Net migration,count,2023,-299961,"World Bank World Development Indicators, SM.POP.NETM",2026-08-02
UKR,Ukraine,SM.POP.NETM,Net migration,count,2022,-5699445,"World Bank World Development Indicators, SM.POP.NETM",2026-08-02
UKR,Ukraine,SM.POP.NETM,Net migration,count,2021,-1129,"World Bank World Development Indicators, SM.POP.NETM",2026-08-02
UKR,Ukraine,SM.POP.NETM,Net migration,count,2020,-4167,"World Bank World Development Indicators, SM.POP.NETM",2026-08-02
UKR,Ukraine,SM.POP.NETM,Net migration,count,2019,-6908,"World Bank World Development Indicators, SM.POP.NETM",2026-08-02
UKR,Ukraine,SM.POP.NETM,Net migration,count,2018,-32220,"World Bank World Development Indicators, SM.POP.NETM",2026-08-02
UKR,Ukraine,SM.POP.NETM,Net migration,count,2017,-36155,"World Bank World Development Indicators, SM.POP.NETM",2026-08-02
UKR,Ukraine,SM.POP.NETM,Net migration,count,2016,-31340,"World Bank World Development Indicators, SM.POP.NETM",2026-08-02
UKR,Ukraine,SM.POP.NETM,Net migration,count,2015,-21992,"World Bank World Development Indicators, SM.POP.NETM",2026-08-02
UKR,Ukraine,SM.POP.NETM,Net migration,count,2014,-65678,"World Bank World Development Indicators, SM.POP.NETM",2026-08-02
UKR,Ukraine,SM.POP.NETM,Net migration,count,2013,26781,"World Bank World Development Indicators, SM.POP.NETM",2026-08-02
UKR,Ukraine,SM.POP.NETM,Net migration,count,2012,66768,"World Bank World Development Indicators, SM.POP.NETM",2026-08-02
UKR,Ukraine,SM.POP.NETM,Net migration,count,2011,26457,"World Bank World Development Indicators, SM.POP.NETM",2026-08-02
UKR,Ukraine,SM.POP.NETM,Net migration,count,2010,16030,"World Bank World Development Indicators, SM.POP.NETM",2026-08-02
UKR,Ukraine,SM.POP.NETM,Net migration,count,2009,26796,"World Bank World Development Indicators, SM.POP.NETM",2026-08-02
UKR,Ukraine,SM.POP.NETM,Net migration,count,2008,9312,"World Bank World Development Indicators, SM.POP.NETM",2026-08-02
UKR,Ukraine,SM.POP.NETM,Net migration,count,2007,15237,"World Bank World Development Indicators, SM.POP.NETM",2026-08-02
UKR,Ukraine,SM.POP.NETM,Net migration,count,2006,136442,"World Bank World Development Indicators, SM.POP.NETM",2026-08-02
UKR,Ukraine,SM.POP.NETM,Net migration,count,2005,-111493,"World Bank World Development Indicators, SM.POP.NETM",2026-08-02
UKR,Ukraine,SM.POP.NETM,Net migration,count,2004,5644,"World Bank World Development Indicators, SM.POP.NETM",2026-08-02
UKR,Ukraine,SM.POP.NETM,Net migration,count,2003,18540,"World Bank World Development Indicators, SM.POP.NETM",2026-08-02
UKR,Ukraine,SM.POP.NETM,Net migration,count,2002,-26991,"World Bank World Development Indicators, SM.POP.NETM",2026-08-02
UKR,Ukraine,SM.POP.NETM,Net migration,count,2001,-92847,"World Bank World Development Indicators, SM.POP.NETM",2026-08-02
UKR,Ukraine,SM.POP.NETM,Net migration,count,2000,-67865,"World Bank World Development Indicators, SM.POP.NETM",2026-08-02
UKR,Ukraine,SM.POP.NETM,Net migration,count,1999,-59247,"World Bank World Development Indicators, SM.POP.NETM",2026-08-02
UKR,Ukraine,SM.POP.NETM,Net migration,count,1998,-80684,"World Bank World Development Indicators, SM.POP.NETM",2026-08-02
UKR,Ukraine,SM.POP.NETM,Net migration,count,1997,-108735,"World Bank World Development Indicators, SM.POP.NETM",2026-08-02
UKR,Ukraine,SM.POP.NETM,Net migration,count,1996,-158008,"World Bank World Development Indicators, SM.POP.NETM",2026-08-02
UKR,Ukraine,SM.POP.NETM,Net migration,count,1995,-134053,"World Bank World Development Indicators, SM.POP.NETM",2026-08-02
UKR,Ukraine,SM.POP.NETM,Net migration,count,1994,-166380,"World Bank World Development Indicators, SM.POP.NETM",2026-08-02
UKR,Ukraine,SM.POP.NETM,Net migration,count,1993,26357,"World Bank World Development Indicators, SM.POP.NETM",2026-08-02
UKR,Ukraine,SM.POP.NETM,Net migration,count,1992,291788,"World Bank World Development Indicators, SM.POP.NETM",2026-08-02
UKR,Ukraine,SM.POP.NETM,Net migration,count,1991,125962,"World Bank World Development Indicators, SM.POP.NETM",2026-08-02
UKR,Ukraine,SM.POP.NETM,Net migration,count,1990,75760,"World Bank World Development Indicators, SM.POP.NETM",2026-08-02
UKR,Ukraine,SM.POP.NETM,Net migration,count,1989,36978,"World Bank World Development Indicators, SM.POP.NETM",2026-08-02
UKR,Ukraine,SM.POP.NETM,Net migration,count,1988,75637,"World Bank World Development Indicators, SM.POP.NETM",2026-08-02
UKR,Ukraine,SM.POP.NETM,Net migration,count,1987,-18275,"World Bank World Development Indicators, SM.POP.NETM",2026-08-02
UKR,Ukraine,SM.POP.NETM,Net migration,count,1986,-12369,"World Bank World Development Indicators, SM.POP.NETM",2026-08-02
UKR,Ukraine,SM.POP.NETM,Net migration,count,1985,5546,"World Bank World Development Indicators, SM.POP.NETM",2026-08-02
UKR,Ukraine,SM.POP.NETM,Net migration,count,1984,13340,"World Bank World Development Indicators, SM.POP.NETM",2026-08-02
UKR,Ukraine,SM.POP.NETM,Net migration,count,1983,23608,"World Bank World Development Indicators, SM.POP.NETM",2026-08-02
UKR,Ukraine,SM.POP.NETM,Net migration,count,1982,9096,"World Bank World Development Indicators, SM.POP.NETM",2026-08-02
UKR,Ukraine,SM.POP.NETM,Net migration,count,1981,40807,"World Bank World Development Indicators, SM.POP.NETM",2026-08-02
UKR,Ukraine,SM.POP.NETM,Net migration,count,1980,47406,"World Bank World Development Indicators, SM.POP.NETM",2026-08-02
UKR,Ukraine,SM.POP.NETM,Net migration,count,1979,25635,"World Bank World Development Indicators, SM.POP.NETM",2026-08-02
UKR,Ukraine,SM.POP.NETM,Net migration,count,1978,-29180,"World Bank World Development Indicators, SM.POP.NETM",2026-08-02
UKR,Ukraine,SM.POP.NETM,Net migration,count,1977,-24745,"World Bank World Development Indicators, SM.POP.NETM",2026-08-02
UKR,Ukraine,SM.POP.NETM,Net migration,count,1976,-8219,"World Bank World Development Indicators, SM.POP.NETM",2026-08-02
UKR,Ukraine,SM.POP.NETM,Net migration,count,1975,15336,"World Bank World Development Indicators, SM.POP.NETM",2026-08-02
UKR,Ukraine,SM.POP.NETM,Net migration,count,1974,31725,"World Bank World Development Indicators, SM.POP.NETM",2026-08-02
UKR,Ukraine,SM.POP.NETM,Net migration,count,1973,18777,"World Bank World Development Indicators, SM.POP.NETM",2026-08-02
UKR,Ukraine,SM.POP.NETM,Net migration,count,1972,56928,"World Bank World Development Indicators, SM.POP.NETM",2026-08-02
UKR,Ukraine,SM.POP.NETM,Net migration,count,1971,74604,"World Bank World Development Indicators, SM.POP.NETM",2026-08-02
UKR,Ukraine,SM.POP.NETM,Net migration,count,1970,-48335,"World Bank World Development Indicators, SM.POP.NETM",2026-08-02
UKR,Ukraine,SM.POP.NETM,Net migration,count,1969,51763,"World Bank World Development Indicators, SM.POP.NETM",2026-08-02
UKR,Ukraine,SM.POP.NETM,Net migration,count,1968,102096,"World Bank World Development Indicators, SM.POP.NETM",2026-08-02
UKR,Ukraine,SM.POP.NETM,Net migration,count,1967,85527,"World Bank World Development Indicators, SM.POP.NETM",2026-08-02
UKR,Ukraine,SM.POP.NETM,Net migration,count,1966,89737,"World Bank World Development Indicators, SM.POP.NETM",2026-08-02
UKR,Ukraine,SM.POP.NETM,Net migration,count,1965,69354,"World Bank World Development Indicators, SM.POP.NETM",2026-08-02
UKR,Ukraine,SM.POP.NETM,Net migration,count,1964,76650,"World Bank World Development Indicators, SM.POP.NETM",2026-08-02
UKR,Ukraine,SM.POP.NETM,Net migration,count,1963,60178,"World Bank World Development Indicators, SM.POP.NETM",2026-08-02
UKR,Ukraine,SM.POP.NETM,Net migration,count,1962,45712,"World Bank World Development Indicators, SM.POP.NETM",2026-08-02
UKR,Ukraine,SM.POP.NETM,Net migration,count,1961,51625,"World Bank World Development Indicators, SM.POP.NETM",2026-08-02
UKR,Ukraine,SM.POP.NETM,Net migration,count,1960,52281,"World Bank World Development Indicators, SM.POP.NETM",2026-08-02
BLR,Belarus,SM.POP.NETM,Net migration,count,2025,-3020,"World Bank World Development Indicators, SM.POP.NETM",2026-08-02
BLR,Belarus,SM.POP.NETM,Net migration,count,2024,-3119,"World Bank World Development Indicators, SM.POP.NETM",2026-08-02
BLR,Belarus,SM.POP.NETM,Net migration,count,2023,-3034,"World Bank World Development Indicators, SM.POP.NETM",2026-08-02
BLR,Belarus,SM.POP.NETM,Net migration,count,2022,-8000,"World Bank World Development Indicators, SM.POP.NETM",2026-08-02
BLR,Belarus,SM.POP.NETM,Net migration,count,2021,-33954,"World Bank World Development Indicators, SM.POP.NETM",2026-08-02
BLR,Belarus,SM.POP.NETM,Net migration,count,2020,-33954,"World Bank World Development Indicators, SM.POP.NETM",2026-08-02
BLR,Belarus,SM.POP.NETM,Net migration,count,2019,-33954,"World Bank World Development Indicators, SM.POP.NETM",2026-08-02
BLR,Belarus,SM.POP.NETM,Net migration,count,2018,8615,"World Bank World Development Indicators, SM.POP.NETM",2026-08-02
BLR,Belarus,SM.POP.NETM,Net migration,count,2017,3337,"World Bank World Development Indicators, SM.POP.NETM",2026-08-02
BLR,Belarus,SM.POP.NETM,Net migration,count,2016,8272,"World Bank World Development Indicators, SM.POP.NETM",2026-08-02
BLR,Belarus,SM.POP.NETM,Net migration,count,2015,18088,"World Bank World Development Indicators, SM.POP.NETM",2026-08-02
BLR,Belarus,SM.POP.NETM,Net migration,count,2014,14979,"World Bank World Development Indicators, SM.POP.NETM",2026-08-02
BLR,Belarus,SM.POP.NETM,Net migration,count,2013,10550,"World Bank World Development Indicators, SM.POP.NETM",2026-08-02
BLR,Belarus,SM.POP.NETM,Net migration,count,2012,10903,"World Bank World Development Indicators, SM.POP.NETM",2026-08-02
BLR,Belarus,SM.POP.NETM,Net migration,count,2011,5686,"World Bank World Development Indicators, SM.POP.NETM",2026-08-02
BLR,Belarus,SM.POP.NETM,Net migration,count,2010,10300,"World Bank World Development Indicators, SM.POP.NETM",2026-08-02
BLR,Belarus,SM.POP.NETM,Net migration,count,2009,13610,"World Bank World Development Indicators, SM.POP.NETM",2026-08-02
BLR,Belarus,SM.POP.NETM,Net migration,count,2008,-495,"World Bank World Development Indicators, SM.POP.NETM",2026-08-02
BLR,Belarus,SM.POP.NETM,Net migration,count,2007,-4013,"World Bank World Development Indicators, SM.POP.NETM",2026-08-02
BLR,Belarus,SM.POP.NETM,Net migration,count,2006,-8303,"World Bank World Development Indicators, SM.POP.NETM",2026-08-02
BLR,Belarus,SM.POP.NETM,Net migration,count,2005,-15451,"World Bank World Development Indicators, SM.POP.NETM",2026-08-02
BLR,Belarus,SM.POP.NETM,Net migration,count,2004,-10424,"World Bank World Development Indicators, SM.POP.NETM",2026-08-02
BLR,Belarus,SM.POP.NETM,Net migration,count,2003,-10795,"World Bank World Development Indicators, SM.POP.NETM",2026-08-02
BLR,Belarus,SM.POP.NETM,Net migration,count,2002,-11945,"World Bank World Development Indicators, SM.POP.NETM",2026-08-02
BLR,Belarus,SM.POP.NETM,Net migration,count,2001,-4469,"World Bank World Development Indicators, SM.POP.NETM",2026-08-02
BLR,Belarus,SM.POP.NETM,Net migration,count,2000,1812,"World Bank World Development Indicators, SM.POP.NETM",2026-08-02
BLR,Belarus,SM.POP.NETM,Net migration,count,1999,2028,"World Bank World Development Indicators, SM.POP.NETM",2026-08-02
BLR,Belarus,SM.POP.NETM,Net migration,count,1998,13192,"World Bank World Development Indicators, SM.POP.NETM",2026-08-02
BLR,Belarus,SM.POP.NETM,Net migration,count,1997,-235,"World Bank World Development Indicators, SM.POP.NETM",2026-08-02
BLR,Belarus,SM.POP.NETM,Net migration,count,1996,5205,"World Bank World Development Indicators, SM.POP.NETM",2026-08-02
BLR,Belarus,SM.POP.NETM,Net migration,count,1995,481,"World Bank World Development Indicators, SM.POP.NETM",2026-08-02
BLR,Belarus,SM.POP.NETM,Net migration,count,1994,-12570,"World Bank World Development Indicators, SM.POP.NETM",2026-08-02
BLR,Belarus,SM.POP.NETM,Net migration,count,1993,19652,"World Bank World Development Indicators, SM.POP.NETM",2026-08-02
BLR,Belarus,SM.POP.NETM,Net migration,count,1992,29477,"World Bank World Development Indicators, SM.POP.NETM",2026-08-02
BLR,Belarus,SM.POP.NETM,Net migration,count,1991,-5876,"World Bank World Development Indicators, SM.POP.NETM",2026-08-02
BLR,Belarus,SM.POP.NETM,Net migration,count,1990,-26497,"World Bank World Development Indicators, SM.POP.NETM",2026-08-02
BLR,Belarus,SM.POP.NETM,Net migration,count,1989,5639,"World Bank World Development Indicators, SM.POP.NETM",2026-08-02
BLR,Belarus,SM.POP.NETM,Net migration,count,1988,-5424,"World Bank World Development Indicators, SM.POP.NETM",2026-08-02
BLR,Belarus,SM.POP.NETM,Net migration,count,1987,-12462,"World Bank World Development Indicators, SM.POP.NETM",2026-08-02
BLR,Belarus,SM.POP.NETM,Net migration,count,1986,-11499,"World Bank World Development Indicators, SM.POP.NETM",2026-08-02
BLR,Belarus,SM.POP.NETM,Net migration,count,1985,-784,"World Bank World Development Indicators, SM.POP.NETM",2026-08-02
BLR,Belarus,SM.POP.NETM,Net migration,count,1984,-3051,"World Bank World Development Indicators, SM.POP.NETM",2026-08-02
BLR,Belarus,SM.POP.NETM,Net migration,count,1983,-2938,"World Bank World Development Indicators, SM.POP.NETM",2026-08-02
BLR,Belarus,SM.POP.NETM,Net migration,count,1982,3339,"World Bank World Development Indicators, SM.POP.NETM",2026-08-02
BLR,Belarus,SM.POP.NETM,Net migration,count,1981,14998,"World Bank World Development Indicators, SM.POP.NETM",2026-08-02
BLR,Belarus,SM.POP.NETM,Net migration,count,1980,16616,"World Bank World Development Indicators, SM.POP.NETM",2026-08-02
BLR,Belarus,SM.POP.NETM,Net migration,count,1979,395,"World Bank World Development Indicators, SM.POP.NETM",2026-08-02
BLR,Belarus,SM.POP.NETM,Net migration,count,1978,-11143,"World Bank World Development Indicators, SM.POP.NETM",2026-08-02
BLR,Belarus,SM.POP.NETM,Net migration,count,1977,-4925,"World Bank World Development Indicators, SM.POP.NETM",2026-08-02
BLR,Belarus,SM.POP.NETM,Net migration,count,1976,-5350,"World Bank World Development Indicators, SM.POP.NETM",2026-08-02
BLR,Belarus,SM.POP.NETM,Net migration,count,1975,-6302,"World Bank World Development Indicators, SM.POP.NETM",2026-08-02
BLR,Belarus,SM.POP.NETM,Net migration,count,1974,-5157,"World Bank World Development Indicators, SM.POP.NETM",2026-08-02
BLR,Belarus,SM.POP.NETM,Net migration,count,1973,-7357,"World Bank World Development Indicators, SM.POP.NETM",2026-08-02
BLR,Belarus,SM.POP.NETM,Net migration,count,1972,-7966,"World Bank World Development Indicators, SM.POP.NETM",2026-08-02
BLR,Belarus,SM.POP.NETM,Net migration,count,1971,-5818,"World Bank World Development Indicators, SM.POP.NETM",2026-08-02
BLR,Belarus,SM.POP.NETM,Net migration,count,1970,-8643,"World Bank World Development Indicators, SM.POP.NETM",2026-08-02
BLR,Belarus,SM.POP.NETM,Net migration,count,1969,-12833,"World Bank World Development Indicators, SM.POP.NETM",2026-08-02
BLR,Belarus,SM.POP.NETM,Net migration,count,1968,-7511,"World Bank World Development Indicators, SM.POP.NETM",2026-08-02
BLR,Belarus,SM.POP.NETM,Net migration,count,1967,-13409,"World Bank World Development Indicators, SM.POP.NETM",2026-08-02
BLR,Belarus,SM.POP.NETM,Net migration,count,1966,-14544,"World Bank World Development Indicators, SM.POP.NETM",2026-08-02
BLR,Belarus,SM.POP.NETM,Net migration,count,1965,-17979,"World Bank World Development Indicators, SM.POP.NETM",2026-08-02
BLR,Belarus,SM.POP.NETM,Net migration,count,1964,-17837,"World Bank World Development Indicators, SM.POP.NETM",2026-08-02
BLR,Belarus,SM.POP.NETM,Net migration,count,1963,-28653,"World Bank World Development Indicators, SM.POP.NETM",2026-08-02
BLR,Belarus,SM.POP.NETM,Net migration,count,1962,-32996,"World Bank World Development Indicators, SM.POP.NETM",2026-08-02
BLR,Belarus,SM.POP.NETM,Net migration,count,1961,-26780,"World Bank World Development Indicators, SM.POP.NETM",2026-08-02
BLR,Belarus,SM.POP.NETM,Net migration,count,1960,-27382,"World Bank World Development Indicators, SM.POP.NETM",2026-08-02
RUS,Russian Federation,SM.POP.NETM,Net migration,count,2025,-251822,"World Bank World Development Indicators, SM.POP.NETM",2026-08-02
RUS,Russian Federation,SM.POP.NETM,Net migration,count,2024,-178042,"World Bank World Development Indicators, SM.POP.NETM",2026-08-02
RUS,Russian Federation,SM.POP.NETM,Net migration,count,2023,27807,"World Bank World Development Indicators, SM.POP.NETM",2026-08-02
RUS,Russian Federation,SM.POP.NETM,Net migration,count,2022,765629,"World Bank World Development Indicators, SM.POP.NETM",2026-08-02
RUS,Russian Federation,SM.POP.NETM,Net migration,count,2021,314112,"World Bank World Development Indicators, SM.POP.NETM",2026-08-02
RUS,Russian Federation,SM.POP.NETM,Net migration,count,2020,334094,"World Bank World Development Indicators, SM.POP.NETM",2026-08-02
RUS,Russian Federation,SM.POP.NETM,Net migration,count,2019,336494,"World Bank World Development Indicators, SM.POP.NETM",2026-08-02
RUS,Russian Federation,SM.POP.NETM,Net migration,count,2018,339972,"World Bank World Development Indicators, SM.POP.NETM",2026-08-02
RUS,Russian Federation,SM.POP.NETM,Net migration,count,2017,396619,"World Bank World Development Indicators, SM.POP.NETM",2026-08-02
RUS,Russian Federation,SM.POP.NETM,Net migration,count,2016,447645,"World Bank World Development Indicators, SM.POP.NETM",2026-08-02
RUS,Russian Federation,SM.POP.NETM,Net migration,count,2015,384756,"World Bank World Development Indicators, SM.POP.NETM",2026-08-02
RUS,Russian Federation,SM.POP.NETM,Net migration,count,2014,264698,"World Bank World Development Indicators, SM.POP.NETM",2026-08-02
RUS,Russian Federation,SM.POP.NETM,Net migration,count,2013,289872,"World Bank World Development Indicators, SM.POP.NETM",2026-08-02
RUS,Russian Federation,SM.POP.NETM,Net migration,count,2012,285977,"World Bank World Development Indicators, SM.POP.NETM",2026-08-02
RUS,Russian Federation,SM.POP.NETM,Net migration,count,2011,309377,"World Bank World Development Indicators, SM.POP.NETM",2026-08-02
RUS,Russian Federation,SM.POP.NETM,Net migration,count,2010,307555,"World Bank World Development Indicators, SM.POP.NETM",2026-08-02
RUS,Russian Federation,SM.POP.NETM,Net migration,count,2009,350206,"World Bank World Development Indicators, SM.POP.NETM",2026-08-02
RUS,Russian Federation,SM.POP.NETM,Net migration,count,2008,360840,"World Bank World Development Indicators, SM.POP.NETM",2026-08-02
RUS,Russian Federation,SM.POP.NETM,Net migration,count,2007,365717,"World Bank World Development Indicators, SM.POP.NETM",2026-08-02
RUS,Russian Federation,SM.POP.NETM,Net migration,count,2006,308370,"World Bank World Development Indicators, SM.POP.NETM",2026-08-02
RUS,Russian Federation,SM.POP.NETM,Net migration,count,2005,263541,"World Bank World Development Indicators, SM.POP.NETM",2026-08-02
RUS,Russian Federation,SM.POP.NETM,Net migration,count,2004,261519,"World Bank World Development Indicators, SM.POP.NETM",2026-08-02
RUS,Russian Federation,SM.POP.NETM,Net migration,count,2003,256804,"World Bank World Development Indicators, SM.POP.NETM",2026-08-02
RUS,Russian Federation,SM.POP.NETM,Net migration,count,2002,1358944,"World Bank World Development Indicators, SM.POP.NETM",2026-08-02
RUS,Russian Federation,SM.POP.NETM,Net migration,count,2001,259614,"World Bank World Development Indicators, SM.POP.NETM",2026-08-02
RUS,Russian Federation,SM.POP.NETM,Net migration,count,2000,550401,"World Bank World Development Indicators, SM.POP.NETM",2026-08-02
RUS,Russian Federation,SM.POP.NETM,Net migration,count,1999,375468,"World Bank World Development Indicators, SM.POP.NETM",2026-08-02
RUS,Russian Federation,SM.POP.NETM,Net migration,count,1998,528135,"World Bank World Development Indicators, SM.POP.NETM",2026-08-02
RUS,Russian Federation,SM.POP.NETM,Net migration,count,1997,541387,"World Bank World Development Indicators, SM.POP.NETM",2026-08-02
RUS,Russian Federation,SM.POP.NETM,Net migration,count,1996,587171,"World Bank World Development Indicators, SM.POP.NETM",2026-08-02
RUS,Russian Federation,SM.POP.NETM,Net migration,count,1995,723875,"World Bank World Development Indicators, SM.POP.NETM",2026-08-02
RUS,Russian Federation,SM.POP.NETM,Net migration,count,1994,1271417,"World Bank World Development Indicators, SM.POP.NETM",2026-08-02
RUS,Russian Federation,SM.POP.NETM,Net migration,count,1993,507229,"World Bank World Development Indicators, SM.POP.NETM",2026-08-02
RUS,Russian Federation,SM.POP.NETM,Net migration,count,1992,-1129589,"World Bank World Development Indicators, SM.POP.NETM",2026-08-02
RUS,Russian Federation,SM.POP.NETM,Net migration,count,1991,125505,"World Bank World Development Indicators, SM.POP.NETM",2026-08-02
RUS,Russian Federation,SM.POP.NETM,Net migration,count,1990,299863,"World Bank World Development Indicators, SM.POP.NETM",2026-08-02
RUS,Russian Federation,SM.POP.NETM,Net migration,count,1989,89400,"World Bank World Development Indicators, SM.POP.NETM",2026-08-02
RUS,Russian Federation,SM.POP.NETM,Net migration,count,1988,269862,"World Bank World Development Indicators, SM.POP.NETM",2026-08-02
RUS,Russian Federation,SM.POP.NETM,Net migration,count,1987,275611,"World Bank World Development Indicators, SM.POP.NETM",2026-08-02
RUS,Russian Federation,SM.POP.NETM,Net migration,count,1986,283553,"World Bank World Development Indicators, SM.POP.NETM",2026-08-02
RUS,Russian Federation,SM.POP.NETM,Net migration,count,1985,280614,"World Bank World Development Indicators, SM.POP.NETM",2026-08-02
RUS,Russian Federation,SM.POP.NETM,Net migration,count,1984,247026,"World Bank World Development Indicators, SM.POP.NETM",2026-08-02
RUS,Russian Federation,SM.POP.NETM,Net migration,count,1983,200159,"World Bank World Development Indicators, SM.POP.NETM",2026-08-02
RUS,Russian Federation,SM.POP.NETM,Net migration,count,1982,107520,"World Bank World Development Indicators, SM.POP.NETM",2026-08-02
RUS,Russian Federation,SM.POP.NETM,Net migration,count,1981,36686,"World Bank World Development Indicators, SM.POP.NETM",2026-08-02
RUS,Russian Federation,SM.POP.NETM,Net migration,count,1980,10440,"World Bank World Development Indicators, SM.POP.NETM",2026-08-02
RUS,Russian Federation,SM.POP.NETM,Net migration,count,1979,-5791,"World Bank World Development Indicators, SM.POP.NETM",2026-08-02
RUS,Russian Federation,SM.POP.NETM,Net migration,count,1978,108882,"World Bank World Development Indicators, SM.POP.NETM",2026-08-02
RUS,Russian Federation,SM.POP.NETM,Net migration,count,1977,122316,"World Bank World Development Indicators, SM.POP.NETM",2026-08-02
RUS,Russian Federation,SM.POP.NETM,Net migration,count,1976,113851,"World Bank World Development Indicators, SM.POP.NETM",2026-08-02
RUS,Russian Federation,SM.POP.NETM,Net migration,count,1975,80069,"World Bank World Development Indicators, SM.POP.NETM",2026-08-02
RUS,Russian Federation,SM.POP.NETM,Net migration,count,1974,-51759,"World Bank World Development Indicators, SM.POP.NETM",2026-08-02
RUS,Russian Federation,SM.POP.NETM,Net migration,count,1973,-107568,"World Bank World Development Indicators, SM.POP.NETM",2026-08-02
RUS,Russian Federation,SM.POP.NETM,Net migration,count,1972,-111168,"World Bank World Development Indicators, SM.POP.NETM",2026-08-02
RUS,Russian Federation,SM.POP.NETM,Net migration,count,1971,-134968,"World Bank World Development Indicators, SM.POP.NETM",2026-08-02
RUS,Russian Federation,SM.POP.NETM,Net migration,count,1970,-264464,"World Bank World Development Indicators, SM.POP.NETM",2026-08-02
RUS,Russian Federation,SM.POP.NETM,Net migration,count,1969,-64643,"World Bank World Development Indicators, SM.POP.NETM",2026-08-02
RUS,Russian Federation,SM.POP.NETM,Net migration,count,1968,-83221,"World Bank World Development Indicators, SM.POP.NETM",2026-08-02
RUS,Russian Federation,SM.POP.NETM,Net migration,count,1967,-116029,"World Bank World Development Indicators, SM.POP.NETM",2026-08-02
RUS,Russian Federation,SM.POP.NETM,Net migration,count,1966,-111360,"World Bank World Development Indicators, SM.POP.NETM",2026-08-02
RUS,Russian Federation,SM.POP.NETM,Net migration,count,1965,-138078,"World Bank World Development Indicators, SM.POP.NETM",2026-08-02
RUS,Russian Federation,SM.POP.NETM,Net migration,count,1964,-148595,"World Bank World Development Indicators, SM.POP.NETM",2026-08-02
RUS,Russian Federation,SM.POP.NETM,Net migration,count,1963,-168649,"World Bank World Development Indicators, SM.POP.NETM",2026-08-02
RUS,Russian Federation,SM.POP.NETM,Net migration,count,1962,-177358,"World Bank World Development Indicators, SM.POP.NETM",2026-08-02
RUS,Russian Federation,SM.POP.NETM,Net migration,count,1961,-204349,"World Bank World Development Indicators, SM.POP.NETM",2026-08-02
RUS,Russian Federation,SM.POP.NETM,Net migration,count,1960,-234895,"World Bank World Development Indicators, SM.POP.NETM",2026-08-02
MDA,Moldova,SM.POP.NETM,Net migration,count,2025,-29766,"World Bank World Development Indicators, SM.POP.NETM",2026-08-02
MDA,Moldova,SM.POP.NETM,Net migration,count,2024,-27088,"World Bank World Development Indicators, SM.POP.NETM",2026-08-02
MDA,Moldova,SM.POP.NETM,Net migration,count,2023,-18570,"World Bank World Development Indicators, SM.POP.NETM",2026-08-02
MDA,Moldova,SM.POP.NETM,Net migration,count,2022,89154,"World Bank World Development Indicators, SM.POP.NETM",2026-08-02
MDA,Moldova,SM.POP.NETM,Net migration,count,2021,-33405,"World Bank World Development Indicators, SM.POP.NETM",2026-08-02
MDA,Moldova,SM.POP.NETM,Net migration,count,2020,-33405,"World Bank World Development Indicators, SM.POP.NETM",2026-08-02
MDA,Moldova,SM.POP.NETM,Net migration,count,2019,-41233,"World Bank World Development Indicators, SM.POP.NETM",2026-08-02
MDA,Moldova,SM.POP.NETM,Net migration,count,2018,-36085,"World Bank World Development Indicators, SM.POP.NETM",2026-08-02
MDA,Moldova,SM.POP.NETM,Net migration,count,2017,-43871,"World Bank World Development Indicators, SM.POP.NETM",2026-08-02
MDA,Moldova,SM.POP.NETM,Net migration,count,2016,-51642,"World Bank World Development Indicators, SM.POP.NETM",2026-08-02
MDA,Moldova,SM.POP.NETM,Net migration,count,2015,-59399,"World Bank World Development Indicators, SM.POP.NETM",2026-08-02
MDA,Moldova,SM.POP.NETM,Net migration,count,2014,-67175,"World Bank World Development Indicators, SM.POP.NETM",2026-08-02
MDA,Moldova,SM.POP.NETM,Net migration,count,2013,-77571,"World Bank World Development Indicators, SM.POP.NETM",2026-08-02
MDA,Moldova,SM.POP.NETM,Net migration,count,2012,-81215,"World Bank World Development Indicators, SM.POP.NETM",2026-08-02
MDA,Moldova,SM.POP.NETM,Net migration,count,2011,-82271,"World Bank World Development Indicators, SM.POP.NETM",2026-08-02
MDA,Moldova,SM.POP.NETM,Net migration,count,2010,-84039,"World Bank World Development Indicators, SM.POP.NETM",2026-08-02
MDA,Moldova,SM.POP.NETM,Net migration,count,2009,-83546,"World Bank World Development Indicators, SM.POP.NETM",2026-08-02
MDA,Moldova,SM.POP.NETM,Net migration,count,2008,-79593,"World Bank World Development Indicators, SM.POP.NETM",2026-08-02
MDA,Moldova,SM.POP.NETM,Net migration,count,2007,-75734,"World Bank World Development Indicators, SM.POP.NETM",2026-08-02
MDA,Moldova,SM.POP.NETM,Net migration,count,2006,-72061,"World Bank World Development Indicators, SM.POP.NETM",2026-08-02
MDA,Moldova,SM.POP.NETM,Net migration,count,2005,-68681,"World Bank World Development Indicators, SM.POP.NETM",2026-08-02
MDA,Moldova,SM.POP.NETM,Net migration,count,2004,-52491,"World Bank World Development Indicators, SM.POP.NETM",2026-08-02
MDA,Moldova,SM.POP.NETM,Net migration,count,2003,-46947,"World Bank World Development Indicators, SM.POP.NETM",2026-08-02
MDA,Moldova,SM.POP.NETM,Net migration,count,2002,-45833,"World Bank World Development Indicators, SM.POP.NETM",2026-08-02
MDA,Moldova,SM.POP.NETM,Net migration,count,2001,-45043,"World Bank World Development Indicators, SM.POP.NETM",2026-08-02
MDA,Moldova,SM.POP.NETM,Net migration,count,2000,-43854,"World Bank World Development Indicators, SM.POP.NETM",2026-08-02
MDA,Moldova,SM.POP.NETM,Net migration,count,1999,-43111,"World Bank World Development Indicators, SM.POP.NETM",2026-08-02
MDA,Moldova,SM.POP.NETM,Net migration,count,1998,-41975,"World Bank World Development Indicators, SM.POP.NETM",2026-08-02
MDA,Moldova,SM.POP.NETM,Net migration,count,1997,-41743,"World Bank World Development Indicators, SM.POP.NETM",2026-08-02
MDA,Moldova,SM.POP.NETM,Net migration,count,1996,-33369,"World Bank World Development Indicators, SM.POP.NETM",2026-08-02
MDA,Moldova,SM.POP.NETM,Net migration,count,1995,-31975,"World Bank World Development Indicators, SM.POP.NETM",2026-08-02
MDA,Moldova,SM.POP.NETM,Net migration,count,1994,-31616,"World Bank World Development Indicators, SM.POP.NETM",2026-08-02
MDA,Moldova,SM.POP.NETM,Net migration,count,1993,-31526,"World Bank World Development Indicators, SM.POP.NETM",2026-08-02
MDA,Moldova,SM.POP.NETM,Net migration,count,1992,-30136,"World Bank World Development Indicators, SM.POP.NETM",2026-08-02
MDA,Moldova,SM.POP.NETM,Net migration,count,1991,-29204,"World Bank World Development Indicators, SM.POP.NETM",2026-08-02
MDA,Moldova,SM.POP.NETM,Net migration,count,1990,-30053,"World Bank World Development Indicators, SM.POP.NETM",2026-08-02
MDA,Moldova,SM.POP.NETM,Net migration,count,1989,-29307,"World Bank World Development Indicators, SM.POP.NETM",2026-08-02
MDA,Moldova,SM.POP.NETM,Net migration,count,1988,-4989,"World Bank World Development Indicators, SM.POP.NETM",2026-08-02
MDA,Moldova,SM.POP.NETM,Net migration,count,1987,-10796,"World Bank World Development Indicators, SM.POP.NETM",2026-08-02
MDA,Moldova,SM.POP.NETM,Net migration,count,1986,-8769,"World Bank World Development Indicators, SM.POP.NETM",2026-08-02
MDA,Moldova,SM.POP.NETM,Net migration,count,1985,-10627,"World Bank World Development Indicators, SM.POP.NETM",2026-08-02
MDA,Moldova,SM.POP.NETM,Net migration,count,1984,-12732,"World Bank World Development Indicators, SM.POP.NETM",2026-08-02
MDA,Moldova,SM.POP.NETM,Net migration,count,1983,-10543,"World Bank World Development Indicators, SM.POP.NETM",2026-08-02
MDA,Moldova,SM.POP.NETM,Net migration,count,1982,-8412,"World Bank World Development Indicators, SM.POP.NETM",2026-08-02
MDA,Moldova,SM.POP.NETM,Net migration,count,1981,-6452,"World Bank World Development Indicators, SM.POP.NETM",2026-08-02
MDA,Moldova,SM.POP.NETM,Net migration,count,1980,-3693,"World Bank World Development Indicators, SM.POP.NETM",2026-08-02
MDA,Moldova,SM.POP.NETM,Net migration,count,1979,-6912,"World Bank World Development Indicators, SM.POP.NETM",2026-08-02
MDA,Moldova,SM.POP.NETM,Net migration,count,1978,3483,"World Bank World Development Indicators, SM.POP.NETM",2026-08-02
MDA,Moldova,SM.POP.NETM,Net migration,count,1977,3245,"World Bank World Development Indicators, SM.POP.NETM",2026-08-02
MDA,Moldova,SM.POP.NETM,Net migration,count,1976,2885,"World Bank World Development Indicators, SM.POP.NETM",2026-08-02
MDA,Moldova,SM.POP.NETM,Net migration,count,1975,2355,"World Bank World Development Indicators, SM.POP.NETM",2026-08-02
MDA,Moldova,SM.POP.NETM,Net migration,count,1974,1785,"World Bank World Development Indicators, SM.POP.NETM",2026-08-02
MDA,Moldova,SM.POP.NETM,Net migration,count,1973,1156,"World Bank World Development Indicators, SM.POP.NETM",2026-08-02
MDA,Moldova,SM.POP.NETM,Net migration,count,1972,481,"World Bank World Development Indicators, SM.POP.NETM",2026-08-02
MDA,Moldova,SM.POP.NETM,Net migration,count,1971,-61,"World Bank World Development Indicators, SM.POP.NETM",2026-08-02
MDA,Moldova,SM.POP.NETM,Net migration,count,1970,606,"World Bank World Development Indicators, SM.POP.NETM",2026-08-02
MDA,Moldova,SM.POP.NETM,Net migration,count,1969,20561,"World Bank World Development Indicators, SM.POP.NETM",2026-08-02
MDA,Moldova,SM.POP.NETM,Net migration,count,1968,19830,"World Bank World Development Indicators, SM.POP.NETM",2026-08-02
MDA,Moldova,SM.POP.NETM,Net migration,count,1967,19175,"World Bank World Development Indicators, SM.POP.NETM",2026-08-02
MDA,Moldova,SM.POP.NETM,Net migration,count,1966,18601,"World Bank World Development Indicators, SM.POP.NETM",2026-08-02
MDA,Moldova,SM.POP.NETM,Net migration,count,1965,18066,"World Bank World Development Indicators, SM.POP.NETM",2026-08-02
MDA,Moldova,SM.POP.NETM,Net migration,count,1964,17509,"World Bank World Development Indicators, SM.POP.NETM",2026-08-02
MDA,Moldova,SM.POP.NETM,Net migration,count,1963,16816,"World Bank World Development Indicators, SM.POP.NETM",2026-08-02
MDA,Moldova,SM.POP.NETM,Net migration,count,1962,15884,"World Bank World Development Indicators, SM.POP.NETM",2026-08-02
MDA,Moldova,SM.POP.NETM,Net migration,count,1961,14818,"World Bank World Development Indicators, SM.POP.NETM",2026-08-02
MDA,Moldova,SM.POP.NETM,Net migration,count,1960,13697,"World Bank World Development Indicators, SM.POP.NETM",2026-08-02
TUR,Turkey,SI.POV.GINI,Gini index,index,2023,43.7,"World Bank World Development Indicators, SI.POV.GINI",2026-08-02
TUR,Turkey,SI.POV.GINI,Gini index,index,2022,44.5,"World Bank World Development Indicators, SI.POV.GINI",2026-08-02
TUR,Turkey,SI.POV.GINI,Gini index,index,2021,44.4,"World Bank World Development Indicators, SI.POV.GINI",2026-08-02
TUR,Turkey,SI.POV.GINI,Gini index,index,2020,43,"World Bank World Development Indicators, SI.POV.GINI",2026-08-02
TUR,Turkey,SI.POV.GINI,Gini index,index,2019,43.8,"World Bank World Development Indicators, SI.POV.GINI",2026-08-02
TUR,Turkey,SI.POV.GINI,Gini index,index,2018,42.4,"World Bank World Development Indicators, SI.POV.GINI",2026-08-02
TUR,Turkey,SI.POV.GINI,Gini index,index,2017,43.5,"World Bank World Development Indicators, SI.POV.GINI",2026-08-02
TUR,Turkey,SI.POV.GINI,Gini index,index,2016,41.9,"World Bank World Development Indicators, SI.POV.GINI",2026-08-02
TUR,Turkey,SI.POV.GINI,Gini index,index,2015,42.9,"World Bank World Development Indicators, SI.POV.GINI",2026-08-02
TUR,Turkey,SI.POV.GINI,Gini index,index,2014,41.2,"World Bank World Development Indicators, SI.POV.GINI",2026-08-02
TUR,Turkey,SI.POV.GINI,Gini index,index,2013,40.2,"World Bank World Development Indicators, SI.POV.GINI",2026-08-02
TUR,Turkey,SI.POV.GINI,Gini index,index,2012,40.2,"World Bank World Development Indicators, SI.POV.GINI",2026-08-02
TUR,Turkey,SI.POV.GINI,Gini index,index,2011,40,"World Bank World Development Indicators, SI.POV.GINI",2026-08-02
TUR,Turkey,SI.POV.GINI,Gini index,index,2010,38.8,"World Bank World Development Indicators, SI.POV.GINI",2026-08-02
TUR,Turkey,SI.POV.GINI,Gini index,index,2009,39,"World Bank World Development Indicators, SI.POV.GINI",2026-08-02
TUR,Turkey,SI.POV.GINI,Gini index,index,2008,39,"World Bank World Development Indicators, SI.POV.GINI",2026-08-02
TUR,Turkey,SI.POV.GINI,Gini index,index,2007,38.4,"World Bank World Development Indicators, SI.POV.GINI",2026-08-02
TUR,Turkey,SI.POV.GINI,Gini index,index,2006,39.6,"World Bank World Development Indicators, SI.POV.GINI",2026-08-02
TUR,Turkey,SI.POV.GINI,Gini index,index,2005,42.6,"World Bank World Development Indicators, SI.POV.GINI",2026-08-02
TUR,Turkey,SI.POV.GINI,Gini index,index,2004,41.3,"World Bank World Development Indicators, SI.POV.GINI",2026-08-02
TUR,Turkey,SI.POV.GINI,Gini index,index,2003,42.2,"World Bank World Development Indicators, SI.POV.GINI",2026-08-02
TUR,Turkey,SI.POV.GINI,Gini index,index,2002,41.4,"World Bank World Development Indicators, SI.POV.GINI",2026-08-02
TUR,Turkey,SI.POV.GINI,Gini index,index,1994,41.3,"World Bank World Development Indicators, SI.POV.GINI",2026-08-02
TUR,Turkey,SI.POV.GINI,Gini index,index,1987,41,"World Bank World Development Indicators, SI.POV.GINI",2026-08-02
UKR,Ukraine,SI.POV.GINI,Gini index,index,2020,25.6,"World Bank World Development Indicators, SI.POV.GINI",2026-08-02
UKR,Ukraine,SI.POV.GINI,Gini index,index,2019,26.6,"World Bank World Development Indicators, SI.POV.GINI",2026-08-02
UKR,Ukraine,SI.POV.GINI,Gini index,index,2018,26.1,"World Bank World Development Indicators, SI.POV.GINI",2026-08-02
UKR,Ukraine,SI.POV.GINI,Gini index,index,2017,26,"World Bank World Development Indicators, SI.POV.GINI",2026-08-02
UKR,Ukraine,SI.POV.GINI,Gini index,index,2016,25,"World Bank World Development Indicators, SI.POV.GINI",2026-08-02
UKR,Ukraine,SI.POV.GINI,Gini index,index,2015,25.5,"World Bank World Development Indicators, SI.POV.GINI",2026-08-02
UKR,Ukraine,SI.POV.GINI,Gini index,index,2014,24,"World Bank World Development Indicators, SI.POV.GINI",2026-08-02
UKR,Ukraine,SI.POV.GINI,Gini index,index,2013,24.6,"World Bank World Development Indicators, SI.POV.GINI",2026-08-02
UKR,Ukraine,SI.POV.GINI,Gini index,index,2012,24.7,"World Bank World Development Indicators, SI.POV.GINI",2026-08-02
UKR,Ukraine,SI.POV.GINI,Gini index,index,2011,24.6,"World Bank World Development Indicators, SI.POV.GINI",2026-08-02
UKR,Ukraine,SI.POV.GINI,Gini index,index,2010,24.8,"World Bank World Development Indicators, SI.POV.GINI",2026-08-02
UKR,Ukraine,SI.POV.GINI,Gini index,index,2009,25.3,"World Bank World Development Indicators, SI.POV.GINI",2026-08-02
UKR,Ukraine,SI.POV.GINI,Gini index,index,2008,26.6,"World Bank World Development Indicators, SI.POV.GINI",2026-08-02
UKR,Ukraine,SI.POV.GINI,Gini index,index,2007,27,"World Bank World Development Indicators, SI.POV.GINI",2026-08-02
UKR,Ukraine,SI.POV.GINI,Gini index,index,2006,29.8,"World Bank World Development Indicators, SI.POV.GINI",2026-08-02
UKR,Ukraine,SI.POV.GINI,Gini index,index,2005,29,"World Bank World Development Indicators, SI.POV.GINI",2026-08-02
UKR,Ukraine,SI.POV.GINI,Gini index,index,2004,28.9,"World Bank World Development Indicators, SI.POV.GINI",2026-08-02
UKR,Ukraine,SI.POV.GINI,Gini index,index,2003,28.7,"World Bank World Development Indicators, SI.POV.GINI",2026-08-02
UKR,Ukraine,SI.POV.GINI,Gini index,index,2002,29,"World Bank World Development Indicators, SI.POV.GINI",2026-08-02
UKR,Ukraine,SI.POV.GINI,Gini index,index,1999,28.9,"World Bank World Development Indicators, SI.POV.GINI",2026-08-02
UKR,Ukraine,SI.POV.GINI,Gini index,index,1996,35.2,"World Bank World Development Indicators, SI.POV.GINI",2026-08-02
UKR,Ukraine,SI.POV.GINI,Gini index,index,1995,39.2,"World Bank World Development Indicators, SI.POV.GINI",2026-08-02
UKR,Ukraine,SI.POV.GINI,Gini index,index,1993,28.9,"World Bank World Development Indicators, SI.POV.GINI",2026-08-02
UKR,Ukraine,SI.POV.GINI,Gini index,index,1992,29.7,"World Bank World Development Indicators, SI.POV.GINI",2026-08-02
BLR,Belarus,SI.POV.GINI,Gini index,index,2020,24.4,"World Bank World Development Indicators, SI.POV.GINI",2026-08-02
BLR,Belarus,SI.POV.GINI,Gini index,index,2019,25.3,"World Bank World Development Indicators, SI.POV.GINI",2026-08-02
BLR,Belarus,SI.POV.GINI,Gini index,index,2018,25.2,"World Bank World Development Indicators, SI.POV.GINI",2026-08-02
BLR,Belarus,SI.POV.GINI,Gini index,index,2017,25.4,"World Bank World Development Indicators, SI.POV.GINI",2026-08-02
BLR,Belarus,SI.POV.GINI,Gini index,index,2016,25.3,"World Bank World Development Indicators, SI.POV.GINI",2026-08-02
BLR,Belarus,SI.POV.GINI,Gini index,index,2015,25.6,"World Bank World Development Indicators, SI.POV.GINI",2026-08-02
BLR,Belarus,SI.POV.GINI,Gini index,index,2014,27.2,"World Bank World Development Indicators, SI.POV.GINI",2026-08-02
BLR,Belarus,SI.POV.GINI,Gini index,index,2013,26.6,"World Bank World Development Indicators, SI.POV.GINI",2026-08-02
BLR,Belarus,SI.POV.GINI,Gini index,index,2012,26.5,"World Bank World Development Indicators, SI.POV.GINI",2026-08-02
BLR,Belarus,SI.POV.GINI,Gini index,index,2011,27.2,"World Bank World Development Indicators, SI.POV.GINI",2026-08-02
BLR,Belarus,SI.POV.GINI,Gini index,index,2010,28.6,"World Bank World Development Indicators, SI.POV.GINI",2026-08-02
BLR,Belarus,SI.POV.GINI,Gini index,index,2009,27.7,"World Bank World Development Indicators, SI.POV.GINI",2026-08-02
BLR,Belarus,SI.POV.GINI,Gini index,index,2008,27.8,"World Bank World Development Indicators, SI.POV.GINI",2026-08-02
BLR,Belarus,SI.POV.GINI,Gini index,index,2007,29.6,"World Bank World Development Indicators, SI.POV.GINI",2026-08-02
BLR,Belarus,SI.POV.GINI,Gini index,index,2006,28.3,"World Bank World Development Indicators, SI.POV.GINI",2026-08-02
BLR,Belarus,SI.POV.GINI,Gini index,index,2005,27.6,"World Bank World Development Indicators, SI.POV.GINI",2026-08-02
BLR,Belarus,SI.POV.GINI,Gini index,index,2004,26.5,"World Bank World Development Indicators, SI.POV.GINI",2026-08-02
BLR,Belarus,SI.POV.GINI,Gini index,index,2003,28.8,"World Bank World Development Indicators, SI.POV.GINI",2026-08-02
BLR,Belarus,SI.POV.GINI,Gini index,index,2002,30.3,"World Bank World Development Indicators, SI.POV.GINI",2026-08-02
BLR,Belarus,SI.POV.GINI,Gini index,index,2001,30.6,"World Bank World Development Indicators, SI.POV.GINI",2026-08-02
BLR,Belarus,SI.POV.GINI,Gini index,index,2000,31.2,"World Bank World Development Indicators, SI.POV.GINI",2026-08-02
BLR,Belarus,SI.POV.GINI,Gini index,index,1999,31.7,"World Bank World Development Indicators, SI.POV.GINI",2026-08-02
BLR,Belarus,SI.POV.GINI,Gini index,index,1998,32,"World Bank World Development Indicators, SI.POV.GINI",2026-08-02
BLR,Belarus,SI.POV.GINI,Gini index,index,1995,28.7,"World Bank World Development Indicators, SI.POV.GINI",2026-08-02
BLR,Belarus,SI.POV.GINI,Gini index,index,1993,21.6,"World Bank World Development Indicators, SI.POV.GINI",2026-08-02
RUS,Russian Federation,SI.POV.GINI,Gini index,index,2023,33,"World Bank World Development Indicators, SI.POV.GINI",2026-08-02
RUS,Russian Federation,SI.POV.GINI,Gini index,index,2022,33.9,"World Bank World Development Indicators, SI.POV.GINI",2026-08-02
RUS,Russian Federation,SI.POV.GINI,Gini index,index,2021,35.1,"World Bank World Development Indicators, SI.POV.GINI",2026-08-02
RUS,Russian Federation,SI.POV.GINI,Gini index,index,2020,33.7,"World Bank World Development Indicators, SI.POV.GINI",2026-08-02
RUS,Russian Federation,SI.POV.GINI,Gini index,index,2019,35.7,"World Bank World Development Indicators, SI.POV.GINI",2026-08-02
RUS,Russian Federation,SI.POV.GINI,Gini index,index,2018,35.3,"World Bank World Development Indicators, SI.POV.GINI",2026-08-02
RUS,Russian Federation,SI.POV.GINI,Gini index,index,2017,35.5,"World Bank World Development Indicators, SI.POV.GINI",2026-08-02
RUS,Russian Federation,SI.POV.GINI,Gini index,index,2016,36.7,"World Bank World Development Indicators, SI.POV.GINI",2026-08-02
RUS,Russian Federation,SI.POV.GINI,Gini index,index,2015,36.5,"World Bank World Development Indicators, SI.POV.GINI",2026-08-02
RUS,Russian Federation,SI.POV.GINI,Gini index,index,2014,36.9,"World Bank World Development Indicators, SI.POV.GINI",2026-08-02
RUS,Russian Federation,SI.POV.GINI,Gini index,index,2013,40.9,"World Bank World Development Indicators, SI.POV.GINI",2026-08-02
RUS,Russian Federation,SI.POV.GINI,Gini index,index,2012,40.7,"World Bank World Development Indicators, SI.POV.GINI",2026-08-02
RUS,Russian Federation,SI.POV.GINI,Gini index,index,2011,39.7,"World Bank World Development Indicators, SI.POV.GINI",2026-08-02
RUS,Russian Federation,SI.POV.GINI,Gini index,index,2010,39.5,"World Bank World Development Indicators, SI.POV.GINI",2026-08-02
RUS,Russian Federation,SI.POV.GINI,Gini index,index,2009,39.8,"World Bank World Development Indicators, SI.POV.GINI",2026-08-02
RUS,Russian Federation,SI.POV.GINI,Gini index,index,2008,41.6,"World Bank World Development Indicators, SI.POV.GINI",2026-08-02
RUS,Russian Federation,SI.POV.GINI,Gini index,index,2007,42.3,"World Bank World Development Indicators, SI.POV.GINI",2026-08-02
RUS,Russian Federation,SI.POV.GINI,Gini index,index,2006,41,"World Bank World Development Indicators, SI.POV.GINI",2026-08-02
RUS,Russian Federation,SI.POV.GINI,Gini index,index,2005,41.3,"World Bank World Development Indicators, SI.POV.GINI",2026-08-02
RUS,Russian Federation,SI.POV.GINI,Gini index,index,2004,40.3,"World Bank World Development Indicators, SI.POV.GINI",2026-08-02
RUS,Russian Federation,SI.POV.GINI,Gini index,index,2003,40,"World Bank World Development Indicators, SI.POV.GINI",2026-08-02
RUS,Russian Federation,SI.POV.GINI,Gini index,index,2002,37.3,"World Bank World Development Indicators, SI.POV.GINI",2026-08-02
RUS,Russian Federation,SI.POV.GINI,Gini index,index,2001,36.9,"World Bank World Development Indicators, SI.POV.GINI",2026-08-02
RUS,Russian Federation,SI.POV.GINI,Gini index,index,2000,37.1,"World Bank World Development Indicators, SI.POV.GINI",2026-08-02
RUS,Russian Federation,SI.POV.GINI,Gini index,index,1999,37.4,"World Bank World Development Indicators, SI.POV.GINI",2026-08-02
RUS,Russian Federation,SI.POV.GINI,Gini index,index,1998,38.1,"World Bank World Development Indicators, SI.POV.GINI",2026-08-02
RUS,Russian Federation,SI.POV.GINI,Gini index,index,1997,38.4,"World Bank World Development Indicators, SI.POV.GINI",2026-08-02
RUS,Russian Federation,SI.POV.GINI,Gini index,index,1996,46.1,"World Bank World Development Indicators, SI.POV.GINI",2026-08-02
RUS,Russian Federation,SI.POV.GINI,Gini index,index,1993,45.4,"World Bank World Development Indicators, SI.POV.GINI",2026-08-02
MDA,Moldova,SI.POV.GINI,Gini index,index,2023,26.8,"World Bank World Development Indicators, SI.POV.GINI",2026-08-02
MDA,Moldova,SI.POV.GINI,Gini index,index,2022,25.9,"World Bank World Development Indicators, SI.POV.GINI",2026-08-02
MDA,Moldova,SI.POV.GINI,Gini index,index,2021,25.7,"World Bank World Development Indicators, SI.POV.GINI",2026-08-02
MDA,Moldova,SI.POV.GINI,Gini index,index,2020,25,"World Bank World Development Indicators, SI.POV.GINI",2026-08-02
MDA,Moldova,SI.POV.GINI,Gini index,index,2019,26,"World Bank World Development Indicators, SI.POV.GINI",2026-08-02
MDA,Moldova,SI.POV.GINI,Gini index,index,2018,25.7,"World Bank World Development Indicators, SI.POV.GINI",2026-08-02
MDA,Moldova,SI.POV.GINI,Gini index,index,2017,25.9,"World Bank World Development Indicators, SI.POV.GINI",2026-08-02
MDA,Moldova,SI.POV.GINI,Gini index,index,2016,26.3,"World Bank World Development Indicators, SI.POV.GINI",2026-08-02
MDA,Moldova,SI.POV.GINI,Gini index,index,2015,27,"World Bank World Development Indicators, SI.POV.GINI",2026-08-02
MDA,Moldova,SI.POV.GINI,Gini index,index,2014,26.8,"World Bank World Development Indicators, SI.POV.GINI",2026-08-02
MDA,Moldova,SI.POV.GINI,Gini index,index,2013,28.5,"World Bank World Development Indicators, SI.POV.GINI",2026-08-02
MDA,Moldova,SI.POV.GINI,Gini index,index,2012,29.2,"World Bank World Development Indicators, SI.POV.GINI",2026-08-02
MDA,Moldova,SI.POV.GINI,Gini index,index,2011,30.6,"World Bank World Development Indicators, SI.POV.GINI",2026-08-02
MDA,Moldova,SI.POV.GINI,Gini index,index,2010,32.1,"World Bank World Development Indicators, SI.POV.GINI",2026-08-02
MDA,Moldova,SI.POV.GINI,Gini index,index,2009,32.9,"World Bank World Development Indicators, SI.POV.GINI",2026-08-02
MDA,Moldova,SI.POV.GINI,Gini index,index,2008,34.7,"World Bank World Development Indicators, SI.POV.GINI",2026-08-02
MDA,Moldova,SI.POV.GINI,Gini index,index,2007,34.4,"World Bank World Development Indicators, SI.POV.GINI",2026-08-02
MDA,Moldova,SI.POV.GINI,Gini index,index,2006,35.4,"World Bank World Development Indicators, SI.POV.GINI",2026-08-02
MDA,Moldova,SI.POV.GINI,Gini index,index,2005,36.3,"World Bank World Development Indicators, SI.POV.GINI",2026-08-02
MDA,Moldova,SI.POV.GINI,Gini index,index,2004,35,"World Bank World Development Indicators, SI.POV.GINI",2026-08-02
MDA,Moldova,SI.POV.GINI,Gini index,index,2003,34.9,"World Bank World Development Indicators, SI.POV.GINI",2026-08-02
MDA,Moldova,SI.POV.GINI,Gini index,index,2002,35.8,"World Bank World Development Indicators, SI.POV.GINI",2026-08-02
MDA,Moldova,SI.POV.GINI,Gini index,index,2001,38,"World Bank World Development Indicators, SI.POV.GINI",2026-08-02
MDA,Moldova,SI.POV.GINI,Gini index,index,2000,36.4,"World Bank World Development Indicators, SI.POV.GINI",2026-08-02
MDA,Moldova,SI.POV.GINI,Gini index,index,1999,42.6,"World Bank World Development Indicators, SI.POV.GINI",2026-08-02
MDA,Moldova,SI.POV.GINI,Gini index,index,1998,39.5,"World Bank World Development Indicators, SI.POV.GINI",2026-08-02
MDA,Moldova,SI.POV.GINI,Gini index,index,1997,36.9,"World Bank World Development Indicators, SI.POV.GINI",2026-08-02
