iso3,country,indicator_code,indicator_name,unit,year,value,source,retrieved
AUT,Austria,SP.POP.TOTL,"Population, total",count,1960,7047539,"World Bank World Development Indicators, SP.POP.TOTL",2026-08-02
AUT,Austria,SP.POP.TOTL,"Population, total",count,1961,7086299,"World Bank World Development Indicators, SP.POP.TOTL",2026-08-02
AUT,Austria,SP.POP.TOTL,"Population, total",count,1962,7129864,"World Bank World Development Indicators, SP.POP.TOTL",2026-08-02
AUT,Austria,SP.POP.TOTL,"Population, total",count,1963,7175811,"World Bank World Development Indicators, SP.POP.TOTL",2026-08-02
AUT,Austria,SP.POP.TOTL,"Population, total",count,1964,7223801,"World Bank World Development Indicators, SP.POP.TOTL",2026-08-02
AUT,Austria,SP.POP.TOTL,"Population, total",count,1965,7270889,"World Bank World Development Indicators, SP.POP.TOTL",2026-08-02
AUT,Austria,SP.POP.TOTL,"Population, total",count,1966,7322066,"World Bank World Development Indicators, SP.POP.TOTL",2026-08-02
AUT,Austria,SP.POP.TOTL,"Population, total",count,1967,7376998,"World Bank World Development Indicators, SP.POP.TOTL",2026-08-02
AUT,Austria,SP.POP.TOTL,"Population, total",count,1968,7415403,"World Bank World Development Indicators, SP.POP.TOTL",2026-08-02
AUT,Austria,SP.POP.TOTL,"Population, total",count,1969,7441055,"World Bank World Development Indicators, SP.POP.TOTL",2026-08-02
AUT,Austria,SP.POP.TOTL,"Population, total",count,1970,7467086,"World Bank World Development Indicators, SP.POP.TOTL",2026-08-02
AUT,Austria,SP.POP.TOTL,"Population, total",count,1971,7500482,"World Bank World Development Indicators, SP.POP.TOTL",2026-08-02
AUT,Austria,SP.POP.TOTL,"Population, total",count,1972,7544201,"World Bank World Development Indicators, SP.POP.TOTL",2026-08-02
AUT,Austria,SP.POP.TOTL,"Population, total",count,1973,7586115,"World Bank World Development Indicators, SP.POP.TOTL",2026-08-02
AUT,Austria,SP.POP.TOTL,"Population, total",count,1974,7599038,"World Bank World Development Indicators, SP.POP.TOTL",2026-08-02
AUT,Austria,SP.POP.TOTL,"Population, total",count,1975,7578903,"World Bank World Development Indicators, SP.POP.TOTL",2026-08-02
AUT,Austria,SP.POP.TOTL,"Population, total",count,1976,7565525,"World Bank World Development Indicators, SP.POP.TOTL",2026-08-02
AUT,Austria,SP.POP.TOTL,"Population, total",count,1977,7568430,"World Bank World Development Indicators, SP.POP.TOTL",2026-08-02
AUT,Austria,SP.POP.TOTL,"Population, total",count,1978,7562305,"World Bank World Development Indicators, SP.POP.TOTL",2026-08-02
AUT,Austria,SP.POP.TOTL,"Population, total",count,1979,7549425,"World Bank World Development Indicators, SP.POP.TOTL",2026-08-02
AUT,Austria,SP.POP.TOTL,"Population, total",count,1980,7549433,"World Bank World Development Indicators, SP.POP.TOTL",2026-08-02
AUT,Austria,SP.POP.TOTL,"Population, total",count,1981,7568710,"World Bank World Development Indicators, SP.POP.TOTL",2026-08-02
AUT,Austria,SP.POP.TOTL,"Population, total",count,1982,7574140,"World Bank World Development Indicators, SP.POP.TOTL",2026-08-02
AUT,Austria,SP.POP.TOTL,"Population, total",count,1983,7561910,"World Bank World Development Indicators, SP.POP.TOTL",2026-08-02
AUT,Austria,SP.POP.TOTL,"Population, total",count,1984,7561434,"World Bank World Development Indicators, SP.POP.TOTL",2026-08-02
AUT,Austria,SP.POP.TOTL,"Population, total",count,1985,7564985,"World Bank World Development Indicators, SP.POP.TOTL",2026-08-02
AUT,Austria,SP.POP.TOTL,"Population, total",count,1986,7569794,"World Bank World Development Indicators, SP.POP.TOTL",2026-08-02
AUT,Austria,SP.POP.TOTL,"Population, total",count,1987,7574586,"World Bank World Development Indicators, SP.POP.TOTL",2026-08-02
AUT,Austria,SP.POP.TOTL,"Population, total",count,1988,7585317,"World Bank World Development Indicators, SP.POP.TOTL",2026-08-02
AUT,Austria,SP.POP.TOTL,"Population, total",count,1989,7619567,"World Bank World Development Indicators, SP.POP.TOTL",2026-08-02
AUT,Austria,SP.POP.TOTL,"Population, total",count,1990,7677850,"World Bank World Development Indicators, SP.POP.TOTL",2026-08-02
AUT,Austria,SP.POP.TOTL,"Population, total",count,1991,7754891,"World Bank World Development Indicators, SP.POP.TOTL",2026-08-02
AUT,Austria,SP.POP.TOTL,"Population, total",count,1992,7840709,"World Bank World Development Indicators, SP.POP.TOTL",2026-08-02
AUT,Austria,SP.POP.TOTL,"Population, total",count,1993,7905633,"World Bank World Development Indicators, SP.POP.TOTL",2026-08-02
AUT,Austria,SP.POP.TOTL,"Population, total",count,1994,7936118,"World Bank World Development Indicators, SP.POP.TOTL",2026-08-02
AUT,Austria,SP.POP.TOTL,"Population, total",count,1995,7948278,"World Bank World Development Indicators, SP.POP.TOTL",2026-08-02
AUT,Austria,SP.POP.TOTL,"Population, total",count,1996,7959017,"World Bank World Development Indicators, SP.POP.TOTL",2026-08-02
AUT,Austria,SP.POP.TOTL,"Population, total",count,1997,7968041,"World Bank World Development Indicators, SP.POP.TOTL",2026-08-02
AUT,Austria,SP.POP.TOTL,"Population, total",count,1998,7976789,"World Bank World Development Indicators, SP.POP.TOTL",2026-08-02
AUT,Austria,SP.POP.TOTL,"Population, total",count,1999,7992324,"World Bank World Development Indicators, SP.POP.TOTL",2026-08-02
AUT,Austria,SP.POP.TOTL,"Population, total",count,2000,8011566,"World Bank World Development Indicators, SP.POP.TOTL",2026-08-02
AUT,Austria,SP.POP.TOTL,"Population, total",count,2001,8042293,"World Bank World Development Indicators, SP.POP.TOTL",2026-08-02
AUT,Austria,SP.POP.TOTL,"Population, total",count,2002,8081957,"World Bank World Development Indicators, SP.POP.TOTL",2026-08-02
AUT,Austria,SP.POP.TOTL,"Population, total",count,2003,8121423,"World Bank World Development Indicators, SP.POP.TOTL",2026-08-02
AUT,Austria,SP.POP.TOTL,"Population, total",count,2004,8171966,"World Bank World Development Indicators, SP.POP.TOTL",2026-08-02
AUT,Austria,SP.POP.TOTL,"Population, total",count,2005,8227829,"World Bank World Development Indicators, SP.POP.TOTL",2026-08-02
AUT,Austria,SP.POP.TOTL,"Population, total",count,2006,8268641,"World Bank World Development Indicators, SP.POP.TOTL",2026-08-02
AUT,Austria,SP.POP.TOTL,"Population, total",count,2007,8295487,"World Bank World Development Indicators, SP.POP.TOTL",2026-08-02
AUT,Austria,SP.POP.TOTL,"Population, total",count,2008,8321496,"World Bank World Development Indicators, SP.POP.TOTL",2026-08-02
AUT,Austria,SP.POP.TOTL,"Population, total",count,2009,8343323,"World Bank World Development Indicators, SP.POP.TOTL",2026-08-02
AUT,Austria,SP.POP.TOTL,"Population, total",count,2010,8363404,"World Bank World Development Indicators, SP.POP.TOTL",2026-08-02
AUT,Austria,SP.POP.TOTL,"Population, total",count,2011,8391643,"World Bank World Development Indicators, SP.POP.TOTL",2026-08-02
AUT,Austria,SP.POP.TOTL,"Population, total",count,2012,8429991,"World Bank World Development Indicators, SP.POP.TOTL",2026-08-02
AUT,Austria,SP.POP.TOTL,"Population, total",count,2013,8479823,"World Bank World Development Indicators, SP.POP.TOTL",2026-08-02
AUT,Austria,SP.POP.TOTL,"Population, total",count,2014,8546356,"World Bank World Development Indicators, SP.POP.TOTL",2026-08-02
AUT,Austria,SP.POP.TOTL,"Population, total",count,2015,8642699,"World Bank World Development Indicators, SP.POP.TOTL",2026-08-02
AUT,Austria,SP.POP.TOTL,"Population, total",count,2016,8736668,"World Bank World Development Indicators, SP.POP.TOTL",2026-08-02
AUT,Austria,SP.POP.TOTL,"Population, total",count,2017,8797566,"World Bank World Development Indicators, SP.POP.TOTL",2026-08-02
AUT,Austria,SP.POP.TOTL,"Population, total",count,2018,8840521,"World Bank World Development Indicators, SP.POP.TOTL",2026-08-02
AUT,Austria,SP.POP.TOTL,"Population, total",count,2019,8879920,"World Bank World Development Indicators, SP.POP.TOTL",2026-08-02
AUT,Austria,SP.POP.TOTL,"Population, total",count,2020,8916864,"World Bank World Development Indicators, SP.POP.TOTL",2026-08-02
AUT,Austria,SP.POP.TOTL,"Population, total",count,2021,8955797,"World Bank World Development Indicators, SP.POP.TOTL",2026-08-02
AUT,Austria,SP.POP.TOTL,"Population, total",count,2022,9041851,"World Bank World Development Indicators, SP.POP.TOTL",2026-08-02
AUT,Austria,SP.POP.TOTL,"Population, total",count,2023,9131761,"World Bank World Development Indicators, SP.POP.TOTL",2026-08-02
AUT,Austria,SP.POP.TOTL,"Population, total",count,2024,9177982,"World Bank World Development Indicators, SP.POP.TOTL",2026-08-02
AUT,Austria,SP.POP.TOTL,"Population, total",count,2025,9208163,"World Bank World Development Indicators, SP.POP.TOTL",2026-08-02
BEL,Belgium,SP.POP.TOTL,"Population, total",count,1960,9153489,"World Bank World Development Indicators, SP.POP.TOTL",2026-08-02
BEL,Belgium,SP.POP.TOTL,"Population, total",count,1961,9183948,"World Bank World Development Indicators, SP.POP.TOTL",2026-08-02
BEL,Belgium,SP.POP.TOTL,"Population, total",count,1962,9220578,"World Bank World Development Indicators, SP.POP.TOTL",2026-08-02
BEL,Belgium,SP.POP.TOTL,"Population, total",count,1963,9289770,"World Bank World Development Indicators, SP.POP.TOTL",2026-08-02
BEL,Belgium,SP.POP.TOTL,"Population, total",count,1964,9378113,"World Bank World Development Indicators, SP.POP.TOTL",2026-08-02
BEL,Belgium,SP.POP.TOTL,"Population, total",count,1965,9463667,"World Bank World Development Indicators, SP.POP.TOTL",2026-08-02
BEL,Belgium,SP.POP.TOTL,"Population, total",count,1966,9527807,"World Bank World Development Indicators, SP.POP.TOTL",2026-08-02
BEL,Belgium,SP.POP.TOTL,"Population, total",count,1967,9580991,"World Bank World Development Indicators, SP.POP.TOTL",2026-08-02
BEL,Belgium,SP.POP.TOTL,"Population, total",count,1968,9618756,"World Bank World Development Indicators, SP.POP.TOTL",2026-08-02
BEL,Belgium,SP.POP.TOTL,"Population, total",count,1969,9646032,"World Bank World Development Indicators, SP.POP.TOTL",2026-08-02
BEL,Belgium,SP.POP.TOTL,"Population, total",count,1970,9655549,"World Bank World Development Indicators, SP.POP.TOTL",2026-08-02
BEL,Belgium,SP.POP.TOTL,"Population, total",count,1971,9673162,"World Bank World Development Indicators, SP.POP.TOTL",2026-08-02
BEL,Belgium,SP.POP.TOTL,"Population, total",count,1972,9711115,"World Bank World Development Indicators, SP.POP.TOTL",2026-08-02
BEL,Belgium,SP.POP.TOTL,"Population, total",count,1973,9741720,"World Bank World Development Indicators, SP.POP.TOTL",2026-08-02
BEL,Belgium,SP.POP.TOTL,"Population, total",count,1974,9772419,"World Bank World Development Indicators, SP.POP.TOTL",2026-08-02
BEL,Belgium,SP.POP.TOTL,"Population, total",count,1975,9800700,"World Bank World Development Indicators, SP.POP.TOTL",2026-08-02
BEL,Belgium,SP.POP.TOTL,"Population, total",count,1976,9818227,"World Bank World Development Indicators, SP.POP.TOTL",2026-08-02
BEL,Belgium,SP.POP.TOTL,"Population, total",count,1977,9830358,"World Bank World Development Indicators, SP.POP.TOTL",2026-08-02
BEL,Belgium,SP.POP.TOTL,"Population, total",count,1978,9839534,"World Bank World Development Indicators, SP.POP.TOTL",2026-08-02
BEL,Belgium,SP.POP.TOTL,"Population, total",count,1979,9848382,"World Bank World Development Indicators, SP.POP.TOTL",2026-08-02
BEL,Belgium,SP.POP.TOTL,"Population, total",count,1980,9859242,"World Bank World Development Indicators, SP.POP.TOTL",2026-08-02
BEL,Belgium,SP.POP.TOTL,"Population, total",count,1981,9858982,"World Bank World Development Indicators, SP.POP.TOTL",2026-08-02
BEL,Belgium,SP.POP.TOTL,"Population, total",count,1982,9856303,"World Bank World Development Indicators, SP.POP.TOTL",2026-08-02
BEL,Belgium,SP.POP.TOTL,"Population, total",count,1983,9855520,"World Bank World Development Indicators, SP.POP.TOTL",2026-08-02
BEL,Belgium,SP.POP.TOTL,"Population, total",count,1984,9855372,"World Bank World Development Indicators, SP.POP.TOTL",2026-08-02
BEL,Belgium,SP.POP.TOTL,"Population, total",count,1985,9858308,"World Bank World Development Indicators, SP.POP.TOTL",2026-08-02
BEL,Belgium,SP.POP.TOTL,"Population, total",count,1986,9861823,"World Bank World Development Indicators, SP.POP.TOTL",2026-08-02
BEL,Belgium,SP.POP.TOTL,"Population, total",count,1987,9870234,"World Bank World Development Indicators, SP.POP.TOTL",2026-08-02
BEL,Belgium,SP.POP.TOTL,"Population, total",count,1988,9901664,"World Bank World Development Indicators, SP.POP.TOTL",2026-08-02
BEL,Belgium,SP.POP.TOTL,"Population, total",count,1989,9937697,"World Bank World Development Indicators, SP.POP.TOTL",2026-08-02
BEL,Belgium,SP.POP.TOTL,"Population, total",count,1990,9967379,"World Bank World Development Indicators, SP.POP.TOTL",2026-08-02
BEL,Belgium,SP.POP.TOTL,"Population, total",count,1991,10004486,"World Bank World Development Indicators, SP.POP.TOTL",2026-08-02
BEL,Belgium,SP.POP.TOTL,"Population, total",count,1992,10045158,"World Bank World Development Indicators, SP.POP.TOTL",2026-08-02
BEL,Belgium,SP.POP.TOTL,"Population, total",count,1993,10084475,"World Bank World Development Indicators, SP.POP.TOTL",2026-08-02
BEL,Belgium,SP.POP.TOTL,"Population, total",count,1994,10115603,"World Bank World Development Indicators, SP.POP.TOTL",2026-08-02
BEL,Belgium,SP.POP.TOTL,"Population, total",count,1995,10136811,"World Bank World Development Indicators, SP.POP.TOTL",2026-08-02
BEL,Belgium,SP.POP.TOTL,"Population, total",count,1996,10156637,"World Bank World Development Indicators, SP.POP.TOTL",2026-08-02
BEL,Belgium,SP.POP.TOTL,"Population, total",count,1997,10181245,"World Bank World Development Indicators, SP.POP.TOTL",2026-08-02
BEL,Belgium,SP.POP.TOTL,"Population, total",count,1998,10203008,"World Bank World Development Indicators, SP.POP.TOTL",2026-08-02
BEL,Belgium,SP.POP.TOTL,"Population, total",count,1999,10226419,"World Bank World Development Indicators, SP.POP.TOTL",2026-08-02
BEL,Belgium,SP.POP.TOTL,"Population, total",count,2000,10251250,"World Bank World Development Indicators, SP.POP.TOTL",2026-08-02
BEL,Belgium,SP.POP.TOTL,"Population, total",count,2001,10286570,"World Bank World Development Indicators, SP.POP.TOTL",2026-08-02
BEL,Belgium,SP.POP.TOTL,"Population, total",count,2002,10332785,"World Bank World Development Indicators, SP.POP.TOTL",2026-08-02
BEL,Belgium,SP.POP.TOTL,"Population, total",count,2003,10376133,"World Bank World Development Indicators, SP.POP.TOTL",2026-08-02
BEL,Belgium,SP.POP.TOTL,"Population, total",count,2004,10421137,"World Bank World Development Indicators, SP.POP.TOTL",2026-08-02
BEL,Belgium,SP.POP.TOTL,"Population, total",count,2005,10478617,"World Bank World Development Indicators, SP.POP.TOTL",2026-08-02
BEL,Belgium,SP.POP.TOTL,"Population, total",count,2006,10547958,"World Bank World Development Indicators, SP.POP.TOTL",2026-08-02
BEL,Belgium,SP.POP.TOTL,"Population, total",count,2007,10625700,"World Bank World Development Indicators, SP.POP.TOTL",2026-08-02
BEL,Belgium,SP.POP.TOTL,"Population, total",count,2008,10709973,"World Bank World Development Indicators, SP.POP.TOTL",2026-08-02
BEL,Belgium,SP.POP.TOTL,"Population, total",count,2009,10796493,"World Bank World Development Indicators, SP.POP.TOTL",2026-08-02
BEL,Belgium,SP.POP.TOTL,"Population, total",count,2010,10895586,"World Bank World Development Indicators, SP.POP.TOTL",2026-08-02
BEL,Belgium,SP.POP.TOTL,"Population, total",count,2011,11038264,"World Bank World Development Indicators, SP.POP.TOTL",2026-08-02
BEL,Belgium,SP.POP.TOTL,"Population, total",count,2012,11106932,"World Bank World Development Indicators, SP.POP.TOTL",2026-08-02
BEL,Belgium,SP.POP.TOTL,"Population, total",count,2013,11159407,"World Bank World Development Indicators, SP.POP.TOTL",2026-08-02
BEL,Belgium,SP.POP.TOTL,"Population, total",count,2014,11209057,"World Bank World Development Indicators, SP.POP.TOTL",2026-08-02
BEL,Belgium,SP.POP.TOTL,"Population, total",count,2015,11274196,"World Bank World Development Indicators, SP.POP.TOTL",2026-08-02
BEL,Belgium,SP.POP.TOTL,"Population, total",count,2016,11331422,"World Bank World Development Indicators, SP.POP.TOTL",2026-08-02
BEL,Belgium,SP.POP.TOTL,"Population, total",count,2017,11375158,"World Bank World Development Indicators, SP.POP.TOTL",2026-08-02
BEL,Belgium,SP.POP.TOTL,"Population, total",count,2018,11427054,"World Bank World Development Indicators, SP.POP.TOTL",2026-08-02
BEL,Belgium,SP.POP.TOTL,"Population, total",count,2019,11488980,"World Bank World Development Indicators, SP.POP.TOTL",2026-08-02
BEL,Belgium,SP.POP.TOTL,"Population, total",count,2020,11538604,"World Bank World Development Indicators, SP.POP.TOTL",2026-08-02
BEL,Belgium,SP.POP.TOTL,"Population, total",count,2021,11586195,"World Bank World Development Indicators, SP.POP.TOTL",2026-08-02
BEL,Belgium,SP.POP.TOTL,"Population, total",count,2022,11680210,"World Bank World Development Indicators, SP.POP.TOTL",2026-08-02
BEL,Belgium,SP.POP.TOTL,"Population, total",count,2023,11779946,"World Bank World Development Indicators, SP.POP.TOTL",2026-08-02
BEL,Belgium,SP.POP.TOTL,"Population, total",count,2024,11858610,"World Bank World Development Indicators, SP.POP.TOTL",2026-08-02
BEL,Belgium,SP.POP.TOTL,"Population, total",count,2025,11941781,"World Bank World Development Indicators, SP.POP.TOTL",2026-08-02
BGR,Bulgaria,SP.POP.TOTL,"Population, total",count,1960,7867374,"World Bank World Development Indicators, SP.POP.TOTL",2026-08-02
BGR,Bulgaria,SP.POP.TOTL,"Population, total",count,1961,7943118,"World Bank World Development Indicators, SP.POP.TOTL",2026-08-02
BGR,Bulgaria,SP.POP.TOTL,"Population, total",count,1962,8012946,"World Bank World Development Indicators, SP.POP.TOTL",2026-08-02
BGR,Bulgaria,SP.POP.TOTL,"Population, total",count,1963,8078145,"World Bank World Development Indicators, SP.POP.TOTL",2026-08-02
BGR,Bulgaria,SP.POP.TOTL,"Population, total",count,1964,8144340,"World Bank World Development Indicators, SP.POP.TOTL",2026-08-02
BGR,Bulgaria,SP.POP.TOTL,"Population, total",count,1965,8204168,"World Bank World Development Indicators, SP.POP.TOTL",2026-08-02
BGR,Bulgaria,SP.POP.TOTL,"Population, total",count,1966,8258057,"World Bank World Development Indicators, SP.POP.TOTL",2026-08-02
BGR,Bulgaria,SP.POP.TOTL,"Population, total",count,1967,8310226,"World Bank World Development Indicators, SP.POP.TOTL",2026-08-02
BGR,Bulgaria,SP.POP.TOTL,"Population, total",count,1968,8369603,"World Bank World Development Indicators, SP.POP.TOTL",2026-08-02
BGR,Bulgaria,SP.POP.TOTL,"Population, total",count,1969,8434172,"World Bank World Development Indicators, SP.POP.TOTL",2026-08-02
BGR,Bulgaria,SP.POP.TOTL,"Population, total",count,1970,8489574,"World Bank World Development Indicators, SP.POP.TOTL",2026-08-02
BGR,Bulgaria,SP.POP.TOTL,"Population, total",count,1971,8536395,"World Bank World Development Indicators, SP.POP.TOTL",2026-08-02
BGR,Bulgaria,SP.POP.TOTL,"Population, total",count,1972,8576200,"World Bank World Development Indicators, SP.POP.TOTL",2026-08-02
BGR,Bulgaria,SP.POP.TOTL,"Population, total",count,1973,8620967,"World Bank World Development Indicators, SP.POP.TOTL",2026-08-02
BGR,Bulgaria,SP.POP.TOTL,"Population, total",count,1974,8678745,"World Bank World Development Indicators, SP.POP.TOTL",2026-08-02
BGR,Bulgaria,SP.POP.TOTL,"Population, total",count,1975,8720742,"World Bank World Development Indicators, SP.POP.TOTL",2026-08-02
BGR,Bulgaria,SP.POP.TOTL,"Population, total",count,1976,8758599,"World Bank World Development Indicators, SP.POP.TOTL",2026-08-02
BGR,Bulgaria,SP.POP.TOTL,"Population, total",count,1977,8804183,"World Bank World Development Indicators, SP.POP.TOTL",2026-08-02
BGR,Bulgaria,SP.POP.TOTL,"Population, total",count,1978,8814032,"World Bank World Development Indicators, SP.POP.TOTL",2026-08-02
BGR,Bulgaria,SP.POP.TOTL,"Population, total",count,1979,8825940,"World Bank World Development Indicators, SP.POP.TOTL",2026-08-02
BGR,Bulgaria,SP.POP.TOTL,"Population, total",count,1980,8861535,"World Bank World Development Indicators, SP.POP.TOTL",2026-08-02
BGR,Bulgaria,SP.POP.TOTL,"Population, total",count,1981,8891117,"World Bank World Development Indicators, SP.POP.TOTL",2026-08-02
BGR,Bulgaria,SP.POP.TOTL,"Population, total",count,1982,8917457,"World Bank World Development Indicators, SP.POP.TOTL",2026-08-02
BGR,Bulgaria,SP.POP.TOTL,"Population, total",count,1983,8939738,"World Bank World Development Indicators, SP.POP.TOTL",2026-08-02
BGR,Bulgaria,SP.POP.TOTL,"Population, total",count,1984,8960679,"World Bank World Development Indicators, SP.POP.TOTL",2026-08-02
BGR,Bulgaria,SP.POP.TOTL,"Population, total",count,1985,8960547,"World Bank World Development Indicators, SP.POP.TOTL",2026-08-02
BGR,Bulgaria,SP.POP.TOTL,"Population, total",count,1986,8958171,"World Bank World Development Indicators, SP.POP.TOTL",2026-08-02
BGR,Bulgaria,SP.POP.TOTL,"Population, total",count,1987,8971359,"World Bank World Development Indicators, SP.POP.TOTL",2026-08-02
BGR,Bulgaria,SP.POP.TOTL,"Population, total",count,1988,8981446,"World Bank World Development Indicators, SP.POP.TOTL",2026-08-02
BGR,Bulgaria,SP.POP.TOTL,"Population, total",count,1989,8876972,"World Bank World Development Indicators, SP.POP.TOTL",2026-08-02
BGR,Bulgaria,SP.POP.TOTL,"Population, total",count,1990,8718289,"World Bank World Development Indicators, SP.POP.TOTL",2026-08-02
BGR,Bulgaria,SP.POP.TOTL,"Population, total",count,1991,8632367,"World Bank World Development Indicators, SP.POP.TOTL",2026-08-02
BGR,Bulgaria,SP.POP.TOTL,"Population, total",count,1992,8540164,"World Bank World Development Indicators, SP.POP.TOTL",2026-08-02
BGR,Bulgaria,SP.POP.TOTL,"Population, total",count,1993,8472313,"World Bank World Development Indicators, SP.POP.TOTL",2026-08-02
BGR,Bulgaria,SP.POP.TOTL,"Population, total",count,1994,8443591,"World Bank World Development Indicators, SP.POP.TOTL",2026-08-02
BGR,Bulgaria,SP.POP.TOTL,"Population, total",count,1995,8406067,"World Bank World Development Indicators, SP.POP.TOTL",2026-08-02
BGR,Bulgaria,SP.POP.TOTL,"Population, total",count,1996,8362826,"World Bank World Development Indicators, SP.POP.TOTL",2026-08-02
BGR,Bulgaria,SP.POP.TOTL,"Population, total",count,1997,8312068,"World Bank World Development Indicators, SP.POP.TOTL",2026-08-02
BGR,Bulgaria,SP.POP.TOTL,"Population, total",count,1998,8256786,"World Bank World Development Indicators, SP.POP.TOTL",2026-08-02
BGR,Bulgaria,SP.POP.TOTL,"Population, total",count,1999,8210624,"World Bank World Development Indicators, SP.POP.TOTL",2026-08-02
BGR,Bulgaria,SP.POP.TOTL,"Population, total",count,2000,8170172,"World Bank World Development Indicators, SP.POP.TOTL",2026-08-02
BGR,Bulgaria,SP.POP.TOTL,"Population, total",count,2001,8009142,"World Bank World Development Indicators, SP.POP.TOTL",2026-08-02
BGR,Bulgaria,SP.POP.TOTL,"Population, total",count,2002,7837161,"World Bank World Development Indicators, SP.POP.TOTL",2026-08-02
BGR,Bulgaria,SP.POP.TOTL,"Population, total",count,2003,7775327,"World Bank World Development Indicators, SP.POP.TOTL",2026-08-02
BGR,Bulgaria,SP.POP.TOTL,"Population, total",count,2004,7716860,"World Bank World Development Indicators, SP.POP.TOTL",2026-08-02
BGR,Bulgaria,SP.POP.TOTL,"Population, total",count,2005,7658972,"World Bank World Development Indicators, SP.POP.TOTL",2026-08-02
BGR,Bulgaria,SP.POP.TOTL,"Population, total",count,2006,7601022,"World Bank World Development Indicators, SP.POP.TOTL",2026-08-02
BGR,Bulgaria,SP.POP.TOTL,"Population, total",count,2007,7545338,"World Bank World Development Indicators, SP.POP.TOTL",2026-08-02
BGR,Bulgaria,SP.POP.TOTL,"Population, total",count,2008,7492561,"World Bank World Development Indicators, SP.POP.TOTL",2026-08-02
BGR,Bulgaria,SP.POP.TOTL,"Population, total",count,2009,7444443,"World Bank World Development Indicators, SP.POP.TOTL",2026-08-02
BGR,Bulgaria,SP.POP.TOTL,"Population, total",count,2010,7395599,"World Bank World Development Indicators, SP.POP.TOTL",2026-08-02
BGR,Bulgaria,SP.POP.TOTL,"Population, total",count,2011,7348328,"World Bank World Development Indicators, SP.POP.TOTL",2026-08-02
BGR,Bulgaria,SP.POP.TOTL,"Population, total",count,2012,7305888,"World Bank World Development Indicators, SP.POP.TOTL",2026-08-02
BGR,Bulgaria,SP.POP.TOTL,"Population, total",count,2013,7160005,"World Bank World Development Indicators, SP.POP.TOTL",2026-08-02
BGR,Bulgaria,SP.POP.TOTL,"Population, total",count,2014,7073572,"World Bank World Development Indicators, SP.POP.TOTL",2026-08-02
BGR,Bulgaria,SP.POP.TOTL,"Population, total",count,2015,6984225,"World Bank World Development Indicators, SP.POP.TOTL",2026-08-02
BGR,Bulgaria,SP.POP.TOTL,"Population, total",count,2016,6894139,"World Bank World Development Indicators, SP.POP.TOTL",2026-08-02
BGR,Bulgaria,SP.POP.TOTL,"Population, total",count,2017,6803468,"World Bank World Development Indicators, SP.POP.TOTL",2026-08-02
BGR,Bulgaria,SP.POP.TOTL,"Population, total",count,2018,6710798,"World Bank World Development Indicators, SP.POP.TOTL",2026-08-02
BGR,Bulgaria,SP.POP.TOTL,"Population, total",count,2019,6616726,"World Bank World Development Indicators, SP.POP.TOTL",2026-08-02
BGR,Bulgaria,SP.POP.TOTL,"Population, total",count,2020,6550696,"World Bank World Development Indicators, SP.POP.TOTL",2026-08-02
BGR,Bulgaria,SP.POP.TOTL,"Population, total",count,2021,6507301,"World Bank World Development Indicators, SP.POP.TOTL",2026-08-02
BGR,Bulgaria,SP.POP.TOTL,"Population, total",count,2022,6465097,"World Bank World Development Indicators, SP.POP.TOTL",2026-08-02
BGR,Bulgaria,SP.POP.TOTL,"Population, total",count,2023,6446596,"World Bank World Development Indicators, SP.POP.TOTL",2026-08-02
BGR,Bulgaria,SP.POP.TOTL,"Population, total",count,2024,6441421,"World Bank World Development Indicators, SP.POP.TOTL",2026-08-02
BGR,Bulgaria,SP.POP.TOTL,"Population, total",count,2025,6433302,"World Bank World Development Indicators, SP.POP.TOTL",2026-08-02
HRV,Croatia,SP.POP.TOTL,"Population, total",count,1960,4140181,"World Bank World Development Indicators, SP.POP.TOTL",2026-08-02
HRV,Croatia,SP.POP.TOTL,"Population, total",count,1961,4167292,"World Bank World Development Indicators, SP.POP.TOTL",2026-08-02
HRV,Croatia,SP.POP.TOTL,"Population, total",count,1962,4196712,"World Bank World Development Indicators, SP.POP.TOTL",2026-08-02
HRV,Croatia,SP.POP.TOTL,"Population, total",count,1963,4225675,"World Bank World Development Indicators, SP.POP.TOTL",2026-08-02
HRV,Croatia,SP.POP.TOTL,"Population, total",count,1964,4252876,"World Bank World Development Indicators, SP.POP.TOTL",2026-08-02
HRV,Croatia,SP.POP.TOTL,"Population, total",count,1965,4280923,"World Bank World Development Indicators, SP.POP.TOTL",2026-08-02
HRV,Croatia,SP.POP.TOTL,"Population, total",count,1966,4310701,"World Bank World Development Indicators, SP.POP.TOTL",2026-08-02
HRV,Croatia,SP.POP.TOTL,"Population, total",count,1967,4338683,"World Bank World Development Indicators, SP.POP.TOTL",2026-08-02
HRV,Croatia,SP.POP.TOTL,"Population, total",count,1968,4365628,"World Bank World Development Indicators, SP.POP.TOTL",2026-08-02
HRV,Croatia,SP.POP.TOTL,"Population, total",count,1969,4391490,"World Bank World Development Indicators, SP.POP.TOTL",2026-08-02
HRV,Croatia,SP.POP.TOTL,"Population, total",count,1970,4412252,"World Bank World Development Indicators, SP.POP.TOTL",2026-08-02
HRV,Croatia,SP.POP.TOTL,"Population, total",count,1971,4431275,"World Bank World Development Indicators, SP.POP.TOTL",2026-08-02
HRV,Croatia,SP.POP.TOTL,"Population, total",count,1972,4450564,"World Bank World Development Indicators, SP.POP.TOTL",2026-08-02
HRV,Croatia,SP.POP.TOTL,"Population, total",count,1973,4470161,"World Bank World Development Indicators, SP.POP.TOTL",2026-08-02
HRV,Croatia,SP.POP.TOTL,"Population, total",count,1974,4490660,"World Bank World Development Indicators, SP.POP.TOTL",2026-08-02
HRV,Croatia,SP.POP.TOTL,"Population, total",count,1975,4512082,"World Bank World Development Indicators, SP.POP.TOTL",2026-08-02
HRV,Croatia,SP.POP.TOTL,"Population, total",count,1976,4535934,"World Bank World Development Indicators, SP.POP.TOTL",2026-08-02
HRV,Croatia,SP.POP.TOTL,"Population, total",count,1977,4559571,"World Bank World Development Indicators, SP.POP.TOTL",2026-08-02
HRV,Croatia,SP.POP.TOTL,"Population, total",count,1978,4581085,"World Bank World Development Indicators, SP.POP.TOTL",2026-08-02
HRV,Croatia,SP.POP.TOTL,"Population, total",count,1979,4594778,"World Bank World Development Indicators, SP.POP.TOTL",2026-08-02
HRV,Croatia,SP.POP.TOTL,"Population, total",count,1980,4599782,"World Bank World Development Indicators, SP.POP.TOTL",2026-08-02
HRV,Croatia,SP.POP.TOTL,"Population, total",count,1981,4611509,"World Bank World Development Indicators, SP.POP.TOTL",2026-08-02
HRV,Croatia,SP.POP.TOTL,"Population, total",count,1982,4634234,"World Bank World Development Indicators, SP.POP.TOTL",2026-08-02
HRV,Croatia,SP.POP.TOTL,"Population, total",count,1983,4658254,"World Bank World Development Indicators, SP.POP.TOTL",2026-08-02
HRV,Croatia,SP.POP.TOTL,"Population, total",count,1984,4680285,"World Bank World Development Indicators, SP.POP.TOTL",2026-08-02
HRV,Croatia,SP.POP.TOTL,"Population, total",count,1985,4701417,"World Bank World Development Indicators, SP.POP.TOTL",2026-08-02
HRV,Croatia,SP.POP.TOTL,"Population, total",count,1986,4721446,"World Bank World Development Indicators, SP.POP.TOTL",2026-08-02
HRV,Croatia,SP.POP.TOTL,"Population, total",count,1987,4739745,"World Bank World Development Indicators, SP.POP.TOTL",2026-08-02
HRV,Croatia,SP.POP.TOTL,"Population, total",count,1988,4755207,"World Bank World Development Indicators, SP.POP.TOTL",2026-08-02
HRV,Croatia,SP.POP.TOTL,"Population, total",count,1989,4767260,"World Bank World Development Indicators, SP.POP.TOTL",2026-08-02
HRV,Croatia,SP.POP.TOTL,"Population, total",count,1990,4777368,"World Bank World Development Indicators, SP.POP.TOTL",2026-08-02
HRV,Croatia,SP.POP.TOTL,"Population, total",count,1991,4689022,"World Bank World Development Indicators, SP.POP.TOTL",2026-08-02
HRV,Croatia,SP.POP.TOTL,"Population, total",count,1992,4575818,"World Bank World Development Indicators, SP.POP.TOTL",2026-08-02
HRV,Croatia,SP.POP.TOTL,"Population, total",count,1993,4600463,"World Bank World Development Indicators, SP.POP.TOTL",2026-08-02
HRV,Croatia,SP.POP.TOTL,"Population, total",count,1994,4652024,"World Bank World Development Indicators, SP.POP.TOTL",2026-08-02
HRV,Croatia,SP.POP.TOTL,"Population, total",count,1995,4620030,"World Bank World Development Indicators, SP.POP.TOTL",2026-08-02
HRV,Croatia,SP.POP.TOTL,"Population, total",count,1996,4557097,"World Bank World Development Indicators, SP.POP.TOTL",2026-08-02
HRV,Croatia,SP.POP.TOTL,"Population, total",count,1997,4534920,"World Bank World Development Indicators, SP.POP.TOTL",2026-08-02
HRV,Croatia,SP.POP.TOTL,"Population, total",count,1998,4532135,"World Bank World Development Indicators, SP.POP.TOTL",2026-08-02
HRV,Croatia,SP.POP.TOTL,"Population, total",count,1999,4512597,"World Bank World Development Indicators, SP.POP.TOTL",2026-08-02
HRV,Croatia,SP.POP.TOTL,"Population, total",count,2000,4468302,"World Bank World Development Indicators, SP.POP.TOTL",2026-08-02
HRV,Croatia,SP.POP.TOTL,"Population, total",count,2001,4299642,"World Bank World Development Indicators, SP.POP.TOTL",2026-08-02
HRV,Croatia,SP.POP.TOTL,"Population, total",count,2002,4302174,"World Bank World Development Indicators, SP.POP.TOTL",2026-08-02
HRV,Croatia,SP.POP.TOTL,"Population, total",count,2003,4303399,"World Bank World Development Indicators, SP.POP.TOTL",2026-08-02
HRV,Croatia,SP.POP.TOTL,"Population, total",count,2004,4304600,"World Bank World Development Indicators, SP.POP.TOTL",2026-08-02
HRV,Croatia,SP.POP.TOTL,"Population, total",count,2005,4310145,"World Bank World Development Indicators, SP.POP.TOTL",2026-08-02
HRV,Croatia,SP.POP.TOTL,"Population, total",count,2006,4311159,"World Bank World Development Indicators, SP.POP.TOTL",2026-08-02
HRV,Croatia,SP.POP.TOTL,"Population, total",count,2007,4310217,"World Bank World Development Indicators, SP.POP.TOTL",2026-08-02
HRV,Croatia,SP.POP.TOTL,"Population, total",count,2008,4309705,"World Bank World Development Indicators, SP.POP.TOTL",2026-08-02
HRV,Croatia,SP.POP.TOTL,"Population, total",count,2009,4305181,"World Bank World Development Indicators, SP.POP.TOTL",2026-08-02
HRV,Croatia,SP.POP.TOTL,"Population, total",count,2010,4295427,"World Bank World Development Indicators, SP.POP.TOTL",2026-08-02
HRV,Croatia,SP.POP.TOTL,"Population, total",count,2011,4280622,"World Bank World Development Indicators, SP.POP.TOTL",2026-08-02
HRV,Croatia,SP.POP.TOTL,"Population, total",count,2012,4260368,"World Bank World Development Indicators, SP.POP.TOTL",2026-08-02
HRV,Croatia,SP.POP.TOTL,"Population, total",count,2013,4233922,"World Bank World Development Indicators, SP.POP.TOTL",2026-08-02
HRV,Croatia,SP.POP.TOTL,"Population, total",count,2014,4201598,"World Bank World Development Indicators, SP.POP.TOTL",2026-08-02
HRV,Croatia,SP.POP.TOTL,"Population, total",count,2015,4151725,"World Bank World Development Indicators, SP.POP.TOTL",2026-08-02
HRV,Croatia,SP.POP.TOTL,"Population, total",count,2016,4106867,"World Bank World Development Indicators, SP.POP.TOTL",2026-08-02
HRV,Croatia,SP.POP.TOTL,"Population, total",count,2017,4041407,"World Bank World Development Indicators, SP.POP.TOTL",2026-08-02
HRV,Croatia,SP.POP.TOTL,"Population, total",count,2018,3988775,"World Bank World Development Indicators, SP.POP.TOTL",2026-08-02
HRV,Croatia,SP.POP.TOTL,"Population, total",count,2019,3949390,"World Bank World Development Indicators, SP.POP.TOTL",2026-08-02
HRV,Croatia,SP.POP.TOTL,"Population, total",count,2020,3914206,"World Bank World Development Indicators, SP.POP.TOTL",2026-08-02
HRV,Croatia,SP.POP.TOTL,"Population, total",count,2021,3878981,"World Bank World Development Indicators, SP.POP.TOTL",2026-08-02
HRV,Croatia,SP.POP.TOTL,"Population, total",count,2022,3855641,"World Bank World Development Indicators, SP.POP.TOTL",2026-08-02
HRV,Croatia,SP.POP.TOTL,"Population, total",count,2023,3859686,"World Bank World Development Indicators, SP.POP.TOTL",2026-08-02
HRV,Croatia,SP.POP.TOTL,"Population, total",count,2024,3866200,"World Bank World Development Indicators, SP.POP.TOTL",2026-08-02
HRV,Croatia,SP.POP.TOTL,"Population, total",count,2025,3876200,"World Bank World Development Indicators, SP.POP.TOTL",2026-08-02
CYP,Cyprus,SP.POP.TOTL,"Population, total",count,1960,586490,"World Bank World Development Indicators, SP.POP.TOTL",2026-08-02
CYP,Cyprus,SP.POP.TOTL,"Population, total",count,1961,595514,"World Bank World Development Indicators, SP.POP.TOTL",2026-08-02
CYP,Cyprus,SP.POP.TOTL,"Population, total",count,1962,601466,"World Bank World Development Indicators, SP.POP.TOTL",2026-08-02
CYP,Cyprus,SP.POP.TOTL,"Population, total",count,1963,607252,"World Bank World Development Indicators, SP.POP.TOTL",2026-08-02
CYP,Cyprus,SP.POP.TOTL,"Population, total",count,1964,612521,"World Bank World Development Indicators, SP.POP.TOTL",2026-08-02
CYP,Cyprus,SP.POP.TOTL,"Population, total",count,1965,617736,"World Bank World Development Indicators, SP.POP.TOTL",2026-08-02
CYP,Cyprus,SP.POP.TOTL,"Population, total",count,1966,623390,"World Bank World Development Indicators, SP.POP.TOTL",2026-08-02
CYP,Cyprus,SP.POP.TOTL,"Population, total",count,1967,629251,"World Bank World Development Indicators, SP.POP.TOTL",2026-08-02
CYP,Cyprus,SP.POP.TOTL,"Population, total",count,1968,635157,"World Bank World Development Indicators, SP.POP.TOTL",2026-08-02
CYP,Cyprus,SP.POP.TOTL,"Population, total",count,1969,641189,"World Bank World Development Indicators, SP.POP.TOTL",2026-08-02
CYP,Cyprus,SP.POP.TOTL,"Population, total",count,1970,647446,"World Bank World Development Indicators, SP.POP.TOTL",2026-08-02
CYP,Cyprus,SP.POP.TOTL,"Population, total",count,1971,654050,"World Bank World Development Indicators, SP.POP.TOTL",2026-08-02
CYP,Cyprus,SP.POP.TOTL,"Population, total",count,1972,661063,"World Bank World Development Indicators, SP.POP.TOTL",2026-08-02
CYP,Cyprus,SP.POP.TOTL,"Population, total",count,1973,665937,"World Bank World Development Indicators, SP.POP.TOTL",2026-08-02
CYP,Cyprus,SP.POP.TOTL,"Population, total",count,1974,663254,"World Bank World Development Indicators, SP.POP.TOTL",2026-08-02
CYP,Cyprus,SP.POP.TOTL,"Population, total",count,1975,659405,"World Bank World Development Indicators, SP.POP.TOTL",2026-08-02
CYP,Cyprus,SP.POP.TOTL,"Population, total",count,1976,662032,"World Bank World Development Indicators, SP.POP.TOTL",2026-08-02
CYP,Cyprus,SP.POP.TOTL,"Population, total",count,1977,667101,"World Bank World Development Indicators, SP.POP.TOTL",2026-08-02
CYP,Cyprus,SP.POP.TOTL,"Population, total",count,1978,672249,"World Bank World Development Indicators, SP.POP.TOTL",2026-08-02
CYP,Cyprus,SP.POP.TOTL,"Population, total",count,1979,677549,"World Bank World Development Indicators, SP.POP.TOTL",2026-08-02
CYP,Cyprus,SP.POP.TOTL,"Population, total",count,1980,683076,"World Bank World Development Indicators, SP.POP.TOTL",2026-08-02
CYP,Cyprus,SP.POP.TOTL,"Population, total",count,1981,688893,"World Bank World Development Indicators, SP.POP.TOTL",2026-08-02
CYP,Cyprus,SP.POP.TOTL,"Population, total",count,1982,696497,"World Bank World Development Indicators, SP.POP.TOTL",2026-08-02
CYP,Cyprus,SP.POP.TOTL,"Population, total",count,1983,707225,"World Bank World Development Indicators, SP.POP.TOTL",2026-08-02
CYP,Cyprus,SP.POP.TOTL,"Population, total",count,1984,719334,"World Bank World Development Indicators, SP.POP.TOTL",2026-08-02
CYP,Cyprus,SP.POP.TOTL,"Population, total",count,1985,731277,"World Bank World Development Indicators, SP.POP.TOTL",2026-08-02
CYP,Cyprus,SP.POP.TOTL,"Population, total",count,1986,743105,"World Bank World Development Indicators, SP.POP.TOTL",2026-08-02
CYP,Cyprus,SP.POP.TOTL,"Population, total",count,1987,754785,"World Bank World Development Indicators, SP.POP.TOTL",2026-08-02
CYP,Cyprus,SP.POP.TOTL,"Population, total",count,1988,766235,"World Bank World Development Indicators, SP.POP.TOTL",2026-08-02
CYP,Cyprus,SP.POP.TOTL,"Population, total",count,1989,777420,"World Bank World Development Indicators, SP.POP.TOTL",2026-08-02
CYP,Cyprus,SP.POP.TOTL,"Population, total",count,1990,788351,"World Bank World Development Indicators, SP.POP.TOTL",2026-08-02
CYP,Cyprus,SP.POP.TOTL,"Population, total",count,1991,798944,"World Bank World Development Indicators, SP.POP.TOTL",2026-08-02
CYP,Cyprus,SP.POP.TOTL,"Population, total",count,1992,810341,"World Bank World Development Indicators, SP.POP.TOTL",2026-08-02
CYP,Cyprus,SP.POP.TOTL,"Population, total",count,1993,826034,"World Bank World Development Indicators, SP.POP.TOTL",2026-08-02
CYP,Cyprus,SP.POP.TOTL,"Population, total",count,1994,844667,"World Bank World Development Indicators, SP.POP.TOTL",2026-08-02
CYP,Cyprus,SP.POP.TOTL,"Population, total",count,1995,862695,"World Bank World Development Indicators, SP.POP.TOTL",2026-08-02
CYP,Cyprus,SP.POP.TOTL,"Population, total",count,1996,880290,"World Bank World Development Indicators, SP.POP.TOTL",2026-08-02
CYP,Cyprus,SP.POP.TOTL,"Population, total",count,1997,897568,"World Bank World Development Indicators, SP.POP.TOTL",2026-08-02
CYP,Cyprus,SP.POP.TOTL,"Population, total",count,1998,914548,"World Bank World Development Indicators, SP.POP.TOTL",2026-08-02
CYP,Cyprus,SP.POP.TOTL,"Population, total",count,1999,931234,"World Bank World Development Indicators, SP.POP.TOTL",2026-08-02
CYP,Cyprus,SP.POP.TOTL,"Population, total",count,2000,947667,"World Bank World Development Indicators, SP.POP.TOTL",2026-08-02
CYP,Cyprus,SP.POP.TOTL,"Population, total",count,2001,964127,"World Bank World Development Indicators, SP.POP.TOTL",2026-08-02
CYP,Cyprus,SP.POP.TOTL,"Population, total",count,2002,981440,"World Bank World Development Indicators, SP.POP.TOTL",2026-08-02
CYP,Cyprus,SP.POP.TOTL,"Population, total",count,2003,999590,"World Bank World Development Indicators, SP.POP.TOTL",2026-08-02
CYP,Cyprus,SP.POP.TOTL,"Population, total",count,2004,1017875,"World Bank World Development Indicators, SP.POP.TOTL",2026-08-02
CYP,Cyprus,SP.POP.TOTL,"Population, total",count,2005,1036151,"World Bank World Development Indicators, SP.POP.TOTL",2026-08-02
CYP,Cyprus,SP.POP.TOTL,"Population, total",count,2006,1054418,"World Bank World Development Indicators, SP.POP.TOTL",2026-08-02
CYP,Cyprus,SP.POP.TOTL,"Population, total",count,2007,1072714,"World Bank World Development Indicators, SP.POP.TOTL",2026-08-02
CYP,Cyprus,SP.POP.TOTL,"Population, total",count,2008,1091026,"World Bank World Development Indicators, SP.POP.TOTL",2026-08-02
CYP,Cyprus,SP.POP.TOTL,"Population, total",count,2009,1109371,"World Bank World Development Indicators, SP.POP.TOTL",2026-08-02
CYP,Cyprus,SP.POP.TOTL,"Population, total",count,2010,1127816,"World Bank World Development Indicators, SP.POP.TOTL",2026-08-02
CYP,Cyprus,SP.POP.TOTL,"Population, total",count,2011,1146493,"World Bank World Development Indicators, SP.POP.TOTL",2026-08-02
CYP,Cyprus,SP.POP.TOTL,"Population, total",count,2012,1165397,"World Bank World Development Indicators, SP.POP.TOTL",2026-08-02
CYP,Cyprus,SP.POP.TOTL,"Population, total",count,2013,1183895,"World Bank World Development Indicators, SP.POP.TOTL",2026-08-02
CYP,Cyprus,SP.POP.TOTL,"Population, total",count,2014,1201801,"World Bank World Development Indicators, SP.POP.TOTL",2026-08-02
CYP,Cyprus,SP.POP.TOTL,"Population, total",count,2015,1219502,"World Bank World Development Indicators, SP.POP.TOTL",2026-08-02
CYP,Cyprus,SP.POP.TOTL,"Population, total",count,2016,1237112,"World Bank World Development Indicators, SP.POP.TOTL",2026-08-02
CYP,Cyprus,SP.POP.TOTL,"Population, total",count,2017,1254275,"World Bank World Development Indicators, SP.POP.TOTL",2026-08-02
CYP,Cyprus,SP.POP.TOTL,"Population, total",count,2018,1270737,"World Bank World Development Indicators, SP.POP.TOTL",2026-08-02
CYP,Cyprus,SP.POP.TOTL,"Population, total",count,2019,1286671,"World Bank World Development Indicators, SP.POP.TOTL",2026-08-02
CYP,Cyprus,SP.POP.TOTL,"Population, total",count,2020,1302247,"World Bank World Development Indicators, SP.POP.TOTL",2026-08-02
CYP,Cyprus,SP.POP.TOTL,"Population, total",count,2021,1317309,"World Bank World Development Indicators, SP.POP.TOTL",2026-08-02
CYP,Cyprus,SP.POP.TOTL,"Population, total",count,2022,1331370,"World Bank World Development Indicators, SP.POP.TOTL",2026-08-02
CYP,Cyprus,SP.POP.TOTL,"Population, total",count,2023,1344976,"World Bank World Development Indicators, SP.POP.TOTL",2026-08-02
CYP,Cyprus,SP.POP.TOTL,"Population, total",count,2024,1358282,"World Bank World Development Indicators, SP.POP.TOTL",2026-08-02
CYP,Cyprus,SP.POP.TOTL,"Population, total",count,2025,1370754,"World Bank World Development Indicators, SP.POP.TOTL",2026-08-02
CZE,Czechia,SP.POP.TOTL,"Population, total",count,1960,9602006,"World Bank World Development Indicators, SP.POP.TOTL",2026-08-02
CZE,Czechia,SP.POP.TOTL,"Population, total",count,1961,9586651,"World Bank World Development Indicators, SP.POP.TOTL",2026-08-02
CZE,Czechia,SP.POP.TOTL,"Population, total",count,1962,9624660,"World Bank World Development Indicators, SP.POP.TOTL",2026-08-02
CZE,Czechia,SP.POP.TOTL,"Population, total",count,1963,9670685,"World Bank World Development Indicators, SP.POP.TOTL",2026-08-02
CZE,Czechia,SP.POP.TOTL,"Population, total",count,1964,9727804,"World Bank World Development Indicators, SP.POP.TOTL",2026-08-02
CZE,Czechia,SP.POP.TOTL,"Population, total",count,1965,9779358,"World Bank World Development Indicators, SP.POP.TOTL",2026-08-02
CZE,Czechia,SP.POP.TOTL,"Population, total",count,1966,9821040,"World Bank World Development Indicators, SP.POP.TOTL",2026-08-02
CZE,Czechia,SP.POP.TOTL,"Population, total",count,1967,9852899,"World Bank World Development Indicators, SP.POP.TOTL",2026-08-02
CZE,Czechia,SP.POP.TOTL,"Population, total",count,1968,9876346,"World Bank World Development Indicators, SP.POP.TOTL",2026-08-02
CZE,Czechia,SP.POP.TOTL,"Population, total",count,1969,9896580,"World Bank World Development Indicators, SP.POP.TOTL",2026-08-02
CZE,Czechia,SP.POP.TOTL,"Population, total",count,1970,9858071,"World Bank World Development Indicators, SP.POP.TOTL",2026-08-02
CZE,Czechia,SP.POP.TOTL,"Population, total",count,1971,9826815,"World Bank World Development Indicators, SP.POP.TOTL",2026-08-02
CZE,Czechia,SP.POP.TOTL,"Population, total",count,1972,9867632,"World Bank World Development Indicators, SP.POP.TOTL",2026-08-02
CZE,Czechia,SP.POP.TOTL,"Population, total",count,1973,9922266,"World Bank World Development Indicators, SP.POP.TOTL",2026-08-02
CZE,Czechia,SP.POP.TOTL,"Population, total",count,1974,9988459,"World Bank World Development Indicators, SP.POP.TOTL",2026-08-02
CZE,Czechia,SP.POP.TOTL,"Population, total",count,1975,10058620,"World Bank World Development Indicators, SP.POP.TOTL",2026-08-02
CZE,Czechia,SP.POP.TOTL,"Population, total",count,1976,10125939,"World Bank World Development Indicators, SP.POP.TOTL",2026-08-02
CZE,Czechia,SP.POP.TOTL,"Population, total",count,1977,10186755,"World Bank World Development Indicators, SP.POP.TOTL",2026-08-02
CZE,Czechia,SP.POP.TOTL,"Population, total",count,1978,10242098,"World Bank World Development Indicators, SP.POP.TOTL",2026-08-02
CZE,Czechia,SP.POP.TOTL,"Population, total",count,1979,10292341,"World Bank World Development Indicators, SP.POP.TOTL",2026-08-02
CZE,Czechia,SP.POP.TOTL,"Population, total",count,1980,10304193,"World Bank World Development Indicators, SP.POP.TOTL",2026-08-02
CZE,Czechia,SP.POP.TOTL,"Population, total",count,1981,10300591,"World Bank World Development Indicators, SP.POP.TOTL",2026-08-02
CZE,Czechia,SP.POP.TOTL,"Population, total",count,1982,10314826,"World Bank World Development Indicators, SP.POP.TOTL",2026-08-02
CZE,Czechia,SP.POP.TOTL,"Population, total",count,1983,10323856,"World Bank World Development Indicators, SP.POP.TOTL",2026-08-02
CZE,Czechia,SP.POP.TOTL,"Population, total",count,1984,10330213,"World Bank World Development Indicators, SP.POP.TOTL",2026-08-02
CZE,Czechia,SP.POP.TOTL,"Population, total",count,1985,10337118,"World Bank World Development Indicators, SP.POP.TOTL",2026-08-02
CZE,Czechia,SP.POP.TOTL,"Population, total",count,1986,10342227,"World Bank World Development Indicators, SP.POP.TOTL",2026-08-02
CZE,Czechia,SP.POP.TOTL,"Population, total",count,1987,10347318,"World Bank World Development Indicators, SP.POP.TOTL",2026-08-02
CZE,Czechia,SP.POP.TOTL,"Population, total",count,1988,10355276,"World Bank World Development Indicators, SP.POP.TOTL",2026-08-02
CZE,Czechia,SP.POP.TOTL,"Population, total",count,1989,10361068,"World Bank World Development Indicators, SP.POP.TOTL",2026-08-02
CZE,Czechia,SP.POP.TOTL,"Population, total",count,1990,10333355,"World Bank World Development Indicators, SP.POP.TOTL",2026-08-02
CZE,Czechia,SP.POP.TOTL,"Population, total",count,1991,10308578,"World Bank World Development Indicators, SP.POP.TOTL",2026-08-02
CZE,Czechia,SP.POP.TOTL,"Population, total",count,1992,10319123,"World Bank World Development Indicators, SP.POP.TOTL",2026-08-02
CZE,Czechia,SP.POP.TOTL,"Population, total",count,1993,10329855,"World Bank World Development Indicators, SP.POP.TOTL",2026-08-02
CZE,Czechia,SP.POP.TOTL,"Population, total",count,1994,10333587,"World Bank World Development Indicators, SP.POP.TOTL",2026-08-02
CZE,Czechia,SP.POP.TOTL,"Population, total",count,1995,10327253,"World Bank World Development Indicators, SP.POP.TOTL",2026-08-02
CZE,Czechia,SP.POP.TOTL,"Population, total",count,1996,10315241,"World Bank World Development Indicators, SP.POP.TOTL",2026-08-02
CZE,Czechia,SP.POP.TOTL,"Population, total",count,1997,10304131,"World Bank World Development Indicators, SP.POP.TOTL",2026-08-02
CZE,Czechia,SP.POP.TOTL,"Population, total",count,1998,10294373,"World Bank World Development Indicators, SP.POP.TOTL",2026-08-02
CZE,Czechia,SP.POP.TOTL,"Population, total",count,1999,10283860,"World Bank World Development Indicators, SP.POP.TOTL",2026-08-02
CZE,Czechia,SP.POP.TOTL,"Population, total",count,2000,10255063,"World Bank World Development Indicators, SP.POP.TOTL",2026-08-02
CZE,Czechia,SP.POP.TOTL,"Population, total",count,2001,10216605,"World Bank World Development Indicators, SP.POP.TOTL",2026-08-02
CZE,Czechia,SP.POP.TOTL,"Population, total",count,2002,10196916,"World Bank World Development Indicators, SP.POP.TOTL",2026-08-02
CZE,Czechia,SP.POP.TOTL,"Population, total",count,2003,10193998,"World Bank World Development Indicators, SP.POP.TOTL",2026-08-02
CZE,Czechia,SP.POP.TOTL,"Population, total",count,2004,10197101,"World Bank World Development Indicators, SP.POP.TOTL",2026-08-02
CZE,Czechia,SP.POP.TOTL,"Population, total",count,2005,10211216,"World Bank World Development Indicators, SP.POP.TOTL",2026-08-02
CZE,Czechia,SP.POP.TOTL,"Population, total",count,2006,10238905,"World Bank World Development Indicators, SP.POP.TOTL",2026-08-02
CZE,Czechia,SP.POP.TOTL,"Population, total",count,2007,10298828,"World Bank World Development Indicators, SP.POP.TOTL",2026-08-02
CZE,Czechia,SP.POP.TOTL,"Population, total",count,2008,10384603,"World Bank World Development Indicators, SP.POP.TOTL",2026-08-02
CZE,Czechia,SP.POP.TOTL,"Population, total",count,2009,10443936,"World Bank World Development Indicators, SP.POP.TOTL",2026-08-02
CZE,Czechia,SP.POP.TOTL,"Population, total",count,2010,10474410,"World Bank World Development Indicators, SP.POP.TOTL",2026-08-02
CZE,Czechia,SP.POP.TOTL,"Population, total",count,2011,10496088,"World Bank World Development Indicators, SP.POP.TOTL",2026-08-02
CZE,Czechia,SP.POP.TOTL,"Population, total",count,2012,10510785,"World Bank World Development Indicators, SP.POP.TOTL",2026-08-02
CZE,Czechia,SP.POP.TOTL,"Population, total",count,2013,10514272,"World Bank World Development Indicators, SP.POP.TOTL",2026-08-02
CZE,Czechia,SP.POP.TOTL,"Population, total",count,2014,10525347,"World Bank World Development Indicators, SP.POP.TOTL",2026-08-02
CZE,Czechia,SP.POP.TOTL,"Population, total",count,2015,10546059,"World Bank World Development Indicators, SP.POP.TOTL",2026-08-02
CZE,Czechia,SP.POP.TOTL,"Population, total",count,2016,10566332,"World Bank World Development Indicators, SP.POP.TOTL",2026-08-02
CZE,Czechia,SP.POP.TOTL,"Population, total",count,2017,10594438,"World Bank World Development Indicators, SP.POP.TOTL",2026-08-02
CZE,Czechia,SP.POP.TOTL,"Population, total",count,2018,10629928,"World Bank World Development Indicators, SP.POP.TOTL",2026-08-02
CZE,Czechia,SP.POP.TOTL,"Population, total",count,2019,10671870,"World Bank World Development Indicators, SP.POP.TOTL",2026-08-02
CZE,Czechia,SP.POP.TOTL,"Population, total",count,2020,10697858,"World Bank World Development Indicators, SP.POP.TOTL",2026-08-02
CZE,Czechia,SP.POP.TOTL,"Population, total",count,2021,10505772,"World Bank World Development Indicators, SP.POP.TOTL",2026-08-02
CZE,Czechia,SP.POP.TOTL,"Population, total",count,2022,10672118,"World Bank World Development Indicators, SP.POP.TOTL",2026-08-02
CZE,Czechia,SP.POP.TOTL,"Population, total",count,2023,10864042,"World Bank World Development Indicators, SP.POP.TOTL",2026-08-02
CZE,Czechia,SP.POP.TOTL,"Population, total",count,2024,10905028,"World Bank World Development Indicators, SP.POP.TOTL",2026-08-02
CZE,Czechia,SP.POP.TOTL,"Population, total",count,2025,10886878,"World Bank World Development Indicators, SP.POP.TOTL",2026-08-02
DNK,Denmark,SP.POP.TOTL,"Population, total",count,1960,4579603,"World Bank World Development Indicators, SP.POP.TOTL",2026-08-02
DNK,Denmark,SP.POP.TOTL,"Population, total",count,1961,4611687,"World Bank World Development Indicators, SP.POP.TOTL",2026-08-02
DNK,Denmark,SP.POP.TOTL,"Population, total",count,1962,4647727,"World Bank World Development Indicators, SP.POP.TOTL",2026-08-02
DNK,Denmark,SP.POP.TOTL,"Population, total",count,1963,4684483,"World Bank World Development Indicators, SP.POP.TOTL",2026-08-02
DNK,Denmark,SP.POP.TOTL,"Population, total",count,1964,4722072,"World Bank World Development Indicators, SP.POP.TOTL",2026-08-02
DNK,Denmark,SP.POP.TOTL,"Population, total",count,1965,4759012,"World Bank World Development Indicators, SP.POP.TOTL",2026-08-02
DNK,Denmark,SP.POP.TOTL,"Population, total",count,1966,4797381,"World Bank World Development Indicators, SP.POP.TOTL",2026-08-02
DNK,Denmark,SP.POP.TOTL,"Population, total",count,1967,4835354,"World Bank World Development Indicators, SP.POP.TOTL",2026-08-02
DNK,Denmark,SP.POP.TOTL,"Population, total",count,1968,4864883,"World Bank World Development Indicators, SP.POP.TOTL",2026-08-02
DNK,Denmark,SP.POP.TOTL,"Population, total",count,1969,4891860,"World Bank World Development Indicators, SP.POP.TOTL",2026-08-02
DNK,Denmark,SP.POP.TOTL,"Population, total",count,1970,4928757,"World Bank World Development Indicators, SP.POP.TOTL",2026-08-02
DNK,Denmark,SP.POP.TOTL,"Population, total",count,1971,4963126,"World Bank World Development Indicators, SP.POP.TOTL",2026-08-02
DNK,Denmark,SP.POP.TOTL,"Population, total",count,1972,4991596,"World Bank World Development Indicators, SP.POP.TOTL",2026-08-02
DNK,Denmark,SP.POP.TOTL,"Population, total",count,1973,5021861,"World Bank World Development Indicators, SP.POP.TOTL",2026-08-02
DNK,Denmark,SP.POP.TOTL,"Population, total",count,1974,5045297,"World Bank World Development Indicators, SP.POP.TOTL",2026-08-02
DNK,Denmark,SP.POP.TOTL,"Population, total",count,1975,5059862,"World Bank World Development Indicators, SP.POP.TOTL",2026-08-02
DNK,Denmark,SP.POP.TOTL,"Population, total",count,1976,5072596,"World Bank World Development Indicators, SP.POP.TOTL",2026-08-02
DNK,Denmark,SP.POP.TOTL,"Population, total",count,1977,5088419,"World Bank World Development Indicators, SP.POP.TOTL",2026-08-02
DNK,Denmark,SP.POP.TOTL,"Population, total",count,1978,5104248,"World Bank World Development Indicators, SP.POP.TOTL",2026-08-02
DNK,Denmark,SP.POP.TOTL,"Population, total",count,1979,5116801,"World Bank World Development Indicators, SP.POP.TOTL",2026-08-02
DNK,Denmark,SP.POP.TOTL,"Population, total",count,1980,5123027,"World Bank World Development Indicators, SP.POP.TOTL",2026-08-02
DNK,Denmark,SP.POP.TOTL,"Population, total",count,1981,5121572,"World Bank World Development Indicators, SP.POP.TOTL",2026-08-02
DNK,Denmark,SP.POP.TOTL,"Population, total",count,1982,5117810,"World Bank World Development Indicators, SP.POP.TOTL",2026-08-02
DNK,Denmark,SP.POP.TOTL,"Population, total",count,1983,5114297,"World Bank World Development Indicators, SP.POP.TOTL",2026-08-02
DNK,Denmark,SP.POP.TOTL,"Population, total",count,1984,5111619,"World Bank World Development Indicators, SP.POP.TOTL",2026-08-02
DNK,Denmark,SP.POP.TOTL,"Population, total",count,1985,5113691,"World Bank World Development Indicators, SP.POP.TOTL",2026-08-02
DNK,Denmark,SP.POP.TOTL,"Population, total",count,1986,5120534,"World Bank World Development Indicators, SP.POP.TOTL",2026-08-02
DNK,Denmark,SP.POP.TOTL,"Population, total",count,1987,5127024,"World Bank World Development Indicators, SP.POP.TOTL",2026-08-02
DNK,Denmark,SP.POP.TOTL,"Population, total",count,1988,5129516,"World Bank World Development Indicators, SP.POP.TOTL",2026-08-02
DNK,Denmark,SP.POP.TOTL,"Population, total",count,1989,5132594,"World Bank World Development Indicators, SP.POP.TOTL",2026-08-02
DNK,Denmark,SP.POP.TOTL,"Population, total",count,1990,5140939,"World Bank World Development Indicators, SP.POP.TOTL",2026-08-02
DNK,Denmark,SP.POP.TOTL,"Population, total",count,1991,5154298,"World Bank World Development Indicators, SP.POP.TOTL",2026-08-02
DNK,Denmark,SP.POP.TOTL,"Population, total",count,1992,5171370,"World Bank World Development Indicators, SP.POP.TOTL",2026-08-02
DNK,Denmark,SP.POP.TOTL,"Population, total",count,1993,5188628,"World Bank World Development Indicators, SP.POP.TOTL",2026-08-02
DNK,Denmark,SP.POP.TOTL,"Population, total",count,1994,5206180,"World Bank World Development Indicators, SP.POP.TOTL",2026-08-02
DNK,Denmark,SP.POP.TOTL,"Population, total",count,1995,5233373,"World Bank World Development Indicators, SP.POP.TOTL",2026-08-02
DNK,Denmark,SP.POP.TOTL,"Population, total",count,1996,5263074,"World Bank World Development Indicators, SP.POP.TOTL",2026-08-02
DNK,Denmark,SP.POP.TOTL,"Population, total",count,1997,5284991,"World Bank World Development Indicators, SP.POP.TOTL",2026-08-02
DNK,Denmark,SP.POP.TOTL,"Population, total",count,1998,5304219,"World Bank World Development Indicators, SP.POP.TOTL",2026-08-02
DNK,Denmark,SP.POP.TOTL,"Population, total",count,1999,5321799,"World Bank World Development Indicators, SP.POP.TOTL",2026-08-02
DNK,Denmark,SP.POP.TOTL,"Population, total",count,2000,5339616,"World Bank World Development Indicators, SP.POP.TOTL",2026-08-02
DNK,Denmark,SP.POP.TOTL,"Population, total",count,2001,5358783,"World Bank World Development Indicators, SP.POP.TOTL",2026-08-02
DNK,Denmark,SP.POP.TOTL,"Population, total",count,2002,5375931,"World Bank World Development Indicators, SP.POP.TOTL",2026-08-02
DNK,Denmark,SP.POP.TOTL,"Population, total",count,2003,5390574,"World Bank World Development Indicators, SP.POP.TOTL",2026-08-02
DNK,Denmark,SP.POP.TOTL,"Population, total",count,2004,5404523,"World Bank World Development Indicators, SP.POP.TOTL",2026-08-02
DNK,Denmark,SP.POP.TOTL,"Population, total",count,2005,5419432,"World Bank World Development Indicators, SP.POP.TOTL",2026-08-02
DNK,Denmark,SP.POP.TOTL,"Population, total",count,2006,5437272,"World Bank World Development Indicators, SP.POP.TOTL",2026-08-02
DNK,Denmark,SP.POP.TOTL,"Population, total",count,2007,5461438,"World Bank World Development Indicators, SP.POP.TOTL",2026-08-02
DNK,Denmark,SP.POP.TOTL,"Population, total",count,2008,5493621,"World Bank World Development Indicators, SP.POP.TOTL",2026-08-02
DNK,Denmark,SP.POP.TOTL,"Population, total",count,2009,5523095,"World Bank World Development Indicators, SP.POP.TOTL",2026-08-02
DNK,Denmark,SP.POP.TOTL,"Population, total",count,2010,5547683,"World Bank World Development Indicators, SP.POP.TOTL",2026-08-02
DNK,Denmark,SP.POP.TOTL,"Population, total",count,2011,5570572,"World Bank World Development Indicators, SP.POP.TOTL",2026-08-02
DNK,Denmark,SP.POP.TOTL,"Population, total",count,2012,5591572,"World Bank World Development Indicators, SP.POP.TOTL",2026-08-02
DNK,Denmark,SP.POP.TOTL,"Population, total",count,2013,5614932,"World Bank World Development Indicators, SP.POP.TOTL",2026-08-02
DNK,Denmark,SP.POP.TOTL,"Population, total",count,2014,5643475,"World Bank World Development Indicators, SP.POP.TOTL",2026-08-02
DNK,Denmark,SP.POP.TOTL,"Population, total",count,2015,5683483,"World Bank World Development Indicators, SP.POP.TOTL",2026-08-02
DNK,Denmark,SP.POP.TOTL,"Population, total",count,2016,5728010,"World Bank World Development Indicators, SP.POP.TOTL",2026-08-02
DNK,Denmark,SP.POP.TOTL,"Population, total",count,2017,5764980,"World Bank World Development Indicators, SP.POP.TOTL",2026-08-02
DNK,Denmark,SP.POP.TOTL,"Population, total",count,2018,5793636,"World Bank World Development Indicators, SP.POP.TOTL",2026-08-02
DNK,Denmark,SP.POP.TOTL,"Population, total",count,2019,5814422,"World Bank World Development Indicators, SP.POP.TOTL",2026-08-02
DNK,Denmark,SP.POP.TOTL,"Population, total",count,2020,5831404,"World Bank World Development Indicators, SP.POP.TOTL",2026-08-02
DNK,Denmark,SP.POP.TOTL,"Population, total",count,2021,5856733,"World Bank World Development Indicators, SP.POP.TOTL",2026-08-02
DNK,Denmark,SP.POP.TOTL,"Population, total",count,2022,5903037,"World Bank World Development Indicators, SP.POP.TOTL",2026-08-02
DNK,Denmark,SP.POP.TOTL,"Population, total",count,2023,5946952,"World Bank World Development Indicators, SP.POP.TOTL",2026-08-02
DNK,Denmark,SP.POP.TOTL,"Population, total",count,2024,5976992,"World Bank World Development Indicators, SP.POP.TOTL",2026-08-02
DNK,Denmark,SP.POP.TOTL,"Population, total",count,2025,6009169,"World Bank World Development Indicators, SP.POP.TOTL",2026-08-02
EST,Estonia,SP.POP.TOTL,"Population, total",count,1960,1211537,"World Bank World Development Indicators, SP.POP.TOTL",2026-08-02
EST,Estonia,SP.POP.TOTL,"Population, total",count,1961,1225077,"World Bank World Development Indicators, SP.POP.TOTL",2026-08-02
EST,Estonia,SP.POP.TOTL,"Population, total",count,1962,1241623,"World Bank World Development Indicators, SP.POP.TOTL",2026-08-02
EST,Estonia,SP.POP.TOTL,"Population, total",count,1963,1258857,"World Bank World Development Indicators, SP.POP.TOTL",2026-08-02
EST,Estonia,SP.POP.TOTL,"Population, total",count,1964,1277086,"World Bank World Development Indicators, SP.POP.TOTL",2026-08-02
EST,Estonia,SP.POP.TOTL,"Population, total",count,1965,1294566,"World Bank World Development Indicators, SP.POP.TOTL",2026-08-02
EST,Estonia,SP.POP.TOTL,"Population, total",count,1966,1308597,"World Bank World Development Indicators, SP.POP.TOTL",2026-08-02
EST,Estonia,SP.POP.TOTL,"Population, total",count,1967,1318946,"World Bank World Development Indicators, SP.POP.TOTL",2026-08-02
EST,Estonia,SP.POP.TOTL,"Population, total",count,1968,1331214,"World Bank World Development Indicators, SP.POP.TOTL",2026-08-02
EST,Estonia,SP.POP.TOTL,"Population, total",count,1969,1345249,"World Bank World Development Indicators, SP.POP.TOTL",2026-08-02
EST,Estonia,SP.POP.TOTL,"Population, total",count,1970,1360076,"World Bank World Development Indicators, SP.POP.TOTL",2026-08-02
EST,Estonia,SP.POP.TOTL,"Population, total",count,1971,1376955,"World Bank World Development Indicators, SP.POP.TOTL",2026-08-02
EST,Estonia,SP.POP.TOTL,"Population, total",count,1972,1392518,"World Bank World Development Indicators, SP.POP.TOTL",2026-08-02
EST,Estonia,SP.POP.TOTL,"Population, total",count,1973,1405951,"World Bank World Development Indicators, SP.POP.TOTL",2026-08-02
EST,Estonia,SP.POP.TOTL,"Population, total",count,1974,1418169,"World Bank World Development Indicators, SP.POP.TOTL",2026-08-02
EST,Estonia,SP.POP.TOTL,"Population, total",count,1975,1429352,"World Bank World Development Indicators, SP.POP.TOTL",2026-08-02
EST,Estonia,SP.POP.TOTL,"Population, total",count,1976,1439576,"World Bank World Development Indicators, SP.POP.TOTL",2026-08-02
EST,Estonia,SP.POP.TOTL,"Population, total",count,1977,1450211,"World Bank World Development Indicators, SP.POP.TOTL",2026-08-02
EST,Estonia,SP.POP.TOTL,"Population, total",count,1978,1460188,"World Bank World Development Indicators, SP.POP.TOTL",2026-08-02
EST,Estonia,SP.POP.TOTL,"Population, total",count,1979,1468333,"World Bank World Development Indicators, SP.POP.TOTL",2026-08-02
EST,Estonia,SP.POP.TOTL,"Population, total",count,1980,1477219,"World Bank World Development Indicators, SP.POP.TOTL",2026-08-02
EST,Estonia,SP.POP.TOTL,"Population, total",count,1981,1487666,"World Bank World Development Indicators, SP.POP.TOTL",2026-08-02
EST,Estonia,SP.POP.TOTL,"Population, total",count,1982,1498414,"World Bank World Development Indicators, SP.POP.TOTL",2026-08-02
EST,Estonia,SP.POP.TOTL,"Population, total",count,1983,1508745,"World Bank World Development Indicators, SP.POP.TOTL",2026-08-02
EST,Estonia,SP.POP.TOTL,"Population, total",count,1984,1518617,"World Bank World Development Indicators, SP.POP.TOTL",2026-08-02
EST,Estonia,SP.POP.TOTL,"Population, total",count,1985,1528781,"World Bank World Development Indicators, SP.POP.TOTL",2026-08-02
EST,Estonia,SP.POP.TOTL,"Population, total",count,1986,1540190,"World Bank World Development Indicators, SP.POP.TOTL",2026-08-02
EST,Estonia,SP.POP.TOTL,"Population, total",count,1987,1552221,"World Bank World Development Indicators, SP.POP.TOTL",2026-08-02
EST,Estonia,SP.POP.TOTL,"Population, total",count,1988,1561900,"World Bank World Development Indicators, SP.POP.TOTL",2026-08-02
EST,Estonia,SP.POP.TOTL,"Population, total",count,1989,1568131,"World Bank World Development Indicators, SP.POP.TOTL",2026-08-02
EST,Estonia,SP.POP.TOTL,"Population, total",count,1990,1569174,"World Bank World Development Indicators, SP.POP.TOTL",2026-08-02
EST,Estonia,SP.POP.TOTL,"Population, total",count,1991,1561314,"World Bank World Development Indicators, SP.POP.TOTL",2026-08-02
EST,Estonia,SP.POP.TOTL,"Population, total",count,1992,1533091,"World Bank World Development Indicators, SP.POP.TOTL",2026-08-02
EST,Estonia,SP.POP.TOTL,"Population, total",count,1993,1494128,"World Bank World Development Indicators, SP.POP.TOTL",2026-08-02
EST,Estonia,SP.POP.TOTL,"Population, total",count,1994,1462514,"World Bank World Development Indicators, SP.POP.TOTL",2026-08-02
EST,Estonia,SP.POP.TOTL,"Population, total",count,1995,1436634,"World Bank World Development Indicators, SP.POP.TOTL",2026-08-02
EST,Estonia,SP.POP.TOTL,"Population, total",count,1996,1415594,"World Bank World Development Indicators, SP.POP.TOTL",2026-08-02
EST,Estonia,SP.POP.TOTL,"Population, total",count,1997,1399535,"World Bank World Development Indicators, SP.POP.TOTL",2026-08-02
EST,Estonia,SP.POP.TOTL,"Population, total",count,1998,1386156,"World Bank World Development Indicators, SP.POP.TOTL",2026-08-02
EST,Estonia,SP.POP.TOTL,"Population, total",count,1999,1390244,"World Bank World Development Indicators, SP.POP.TOTL",2026-08-02
EST,Estonia,SP.POP.TOTL,"Population, total",count,2000,1396985,"World Bank World Development Indicators, SP.POP.TOTL",2026-08-02
EST,Estonia,SP.POP.TOTL,"Population, total",count,2001,1388115,"World Bank World Development Indicators, SP.POP.TOTL",2026-08-02
EST,Estonia,SP.POP.TOTL,"Population, total",count,2002,1379350,"World Bank World Development Indicators, SP.POP.TOTL",2026-08-02
EST,Estonia,SP.POP.TOTL,"Population, total",count,2003,1370720,"World Bank World Development Indicators, SP.POP.TOTL",2026-08-02
EST,Estonia,SP.POP.TOTL,"Population, total",count,2004,1362550,"World Bank World Development Indicators, SP.POP.TOTL",2026-08-02
EST,Estonia,SP.POP.TOTL,"Population, total",count,2005,1354775,"World Bank World Development Indicators, SP.POP.TOTL",2026-08-02
EST,Estonia,SP.POP.TOTL,"Population, total",count,2006,1346810,"World Bank World Development Indicators, SP.POP.TOTL",2026-08-02
EST,Estonia,SP.POP.TOTL,"Population, total",count,2007,1340680,"World Bank World Development Indicators, SP.POP.TOTL",2026-08-02
EST,Estonia,SP.POP.TOTL,"Population, total",count,2008,1337090,"World Bank World Development Indicators, SP.POP.TOTL",2026-08-02
EST,Estonia,SP.POP.TOTL,"Population, total",count,2009,1334515,"World Bank World Development Indicators, SP.POP.TOTL",2026-08-02
EST,Estonia,SP.POP.TOTL,"Population, total",count,2010,1331475,"World Bank World Development Indicators, SP.POP.TOTL",2026-08-02
EST,Estonia,SP.POP.TOTL,"Population, total",count,2011,1327439,"World Bank World Development Indicators, SP.POP.TOTL",2026-08-02
EST,Estonia,SP.POP.TOTL,"Population, total",count,2012,1322696,"World Bank World Development Indicators, SP.POP.TOTL",2026-08-02
EST,Estonia,SP.POP.TOTL,"Population, total",count,2013,1317997,"World Bank World Development Indicators, SP.POP.TOTL",2026-08-02
EST,Estonia,SP.POP.TOTL,"Population, total",count,2014,1314545,"World Bank World Development Indicators, SP.POP.TOTL",2026-08-02
EST,Estonia,SP.POP.TOTL,"Population, total",count,2015,1315407,"World Bank World Development Indicators, SP.POP.TOTL",2026-08-02
EST,Estonia,SP.POP.TOTL,"Population, total",count,2016,1315790,"World Bank World Development Indicators, SP.POP.TOTL",2026-08-02
EST,Estonia,SP.POP.TOTL,"Population, total",count,2017,1317384,"World Bank World Development Indicators, SP.POP.TOTL",2026-08-02
EST,Estonia,SP.POP.TOTL,"Population, total",count,2018,1321977,"World Bank World Development Indicators, SP.POP.TOTL",2026-08-02
EST,Estonia,SP.POP.TOTL,"Population, total",count,2019,1326898,"World Bank World Development Indicators, SP.POP.TOTL",2026-08-02
EST,Estonia,SP.POP.TOTL,"Population, total",count,2020,1329522,"World Bank World Development Indicators, SP.POP.TOTL",2026-08-02
EST,Estonia,SP.POP.TOTL,"Population, total",count,2021,1330932,"World Bank World Development Indicators, SP.POP.TOTL",2026-08-02
EST,Estonia,SP.POP.TOTL,"Population, total",count,2022,1348840,"World Bank World Development Indicators, SP.POP.TOTL",2026-08-02
EST,Estonia,SP.POP.TOTL,"Population, total",count,2023,1370286,"World Bank World Development Indicators, SP.POP.TOTL",2026-08-02
EST,Estonia,SP.POP.TOTL,"Population, total",count,2024,1372341,"World Bank World Development Indicators, SP.POP.TOTL",2026-08-02
EST,Estonia,SP.POP.TOTL,"Population, total",count,2025,1366475,"World Bank World Development Indicators, SP.POP.TOTL",2026-08-02
FIN,Finland,SP.POP.TOTL,"Population, total",count,1960,4429634,"World Bank World Development Indicators, SP.POP.TOTL",2026-08-02
FIN,Finland,SP.POP.TOTL,"Population, total",count,1961,4461005,"World Bank World Development Indicators, SP.POP.TOTL",2026-08-02
FIN,Finland,SP.POP.TOTL,"Population, total",count,1962,4491443,"World Bank World Development Indicators, SP.POP.TOTL",2026-08-02
FIN,Finland,SP.POP.TOTL,"Population, total",count,1963,4523309,"World Bank World Development Indicators, SP.POP.TOTL",2026-08-02
FIN,Finland,SP.POP.TOTL,"Population, total",count,1964,4548543,"World Bank World Development Indicators, SP.POP.TOTL",2026-08-02
FIN,Finland,SP.POP.TOTL,"Population, total",count,1965,4563732,"World Bank World Development Indicators, SP.POP.TOTL",2026-08-02
FIN,Finland,SP.POP.TOTL,"Population, total",count,1966,4580869,"World Bank World Development Indicators, SP.POP.TOTL",2026-08-02
FIN,Finland,SP.POP.TOTL,"Population, total",count,1967,4605744,"World Bank World Development Indicators, SP.POP.TOTL",2026-08-02
FIN,Finland,SP.POP.TOTL,"Population, total",count,1968,4626469,"World Bank World Development Indicators, SP.POP.TOTL",2026-08-02
FIN,Finland,SP.POP.TOTL,"Population, total",count,1969,4623785,"World Bank World Development Indicators, SP.POP.TOTL",2026-08-02
FIN,Finland,SP.POP.TOTL,"Population, total",count,1970,4606307,"World Bank World Development Indicators, SP.POP.TOTL",2026-08-02
FIN,Finland,SP.POP.TOTL,"Population, total",count,1971,4612124,"World Bank World Development Indicators, SP.POP.TOTL",2026-08-02
FIN,Finland,SP.POP.TOTL,"Population, total",count,1972,4639657,"World Bank World Development Indicators, SP.POP.TOTL",2026-08-02
FIN,Finland,SP.POP.TOTL,"Population, total",count,1973,4666081,"World Bank World Development Indicators, SP.POP.TOTL",2026-08-02
FIN,Finland,SP.POP.TOTL,"Population, total",count,1974,4690574,"World Bank World Development Indicators, SP.POP.TOTL",2026-08-02
FIN,Finland,SP.POP.TOTL,"Population, total",count,1975,4711440,"World Bank World Development Indicators, SP.POP.TOTL",2026-08-02
FIN,Finland,SP.POP.TOTL,"Population, total",count,1976,4725664,"World Bank World Development Indicators, SP.POP.TOTL",2026-08-02
FIN,Finland,SP.POP.TOTL,"Population, total",count,1977,4738902,"World Bank World Development Indicators, SP.POP.TOTL",2026-08-02
FIN,Finland,SP.POP.TOTL,"Population, total",count,1978,4752528,"World Bank World Development Indicators, SP.POP.TOTL",2026-08-02
FIN,Finland,SP.POP.TOTL,"Population, total",count,1979,4764690,"World Bank World Development Indicators, SP.POP.TOTL",2026-08-02
FIN,Finland,SP.POP.TOTL,"Population, total",count,1980,4779535,"World Bank World Development Indicators, SP.POP.TOTL",2026-08-02
FIN,Finland,SP.POP.TOTL,"Population, total",count,1981,4799964,"World Bank World Development Indicators, SP.POP.TOTL",2026-08-02
FIN,Finland,SP.POP.TOTL,"Population, total",count,1982,4826933,"World Bank World Development Indicators, SP.POP.TOTL",2026-08-02
FIN,Finland,SP.POP.TOTL,"Population, total",count,1983,4855787,"World Bank World Development Indicators, SP.POP.TOTL",2026-08-02
FIN,Finland,SP.POP.TOTL,"Population, total",count,1984,4881803,"World Bank World Development Indicators, SP.POP.TOTL",2026-08-02
FIN,Finland,SP.POP.TOTL,"Population, total",count,1985,4902206,"World Bank World Development Indicators, SP.POP.TOTL",2026-08-02
FIN,Finland,SP.POP.TOTL,"Population, total",count,1986,4918154,"World Bank World Development Indicators, SP.POP.TOTL",2026-08-02
FIN,Finland,SP.POP.TOTL,"Population, total",count,1987,4932123,"World Bank World Development Indicators, SP.POP.TOTL",2026-08-02
FIN,Finland,SP.POP.TOTL,"Population, total",count,1988,4946481,"World Bank World Development Indicators, SP.POP.TOTL",2026-08-02
FIN,Finland,SP.POP.TOTL,"Population, total",count,1989,4964371,"World Bank World Development Indicators, SP.POP.TOTL",2026-08-02
FIN,Finland,SP.POP.TOTL,"Population, total",count,1990,4986431,"World Bank World Development Indicators, SP.POP.TOTL",2026-08-02
FIN,Finland,SP.POP.TOTL,"Population, total",count,1991,5013740,"World Bank World Development Indicators, SP.POP.TOTL",2026-08-02
FIN,Finland,SP.POP.TOTL,"Population, total",count,1992,5041992,"World Bank World Development Indicators, SP.POP.TOTL",2026-08-02
FIN,Finland,SP.POP.TOTL,"Population, total",count,1993,5066447,"World Bank World Development Indicators, SP.POP.TOTL",2026-08-02
FIN,Finland,SP.POP.TOTL,"Population, total",count,1994,5088333,"World Bank World Development Indicators, SP.POP.TOTL",2026-08-02
FIN,Finland,SP.POP.TOTL,"Population, total",count,1995,5107790,"World Bank World Development Indicators, SP.POP.TOTL",2026-08-02
FIN,Finland,SP.POP.TOTL,"Population, total",count,1996,5124573,"World Bank World Development Indicators, SP.POP.TOTL",2026-08-02
FIN,Finland,SP.POP.TOTL,"Population, total",count,1997,5139835,"World Bank World Development Indicators, SP.POP.TOTL",2026-08-02
FIN,Finland,SP.POP.TOTL,"Population, total",count,1998,5153498,"World Bank World Development Indicators, SP.POP.TOTL",2026-08-02
FIN,Finland,SP.POP.TOTL,"Population, total",count,1999,5165474,"World Bank World Development Indicators, SP.POP.TOTL",2026-08-02
FIN,Finland,SP.POP.TOTL,"Population, total",count,2000,5176209,"World Bank World Development Indicators, SP.POP.TOTL",2026-08-02
FIN,Finland,SP.POP.TOTL,"Population, total",count,2001,5188008,"World Bank World Development Indicators, SP.POP.TOTL",2026-08-02
FIN,Finland,SP.POP.TOTL,"Population, total",count,2002,5200598,"World Bank World Development Indicators, SP.POP.TOTL",2026-08-02
FIN,Finland,SP.POP.TOTL,"Population, total",count,2003,5213014,"World Bank World Development Indicators, SP.POP.TOTL",2026-08-02
FIN,Finland,SP.POP.TOTL,"Population, total",count,2004,5228172,"World Bank World Development Indicators, SP.POP.TOTL",2026-08-02
FIN,Finland,SP.POP.TOTL,"Population, total",count,2005,5246096,"World Bank World Development Indicators, SP.POP.TOTL",2026-08-02
FIN,Finland,SP.POP.TOTL,"Population, total",count,2006,5266268,"World Bank World Development Indicators, SP.POP.TOTL",2026-08-02
FIN,Finland,SP.POP.TOTL,"Population, total",count,2007,5288720,"World Bank World Development Indicators, SP.POP.TOTL",2026-08-02
FIN,Finland,SP.POP.TOTL,"Population, total",count,2008,5313399,"World Bank World Development Indicators, SP.POP.TOTL",2026-08-02
FIN,Finland,SP.POP.TOTL,"Population, total",count,2009,5338871,"World Bank World Development Indicators, SP.POP.TOTL",2026-08-02
FIN,Finland,SP.POP.TOTL,"Population, total",count,2010,5363352,"World Bank World Development Indicators, SP.POP.TOTL",2026-08-02
FIN,Finland,SP.POP.TOTL,"Population, total",count,2011,5388272,"World Bank World Development Indicators, SP.POP.TOTL",2026-08-02
FIN,Finland,SP.POP.TOTL,"Population, total",count,2012,5413971,"World Bank World Development Indicators, SP.POP.TOTL",2026-08-02
FIN,Finland,SP.POP.TOTL,"Population, total",count,2013,5438972,"World Bank World Development Indicators, SP.POP.TOTL",2026-08-02
FIN,Finland,SP.POP.TOTL,"Population, total",count,2014,5461512,"World Bank World Development Indicators, SP.POP.TOTL",2026-08-02
FIN,Finland,SP.POP.TOTL,"Population, total",count,2015,5479531,"World Bank World Development Indicators, SP.POP.TOTL",2026-08-02
FIN,Finland,SP.POP.TOTL,"Population, total",count,2016,5495303,"World Bank World Development Indicators, SP.POP.TOTL",2026-08-02
FIN,Finland,SP.POP.TOTL,"Population, total",count,2017,5508214,"World Bank World Development Indicators, SP.POP.TOTL",2026-08-02
FIN,Finland,SP.POP.TOTL,"Population, total",count,2018,5515525,"World Bank World Development Indicators, SP.POP.TOTL",2026-08-02
FIN,Finland,SP.POP.TOTL,"Population, total",count,2019,5521606,"World Bank World Development Indicators, SP.POP.TOTL",2026-08-02
FIN,Finland,SP.POP.TOTL,"Population, total",count,2020,5529543,"World Bank World Development Indicators, SP.POP.TOTL",2026-08-02
FIN,Finland,SP.POP.TOTL,"Population, total",count,2021,5541017,"World Bank World Development Indicators, SP.POP.TOTL",2026-08-02
FIN,Finland,SP.POP.TOTL,"Population, total",count,2022,5556106,"World Bank World Development Indicators, SP.POP.TOTL",2026-08-02
FIN,Finland,SP.POP.TOTL,"Population, total",count,2023,5583911,"World Bank World Development Indicators, SP.POP.TOTL",2026-08-02
FIN,Finland,SP.POP.TOTL,"Population, total",count,2024,5619911,"World Bank World Development Indicators, SP.POP.TOTL",2026-08-02
FIN,Finland,SP.POP.TOTL,"Population, total",count,2025,5646436,"World Bank World Development Indicators, SP.POP.TOTL",2026-08-02
FRA,France,SP.POP.TOTL,"Population, total",count,1960,47412964,"World Bank World Development Indicators, SP.POP.TOTL",2026-08-02
FRA,France,SP.POP.TOTL,"Population, total",count,1961,47905982,"World Bank World Development Indicators, SP.POP.TOTL",2026-08-02
FRA,France,SP.POP.TOTL,"Population, total",count,1962,48389516,"World Bank World Development Indicators, SP.POP.TOTL",2026-08-02
FRA,France,SP.POP.TOTL,"Population, total",count,1963,48877567,"World Bank World Development Indicators, SP.POP.TOTL",2026-08-02
FRA,France,SP.POP.TOTL,"Population, total",count,1964,49401492,"World Bank World Development Indicators, SP.POP.TOTL",2026-08-02
FRA,France,SP.POP.TOTL,"Population, total",count,1965,49877725,"World Bank World Development Indicators, SP.POP.TOTL",2026-08-02
FRA,France,SP.POP.TOTL,"Population, total",count,1966,50311637,"World Bank World Development Indicators, SP.POP.TOTL",2026-08-02
FRA,France,SP.POP.TOTL,"Population, total",count,1967,50722791,"World Bank World Development Indicators, SP.POP.TOTL",2026-08-02
FRA,France,SP.POP.TOTL,"Population, total",count,1968,51112980,"World Bank World Development Indicators, SP.POP.TOTL",2026-08-02
FRA,France,SP.POP.TOTL,"Population, total",count,1969,51536014,"World Bank World Development Indicators, SP.POP.TOTL",2026-08-02
FRA,France,SP.POP.TOTL,"Population, total",count,1970,52007169,"World Bank World Development Indicators, SP.POP.TOTL",2026-08-02
FRA,France,SP.POP.TOTL,"Population, total",count,1971,52499553,"World Bank World Development Indicators, SP.POP.TOTL",2026-08-02
FRA,France,SP.POP.TOTL,"Population, total",count,1972,52962356,"World Bank World Development Indicators, SP.POP.TOTL",2026-08-02
FRA,France,SP.POP.TOTL,"Population, total",count,1973,53392161,"World Bank World Development Indicators, SP.POP.TOTL",2026-08-02
FRA,France,SP.POP.TOTL,"Population, total",count,1974,53746571,"World Bank World Development Indicators, SP.POP.TOTL",2026-08-02
FRA,France,SP.POP.TOTL,"Population, total",count,1975,54002853,"World Bank World Development Indicators, SP.POP.TOTL",2026-08-02
FRA,France,SP.POP.TOTL,"Population, total",count,1976,54232383,"World Bank World Development Indicators, SP.POP.TOTL",2026-08-02
FRA,France,SP.POP.TOTL,"Population, total",count,1977,54486467,"World Bank World Development Indicators, SP.POP.TOTL",2026-08-02
FRA,France,SP.POP.TOTL,"Population, total",count,1978,54734030,"World Bank World Development Indicators, SP.POP.TOTL",2026-08-02
FRA,France,SP.POP.TOTL,"Population, total",count,1979,54979851,"World Bank World Development Indicators, SP.POP.TOTL",2026-08-02
FRA,France,SP.POP.TOTL,"Population, total",count,1980,55274184,"World Bank World Development Indicators, SP.POP.TOTL",2026-08-02
FRA,France,SP.POP.TOTL,"Population, total",count,1981,55603353,"World Bank World Development Indicators, SP.POP.TOTL",2026-08-02
FRA,France,SP.POP.TOTL,"Population, total",count,1982,55806789,"World Bank World Development Indicators, SP.POP.TOTL",2026-08-02
FRA,France,SP.POP.TOTL,"Population, total",count,1983,56108330,"World Bank World Development Indicators, SP.POP.TOTL",2026-08-02
FRA,France,SP.POP.TOTL,"Population, total",count,1984,56383085,"World Bank World Development Indicators, SP.POP.TOTL",2026-08-02
FRA,France,SP.POP.TOTL,"Population, total",count,1985,56665619,"World Bank World Development Indicators, SP.POP.TOTL",2026-08-02
FRA,France,SP.POP.TOTL,"Population, total",count,1986,56956002,"World Bank World Development Indicators, SP.POP.TOTL",2026-08-02
FRA,France,SP.POP.TOTL,"Population, total",count,1987,57266167,"World Bank World Development Indicators, SP.POP.TOTL",2026-08-02
FRA,France,SP.POP.TOTL,"Population, total",count,1988,57598186,"World Bank World Development Indicators, SP.POP.TOTL",2026-08-02
FRA,France,SP.POP.TOTL,"Population, total",count,1989,57943062,"World Bank World Development Indicators, SP.POP.TOTL",2026-08-02
FRA,France,SP.POP.TOTL,"Population, total",count,1990,58261012,"World Bank World Development Indicators, SP.POP.TOTL",2026-08-02
FRA,France,SP.POP.TOTL,"Population, total",count,1991,58554242,"World Bank World Development Indicators, SP.POP.TOTL",2026-08-02
FRA,France,SP.POP.TOTL,"Population, total",count,1992,58846584,"World Bank World Development Indicators, SP.POP.TOTL",2026-08-02
FRA,France,SP.POP.TOTL,"Population, total",count,1993,59103094,"World Bank World Development Indicators, SP.POP.TOTL",2026-08-02
FRA,France,SP.POP.TOTL,"Population, total",count,1994,59324863,"World Bank World Development Indicators, SP.POP.TOTL",2026-08-02
FRA,France,SP.POP.TOTL,"Population, total",count,1995,59541294,"World Bank World Development Indicators, SP.POP.TOTL",2026-08-02
FRA,France,SP.POP.TOTL,"Population, total",count,1996,59754504,"World Bank World Development Indicators, SP.POP.TOTL",2026-08-02
FRA,France,SP.POP.TOTL,"Population, total",count,1997,59968066,"World Bank World Development Indicators, SP.POP.TOTL",2026-08-02
FRA,France,SP.POP.TOTL,"Population, total",count,1998,60190684,"World Bank World Development Indicators, SP.POP.TOTL",2026-08-02
FRA,France,SP.POP.TOTL,"Population, total",count,1999,60501986,"World Bank World Development Indicators, SP.POP.TOTL",2026-08-02
FRA,France,SP.POP.TOTL,"Population, total",count,2000,60918661,"World Bank World Development Indicators, SP.POP.TOTL",2026-08-02
FRA,France,SP.POP.TOTL,"Population, total",count,2001,61364377,"World Bank World Development Indicators, SP.POP.TOTL",2026-08-02
FRA,France,SP.POP.TOTL,"Population, total",count,2002,61812142,"World Bank World Development Indicators, SP.POP.TOTL",2026-08-02
FRA,France,SP.POP.TOTL,"Population, total",count,2003,62249855,"World Bank World Development Indicators, SP.POP.TOTL",2026-08-02
FRA,France,SP.POP.TOTL,"Population, total",count,2004,62707588,"World Bank World Development Indicators, SP.POP.TOTL",2026-08-02
FRA,France,SP.POP.TOTL,"Population, total",count,2005,63180854,"World Bank World Development Indicators, SP.POP.TOTL",2026-08-02
FRA,France,SP.POP.TOTL,"Population, total",count,2006,63622342,"World Bank World Development Indicators, SP.POP.TOTL",2026-08-02
FRA,France,SP.POP.TOTL,"Population, total",count,2007,64016890,"World Bank World Development Indicators, SP.POP.TOTL",2026-08-02
FRA,France,SP.POP.TOTL,"Population, total",count,2008,64375116,"World Bank World Development Indicators, SP.POP.TOTL",2026-08-02
FRA,France,SP.POP.TOTL,"Population, total",count,2009,64706436,"World Bank World Development Indicators, SP.POP.TOTL",2026-08-02
FRA,France,SP.POP.TOTL,"Population, total",count,2010,65026211,"World Bank World Development Indicators, SP.POP.TOTL",2026-08-02
FRA,France,SP.POP.TOTL,"Population, total",count,2011,65340830,"World Bank World Development Indicators, SP.POP.TOTL",2026-08-02
FRA,France,SP.POP.TOTL,"Population, total",count,2012,65657659,"World Bank World Development Indicators, SP.POP.TOTL",2026-08-02
FRA,France,SP.POP.TOTL,"Population, total",count,2013,65997932,"World Bank World Development Indicators, SP.POP.TOTL",2026-08-02
FRA,France,SP.POP.TOTL,"Population, total",count,2014,66312067,"World Bank World Development Indicators, SP.POP.TOTL",2026-08-02
FRA,France,SP.POP.TOTL,"Population, total",count,2015,66548272,"World Bank World Development Indicators, SP.POP.TOTL",2026-08-02
FRA,France,SP.POP.TOTL,"Population, total",count,2016,66724104,"World Bank World Development Indicators, SP.POP.TOTL",2026-08-02
FRA,France,SP.POP.TOTL,"Population, total",count,2017,66918020,"World Bank World Development Indicators, SP.POP.TOTL",2026-08-02
FRA,France,SP.POP.TOTL,"Population, total",count,2018,67158348,"World Bank World Development Indicators, SP.POP.TOTL",2026-08-02
FRA,France,SP.POP.TOTL,"Population, total",count,2019,67382061,"World Bank World Development Indicators, SP.POP.TOTL",2026-08-02
FRA,France,SP.POP.TOTL,"Population, total",count,2020,67601110,"World Bank World Development Indicators, SP.POP.TOTL",2026-08-02
FRA,France,SP.POP.TOTL,"Population, total",count,2021,67842811,"World Bank World Development Indicators, SP.POP.TOTL",2026-08-02
FRA,France,SP.POP.TOTL,"Population, total",count,2022,68184457,"World Bank World Development Indicators, SP.POP.TOTL",2026-08-02
FRA,France,SP.POP.TOTL,"Population, total",count,2023,68372286,"World Bank World Development Indicators, SP.POP.TOTL",2026-08-02
FRA,France,SP.POP.TOTL,"Population, total",count,2024,68551653,"World Bank World Development Indicators, SP.POP.TOTL",2026-08-02
FRA,France,SP.POP.TOTL,"Population, total",count,2025,68720337,"World Bank World Development Indicators, SP.POP.TOTL",2026-08-02
DEU,Germany,SP.POP.TOTL,"Population, total",count,1960,72814900,"World Bank World Development Indicators, SP.POP.TOTL",2026-08-02
DEU,Germany,SP.POP.TOTL,"Population, total",count,1961,73377632,"World Bank World Development Indicators, SP.POP.TOTL",2026-08-02
DEU,Germany,SP.POP.TOTL,"Population, total",count,1962,74025784,"World Bank World Development Indicators, SP.POP.TOTL",2026-08-02
DEU,Germany,SP.POP.TOTL,"Population, total",count,1963,74714353,"World Bank World Development Indicators, SP.POP.TOTL",2026-08-02
DEU,Germany,SP.POP.TOTL,"Population, total",count,1964,75318337,"World Bank World Development Indicators, SP.POP.TOTL",2026-08-02
DEU,Germany,SP.POP.TOTL,"Population, total",count,1965,75963695,"World Bank World Development Indicators, SP.POP.TOTL",2026-08-02
DEU,Germany,SP.POP.TOTL,"Population, total",count,1966,76600311,"World Bank World Development Indicators, SP.POP.TOTL",2026-08-02
DEU,Germany,SP.POP.TOTL,"Population, total",count,1967,76951336,"World Bank World Development Indicators, SP.POP.TOTL",2026-08-02
DEU,Germany,SP.POP.TOTL,"Population, total",count,1968,77294314,"World Bank World Development Indicators, SP.POP.TOTL",2026-08-02
DEU,Germany,SP.POP.TOTL,"Population, total",count,1969,77909682,"World Bank World Development Indicators, SP.POP.TOTL",2026-08-02
DEU,Germany,SP.POP.TOTL,"Population, total",count,1970,78169289,"World Bank World Development Indicators, SP.POP.TOTL",2026-08-02
DEU,Germany,SP.POP.TOTL,"Population, total",count,1971,78312842,"World Bank World Development Indicators, SP.POP.TOTL",2026-08-02
DEU,Germany,SP.POP.TOTL,"Population, total",count,1972,78688452,"World Bank World Development Indicators, SP.POP.TOTL",2026-08-02
DEU,Germany,SP.POP.TOTL,"Population, total",count,1973,78936666,"World Bank World Development Indicators, SP.POP.TOTL",2026-08-02
DEU,Germany,SP.POP.TOTL,"Population, total",count,1974,78967433,"World Bank World Development Indicators, SP.POP.TOTL",2026-08-02
DEU,Germany,SP.POP.TOTL,"Population, total",count,1975,78673554,"World Bank World Development Indicators, SP.POP.TOTL",2026-08-02
DEU,Germany,SP.POP.TOTL,"Population, total",count,1976,78336950,"World Bank World Development Indicators, SP.POP.TOTL",2026-08-02
DEU,Germany,SP.POP.TOTL,"Population, total",count,1977,78159814,"World Bank World Development Indicators, SP.POP.TOTL",2026-08-02
DEU,Germany,SP.POP.TOTL,"Population, total",count,1978,78091820,"World Bank World Development Indicators, SP.POP.TOTL",2026-08-02
DEU,Germany,SP.POP.TOTL,"Population, total",count,1979,78126350,"World Bank World Development Indicators, SP.POP.TOTL",2026-08-02
DEU,Germany,SP.POP.TOTL,"Population, total",count,1980,78288576,"World Bank World Development Indicators, SP.POP.TOTL",2026-08-02
DEU,Germany,SP.POP.TOTL,"Population, total",count,1981,78407907,"World Bank World Development Indicators, SP.POP.TOTL",2026-08-02
DEU,Germany,SP.POP.TOTL,"Population, total",count,1982,78333366,"World Bank World Development Indicators, SP.POP.TOTL",2026-08-02
DEU,Germany,SP.POP.TOTL,"Population, total",count,1983,78128282,"World Bank World Development Indicators, SP.POP.TOTL",2026-08-02
DEU,Germany,SP.POP.TOTL,"Population, total",count,1984,77858685,"World Bank World Development Indicators, SP.POP.TOTL",2026-08-02
DEU,Germany,SP.POP.TOTL,"Population, total",count,1985,77684873,"World Bank World Development Indicators, SP.POP.TOTL",2026-08-02
DEU,Germany,SP.POP.TOTL,"Population, total",count,1986,77720436,"World Bank World Development Indicators, SP.POP.TOTL",2026-08-02
DEU,Germany,SP.POP.TOTL,"Population, total",count,1987,77839920,"World Bank World Development Indicators, SP.POP.TOTL",2026-08-02
DEU,Germany,SP.POP.TOTL,"Population, total",count,1988,78144619,"World Bank World Development Indicators, SP.POP.TOTL",2026-08-02
DEU,Germany,SP.POP.TOTL,"Population, total",count,1989,78751283,"World Bank World Development Indicators, SP.POP.TOTL",2026-08-02
DEU,Germany,SP.POP.TOTL,"Population, total",count,1990,79433029,"World Bank World Development Indicators, SP.POP.TOTL",2026-08-02
DEU,Germany,SP.POP.TOTL,"Population, total",count,1991,80013896,"World Bank World Development Indicators, SP.POP.TOTL",2026-08-02
DEU,Germany,SP.POP.TOTL,"Population, total",count,1992,80624598,"World Bank World Development Indicators, SP.POP.TOTL",2026-08-02
DEU,Germany,SP.POP.TOTL,"Population, total",count,1993,81156363,"World Bank World Development Indicators, SP.POP.TOTL",2026-08-02
DEU,Germany,SP.POP.TOTL,"Population, total",count,1994,81438348,"World Bank World Development Indicators, SP.POP.TOTL",2026-08-02
DEU,Germany,SP.POP.TOTL,"Population, total",count,1995,81678051,"World Bank World Development Indicators, SP.POP.TOTL",2026-08-02
DEU,Germany,SP.POP.TOTL,"Population, total",count,1996,81914831,"World Bank World Development Indicators, SP.POP.TOTL",2026-08-02
DEU,Germany,SP.POP.TOTL,"Population, total",count,1997,82034771,"World Bank World Development Indicators, SP.POP.TOTL",2026-08-02
DEU,Germany,SP.POP.TOTL,"Population, total",count,1998,82047195,"World Bank World Development Indicators, SP.POP.TOTL",2026-08-02
DEU,Germany,SP.POP.TOTL,"Population, total",count,1999,82100243,"World Bank World Development Indicators, SP.POP.TOTL",2026-08-02
DEU,Germany,SP.POP.TOTL,"Population, total",count,2000,82211508,"World Bank World Development Indicators, SP.POP.TOTL",2026-08-02
DEU,Germany,SP.POP.TOTL,"Population, total",count,2001,82349925,"World Bank World Development Indicators, SP.POP.TOTL",2026-08-02
DEU,Germany,SP.POP.TOTL,"Population, total",count,2002,82488495,"World Bank World Development Indicators, SP.POP.TOTL",2026-08-02
DEU,Germany,SP.POP.TOTL,"Population, total",count,2003,82534176,"World Bank World Development Indicators, SP.POP.TOTL",2026-08-02
DEU,Germany,SP.POP.TOTL,"Population, total",count,2004,82516260,"World Bank World Development Indicators, SP.POP.TOTL",2026-08-02
DEU,Germany,SP.POP.TOTL,"Population, total",count,2005,82469422,"World Bank World Development Indicators, SP.POP.TOTL",2026-08-02
DEU,Germany,SP.POP.TOTL,"Population, total",count,2006,82376451,"World Bank World Development Indicators, SP.POP.TOTL",2026-08-02
DEU,Germany,SP.POP.TOTL,"Population, total",count,2007,82266372,"World Bank World Development Indicators, SP.POP.TOTL",2026-08-02
DEU,Germany,SP.POP.TOTL,"Population, total",count,2008,82110097,"World Bank World Development Indicators, SP.POP.TOTL",2026-08-02
DEU,Germany,SP.POP.TOTL,"Population, total",count,2009,81902307,"World Bank World Development Indicators, SP.POP.TOTL",2026-08-02
DEU,Germany,SP.POP.TOTL,"Population, total",count,2010,81776930,"World Bank World Development Indicators, SP.POP.TOTL",2026-08-02
DEU,Germany,SP.POP.TOTL,"Population, total",count,2011,80274983,"World Bank World Development Indicators, SP.POP.TOTL",2026-08-02
DEU,Germany,SP.POP.TOTL,"Population, total",count,2012,80425823,"World Bank World Development Indicators, SP.POP.TOTL",2026-08-02
DEU,Germany,SP.POP.TOTL,"Population, total",count,2013,80645605,"World Bank World Development Indicators, SP.POP.TOTL",2026-08-02
DEU,Germany,SP.POP.TOTL,"Population, total",count,2014,80982500,"World Bank World Development Indicators, SP.POP.TOTL",2026-08-02
DEU,Germany,SP.POP.TOTL,"Population, total",count,2015,81686611,"World Bank World Development Indicators, SP.POP.TOTL",2026-08-02
DEU,Germany,SP.POP.TOTL,"Population, total",count,2016,82348669,"World Bank World Development Indicators, SP.POP.TOTL",2026-08-02
DEU,Germany,SP.POP.TOTL,"Population, total",count,2017,82657002,"World Bank World Development Indicators, SP.POP.TOTL",2026-08-02
DEU,Germany,SP.POP.TOTL,"Population, total",count,2018,82905782,"World Bank World Development Indicators, SP.POP.TOTL",2026-08-02
DEU,Germany,SP.POP.TOTL,"Population, total",count,2019,83092962,"World Bank World Development Indicators, SP.POP.TOTL",2026-08-02
DEU,Germany,SP.POP.TOTL,"Population, total",count,2020,83160871,"World Bank World Development Indicators, SP.POP.TOTL",2026-08-02
DEU,Germany,SP.POP.TOTL,"Population, total",count,2021,83196078,"World Bank World Development Indicators, SP.POP.TOTL",2026-08-02
DEU,Germany,SP.POP.TOTL,"Population, total",count,2022,83177813,"World Bank World Development Indicators, SP.POP.TOTL",2026-08-02
DEU,Germany,SP.POP.TOTL,"Population, total",count,2023,83287273,"World Bank World Development Indicators, SP.POP.TOTL",2026-08-02
DEU,Germany,SP.POP.TOTL,"Population, total",count,2024,83516593,"World Bank World Development Indicators, SP.POP.TOTL",2026-08-02
DEU,Germany,SP.POP.TOTL,"Population, total",count,2025,83491249,"World Bank World Development Indicators, SP.POP.TOTL",2026-08-02
HUN,Hungary,SP.POP.TOTL,"Population, total",count,1960,9983512,"World Bank World Development Indicators, SP.POP.TOTL",2026-08-02
HUN,Hungary,SP.POP.TOTL,"Population, total",count,1961,10027958,"World Bank World Development Indicators, SP.POP.TOTL",2026-08-02
HUN,Hungary,SP.POP.TOTL,"Population, total",count,1962,10060825,"World Bank World Development Indicators, SP.POP.TOTL",2026-08-02
HUN,Hungary,SP.POP.TOTL,"Population, total",count,1963,10087947,"World Bank World Development Indicators, SP.POP.TOTL",2026-08-02
HUN,Hungary,SP.POP.TOTL,"Population, total",count,1964,10119835,"World Bank World Development Indicators, SP.POP.TOTL",2026-08-02
HUN,Hungary,SP.POP.TOTL,"Population, total",count,1965,10147935,"World Bank World Development Indicators, SP.POP.TOTL",2026-08-02
HUN,Hungary,SP.POP.TOTL,"Population, total",count,1966,10178653,"World Bank World Development Indicators, SP.POP.TOTL",2026-08-02
HUN,Hungary,SP.POP.TOTL,"Population, total",count,1967,10216604,"World Bank World Development Indicators, SP.POP.TOTL",2026-08-02
HUN,Hungary,SP.POP.TOTL,"Population, total",count,1968,10255815,"World Bank World Development Indicators, SP.POP.TOTL",2026-08-02
HUN,Hungary,SP.POP.TOTL,"Population, total",count,1969,10298723,"World Bank World Development Indicators, SP.POP.TOTL",2026-08-02
HUN,Hungary,SP.POP.TOTL,"Population, total",count,1970,10337910,"World Bank World Development Indicators, SP.POP.TOTL",2026-08-02
HUN,Hungary,SP.POP.TOTL,"Population, total",count,1971,10367537,"World Bank World Development Indicators, SP.POP.TOTL",2026-08-02
HUN,Hungary,SP.POP.TOTL,"Population, total",count,1972,10398489,"World Bank World Development Indicators, SP.POP.TOTL",2026-08-02
HUN,Hungary,SP.POP.TOTL,"Population, total",count,1973,10432055,"World Bank World Development Indicators, SP.POP.TOTL",2026-08-02
HUN,Hungary,SP.POP.TOTL,"Population, total",count,1974,10478720,"World Bank World Development Indicators, SP.POP.TOTL",2026-08-02
HUN,Hungary,SP.POP.TOTL,"Population, total",count,1975,10540525,"World Bank World Development Indicators, SP.POP.TOTL",2026-08-02
HUN,Hungary,SP.POP.TOTL,"Population, total",count,1976,10598677,"World Bank World Development Indicators, SP.POP.TOTL",2026-08-02
HUN,Hungary,SP.POP.TOTL,"Population, total",count,1977,10648031,"World Bank World Development Indicators, SP.POP.TOTL",2026-08-02
HUN,Hungary,SP.POP.TOTL,"Population, total",count,1978,10684822,"World Bank World Development Indicators, SP.POP.TOTL",2026-08-02
HUN,Hungary,SP.POP.TOTL,"Population, total",count,1979,10704152,"World Bank World Development Indicators, SP.POP.TOTL",2026-08-02
HUN,Hungary,SP.POP.TOTL,"Population, total",count,1980,10711122,"World Bank World Development Indicators, SP.POP.TOTL",2026-08-02
HUN,Hungary,SP.POP.TOTL,"Population, total",count,1981,10711848,"World Bank World Development Indicators, SP.POP.TOTL",2026-08-02
HUN,Hungary,SP.POP.TOTL,"Population, total",count,1982,10705535,"World Bank World Development Indicators, SP.POP.TOTL",2026-08-02
HUN,Hungary,SP.POP.TOTL,"Population, total",count,1983,10689463,"World Bank World Development Indicators, SP.POP.TOTL",2026-08-02
HUN,Hungary,SP.POP.TOTL,"Population, total",count,1984,10668095,"World Bank World Development Indicators, SP.POP.TOTL",2026-08-02
HUN,Hungary,SP.POP.TOTL,"Population, total",count,1985,10648713,"World Bank World Development Indicators, SP.POP.TOTL",2026-08-02
HUN,Hungary,SP.POP.TOTL,"Population, total",count,1986,10630564,"World Bank World Development Indicators, SP.POP.TOTL",2026-08-02
HUN,Hungary,SP.POP.TOTL,"Population, total",count,1987,10612741,"World Bank World Development Indicators, SP.POP.TOTL",2026-08-02
HUN,Hungary,SP.POP.TOTL,"Population, total",count,1988,10596487,"World Bank World Development Indicators, SP.POP.TOTL",2026-08-02
HUN,Hungary,SP.POP.TOTL,"Population, total",count,1989,10481719,"World Bank World Development Indicators, SP.POP.TOTL",2026-08-02
HUN,Hungary,SP.POP.TOTL,"Population, total",count,1990,10373988,"World Bank World Development Indicators, SP.POP.TOTL",2026-08-02
HUN,Hungary,SP.POP.TOTL,"Population, total",count,1991,10373400,"World Bank World Development Indicators, SP.POP.TOTL",2026-08-02
HUN,Hungary,SP.POP.TOTL,"Population, total",count,1992,10369341,"World Bank World Development Indicators, SP.POP.TOTL",2026-08-02
HUN,Hungary,SP.POP.TOTL,"Population, total",count,1993,10357523,"World Bank World Development Indicators, SP.POP.TOTL",2026-08-02
HUN,Hungary,SP.POP.TOTL,"Population, total",count,1994,10343355,"World Bank World Development Indicators, SP.POP.TOTL",2026-08-02
HUN,Hungary,SP.POP.TOTL,"Population, total",count,1995,10328965,"World Bank World Development Indicators, SP.POP.TOTL",2026-08-02
HUN,Hungary,SP.POP.TOTL,"Population, total",count,1996,10311238,"World Bank World Development Indicators, SP.POP.TOTL",2026-08-02
HUN,Hungary,SP.POP.TOTL,"Population, total",count,1997,10290486,"World Bank World Development Indicators, SP.POP.TOTL",2026-08-02
HUN,Hungary,SP.POP.TOTL,"Population, total",count,1998,10266570,"World Bank World Development Indicators, SP.POP.TOTL",2026-08-02
HUN,Hungary,SP.POP.TOTL,"Population, total",count,1999,10237530,"World Bank World Development Indicators, SP.POP.TOTL",2026-08-02
HUN,Hungary,SP.POP.TOTL,"Population, total",count,2000,10210971,"World Bank World Development Indicators, SP.POP.TOTL",2026-08-02
HUN,Hungary,SP.POP.TOTL,"Population, total",count,2001,10187576,"World Bank World Development Indicators, SP.POP.TOTL",2026-08-02
HUN,Hungary,SP.POP.TOTL,"Population, total",count,2002,10158608,"World Bank World Development Indicators, SP.POP.TOTL",2026-08-02
HUN,Hungary,SP.POP.TOTL,"Population, total",count,2003,10129552,"World Bank World Development Indicators, SP.POP.TOTL",2026-08-02
HUN,Hungary,SP.POP.TOTL,"Population, total",count,2004,10107146,"World Bank World Development Indicators, SP.POP.TOTL",2026-08-02
HUN,Hungary,SP.POP.TOTL,"Population, total",count,2005,10087065,"World Bank World Development Indicators, SP.POP.TOTL",2026-08-02
HUN,Hungary,SP.POP.TOTL,"Population, total",count,2006,10071370,"World Bank World Development Indicators, SP.POP.TOTL",2026-08-02
HUN,Hungary,SP.POP.TOTL,"Population, total",count,2007,10055780,"World Bank World Development Indicators, SP.POP.TOTL",2026-08-02
HUN,Hungary,SP.POP.TOTL,"Population, total",count,2008,10038188,"World Bank World Development Indicators, SP.POP.TOTL",2026-08-02
HUN,Hungary,SP.POP.TOTL,"Population, total",count,2009,10022650,"World Bank World Development Indicators, SP.POP.TOTL",2026-08-02
HUN,Hungary,SP.POP.TOTL,"Population, total",count,2010,10000023,"World Bank World Development Indicators, SP.POP.TOTL",2026-08-02
HUN,Hungary,SP.POP.TOTL,"Population, total",count,2011,9971727,"World Bank World Development Indicators, SP.POP.TOTL",2026-08-02
HUN,Hungary,SP.POP.TOTL,"Population, total",count,2012,9920362,"World Bank World Development Indicators, SP.POP.TOTL",2026-08-02
HUN,Hungary,SP.POP.TOTL,"Population, total",count,2013,9872734,"World Bank World Development Indicators, SP.POP.TOTL",2026-08-02
HUN,Hungary,SP.POP.TOTL,"Population, total",count,2014,9833038,"World Bank World Development Indicators, SP.POP.TOTL",2026-08-02
HUN,Hungary,SP.POP.TOTL,"Population, total",count,2015,9797755,"World Bank World Development Indicators, SP.POP.TOTL",2026-08-02
HUN,Hungary,SP.POP.TOTL,"Population, total",count,2016,9759755,"World Bank World Development Indicators, SP.POP.TOTL",2026-08-02
HUN,Hungary,SP.POP.TOTL,"Population, total",count,2017,9726756,"World Bank World Development Indicators, SP.POP.TOTL",2026-08-02
HUN,Hungary,SP.POP.TOTL,"Population, total",count,2018,9706964,"World Bank World Development Indicators, SP.POP.TOTL",2026-08-02
HUN,Hungary,SP.POP.TOTL,"Population, total",count,2019,9694824,"World Bank World Development Indicators, SP.POP.TOTL",2026-08-02
HUN,Hungary,SP.POP.TOTL,"Population, total",count,2020,9670419,"World Bank World Development Indicators, SP.POP.TOTL",2026-08-02
HUN,Hungary,SP.POP.TOTL,"Population, total",count,2021,9630932,"World Bank World Development Indicators, SP.POP.TOTL",2026-08-02
HUN,Hungary,SP.POP.TOTL,"Population, total",count,2022,9605074,"World Bank World Development Indicators, SP.POP.TOTL",2026-08-02
HUN,Hungary,SP.POP.TOTL,"Population, total",count,2023,9592186,"World Bank World Development Indicators, SP.POP.TOTL",2026-08-02
HUN,Hungary,SP.POP.TOTL,"Population, total",count,2024,9562065,"World Bank World Development Indicators, SP.POP.TOTL",2026-08-02
HUN,Hungary,SP.POP.TOTL,"Population, total",count,2025,9514251,"World Bank World Development Indicators, SP.POP.TOTL",2026-08-02
IRL,Ireland,SP.POP.TOTL,"Population, total",count,1960,2828600,"World Bank World Development Indicators, SP.POP.TOTL",2026-08-02
IRL,Ireland,SP.POP.TOTL,"Population, total",count,1961,2824400,"World Bank World Development Indicators, SP.POP.TOTL",2026-08-02
IRL,Ireland,SP.POP.TOTL,"Population, total",count,1962,2836050,"World Bank World Development Indicators, SP.POP.TOTL",2026-08-02
IRL,Ireland,SP.POP.TOTL,"Population, total",count,1963,2852650,"World Bank World Development Indicators, SP.POP.TOTL",2026-08-02
IRL,Ireland,SP.POP.TOTL,"Population, total",count,1964,2866550,"World Bank World Development Indicators, SP.POP.TOTL",2026-08-02
IRL,Ireland,SP.POP.TOTL,"Population, total",count,1965,2877300,"World Bank World Development Indicators, SP.POP.TOTL",2026-08-02
IRL,Ireland,SP.POP.TOTL,"Population, total",count,1966,2888800,"World Bank World Development Indicators, SP.POP.TOTL",2026-08-02
IRL,Ireland,SP.POP.TOTL,"Population, total",count,1967,2902450,"World Bank World Development Indicators, SP.POP.TOTL",2026-08-02
IRL,Ireland,SP.POP.TOTL,"Population, total",count,1968,2915550,"World Bank World Development Indicators, SP.POP.TOTL",2026-08-02
IRL,Ireland,SP.POP.TOTL,"Population, total",count,1969,2932650,"World Bank World Development Indicators, SP.POP.TOTL",2026-08-02
IRL,Ireland,SP.POP.TOTL,"Population, total",count,1970,2957250,"World Bank World Development Indicators, SP.POP.TOTL",2026-08-02
IRL,Ireland,SP.POP.TOTL,"Population, total",count,1971,2992050,"World Bank World Development Indicators, SP.POP.TOTL",2026-08-02
IRL,Ireland,SP.POP.TOTL,"Population, total",count,1972,3036850,"World Bank World Development Indicators, SP.POP.TOTL",2026-08-02
IRL,Ireland,SP.POP.TOTL,"Population, total",count,1973,3085950,"World Bank World Development Indicators, SP.POP.TOTL",2026-08-02
IRL,Ireland,SP.POP.TOTL,"Population, total",count,1974,3137500,"World Bank World Development Indicators, SP.POP.TOTL",2026-08-02
IRL,Ireland,SP.POP.TOTL,"Population, total",count,1975,3189550,"World Bank World Development Indicators, SP.POP.TOTL",2026-08-02
IRL,Ireland,SP.POP.TOTL,"Population, total",count,1976,3238050,"World Bank World Development Indicators, SP.POP.TOTL",2026-08-02
IRL,Ireland,SP.POP.TOTL,"Population, total",count,1977,3282200,"World Bank World Development Indicators, SP.POP.TOTL",2026-08-02
IRL,Ireland,SP.POP.TOTL,"Population, total",count,1978,3329100,"World Bank World Development Indicators, SP.POP.TOTL",2026-08-02
IRL,Ireland,SP.POP.TOTL,"Population, total",count,1979,3373750,"World Bank World Development Indicators, SP.POP.TOTL",2026-08-02
IRL,Ireland,SP.POP.TOTL,"Population, total",count,1980,3412800,"World Bank World Development Indicators, SP.POP.TOTL",2026-08-02
IRL,Ireland,SP.POP.TOTL,"Population, total",count,1981,3453000,"World Bank World Development Indicators, SP.POP.TOTL",2026-08-02
IRL,Ireland,SP.POP.TOTL,"Population, total",count,1982,3485800,"World Bank World Development Indicators, SP.POP.TOTL",2026-08-02
IRL,Ireland,SP.POP.TOTL,"Population, total",count,1983,3510600,"World Bank World Development Indicators, SP.POP.TOTL",2026-08-02
IRL,Ireland,SP.POP.TOTL,"Population, total",count,1984,3532423,"World Bank World Development Indicators, SP.POP.TOTL",2026-08-02
IRL,Ireland,SP.POP.TOTL,"Population, total",count,1985,3538082,"World Bank World Development Indicators, SP.POP.TOTL",2026-08-02
IRL,Ireland,SP.POP.TOTL,"Population, total",count,1986,3539690,"World Bank World Development Indicators, SP.POP.TOTL",2026-08-02
IRL,Ireland,SP.POP.TOTL,"Population, total",count,1987,3540057,"World Bank World Development Indicators, SP.POP.TOTL",2026-08-02
IRL,Ireland,SP.POP.TOTL,"Population, total",count,1988,3524949,"World Bank World Development Indicators, SP.POP.TOTL",2026-08-02
IRL,Ireland,SP.POP.TOTL,"Population, total",count,1989,3511009,"World Bank World Development Indicators, SP.POP.TOTL",2026-08-02
IRL,Ireland,SP.POP.TOTL,"Population, total",count,1990,3513974,"World Bank World Development Indicators, SP.POP.TOTL",2026-08-02
IRL,Ireland,SP.POP.TOTL,"Population, total",count,1991,3534235,"World Bank World Development Indicators, SP.POP.TOTL",2026-08-02
IRL,Ireland,SP.POP.TOTL,"Population, total",count,1992,3558430,"World Bank World Development Indicators, SP.POP.TOTL",2026-08-02
IRL,Ireland,SP.POP.TOTL,"Population, total",count,1993,3576261,"World Bank World Development Indicators, SP.POP.TOTL",2026-08-02
IRL,Ireland,SP.POP.TOTL,"Population, total",count,1994,3590386,"World Bank World Development Indicators, SP.POP.TOTL",2026-08-02
IRL,Ireland,SP.POP.TOTL,"Population, total",count,1995,3608841,"World Bank World Development Indicators, SP.POP.TOTL",2026-08-02
IRL,Ireland,SP.POP.TOTL,"Population, total",count,1996,3637510,"World Bank World Development Indicators, SP.POP.TOTL",2026-08-02
IRL,Ireland,SP.POP.TOTL,"Population, total",count,1997,3674171,"World Bank World Development Indicators, SP.POP.TOTL",2026-08-02
IRL,Ireland,SP.POP.TOTL,"Population, total",count,1998,3712696,"World Bank World Development Indicators, SP.POP.TOTL",2026-08-02
IRL,Ireland,SP.POP.TOTL,"Population, total",count,1999,3754786,"World Bank World Development Indicators, SP.POP.TOTL",2026-08-02
IRL,Ireland,SP.POP.TOTL,"Population, total",count,2000,3805174,"World Bank World Development Indicators, SP.POP.TOTL",2026-08-02
IRL,Ireland,SP.POP.TOTL,"Population, total",count,2001,3866243,"World Bank World Development Indicators, SP.POP.TOTL",2026-08-02
IRL,Ireland,SP.POP.TOTL,"Population, total",count,2002,3931947,"World Bank World Development Indicators, SP.POP.TOTL",2026-08-02
IRL,Ireland,SP.POP.TOTL,"Population, total",count,2003,3996521,"World Bank World Development Indicators, SP.POP.TOTL",2026-08-02
IRL,Ireland,SP.POP.TOTL,"Population, total",count,2004,4070262,"World Bank World Development Indicators, SP.POP.TOTL",2026-08-02
IRL,Ireland,SP.POP.TOTL,"Population, total",count,2005,4159914,"World Bank World Development Indicators, SP.POP.TOTL",2026-08-02
IRL,Ireland,SP.POP.TOTL,"Population, total",count,2006,4273591,"World Bank World Development Indicators, SP.POP.TOTL",2026-08-02
IRL,Ireland,SP.POP.TOTL,"Population, total",count,2007,4398942,"World Bank World Development Indicators, SP.POP.TOTL",2026-08-02
IRL,Ireland,SP.POP.TOTL,"Population, total",count,2008,4489544,"World Bank World Development Indicators, SP.POP.TOTL",2026-08-02
IRL,Ireland,SP.POP.TOTL,"Population, total",count,2009,4535375,"World Bank World Development Indicators, SP.POP.TOTL",2026-08-02
IRL,Ireland,SP.POP.TOTL,"Population, total",count,2010,4560155,"World Bank World Development Indicators, SP.POP.TOTL",2026-08-02
IRL,Ireland,SP.POP.TOTL,"Population, total",count,2011,4580084,"World Bank World Development Indicators, SP.POP.TOTL",2026-08-02
IRL,Ireland,SP.POP.TOTL,"Population, total",count,2012,4599533,"World Bank World Development Indicators, SP.POP.TOTL",2026-08-02
IRL,Ireland,SP.POP.TOTL,"Population, total",count,2013,4623816,"World Bank World Development Indicators, SP.POP.TOTL",2026-08-02
IRL,Ireland,SP.POP.TOTL,"Population, total",count,2014,4657740,"World Bank World Development Indicators, SP.POP.TOTL",2026-08-02
IRL,Ireland,SP.POP.TOTL,"Population, total",count,2015,4701957,"World Bank World Development Indicators, SP.POP.TOTL",2026-08-02
IRL,Ireland,SP.POP.TOTL,"Population, total",count,2016,4762722,"World Bank World Development Indicators, SP.POP.TOTL",2026-08-02
IRL,Ireland,SP.POP.TOTL,"Population, total",count,2017,4827445,"World Bank World Development Indicators, SP.POP.TOTL",2026-08-02
IRL,Ireland,SP.POP.TOTL,"Population, total",count,2018,4898022,"World Bank World Development Indicators, SP.POP.TOTL",2026-08-02
IRL,Ireland,SP.POP.TOTL,"Population, total",count,2019,4976456,"World Bank World Development Indicators, SP.POP.TOTL",2026-08-02
IRL,Ireland,SP.POP.TOTL,"Population, total",count,2020,5039747,"World Bank World Development Indicators, SP.POP.TOTL",2026-08-02
IRL,Ireland,SP.POP.TOTL,"Population, total",count,2021,5110585,"World Bank World Development Indicators, SP.POP.TOTL",2026-08-02
IRL,Ireland,SP.POP.TOTL,"Population, total",count,2022,5212836,"World Bank World Development Indicators, SP.POP.TOTL",2026-08-02
IRL,Ireland,SP.POP.TOTL,"Population, total",count,2023,5311538,"World Bank World Development Indicators, SP.POP.TOTL",2026-08-02
IRL,Ireland,SP.POP.TOTL,"Population, total",count,2024,5395790,"World Bank World Development Indicators, SP.POP.TOTL",2026-08-02
IRL,Ireland,SP.POP.TOTL,"Population, total",count,2025,5484367,"World Bank World Development Indicators, SP.POP.TOTL",2026-08-02
GRC,Greece,SP.POP.TOTL,"Population, total",count,1960,8331725,"World Bank World Development Indicators, SP.POP.TOTL",2026-08-02
GRC,Greece,SP.POP.TOTL,"Population, total",count,1961,8398050,"World Bank World Development Indicators, SP.POP.TOTL",2026-08-02
GRC,Greece,SP.POP.TOTL,"Population, total",count,1962,8448233,"World Bank World Development Indicators, SP.POP.TOTL",2026-08-02
GRC,Greece,SP.POP.TOTL,"Population, total",count,1963,8479625,"World Bank World Development Indicators, SP.POP.TOTL",2026-08-02
GRC,Greece,SP.POP.TOTL,"Population, total",count,1964,8510429,"World Bank World Development Indicators, SP.POP.TOTL",2026-08-02
GRC,Greece,SP.POP.TOTL,"Population, total",count,1965,8550333,"World Bank World Development Indicators, SP.POP.TOTL",2026-08-02
GRC,Greece,SP.POP.TOTL,"Population, total",count,1966,8613651,"World Bank World Development Indicators, SP.POP.TOTL",2026-08-02
GRC,Greece,SP.POP.TOTL,"Population, total",count,1967,8684088,"World Bank World Development Indicators, SP.POP.TOTL",2026-08-02
GRC,Greece,SP.POP.TOTL,"Population, total",count,1968,8740765,"World Bank World Development Indicators, SP.POP.TOTL",2026-08-02
GRC,Greece,SP.POP.TOTL,"Population, total",count,1969,8772764,"World Bank World Development Indicators, SP.POP.TOTL",2026-08-02
GRC,Greece,SP.POP.TOTL,"Population, total",count,1970,8792806,"World Bank World Development Indicators, SP.POP.TOTL",2026-08-02
GRC,Greece,SP.POP.TOTL,"Population, total",count,1971,8831036,"World Bank World Development Indicators, SP.POP.TOTL",2026-08-02
GRC,Greece,SP.POP.TOTL,"Population, total",count,1972,8888628,"World Bank World Development Indicators, SP.POP.TOTL",2026-08-02
GRC,Greece,SP.POP.TOTL,"Population, total",count,1973,8929086,"World Bank World Development Indicators, SP.POP.TOTL",2026-08-02
GRC,Greece,SP.POP.TOTL,"Population, total",count,1974,8962022,"World Bank World Development Indicators, SP.POP.TOTL",2026-08-02
GRC,Greece,SP.POP.TOTL,"Population, total",count,1975,9046541,"World Bank World Development Indicators, SP.POP.TOTL",2026-08-02
GRC,Greece,SP.POP.TOTL,"Population, total",count,1976,9188150,"World Bank World Development Indicators, SP.POP.TOTL",2026-08-02
GRC,Greece,SP.POP.TOTL,"Population, total",count,1977,9308479,"World Bank World Development Indicators, SP.POP.TOTL",2026-08-02
GRC,Greece,SP.POP.TOTL,"Population, total",count,1978,9429959,"World Bank World Development Indicators, SP.POP.TOTL",2026-08-02
GRC,Greece,SP.POP.TOTL,"Population, total",count,1979,9548258,"World Bank World Development Indicators, SP.POP.TOTL",2026-08-02
GRC,Greece,SP.POP.TOTL,"Population, total",count,1980,9642505,"World Bank World Development Indicators, SP.POP.TOTL",2026-08-02
GRC,Greece,SP.POP.TOTL,"Population, total",count,1981,9729350,"World Bank World Development Indicators, SP.POP.TOTL",2026-08-02
GRC,Greece,SP.POP.TOTL,"Population, total",count,1982,9789513,"World Bank World Development Indicators, SP.POP.TOTL",2026-08-02
GRC,Greece,SP.POP.TOTL,"Population, total",count,1983,9846627,"World Bank World Development Indicators, SP.POP.TOTL",2026-08-02
GRC,Greece,SP.POP.TOTL,"Population, total",count,1984,9895801,"World Bank World Development Indicators, SP.POP.TOTL",2026-08-02
GRC,Greece,SP.POP.TOTL,"Population, total",count,1985,9934300,"World Bank World Development Indicators, SP.POP.TOTL",2026-08-02
GRC,Greece,SP.POP.TOTL,"Population, total",count,1986,9967213,"World Bank World Development Indicators, SP.POP.TOTL",2026-08-02
GRC,Greece,SP.POP.TOTL,"Population, total",count,1987,10000595,"World Bank World Development Indicators, SP.POP.TOTL",2026-08-02
GRC,Greece,SP.POP.TOTL,"Population, total",count,1988,10036983,"World Bank World Development Indicators, SP.POP.TOTL",2026-08-02
GRC,Greece,SP.POP.TOTL,"Population, total",count,1989,10089498,"World Bank World Development Indicators, SP.POP.TOTL",2026-08-02
GRC,Greece,SP.POP.TOTL,"Population, total",count,1990,10196792,"World Bank World Development Indicators, SP.POP.TOTL",2026-08-02
GRC,Greece,SP.POP.TOTL,"Population, total",count,1991,10319927,"World Bank World Development Indicators, SP.POP.TOTL",2026-08-02
GRC,Greece,SP.POP.TOTL,"Population, total",count,1992,10399061,"World Bank World Development Indicators, SP.POP.TOTL",2026-08-02
GRC,Greece,SP.POP.TOTL,"Population, total",count,1993,10460415,"World Bank World Development Indicators, SP.POP.TOTL",2026-08-02
GRC,Greece,SP.POP.TOTL,"Population, total",count,1994,10512922,"World Bank World Development Indicators, SP.POP.TOTL",2026-08-02
GRC,Greece,SP.POP.TOTL,"Population, total",count,1995,10562153,"World Bank World Development Indicators, SP.POP.TOTL",2026-08-02
GRC,Greece,SP.POP.TOTL,"Population, total",count,1996,10608800,"World Bank World Development Indicators, SP.POP.TOTL",2026-08-02
GRC,Greece,SP.POP.TOTL,"Population, total",count,1997,10661259,"World Bank World Development Indicators, SP.POP.TOTL",2026-08-02
GRC,Greece,SP.POP.TOTL,"Population, total",count,1998,10720509,"World Bank World Development Indicators, SP.POP.TOTL",2026-08-02
GRC,Greece,SP.POP.TOTL,"Population, total",count,1999,10761698,"World Bank World Development Indicators, SP.POP.TOTL",2026-08-02
GRC,Greece,SP.POP.TOTL,"Population, total",count,2000,10805808,"World Bank World Development Indicators, SP.POP.TOTL",2026-08-02
GRC,Greece,SP.POP.TOTL,"Population, total",count,2001,10862132,"World Bank World Development Indicators, SP.POP.TOTL",2026-08-02
GRC,Greece,SP.POP.TOTL,"Population, total",count,2002,10902022,"World Bank World Development Indicators, SP.POP.TOTL",2026-08-02
GRC,Greece,SP.POP.TOTL,"Population, total",count,2003,10928070,"World Bank World Development Indicators, SP.POP.TOTL",2026-08-02
GRC,Greece,SP.POP.TOTL,"Population, total",count,2004,10955141,"World Bank World Development Indicators, SP.POP.TOTL",2026-08-02
GRC,Greece,SP.POP.TOTL,"Population, total",count,2005,10987314,"World Bank World Development Indicators, SP.POP.TOTL",2026-08-02
GRC,Greece,SP.POP.TOTL,"Population, total",count,2006,11020362,"World Bank World Development Indicators, SP.POP.TOTL",2026-08-02
GRC,Greece,SP.POP.TOTL,"Population, total",count,2007,11048473,"World Bank World Development Indicators, SP.POP.TOTL",2026-08-02
GRC,Greece,SP.POP.TOTL,"Population, total",count,2008,11077841,"World Bank World Development Indicators, SP.POP.TOTL",2026-08-02
GRC,Greece,SP.POP.TOTL,"Population, total",count,2009,11107017,"World Bank World Development Indicators, SP.POP.TOTL",2026-08-02
GRC,Greece,SP.POP.TOTL,"Population, total",count,2010,11121341,"World Bank World Development Indicators, SP.POP.TOTL",2026-08-02
GRC,Greece,SP.POP.TOTL,"Population, total",count,2011,11104899,"World Bank World Development Indicators, SP.POP.TOTL",2026-08-02
GRC,Greece,SP.POP.TOTL,"Population, total",count,2012,11045011,"World Bank World Development Indicators, SP.POP.TOTL",2026-08-02
GRC,Greece,SP.POP.TOTL,"Population, total",count,2013,10965211,"World Bank World Development Indicators, SP.POP.TOTL",2026-08-02
GRC,Greece,SP.POP.TOTL,"Population, total",count,2014,10892413,"World Bank World Development Indicators, SP.POP.TOTL",2026-08-02
GRC,Greece,SP.POP.TOTL,"Population, total",count,2015,10820883,"World Bank World Development Indicators, SP.POP.TOTL",2026-08-02
GRC,Greece,SP.POP.TOTL,"Population, total",count,2016,10775971,"World Bank World Development Indicators, SP.POP.TOTL",2026-08-02
GRC,Greece,SP.POP.TOTL,"Population, total",count,2017,10754679,"World Bank World Development Indicators, SP.POP.TOTL",2026-08-02
GRC,Greece,SP.POP.TOTL,"Population, total",count,2018,10732882,"World Bank World Development Indicators, SP.POP.TOTL",2026-08-02
GRC,Greece,SP.POP.TOTL,"Population, total",count,2019,10721582,"World Bank World Development Indicators, SP.POP.TOTL",2026-08-02
GRC,Greece,SP.POP.TOTL,"Population, total",count,2020,10698599,"World Bank World Development Indicators, SP.POP.TOTL",2026-08-02
GRC,Greece,SP.POP.TOTL,"Population, total",count,2021,10570130,"World Bank World Development Indicators, SP.POP.TOTL",2026-08-02
GRC,Greece,SP.POP.TOTL,"Population, total",count,2022,10437805,"World Bank World Development Indicators, SP.POP.TOTL",2026-08-02
GRC,Greece,SP.POP.TOTL,"Population, total",count,2023,10407351,"World Bank World Development Indicators, SP.POP.TOTL",2026-08-02
GRC,Greece,SP.POP.TOTL,"Population, total",count,2024,10405134,"World Bank World Development Indicators, SP.POP.TOTL",2026-08-02
GRC,Greece,SP.POP.TOTL,"Population, total",count,2025,10413962,"World Bank World Development Indicators, SP.POP.TOTL",2026-08-02
