iso3,country,indicator_code,indicator_name,unit,year,value,source,retrieved
ITA,Italy,SP.POP.TOTL,"Population, total",count,1960,50199700,"World Bank World Development Indicators, SP.POP.TOTL",2026-08-02
ITA,Italy,SP.POP.TOTL,"Population, total",count,1961,50536350,"World Bank World Development Indicators, SP.POP.TOTL",2026-08-02
ITA,Italy,SP.POP.TOTL,"Population, total",count,1962,50879450,"World Bank World Development Indicators, SP.POP.TOTL",2026-08-02
ITA,Italy,SP.POP.TOTL,"Population, total",count,1963,51252000,"World Bank World Development Indicators, SP.POP.TOTL",2026-08-02
ITA,Italy,SP.POP.TOTL,"Population, total",count,1964,51675350,"World Bank World Development Indicators, SP.POP.TOTL",2026-08-02
ITA,Italy,SP.POP.TOTL,"Population, total",count,1965,52112350,"World Bank World Development Indicators, SP.POP.TOTL",2026-08-02
ITA,Italy,SP.POP.TOTL,"Population, total",count,1966,52519000,"World Bank World Development Indicators, SP.POP.TOTL",2026-08-02
ITA,Italy,SP.POP.TOTL,"Population, total",count,1967,52900500,"World Bank World Development Indicators, SP.POP.TOTL",2026-08-02
ITA,Italy,SP.POP.TOTL,"Population, total",count,1968,53235750,"World Bank World Development Indicators, SP.POP.TOTL",2026-08-02
ITA,Italy,SP.POP.TOTL,"Population, total",count,1969,53537950,"World Bank World Development Indicators, SP.POP.TOTL",2026-08-02
ITA,Italy,SP.POP.TOTL,"Population, total",count,1970,53821850,"World Bank World Development Indicators, SP.POP.TOTL",2026-08-02
ITA,Italy,SP.POP.TOTL,"Population, total",count,1971,54073490,"World Bank World Development Indicators, SP.POP.TOTL",2026-08-02
ITA,Italy,SP.POP.TOTL,"Population, total",count,1972,54381345,"World Bank World Development Indicators, SP.POP.TOTL",2026-08-02
ITA,Italy,SP.POP.TOTL,"Population, total",count,1973,54751406,"World Bank World Development Indicators, SP.POP.TOTL",2026-08-02
ITA,Italy,SP.POP.TOTL,"Population, total",count,1974,55110868,"World Bank World Development Indicators, SP.POP.TOTL",2026-08-02
ITA,Italy,SP.POP.TOTL,"Population, total",count,1975,55441001,"World Bank World Development Indicators, SP.POP.TOTL",2026-08-02
ITA,Italy,SP.POP.TOTL,"Population, total",count,1976,55718260,"World Bank World Development Indicators, SP.POP.TOTL",2026-08-02
ITA,Italy,SP.POP.TOTL,"Population, total",count,1977,55955411,"World Bank World Development Indicators, SP.POP.TOTL",2026-08-02
ITA,Italy,SP.POP.TOTL,"Population, total",count,1978,56155143,"World Bank World Development Indicators, SP.POP.TOTL",2026-08-02
ITA,Italy,SP.POP.TOTL,"Population, total",count,1979,56317749,"World Bank World Development Indicators, SP.POP.TOTL",2026-08-02
ITA,Italy,SP.POP.TOTL,"Population, total",count,1980,56433883,"World Bank World Development Indicators, SP.POP.TOTL",2026-08-02
ITA,Italy,SP.POP.TOTL,"Population, total",count,1981,56501675,"World Bank World Development Indicators, SP.POP.TOTL",2026-08-02
ITA,Italy,SP.POP.TOTL,"Population, total",count,1982,56543548,"World Bank World Development Indicators, SP.POP.TOTL",2026-08-02
ITA,Italy,SP.POP.TOTL,"Population, total",count,1983,56564074,"World Bank World Development Indicators, SP.POP.TOTL",2026-08-02
ITA,Italy,SP.POP.TOTL,"Population, total",count,1984,56576718,"World Bank World Development Indicators, SP.POP.TOTL",2026-08-02
ITA,Italy,SP.POP.TOTL,"Population, total",count,1985,56593071,"World Bank World Development Indicators, SP.POP.TOTL",2026-08-02
ITA,Italy,SP.POP.TOTL,"Population, total",count,1986,56596155,"World Bank World Development Indicators, SP.POP.TOTL",2026-08-02
ITA,Italy,SP.POP.TOTL,"Population, total",count,1987,56601931,"World Bank World Development Indicators, SP.POP.TOTL",2026-08-02
ITA,Italy,SP.POP.TOTL,"Population, total",count,1988,56629288,"World Bank World Development Indicators, SP.POP.TOTL",2026-08-02
ITA,Italy,SP.POP.TOTL,"Population, total",count,1989,56671781,"World Bank World Development Indicators, SP.POP.TOTL",2026-08-02
ITA,Italy,SP.POP.TOTL,"Population, total",count,1990,56719240,"World Bank World Development Indicators, SP.POP.TOTL",2026-08-02
ITA,Italy,SP.POP.TOTL,"Population, total",count,1991,56758521,"World Bank World Development Indicators, SP.POP.TOTL",2026-08-02
ITA,Italy,SP.POP.TOTL,"Population, total",count,1992,56797087,"World Bank World Development Indicators, SP.POP.TOTL",2026-08-02
ITA,Italy,SP.POP.TOTL,"Population, total",count,1993,56831821,"World Bank World Development Indicators, SP.POP.TOTL",2026-08-02
ITA,Italy,SP.POP.TOTL,"Population, total",count,1994,56843400,"World Bank World Development Indicators, SP.POP.TOTL",2026-08-02
ITA,Italy,SP.POP.TOTL,"Population, total",count,1995,56844303,"World Bank World Development Indicators, SP.POP.TOTL",2026-08-02
ITA,Italy,SP.POP.TOTL,"Population, total",count,1996,56860281,"World Bank World Development Indicators, SP.POP.TOTL",2026-08-02
ITA,Italy,SP.POP.TOTL,"Population, total",count,1997,56890372,"World Bank World Development Indicators, SP.POP.TOTL",2026-08-02
ITA,Italy,SP.POP.TOTL,"Population, total",count,1998,56906744,"World Bank World Development Indicators, SP.POP.TOTL",2026-08-02
ITA,Italy,SP.POP.TOTL,"Population, total",count,1999,56916317,"World Bank World Development Indicators, SP.POP.TOTL",2026-08-02
ITA,Italy,SP.POP.TOTL,"Population, total",count,2000,56942108,"World Bank World Development Indicators, SP.POP.TOTL",2026-08-02
ITA,Italy,SP.POP.TOTL,"Population, total",count,2001,56976981,"World Bank World Development Indicators, SP.POP.TOTL",2026-08-02
ITA,Italy,SP.POP.TOTL,"Population, total",count,2002,57089824,"World Bank World Development Indicators, SP.POP.TOTL",2026-08-02
ITA,Italy,SP.POP.TOTL,"Population, total",count,2003,57399184,"World Bank World Development Indicators, SP.POP.TOTL",2026-08-02
ITA,Italy,SP.POP.TOTL,"Population, total",count,2004,57828179,"World Bank World Development Indicators, SP.POP.TOTL",2026-08-02
ITA,Italy,SP.POP.TOTL,"Population, total",count,2005,58166682,"World Bank World Development Indicators, SP.POP.TOTL",2026-08-02
ITA,Italy,SP.POP.TOTL,"Population, total",count,2006,58399861,"World Bank World Development Indicators, SP.POP.TOTL",2026-08-02
ITA,Italy,SP.POP.TOTL,"Population, total",count,2007,58756247,"World Bank World Development Indicators, SP.POP.TOTL",2026-08-02
ITA,Italy,SP.POP.TOTL,"Population, total",count,2008,59211181,"World Bank World Development Indicators, SP.POP.TOTL",2026-08-02
ITA,Italy,SP.POP.TOTL,"Population, total",count,2009,59555454,"World Bank World Development Indicators, SP.POP.TOTL",2026-08-02
ITA,Italy,SP.POP.TOTL,"Population, total",count,2010,59819407,"World Bank World Development Indicators, SP.POP.TOTL",2026-08-02
ITA,Italy,SP.POP.TOTL,"Population, total",count,2011,60026841,"World Bank World Development Indicators, SP.POP.TOTL",2026-08-02
ITA,Italy,SP.POP.TOTL,"Population, total",count,2012,60191247,"World Bank World Development Indicators, SP.POP.TOTL",2026-08-02
ITA,Italy,SP.POP.TOTL,"Population, total",count,2013,60311613,"World Bank World Development Indicators, SP.POP.TOTL",2026-08-02
ITA,Italy,SP.POP.TOTL,"Population, total",count,2014,60320707,"World Bank World Development Indicators, SP.POP.TOTL",2026-08-02
ITA,Italy,SP.POP.TOTL,"Population, total",count,2015,60229605,"World Bank World Development Indicators, SP.POP.TOTL",2026-08-02
ITA,Italy,SP.POP.TOTL,"Population, total",count,2016,60115223,"World Bank World Development Indicators, SP.POP.TOTL",2026-08-02
ITA,Italy,SP.POP.TOTL,"Population, total",count,2017,60002252,"World Bank World Development Indicators, SP.POP.TOTL",2026-08-02
ITA,Italy,SP.POP.TOTL,"Population, total",count,2018,59877221,"World Bank World Development Indicators, SP.POP.TOTL",2026-08-02
ITA,Italy,SP.POP.TOTL,"Population, total",count,2019,59729081,"World Bank World Development Indicators, SP.POP.TOTL",2026-08-02
ITA,Italy,SP.POP.TOTL,"Population, total",count,2020,59438851,"World Bank World Development Indicators, SP.POP.TOTL",2026-08-02
ITA,Italy,SP.POP.TOTL,"Population, total",count,2021,59133173,"World Bank World Development Indicators, SP.POP.TOTL",2026-08-02
ITA,Italy,SP.POP.TOTL,"Population, total",count,2022,59013667,"World Bank World Development Indicators, SP.POP.TOTL",2026-08-02
ITA,Italy,SP.POP.TOTL,"Population, total",count,2023,58984216,"World Bank World Development Indicators, SP.POP.TOTL",2026-08-02
ITA,Italy,SP.POP.TOTL,"Population, total",count,2024,58952704,"World Bank World Development Indicators, SP.POP.TOTL",2026-08-02
ITA,Italy,SP.POP.TOTL,"Population, total",count,2025,58915656,"World Bank World Development Indicators, SP.POP.TOTL",2026-08-02
LUX,Luxembourg,SP.POP.TOTL,"Population, total",count,1960,313970,"World Bank World Development Indicators, SP.POP.TOTL",2026-08-02
LUX,Luxembourg,SP.POP.TOTL,"Population, total",count,1961,316845,"World Bank World Development Indicators, SP.POP.TOTL",2026-08-02
LUX,Luxembourg,SP.POP.TOTL,"Population, total",count,1962,320750,"World Bank World Development Indicators, SP.POP.TOTL",2026-08-02
LUX,Luxembourg,SP.POP.TOTL,"Population, total",count,1963,324100,"World Bank World Development Indicators, SP.POP.TOTL",2026-08-02
LUX,Luxembourg,SP.POP.TOTL,"Population, total",count,1964,327750,"World Bank World Development Indicators, SP.POP.TOTL",2026-08-02
LUX,Luxembourg,SP.POP.TOTL,"Population, total",count,1965,331500,"World Bank World Development Indicators, SP.POP.TOTL",2026-08-02
LUX,Luxembourg,SP.POP.TOTL,"Population, total",count,1966,333895,"World Bank World Development Indicators, SP.POP.TOTL",2026-08-02
LUX,Luxembourg,SP.POP.TOTL,"Population, total",count,1967,334995,"World Bank World Development Indicators, SP.POP.TOTL",2026-08-02
LUX,Luxembourg,SP.POP.TOTL,"Population, total",count,1968,335850,"World Bank World Development Indicators, SP.POP.TOTL",2026-08-02
LUX,Luxembourg,SP.POP.TOTL,"Population, total",count,1969,337500,"World Bank World Development Indicators, SP.POP.TOTL",2026-08-02
LUX,Luxembourg,SP.POP.TOTL,"Population, total",count,1970,339171,"World Bank World Development Indicators, SP.POP.TOTL",2026-08-02
LUX,Luxembourg,SP.POP.TOTL,"Population, total",count,1971,342421,"World Bank World Development Indicators, SP.POP.TOTL",2026-08-02
LUX,Luxembourg,SP.POP.TOTL,"Population, total",count,1972,346600,"World Bank World Development Indicators, SP.POP.TOTL",2026-08-02
LUX,Luxembourg,SP.POP.TOTL,"Population, total",count,1973,350450,"World Bank World Development Indicators, SP.POP.TOTL",2026-08-02
LUX,Luxembourg,SP.POP.TOTL,"Population, total",count,1974,355050,"World Bank World Development Indicators, SP.POP.TOTL",2026-08-02
LUX,Luxembourg,SP.POP.TOTL,"Population, total",count,1975,358950,"World Bank World Development Indicators, SP.POP.TOTL",2026-08-02
LUX,Luxembourg,SP.POP.TOTL,"Population, total",count,1976,360731,"World Bank World Development Indicators, SP.POP.TOTL",2026-08-02
LUX,Luxembourg,SP.POP.TOTL,"Population, total",count,1977,361358,"World Bank World Development Indicators, SP.POP.TOTL",2026-08-02
LUX,Luxembourg,SP.POP.TOTL,"Population, total",count,1978,362007,"World Bank World Development Indicators, SP.POP.TOTL",2026-08-02
LUX,Luxembourg,SP.POP.TOTL,"Population, total",count,1979,362856,"World Bank World Development Indicators, SP.POP.TOTL",2026-08-02
LUX,Luxembourg,SP.POP.TOTL,"Population, total",count,1980,364150,"World Bank World Development Indicators, SP.POP.TOTL",2026-08-02
LUX,Luxembourg,SP.POP.TOTL,"Population, total",count,1981,365225,"World Bank World Development Indicators, SP.POP.TOTL",2026-08-02
LUX,Luxembourg,SP.POP.TOTL,"Population, total",count,1982,365525,"World Bank World Development Indicators, SP.POP.TOTL",2026-08-02
LUX,Luxembourg,SP.POP.TOTL,"Population, total",count,1983,365622,"World Bank World Development Indicators, SP.POP.TOTL",2026-08-02
LUX,Luxembourg,SP.POP.TOTL,"Population, total",count,1984,365998,"World Bank World Development Indicators, SP.POP.TOTL",2026-08-02
LUX,Luxembourg,SP.POP.TOTL,"Population, total",count,1985,366706,"World Bank World Development Indicators, SP.POP.TOTL",2026-08-02
LUX,Luxembourg,SP.POP.TOTL,"Population, total",count,1986,368355,"World Bank World Development Indicators, SP.POP.TOTL",2026-08-02
LUX,Luxembourg,SP.POP.TOTL,"Population, total",count,1987,370750,"World Bank World Development Indicators, SP.POP.TOTL",2026-08-02
LUX,Luxembourg,SP.POP.TOTL,"Population, total",count,1988,373450,"World Bank World Development Indicators, SP.POP.TOTL",2026-08-02
LUX,Luxembourg,SP.POP.TOTL,"Population, total",count,1989,377100,"World Bank World Development Indicators, SP.POP.TOTL",2026-08-02
LUX,Luxembourg,SP.POP.TOTL,"Population, total",count,1990,381850,"World Bank World Development Indicators, SP.POP.TOTL",2026-08-02
LUX,Luxembourg,SP.POP.TOTL,"Population, total",count,1991,387000,"World Bank World Development Indicators, SP.POP.TOTL",2026-08-02
LUX,Luxembourg,SP.POP.TOTL,"Population, total",count,1992,392175,"World Bank World Development Indicators, SP.POP.TOTL",2026-08-02
LUX,Luxembourg,SP.POP.TOTL,"Population, total",count,1993,397475,"World Bank World Development Indicators, SP.POP.TOTL",2026-08-02
LUX,Luxembourg,SP.POP.TOTL,"Population, total",count,1994,402925,"World Bank World Development Indicators, SP.POP.TOTL",2026-08-02
LUX,Luxembourg,SP.POP.TOTL,"Population, total",count,1995,408625,"World Bank World Development Indicators, SP.POP.TOTL",2026-08-02
LUX,Luxembourg,SP.POP.TOTL,"Population, total",count,1996,414225,"World Bank World Development Indicators, SP.POP.TOTL",2026-08-02
LUX,Luxembourg,SP.POP.TOTL,"Population, total",count,1997,419450,"World Bank World Development Indicators, SP.POP.TOTL",2026-08-02
LUX,Luxembourg,SP.POP.TOTL,"Population, total",count,1998,424700,"World Bank World Development Indicators, SP.POP.TOTL",2026-08-02
LUX,Luxembourg,SP.POP.TOTL,"Population, total",count,1999,430475,"World Bank World Development Indicators, SP.POP.TOTL",2026-08-02
LUX,Luxembourg,SP.POP.TOTL,"Population, total",count,2000,436300,"World Bank World Development Indicators, SP.POP.TOTL",2026-08-02
LUX,Luxembourg,SP.POP.TOTL,"Population, total",count,2001,441525,"World Bank World Development Indicators, SP.POP.TOTL",2026-08-02
LUX,Luxembourg,SP.POP.TOTL,"Population, total",count,2002,446175,"World Bank World Development Indicators, SP.POP.TOTL",2026-08-02
LUX,Luxembourg,SP.POP.TOTL,"Population, total",count,2003,451630,"World Bank World Development Indicators, SP.POP.TOTL",2026-08-02
LUX,Luxembourg,SP.POP.TOTL,"Population, total",count,2004,458095,"World Bank World Development Indicators, SP.POP.TOTL",2026-08-02
LUX,Luxembourg,SP.POP.TOTL,"Population, total",count,2005,465158,"World Bank World Development Indicators, SP.POP.TOTL",2026-08-02
LUX,Luxembourg,SP.POP.TOTL,"Population, total",count,2006,472637,"World Bank World Development Indicators, SP.POP.TOTL",2026-08-02
LUX,Luxembourg,SP.POP.TOTL,"Population, total",count,2007,479993,"World Bank World Development Indicators, SP.POP.TOTL",2026-08-02
LUX,Luxembourg,SP.POP.TOTL,"Population, total",count,2008,488650,"World Bank World Development Indicators, SP.POP.TOTL",2026-08-02
LUX,Luxembourg,SP.POP.TOTL,"Population, total",count,2009,497783,"World Bank World Development Indicators, SP.POP.TOTL",2026-08-02
LUX,Luxembourg,SP.POP.TOTL,"Population, total",count,2010,506953,"World Bank World Development Indicators, SP.POP.TOTL",2026-08-02
LUX,Luxembourg,SP.POP.TOTL,"Population, total",count,2011,518347,"World Bank World Development Indicators, SP.POP.TOTL",2026-08-02
LUX,Luxembourg,SP.POP.TOTL,"Population, total",count,2012,530946,"World Bank World Development Indicators, SP.POP.TOTL",2026-08-02
LUX,Luxembourg,SP.POP.TOTL,"Population, total",count,2013,543360,"World Bank World Development Indicators, SP.POP.TOTL",2026-08-02
LUX,Luxembourg,SP.POP.TOTL,"Population, total",count,2014,556319,"World Bank World Development Indicators, SP.POP.TOTL",2026-08-02
LUX,Luxembourg,SP.POP.TOTL,"Population, total",count,2015,569604,"World Bank World Development Indicators, SP.POP.TOTL",2026-08-02
LUX,Luxembourg,SP.POP.TOTL,"Population, total",count,2016,582014,"World Bank World Development Indicators, SP.POP.TOTL",2026-08-02
LUX,Luxembourg,SP.POP.TOTL,"Population, total",count,2017,596336,"World Bank World Development Indicators, SP.POP.TOTL",2026-08-02
LUX,Luxembourg,SP.POP.TOTL,"Population, total",count,2018,607950,"World Bank World Development Indicators, SP.POP.TOTL",2026-08-02
LUX,Luxembourg,SP.POP.TOTL,"Population, total",count,2019,620001,"World Bank World Development Indicators, SP.POP.TOTL",2026-08-02
LUX,Luxembourg,SP.POP.TOTL,"Population, total",count,2020,630419,"World Bank World Development Indicators, SP.POP.TOTL",2026-08-02
LUX,Luxembourg,SP.POP.TOTL,"Population, total",count,2021,640064,"World Bank World Development Indicators, SP.POP.TOTL",2026-08-02
LUX,Luxembourg,SP.POP.TOTL,"Population, total",count,2022,653103,"World Bank World Development Indicators, SP.POP.TOTL",2026-08-02
LUX,Luxembourg,SP.POP.TOTL,"Population, total",count,2023,666430,"World Bank World Development Indicators, SP.POP.TOTL",2026-08-02
LUX,Luxembourg,SP.POP.TOTL,"Population, total",count,2024,677012,"World Bank World Development Indicators, SP.POP.TOTL",2026-08-02
LUX,Luxembourg,SP.POP.TOTL,"Population, total",count,2025,686970,"World Bank World Development Indicators, SP.POP.TOTL",2026-08-02
MLT,Malta,SP.POP.TOTL,"Population, total",count,1960,326550,"World Bank World Development Indicators, SP.POP.TOTL",2026-08-02
MLT,Malta,SP.POP.TOTL,"Population, total",count,1961,325250,"World Bank World Development Indicators, SP.POP.TOTL",2026-08-02
MLT,Malta,SP.POP.TOTL,"Population, total",count,1962,323900,"World Bank World Development Indicators, SP.POP.TOTL",2026-08-02
MLT,Malta,SP.POP.TOTL,"Population, total",count,1963,322550,"World Bank World Development Indicators, SP.POP.TOTL",2026-08-02
MLT,Malta,SP.POP.TOTL,"Population, total",count,1964,321250,"World Bank World Development Indicators, SP.POP.TOTL",2026-08-02
MLT,Malta,SP.POP.TOTL,"Population, total",count,1965,318800,"World Bank World Development Indicators, SP.POP.TOTL",2026-08-02
MLT,Malta,SP.POP.TOTL,"Population, total",count,1966,315200,"World Bank World Development Indicators, SP.POP.TOTL",2026-08-02
MLT,Malta,SP.POP.TOTL,"Population, total",count,1967,311550,"World Bank World Development Indicators, SP.POP.TOTL",2026-08-02
MLT,Malta,SP.POP.TOTL,"Population, total",count,1968,307900,"World Bank World Development Indicators, SP.POP.TOTL",2026-08-02
MLT,Malta,SP.POP.TOTL,"Population, total",count,1969,304300,"World Bank World Development Indicators, SP.POP.TOTL",2026-08-02
MLT,Malta,SP.POP.TOTL,"Population, total",count,1970,302650,"World Bank World Development Indicators, SP.POP.TOTL",2026-08-02
MLT,Malta,SP.POP.TOTL,"Population, total",count,1971,302700,"World Bank World Development Indicators, SP.POP.TOTL",2026-08-02
MLT,Malta,SP.POP.TOTL,"Population, total",count,1972,302450,"World Bank World Development Indicators, SP.POP.TOTL",2026-08-02
MLT,Malta,SP.POP.TOTL,"Population, total",count,1973,302200,"World Bank World Development Indicators, SP.POP.TOTL",2026-08-02
MLT,Malta,SP.POP.TOTL,"Population, total",count,1974,301996,"World Bank World Development Indicators, SP.POP.TOTL",2026-08-02
MLT,Malta,SP.POP.TOTL,"Population, total",count,1975,304222,"World Bank World Development Indicators, SP.POP.TOTL",2026-08-02
MLT,Malta,SP.POP.TOTL,"Population, total",count,1976,305774,"World Bank World Development Indicators, SP.POP.TOTL",2026-08-02
MLT,Malta,SP.POP.TOTL,"Population, total",count,1977,306970,"World Bank World Development Indicators, SP.POP.TOTL",2026-08-02
MLT,Malta,SP.POP.TOTL,"Population, total",count,1978,310182,"World Bank World Development Indicators, SP.POP.TOTL",2026-08-02
MLT,Malta,SP.POP.TOTL,"Population, total",count,1979,313342,"World Bank World Development Indicators, SP.POP.TOTL",2026-08-02
MLT,Malta,SP.POP.TOTL,"Population, total",count,1980,316645,"World Bank World Development Indicators, SP.POP.TOTL",2026-08-02
MLT,Malta,SP.POP.TOTL,"Population, total",count,1981,318982,"World Bank World Development Indicators, SP.POP.TOTL",2026-08-02
MLT,Malta,SP.POP.TOTL,"Population, total",count,1982,325898,"World Bank World Development Indicators, SP.POP.TOTL",2026-08-02
MLT,Malta,SP.POP.TOTL,"Population, total",count,1983,330524,"World Bank World Development Indicators, SP.POP.TOTL",2026-08-02
MLT,Malta,SP.POP.TOTL,"Population, total",count,1984,330593,"World Bank World Development Indicators, SP.POP.TOTL",2026-08-02
MLT,Malta,SP.POP.TOTL,"Population, total",count,1985,336452,"World Bank World Development Indicators, SP.POP.TOTL",2026-08-02
MLT,Malta,SP.POP.TOTL,"Population, total",count,1986,342121,"World Bank World Development Indicators, SP.POP.TOTL",2026-08-02
MLT,Malta,SP.POP.TOTL,"Population, total",count,1987,344485,"World Bank World Development Indicators, SP.POP.TOTL",2026-08-02
MLT,Malta,SP.POP.TOTL,"Population, total",count,1988,347325,"World Bank World Development Indicators, SP.POP.TOTL",2026-08-02
MLT,Malta,SP.POP.TOTL,"Population, total",count,1989,350722,"World Bank World Development Indicators, SP.POP.TOTL",2026-08-02
MLT,Malta,SP.POP.TOTL,"Population, total",count,1990,354170,"World Bank World Development Indicators, SP.POP.TOTL",2026-08-02
MLT,Malta,SP.POP.TOTL,"Population, total",count,1991,363845,"World Bank World Development Indicators, SP.POP.TOTL",2026-08-02
MLT,Malta,SP.POP.TOTL,"Population, total",count,1992,367618,"World Bank World Development Indicators, SP.POP.TOTL",2026-08-02
MLT,Malta,SP.POP.TOTL,"Population, total",count,1993,371308,"World Bank World Development Indicators, SP.POP.TOTL",2026-08-02
MLT,Malta,SP.POP.TOTL,"Population, total",count,1994,374797,"World Bank World Development Indicators, SP.POP.TOTL",2026-08-02
MLT,Malta,SP.POP.TOTL,"Population, total",count,1995,377419,"World Bank World Development Indicators, SP.POP.TOTL",2026-08-02
MLT,Malta,SP.POP.TOTL,"Population, total",count,1996,379905,"World Bank World Development Indicators, SP.POP.TOTL",2026-08-02
MLT,Malta,SP.POP.TOTL,"Population, total",count,1997,382791,"World Bank World Development Indicators, SP.POP.TOTL",2026-08-02
MLT,Malta,SP.POP.TOTL,"Population, total",count,1998,385287,"World Bank World Development Indicators, SP.POP.TOTL",2026-08-02
MLT,Malta,SP.POP.TOTL,"Population, total",count,1999,387578,"World Bank World Development Indicators, SP.POP.TOTL",2026-08-02
MLT,Malta,SP.POP.TOTL,"Population, total",count,2000,390087,"World Bank World Development Indicators, SP.POP.TOTL",2026-08-02
MLT,Malta,SP.POP.TOTL,"Population, total",count,2001,393028,"World Bank World Development Indicators, SP.POP.TOTL",2026-08-02
MLT,Malta,SP.POP.TOTL,"Population, total",count,2002,395969,"World Bank World Development Indicators, SP.POP.TOTL",2026-08-02
MLT,Malta,SP.POP.TOTL,"Population, total",count,2003,398582,"World Bank World Development Indicators, SP.POP.TOTL",2026-08-02
MLT,Malta,SP.POP.TOTL,"Population, total",count,2004,401268,"World Bank World Development Indicators, SP.POP.TOTL",2026-08-02
MLT,Malta,SP.POP.TOTL,"Population, total",count,2005,403834,"World Bank World Development Indicators, SP.POP.TOTL",2026-08-02
MLT,Malta,SP.POP.TOTL,"Population, total",count,2006,405308,"World Bank World Development Indicators, SP.POP.TOTL",2026-08-02
MLT,Malta,SP.POP.TOTL,"Population, total",count,2007,406724,"World Bank World Development Indicators, SP.POP.TOTL",2026-08-02
MLT,Malta,SP.POP.TOTL,"Population, total",count,2008,409379,"World Bank World Development Indicators, SP.POP.TOTL",2026-08-02
MLT,Malta,SP.POP.TOTL,"Population, total",count,2009,412477,"World Bank World Development Indicators, SP.POP.TOTL",2026-08-02
MLT,Malta,SP.POP.TOTL,"Population, total",count,2010,414508,"World Bank World Development Indicators, SP.POP.TOTL",2026-08-02
MLT,Malta,SP.POP.TOTL,"Population, total",count,2011,416268,"World Bank World Development Indicators, SP.POP.TOTL",2026-08-02
MLT,Malta,SP.POP.TOTL,"Population, total",count,2012,420028,"World Bank World Development Indicators, SP.POP.TOTL",2026-08-02
MLT,Malta,SP.POP.TOTL,"Population, total",count,2013,424810,"World Bank World Development Indicators, SP.POP.TOTL",2026-08-02
MLT,Malta,SP.POP.TOTL,"Population, total",count,2014,433481,"World Bank World Development Indicators, SP.POP.TOTL",2026-08-02
MLT,Malta,SP.POP.TOTL,"Population, total",count,2015,444220,"World Bank World Development Indicators, SP.POP.TOTL",2026-08-02
MLT,Malta,SP.POP.TOTL,"Population, total",count,2016,454505,"World Bank World Development Indicators, SP.POP.TOTL",2026-08-02
MLT,Malta,SP.POP.TOTL,"Population, total",count,2017,467106,"World Bank World Development Indicators, SP.POP.TOTL",2026-08-02
MLT,Malta,SP.POP.TOTL,"Population, total",count,2018,483903,"World Bank World Development Indicators, SP.POP.TOTL",2026-08-02
MLT,Malta,SP.POP.TOTL,"Population, total",count,2019,503912,"World Bank World Development Indicators, SP.POP.TOTL",2026-08-02
MLT,Malta,SP.POP.TOTL,"Population, total",count,2020,515490,"World Bank World Development Indicators, SP.POP.TOTL",2026-08-02
MLT,Malta,SP.POP.TOTL,"Population, total",count,2021,518150,"World Bank World Development Indicators, SP.POP.TOTL",2026-08-02
MLT,Malta,SP.POP.TOTL,"Population, total",count,2022,531113,"World Bank World Development Indicators, SP.POP.TOTL",2026-08-02
MLT,Malta,SP.POP.TOTL,"Population, total",count,2023,552747,"World Bank World Development Indicators, SP.POP.TOTL",2026-08-02
MLT,Malta,SP.POP.TOTL,"Population, total",count,2024,568847,"World Bank World Development Indicators, SP.POP.TOTL",2026-08-02
MLT,Malta,SP.POP.TOTL,"Population, total",count,2025,579704,"World Bank World Development Indicators, SP.POP.TOTL",2026-08-02
POL,Poland,SP.POP.TOTL,"Population, total",count,1960,29637450,"World Bank World Development Indicators, SP.POP.TOTL",2026-08-02
POL,Poland,SP.POP.TOTL,"Population, total",count,1961,29964000,"World Bank World Development Indicators, SP.POP.TOTL",2026-08-02
POL,Poland,SP.POP.TOTL,"Population, total",count,1962,30308500,"World Bank World Development Indicators, SP.POP.TOTL",2026-08-02
POL,Poland,SP.POP.TOTL,"Population, total",count,1963,30712000,"World Bank World Development Indicators, SP.POP.TOTL",2026-08-02
POL,Poland,SP.POP.TOTL,"Population, total",count,1964,31139450,"World Bank World Development Indicators, SP.POP.TOTL",2026-08-02
POL,Poland,SP.POP.TOTL,"Population, total",count,1965,31444950,"World Bank World Development Indicators, SP.POP.TOTL",2026-08-02
POL,Poland,SP.POP.TOTL,"Population, total",count,1966,31681000,"World Bank World Development Indicators, SP.POP.TOTL",2026-08-02
POL,Poland,SP.POP.TOTL,"Population, total",count,1967,31987155,"World Bank World Development Indicators, SP.POP.TOTL",2026-08-02
POL,Poland,SP.POP.TOTL,"Population, total",count,1968,32294655,"World Bank World Development Indicators, SP.POP.TOTL",2026-08-02
POL,Poland,SP.POP.TOTL,"Population, total",count,1969,32548300,"World Bank World Development Indicators, SP.POP.TOTL",2026-08-02
POL,Poland,SP.POP.TOTL,"Population, total",count,1970,32664300,"World Bank World Development Indicators, SP.POP.TOTL",2026-08-02
POL,Poland,SP.POP.TOTL,"Population, total",count,1971,32783500,"World Bank World Development Indicators, SP.POP.TOTL",2026-08-02
POL,Poland,SP.POP.TOTL,"Population, total",count,1972,33055650,"World Bank World Development Indicators, SP.POP.TOTL",2026-08-02
POL,Poland,SP.POP.TOTL,"Population, total",count,1973,33357200,"World Bank World Development Indicators, SP.POP.TOTL",2026-08-02
POL,Poland,SP.POP.TOTL,"Population, total",count,1974,33678899,"World Bank World Development Indicators, SP.POP.TOTL",2026-08-02
POL,Poland,SP.POP.TOTL,"Population, total",count,1975,34015199,"World Bank World Development Indicators, SP.POP.TOTL",2026-08-02
POL,Poland,SP.POP.TOTL,"Population, total",count,1976,34356300,"World Bank World Development Indicators, SP.POP.TOTL",2026-08-02
POL,Poland,SP.POP.TOTL,"Population, total",count,1977,34689050,"World Bank World Development Indicators, SP.POP.TOTL",2026-08-02
POL,Poland,SP.POP.TOTL,"Population, total",count,1978,34965600,"World Bank World Development Indicators, SP.POP.TOTL",2026-08-02
POL,Poland,SP.POP.TOTL,"Population, total",count,1979,35247217,"World Bank World Development Indicators, SP.POP.TOTL",2026-08-02
POL,Poland,SP.POP.TOTL,"Population, total",count,1980,35574150,"World Bank World Development Indicators, SP.POP.TOTL",2026-08-02
POL,Poland,SP.POP.TOTL,"Population, total",count,1981,35898587,"World Bank World Development Indicators, SP.POP.TOTL",2026-08-02
POL,Poland,SP.POP.TOTL,"Population, total",count,1982,36230481,"World Bank World Development Indicators, SP.POP.TOTL",2026-08-02
POL,Poland,SP.POP.TOTL,"Population, total",count,1983,36571808,"World Bank World Development Indicators, SP.POP.TOTL",2026-08-02
POL,Poland,SP.POP.TOTL,"Population, total",count,1984,36904134,"World Bank World Development Indicators, SP.POP.TOTL",2026-08-02
POL,Poland,SP.POP.TOTL,"Population, total",count,1985,37201885,"World Bank World Development Indicators, SP.POP.TOTL",2026-08-02
POL,Poland,SP.POP.TOTL,"Population, total",count,1986,37456119,"World Bank World Development Indicators, SP.POP.TOTL",2026-08-02
POL,Poland,SP.POP.TOTL,"Population, total",count,1987,37668045,"World Bank World Development Indicators, SP.POP.TOTL",2026-08-02
POL,Poland,SP.POP.TOTL,"Population, total",count,1988,37824487,"World Bank World Development Indicators, SP.POP.TOTL",2026-08-02
POL,Poland,SP.POP.TOTL,"Population, total",count,1989,37961529,"World Bank World Development Indicators, SP.POP.TOTL",2026-08-02
POL,Poland,SP.POP.TOTL,"Population, total",count,1990,38110782,"World Bank World Development Indicators, SP.POP.TOTL",2026-08-02
POL,Poland,SP.POP.TOTL,"Population, total",count,1991,38246193,"World Bank World Development Indicators, SP.POP.TOTL",2026-08-02
POL,Poland,SP.POP.TOTL,"Population, total",count,1992,38363667,"World Bank World Development Indicators, SP.POP.TOTL",2026-08-02
POL,Poland,SP.POP.TOTL,"Population, total",count,1993,38461408,"World Bank World Development Indicators, SP.POP.TOTL",2026-08-02
POL,Poland,SP.POP.TOTL,"Population, total",count,1994,38542652,"World Bank World Development Indicators, SP.POP.TOTL",2026-08-02
POL,Poland,SP.POP.TOTL,"Population, total",count,1995,38594998,"World Bank World Development Indicators, SP.POP.TOTL",2026-08-02
POL,Poland,SP.POP.TOTL,"Population, total",count,1996,38624370,"World Bank World Development Indicators, SP.POP.TOTL",2026-08-02
POL,Poland,SP.POP.TOTL,"Population, total",count,1997,38649660,"World Bank World Development Indicators, SP.POP.TOTL",2026-08-02
POL,Poland,SP.POP.TOTL,"Population, total",count,1998,38663481,"World Bank World Development Indicators, SP.POP.TOTL",2026-08-02
POL,Poland,SP.POP.TOTL,"Population, total",count,1999,38660271,"World Bank World Development Indicators, SP.POP.TOTL",2026-08-02
POL,Poland,SP.POP.TOTL,"Population, total",count,2000,38258629,"World Bank World Development Indicators, SP.POP.TOTL",2026-08-02
POL,Poland,SP.POP.TOTL,"Population, total",count,2001,38248076,"World Bank World Development Indicators, SP.POP.TOTL",2026-08-02
POL,Poland,SP.POP.TOTL,"Population, total",count,2002,38230364,"World Bank World Development Indicators, SP.POP.TOTL",2026-08-02
POL,Poland,SP.POP.TOTL,"Population, total",count,2003,38204570,"World Bank World Development Indicators, SP.POP.TOTL",2026-08-02
POL,Poland,SP.POP.TOTL,"Population, total",count,2004,38182222,"World Bank World Development Indicators, SP.POP.TOTL",2026-08-02
POL,Poland,SP.POP.TOTL,"Population, total",count,2005,38165445,"World Bank World Development Indicators, SP.POP.TOTL",2026-08-02
POL,Poland,SP.POP.TOTL,"Population, total",count,2006,38141267,"World Bank World Development Indicators, SP.POP.TOTL",2026-08-02
POL,Poland,SP.POP.TOTL,"Population, total",count,2007,38120560,"World Bank World Development Indicators, SP.POP.TOTL",2026-08-02
POL,Poland,SP.POP.TOTL,"Population, total",count,2008,38125759,"World Bank World Development Indicators, SP.POP.TOTL",2026-08-02
POL,Poland,SP.POP.TOTL,"Population, total",count,2009,38151603,"World Bank World Development Indicators, SP.POP.TOTL",2026-08-02
POL,Poland,SP.POP.TOTL,"Population, total",count,2010,38042794,"World Bank World Development Indicators, SP.POP.TOTL",2026-08-02
POL,Poland,SP.POP.TOTL,"Population, total",count,2011,38063255,"World Bank World Development Indicators, SP.POP.TOTL",2026-08-02
POL,Poland,SP.POP.TOTL,"Population, total",count,2012,38063164,"World Bank World Development Indicators, SP.POP.TOTL",2026-08-02
POL,Poland,SP.POP.TOTL,"Population, total",count,2013,38040196,"World Bank World Development Indicators, SP.POP.TOTL",2026-08-02
POL,Poland,SP.POP.TOTL,"Population, total",count,2014,38011735,"World Bank World Development Indicators, SP.POP.TOTL",2026-08-02
POL,Poland,SP.POP.TOTL,"Population, total",count,2015,37986412,"World Bank World Development Indicators, SP.POP.TOTL",2026-08-02
POL,Poland,SP.POP.TOTL,"Population, total",count,2016,37970087,"World Bank World Development Indicators, SP.POP.TOTL",2026-08-02
POL,Poland,SP.POP.TOTL,"Population, total",count,2017,37974826,"World Bank World Development Indicators, SP.POP.TOTL",2026-08-02
POL,Poland,SP.POP.TOTL,"Population, total",count,2018,37974750,"World Bank World Development Indicators, SP.POP.TOTL",2026-08-02
POL,Poland,SP.POP.TOTL,"Population, total",count,2019,37965475,"World Bank World Development Indicators, SP.POP.TOTL",2026-08-02
POL,Poland,SP.POP.TOTL,"Population, total",count,2020,37515748,"World Bank World Development Indicators, SP.POP.TOTL",2026-08-02
POL,Poland,SP.POP.TOTL,"Population, total",count,2021,36981559,"World Bank World Development Indicators, SP.POP.TOTL",2026-08-02
POL,Poland,SP.POP.TOTL,"Population, total",count,2022,36821749,"World Bank World Development Indicators, SP.POP.TOTL",2026-08-02
POL,Poland,SP.POP.TOTL,"Population, total",count,2023,36687353,"World Bank World Development Indicators, SP.POP.TOTL",2026-08-02
POL,Poland,SP.POP.TOTL,"Population, total",count,2024,36559233,"World Bank World Development Indicators, SP.POP.TOTL",2026-08-02
POL,Poland,SP.POP.TOTL,"Population, total",count,2025,36435861,"World Bank World Development Indicators, SP.POP.TOTL",2026-08-02
PRT,Portugal,SP.POP.TOTL,"Population, total",count,1960,8857716,"World Bank World Development Indicators, SP.POP.TOTL",2026-08-02
PRT,Portugal,SP.POP.TOTL,"Population, total",count,1961,8929316,"World Bank World Development Indicators, SP.POP.TOTL",2026-08-02
PRT,Portugal,SP.POP.TOTL,"Population, total",count,1962,8993985,"World Bank World Development Indicators, SP.POP.TOTL",2026-08-02
PRT,Portugal,SP.POP.TOTL,"Population, total",count,1963,9030355,"World Bank World Development Indicators, SP.POP.TOTL",2026-08-02
PRT,Portugal,SP.POP.TOTL,"Population, total",count,1964,9035365,"World Bank World Development Indicators, SP.POP.TOTL",2026-08-02
PRT,Portugal,SP.POP.TOTL,"Population, total",count,1965,8998595,"World Bank World Development Indicators, SP.POP.TOTL",2026-08-02
PRT,Portugal,SP.POP.TOTL,"Population, total",count,1966,8930990,"World Bank World Development Indicators, SP.POP.TOTL",2026-08-02
PRT,Portugal,SP.POP.TOTL,"Population, total",count,1967,8874520,"World Bank World Development Indicators, SP.POP.TOTL",2026-08-02
PRT,Portugal,SP.POP.TOTL,"Population, total",count,1968,8836650,"World Bank World Development Indicators, SP.POP.TOTL",2026-08-02
PRT,Portugal,SP.POP.TOTL,"Population, total",count,1969,8757705,"World Bank World Development Indicators, SP.POP.TOTL",2026-08-02
PRT,Portugal,SP.POP.TOTL,"Population, total",count,1970,8680431,"World Bank World Development Indicators, SP.POP.TOTL",2026-08-02
PRT,Portugal,SP.POP.TOTL,"Population, total",count,1971,8643756,"World Bank World Development Indicators, SP.POP.TOTL",2026-08-02
PRT,Portugal,SP.POP.TOTL,"Population, total",count,1972,8630430,"World Bank World Development Indicators, SP.POP.TOTL",2026-08-02
PRT,Portugal,SP.POP.TOTL,"Population, total",count,1973,8633100,"World Bank World Development Indicators, SP.POP.TOTL",2026-08-02
PRT,Portugal,SP.POP.TOTL,"Population, total",count,1974,8754365,"World Bank World Development Indicators, SP.POP.TOTL",2026-08-02
PRT,Portugal,SP.POP.TOTL,"Population, total",count,1975,9093470,"World Bank World Development Indicators, SP.POP.TOTL",2026-08-02
PRT,Portugal,SP.POP.TOTL,"Population, total",count,1976,9355810,"World Bank World Development Indicators, SP.POP.TOTL",2026-08-02
PRT,Portugal,SP.POP.TOTL,"Population, total",count,1977,9455675,"World Bank World Development Indicators, SP.POP.TOTL",2026-08-02
PRT,Portugal,SP.POP.TOTL,"Population, total",count,1978,9558250,"World Bank World Development Indicators, SP.POP.TOTL",2026-08-02
PRT,Portugal,SP.POP.TOTL,"Population, total",count,1979,9661265,"World Bank World Development Indicators, SP.POP.TOTL",2026-08-02
PRT,Portugal,SP.POP.TOTL,"Population, total",count,1980,9766312,"World Bank World Development Indicators, SP.POP.TOTL",2026-08-02
PRT,Portugal,SP.POP.TOTL,"Population, total",count,1981,9851362,"World Bank World Development Indicators, SP.POP.TOTL",2026-08-02
PRT,Portugal,SP.POP.TOTL,"Population, total",count,1982,9911771,"World Bank World Development Indicators, SP.POP.TOTL",2026-08-02
PRT,Portugal,SP.POP.TOTL,"Population, total",count,1983,9957865,"World Bank World Development Indicators, SP.POP.TOTL",2026-08-02
PRT,Portugal,SP.POP.TOTL,"Population, total",count,1984,9996232,"World Bank World Development Indicators, SP.POP.TOTL",2026-08-02
PRT,Portugal,SP.POP.TOTL,"Population, total",count,1985,10023613,"World Bank World Development Indicators, SP.POP.TOTL",2026-08-02
PRT,Portugal,SP.POP.TOTL,"Population, total",count,1986,10032734,"World Bank World Development Indicators, SP.POP.TOTL",2026-08-02
PRT,Portugal,SP.POP.TOTL,"Population, total",count,1987,10030031,"World Bank World Development Indicators, SP.POP.TOTL",2026-08-02
PRT,Portugal,SP.POP.TOTL,"Population, total",count,1988,10019610,"World Bank World Development Indicators, SP.POP.TOTL",2026-08-02
PRT,Portugal,SP.POP.TOTL,"Population, total",count,1989,10005000,"World Bank World Development Indicators, SP.POP.TOTL",2026-08-02
PRT,Portugal,SP.POP.TOTL,"Population, total",count,1990,9983218,"World Bank World Development Indicators, SP.POP.TOTL",2026-08-02
PRT,Portugal,SP.POP.TOTL,"Population, total",count,1991,9960235,"World Bank World Development Indicators, SP.POP.TOTL",2026-08-02
PRT,Portugal,SP.POP.TOTL,"Population, total",count,1992,9952494,"World Bank World Development Indicators, SP.POP.TOTL",2026-08-02
PRT,Portugal,SP.POP.TOTL,"Population, total",count,1993,9964675,"World Bank World Development Indicators, SP.POP.TOTL",2026-08-02
PRT,Portugal,SP.POP.TOTL,"Population, total",count,1994,9991525,"World Bank World Development Indicators, SP.POP.TOTL",2026-08-02
PRT,Portugal,SP.POP.TOTL,"Population, total",count,1995,10026176,"World Bank World Development Indicators, SP.POP.TOTL",2026-08-02
PRT,Portugal,SP.POP.TOTL,"Population, total",count,1996,10063945,"World Bank World Development Indicators, SP.POP.TOTL",2026-08-02
PRT,Portugal,SP.POP.TOTL,"Population, total",count,1997,10108977,"World Bank World Development Indicators, SP.POP.TOTL",2026-08-02
PRT,Portugal,SP.POP.TOTL,"Population, total",count,1998,10160196,"World Bank World Development Indicators, SP.POP.TOTL",2026-08-02
PRT,Portugal,SP.POP.TOTL,"Population, total",count,1999,10217828,"World Bank World Development Indicators, SP.POP.TOTL",2026-08-02
PRT,Portugal,SP.POP.TOTL,"Population, total",count,2000,10289898,"World Bank World Development Indicators, SP.POP.TOTL",2026-08-02
PRT,Portugal,SP.POP.TOTL,"Population, total",count,2001,10362722,"World Bank World Development Indicators, SP.POP.TOTL",2026-08-02
PRT,Portugal,SP.POP.TOTL,"Population, total",count,2002,10419631,"World Bank World Development Indicators, SP.POP.TOTL",2026-08-02
PRT,Portugal,SP.POP.TOTL,"Population, total",count,2003,10458821,"World Bank World Development Indicators, SP.POP.TOTL",2026-08-02
PRT,Portugal,SP.POP.TOTL,"Population, total",count,2004,10483861,"World Bank World Development Indicators, SP.POP.TOTL",2026-08-02
PRT,Portugal,SP.POP.TOTL,"Population, total",count,2005,10503330,"World Bank World Development Indicators, SP.POP.TOTL",2026-08-02
PRT,Portugal,SP.POP.TOTL,"Population, total",count,2006,10522288,"World Bank World Development Indicators, SP.POP.TOTL",2026-08-02
PRT,Portugal,SP.POP.TOTL,"Population, total",count,2007,10542964,"World Bank World Development Indicators, SP.POP.TOTL",2026-08-02
PRT,Portugal,SP.POP.TOTL,"Population, total",count,2008,10558177,"World Bank World Development Indicators, SP.POP.TOTL",2026-08-02
PRT,Portugal,SP.POP.TOTL,"Population, total",count,2009,10568247,"World Bank World Development Indicators, SP.POP.TOTL",2026-08-02
PRT,Portugal,SP.POP.TOTL,"Population, total",count,2010,10573100,"World Bank World Development Indicators, SP.POP.TOTL",2026-08-02
PRT,Portugal,SP.POP.TOTL,"Population, total",count,2011,10557560,"World Bank World Development Indicators, SP.POP.TOTL",2026-08-02
PRT,Portugal,SP.POP.TOTL,"Population, total",count,2012,10514844,"World Bank World Development Indicators, SP.POP.TOTL",2026-08-02
PRT,Portugal,SP.POP.TOTL,"Population, total",count,2013,10457295,"World Bank World Development Indicators, SP.POP.TOTL",2026-08-02
PRT,Portugal,SP.POP.TOTL,"Population, total",count,2014,10401062,"World Bank World Development Indicators, SP.POP.TOTL",2026-08-02
PRT,Portugal,SP.POP.TOTL,"Population, total",count,2015,10358076,"World Bank World Development Indicators, SP.POP.TOTL",2026-08-02
PRT,Portugal,SP.POP.TOTL,"Population, total",count,2016,10325452,"World Bank World Development Indicators, SP.POP.TOTL",2026-08-02
PRT,Portugal,SP.POP.TOTL,"Population, total",count,2017,10300300,"World Bank World Development Indicators, SP.POP.TOTL",2026-08-02
PRT,Portugal,SP.POP.TOTL,"Population, total",count,2018,10283822,"World Bank World Development Indicators, SP.POP.TOTL",2026-08-02
PRT,Portugal,SP.POP.TOTL,"Population, total",count,2019,10286263,"World Bank World Development Indicators, SP.POP.TOTL",2026-08-02
PRT,Portugal,SP.POP.TOTL,"Population, total",count,2020,10297081,"World Bank World Development Indicators, SP.POP.TOTL",2026-08-02
PRT,Portugal,SP.POP.TOTL,"Population, total",count,2021,10361831,"World Bank World Development Indicators, SP.POP.TOTL",2026-08-02
PRT,Portugal,SP.POP.TOTL,"Population, total",count,2022,10434332,"World Bank World Development Indicators, SP.POP.TOTL",2026-08-02
PRT,Portugal,SP.POP.TOTL,"Population, total",count,2023,10578174,"World Bank World Development Indicators, SP.POP.TOTL",2026-08-02
PRT,Portugal,SP.POP.TOTL,"Population, total",count,2024,10694681,"World Bank World Development Indicators, SP.POP.TOTL",2026-08-02
PRT,Portugal,SP.POP.TOTL,"Population, total",count,2025,10804871,"World Bank World Development Indicators, SP.POP.TOTL",2026-08-02
ROU,Romania,SP.POP.TOTL,"Population, total",count,1960,18406905,"World Bank World Development Indicators, SP.POP.TOTL",2026-08-02
ROU,Romania,SP.POP.TOTL,"Population, total",count,1961,18555250,"World Bank World Development Indicators, SP.POP.TOTL",2026-08-02
ROU,Romania,SP.POP.TOTL,"Population, total",count,1962,18676550,"World Bank World Development Indicators, SP.POP.TOTL",2026-08-02
ROU,Romania,SP.POP.TOTL,"Population, total",count,1963,18797850,"World Bank World Development Indicators, SP.POP.TOTL",2026-08-02
ROU,Romania,SP.POP.TOTL,"Population, total",count,1964,18919126,"World Bank World Development Indicators, SP.POP.TOTL",2026-08-02
ROU,Romania,SP.POP.TOTL,"Population, total",count,1965,19031576,"World Bank World Development Indicators, SP.POP.TOTL",2026-08-02
ROU,Romania,SP.POP.TOTL,"Population, total",count,1966,19215450,"World Bank World Development Indicators, SP.POP.TOTL",2026-08-02
ROU,Romania,SP.POP.TOTL,"Population, total",count,1967,19534242,"World Bank World Development Indicators, SP.POP.TOTL",2026-08-02
ROU,Romania,SP.POP.TOTL,"Population, total",count,1968,19799831,"World Bank World Development Indicators, SP.POP.TOTL",2026-08-02
ROU,Romania,SP.POP.TOTL,"Population, total",count,1969,20009141,"World Bank World Development Indicators, SP.POP.TOTL",2026-08-02
ROU,Romania,SP.POP.TOTL,"Population, total",count,1970,20250398,"World Bank World Development Indicators, SP.POP.TOTL",2026-08-02
ROU,Romania,SP.POP.TOTL,"Population, total",count,1971,20461567,"World Bank World Development Indicators, SP.POP.TOTL",2026-08-02
ROU,Romania,SP.POP.TOTL,"Population, total",count,1972,20657957,"World Bank World Development Indicators, SP.POP.TOTL",2026-08-02
ROU,Romania,SP.POP.TOTL,"Population, total",count,1973,20835681,"World Bank World Development Indicators, SP.POP.TOTL",2026-08-02
ROU,Romania,SP.POP.TOTL,"Population, total",count,1974,21029429,"World Bank World Development Indicators, SP.POP.TOTL",2026-08-02
ROU,Romania,SP.POP.TOTL,"Population, total",count,1975,21293583,"World Bank World Development Indicators, SP.POP.TOTL",2026-08-02
ROU,Romania,SP.POP.TOTL,"Population, total",count,1976,21551634,"World Bank World Development Indicators, SP.POP.TOTL",2026-08-02
ROU,Romania,SP.POP.TOTL,"Population, total",count,1977,21756096,"World Bank World Development Indicators, SP.POP.TOTL",2026-08-02
ROU,Romania,SP.POP.TOTL,"Population, total",count,1978,21951464,"World Bank World Development Indicators, SP.POP.TOTL",2026-08-02
ROU,Romania,SP.POP.TOTL,"Population, total",count,1979,22090488,"World Bank World Development Indicators, SP.POP.TOTL",2026-08-02
ROU,Romania,SP.POP.TOTL,"Population, total",count,1980,22207282,"World Bank World Development Indicators, SP.POP.TOTL",2026-08-02
ROU,Romania,SP.POP.TOTL,"Population, total",count,1981,22353070,"World Bank World Development Indicators, SP.POP.TOTL",2026-08-02
ROU,Romania,SP.POP.TOTL,"Population, total",count,1982,22475741,"World Bank World Development Indicators, SP.POP.TOTL",2026-08-02
ROU,Romania,SP.POP.TOTL,"Population, total",count,1983,22560478,"World Bank World Development Indicators, SP.POP.TOTL",2026-08-02
ROU,Romania,SP.POP.TOTL,"Population, total",count,1984,22640547,"World Bank World Development Indicators, SP.POP.TOTL",2026-08-02
ROU,Romania,SP.POP.TOTL,"Population, total",count,1985,22732999,"World Bank World Development Indicators, SP.POP.TOTL",2026-08-02
ROU,Romania,SP.POP.TOTL,"Population, total",count,1986,22836841,"World Bank World Development Indicators, SP.POP.TOTL",2026-08-02
ROU,Romania,SP.POP.TOTL,"Population, total",count,1987,22949430,"World Bank World Development Indicators, SP.POP.TOTL",2026-08-02
ROU,Romania,SP.POP.TOTL,"Population, total",count,1988,23057662,"World Bank World Development Indicators, SP.POP.TOTL",2026-08-02
ROU,Romania,SP.POP.TOTL,"Population, total",count,1989,23161458,"World Bank World Development Indicators, SP.POP.TOTL",2026-08-02
ROU,Romania,SP.POP.TOTL,"Population, total",count,1990,23201835,"World Bank World Development Indicators, SP.POP.TOTL",2026-08-02
ROU,Romania,SP.POP.TOTL,"Population, total",count,1991,23001155,"World Bank World Development Indicators, SP.POP.TOTL",2026-08-02
ROU,Romania,SP.POP.TOTL,"Population, total",count,1992,22794284,"World Bank World Development Indicators, SP.POP.TOTL",2026-08-02
ROU,Romania,SP.POP.TOTL,"Population, total",count,1993,22763280,"World Bank World Development Indicators, SP.POP.TOTL",2026-08-02
ROU,Romania,SP.POP.TOTL,"Population, total",count,1994,22730211,"World Bank World Development Indicators, SP.POP.TOTL",2026-08-02
ROU,Romania,SP.POP.TOTL,"Population, total",count,1995,22684270,"World Bank World Development Indicators, SP.POP.TOTL",2026-08-02
ROU,Romania,SP.POP.TOTL,"Population, total",count,1996,22619004,"World Bank World Development Indicators, SP.POP.TOTL",2026-08-02
ROU,Romania,SP.POP.TOTL,"Population, total",count,1997,22553978,"World Bank World Development Indicators, SP.POP.TOTL",2026-08-02
ROU,Romania,SP.POP.TOTL,"Population, total",count,1998,22507344,"World Bank World Development Indicators, SP.POP.TOTL",2026-08-02
ROU,Romania,SP.POP.TOTL,"Population, total",count,1999,22472040,"World Bank World Development Indicators, SP.POP.TOTL",2026-08-02
ROU,Romania,SP.POP.TOTL,"Population, total",count,2000,22442971,"World Bank World Development Indicators, SP.POP.TOTL",2026-08-02
ROU,Romania,SP.POP.TOTL,"Population, total",count,2001,22131970,"World Bank World Development Indicators, SP.POP.TOTL",2026-08-02
ROU,Romania,SP.POP.TOTL,"Population, total",count,2002,21730496,"World Bank World Development Indicators, SP.POP.TOTL",2026-08-02
ROU,Romania,SP.POP.TOTL,"Population, total",count,2003,21574326,"World Bank World Development Indicators, SP.POP.TOTL",2026-08-02
ROU,Romania,SP.POP.TOTL,"Population, total",count,2004,21451748,"World Bank World Development Indicators, SP.POP.TOTL",2026-08-02
ROU,Romania,SP.POP.TOTL,"Population, total",count,2005,21319685,"World Bank World Development Indicators, SP.POP.TOTL",2026-08-02
ROU,Romania,SP.POP.TOTL,"Population, total",count,2006,21193760,"World Bank World Development Indicators, SP.POP.TOTL",2026-08-02
ROU,Romania,SP.POP.TOTL,"Population, total",count,2007,20882982,"World Bank World Development Indicators, SP.POP.TOTL",2026-08-02
ROU,Romania,SP.POP.TOTL,"Population, total",count,2008,20537875,"World Bank World Development Indicators, SP.POP.TOTL",2026-08-02
ROU,Romania,SP.POP.TOTL,"Population, total",count,2009,20367487,"World Bank World Development Indicators, SP.POP.TOTL",2026-08-02
ROU,Romania,SP.POP.TOTL,"Population, total",count,2010,20246871,"World Bank World Development Indicators, SP.POP.TOTL",2026-08-02
ROU,Romania,SP.POP.TOTL,"Population, total",count,2011,20147528,"World Bank World Development Indicators, SP.POP.TOTL",2026-08-02
ROU,Romania,SP.POP.TOTL,"Population, total",count,2012,20058035,"World Bank World Development Indicators, SP.POP.TOTL",2026-08-02
ROU,Romania,SP.POP.TOTL,"Population, total",count,2013,19983693,"World Bank World Development Indicators, SP.POP.TOTL",2026-08-02
ROU,Romania,SP.POP.TOTL,"Population, total",count,2014,19908979,"World Bank World Development Indicators, SP.POP.TOTL",2026-08-02
ROU,Romania,SP.POP.TOTL,"Population, total",count,2015,19815616,"World Bank World Development Indicators, SP.POP.TOTL",2026-08-02
ROU,Romania,SP.POP.TOTL,"Population, total",count,2016,19702267,"World Bank World Development Indicators, SP.POP.TOTL",2026-08-02
ROU,Romania,SP.POP.TOTL,"Population, total",count,2017,19588715,"World Bank World Development Indicators, SP.POP.TOTL",2026-08-02
ROU,Romania,SP.POP.TOTL,"Population, total",count,2018,19473970,"World Bank World Development Indicators, SP.POP.TOTL",2026-08-02
ROU,Romania,SP.POP.TOTL,"Population, total",count,2019,19371648,"World Bank World Development Indicators, SP.POP.TOTL",2026-08-02
ROU,Romania,SP.POP.TOTL,"Population, total",count,2020,19265250,"World Bank World Development Indicators, SP.POP.TOTL",2026-08-02
ROU,Romania,SP.POP.TOTL,"Population, total",count,2021,19122059,"World Bank World Development Indicators, SP.POP.TOTL",2026-08-02
ROU,Romania,SP.POP.TOTL,"Population, total",count,2022,19048502,"World Bank World Development Indicators, SP.POP.TOTL",2026-08-02
ROU,Romania,SP.POP.TOTL,"Population, total",count,2023,19061062,"World Bank World Development Indicators, SP.POP.TOTL",2026-08-02
ROU,Romania,SP.POP.TOTL,"Population, total",count,2024,19051804,"World Bank World Development Indicators, SP.POP.TOTL",2026-08-02
ROU,Romania,SP.POP.TOTL,"Population, total",count,2025,19020271,"World Bank World Development Indicators, SP.POP.TOTL",2026-08-02
SVK,Slovakia,SP.POP.TOTL,"Population, total",count,1960,4068095,"World Bank World Development Indicators, SP.POP.TOTL",2026-08-02
SVK,Slovakia,SP.POP.TOTL,"Population, total",count,1961,4191667,"World Bank World Development Indicators, SP.POP.TOTL",2026-08-02
SVK,Slovakia,SP.POP.TOTL,"Population, total",count,1962,4238188,"World Bank World Development Indicators, SP.POP.TOTL",2026-08-02
SVK,Slovakia,SP.POP.TOTL,"Population, total",count,1963,4282017,"World Bank World Development Indicators, SP.POP.TOTL",2026-08-02
SVK,Slovakia,SP.POP.TOTL,"Population, total",count,1964,4327341,"World Bank World Development Indicators, SP.POP.TOTL",2026-08-02
SVK,Slovakia,SP.POP.TOTL,"Population, total",count,1965,4370983,"World Bank World Development Indicators, SP.POP.TOTL",2026-08-02
SVK,Slovakia,SP.POP.TOTL,"Population, total",count,1966,4411666,"World Bank World Development Indicators, SP.POP.TOTL",2026-08-02
SVK,Slovakia,SP.POP.TOTL,"Population, total",count,1967,4449367,"World Bank World Development Indicators, SP.POP.TOTL",2026-08-02
SVK,Slovakia,SP.POP.TOTL,"Population, total",count,1968,4483915,"World Bank World Development Indicators, SP.POP.TOTL",2026-08-02
SVK,Slovakia,SP.POP.TOTL,"Population, total",count,1969,4518607,"World Bank World Development Indicators, SP.POP.TOTL",2026-08-02
SVK,Slovakia,SP.POP.TOTL,"Population, total",count,1970,4538223,"World Bank World Development Indicators, SP.POP.TOTL",2026-08-02
SVK,Slovakia,SP.POP.TOTL,"Population, total",count,1971,4557449,"World Bank World Development Indicators, SP.POP.TOTL",2026-08-02
SVK,Slovakia,SP.POP.TOTL,"Population, total",count,1972,4596622,"World Bank World Development Indicators, SP.POP.TOTL",2026-08-02
SVK,Slovakia,SP.POP.TOTL,"Population, total",count,1973,4641445,"World Bank World Development Indicators, SP.POP.TOTL",2026-08-02
SVK,Slovakia,SP.POP.TOTL,"Population, total",count,1974,4689623,"World Bank World Development Indicators, SP.POP.TOTL",2026-08-02
SVK,Slovakia,SP.POP.TOTL,"Population, total",count,1975,4739105,"World Bank World Development Indicators, SP.POP.TOTL",2026-08-02
SVK,Slovakia,SP.POP.TOTL,"Population, total",count,1976,4789507,"World Bank World Development Indicators, SP.POP.TOTL",2026-08-02
SVK,Slovakia,SP.POP.TOTL,"Population, total",count,1977,4840501,"World Bank World Development Indicators, SP.POP.TOTL",2026-08-02
SVK,Slovakia,SP.POP.TOTL,"Population, total",count,1978,4890125,"World Bank World Development Indicators, SP.POP.TOTL",2026-08-02
SVK,Slovakia,SP.POP.TOTL,"Population, total",count,1979,4938973,"World Bank World Development Indicators, SP.POP.TOTL",2026-08-02
SVK,Slovakia,SP.POP.TOTL,"Population, total",count,1980,4979815,"World Bank World Development Indicators, SP.POP.TOTL",2026-08-02
SVK,Slovakia,SP.POP.TOTL,"Population, total",count,1981,5016105,"World Bank World Development Indicators, SP.POP.TOTL",2026-08-02
SVK,Slovakia,SP.POP.TOTL,"Population, total",count,1982,5055099,"World Bank World Development Indicators, SP.POP.TOTL",2026-08-02
SVK,Slovakia,SP.POP.TOTL,"Population, total",count,1983,5091971,"World Bank World Development Indicators, SP.POP.TOTL",2026-08-02
SVK,Slovakia,SP.POP.TOTL,"Population, total",count,1984,5127097,"World Bank World Development Indicators, SP.POP.TOTL",2026-08-02
SVK,Slovakia,SP.POP.TOTL,"Population, total",count,1985,5161768,"World Bank World Development Indicators, SP.POP.TOTL",2026-08-02
SVK,Slovakia,SP.POP.TOTL,"Population, total",count,1986,5193838,"World Bank World Development Indicators, SP.POP.TOTL",2026-08-02
SVK,Slovakia,SP.POP.TOTL,"Population, total",count,1987,5222840,"World Bank World Development Indicators, SP.POP.TOTL",2026-08-02
SVK,Slovakia,SP.POP.TOTL,"Population, total",count,1988,5250596,"World Bank World Development Indicators, SP.POP.TOTL",2026-08-02
SVK,Slovakia,SP.POP.TOTL,"Population, total",count,1989,5275942,"World Bank World Development Indicators, SP.POP.TOTL",2026-08-02
SVK,Slovakia,SP.POP.TOTL,"Population, total",count,1990,5299187,"World Bank World Development Indicators, SP.POP.TOTL",2026-08-02
SVK,Slovakia,SP.POP.TOTL,"Population, total",count,1991,5303294,"World Bank World Development Indicators, SP.POP.TOTL",2026-08-02
SVK,Slovakia,SP.POP.TOTL,"Population, total",count,1992,5305016,"World Bank World Development Indicators, SP.POP.TOTL",2026-08-02
SVK,Slovakia,SP.POP.TOTL,"Population, total",count,1993,5325305,"World Bank World Development Indicators, SP.POP.TOTL",2026-08-02
SVK,Slovakia,SP.POP.TOTL,"Population, total",count,1994,5346331,"World Bank World Development Indicators, SP.POP.TOTL",2026-08-02
SVK,Slovakia,SP.POP.TOTL,"Population, total",count,1995,5361999,"World Bank World Development Indicators, SP.POP.TOTL",2026-08-02
SVK,Slovakia,SP.POP.TOTL,"Population, total",count,1996,5373361,"World Bank World Development Indicators, SP.POP.TOTL",2026-08-02
SVK,Slovakia,SP.POP.TOTL,"Population, total",count,1997,5383291,"World Bank World Development Indicators, SP.POP.TOTL",2026-08-02
SVK,Slovakia,SP.POP.TOTL,"Population, total",count,1998,5390516,"World Bank World Development Indicators, SP.POP.TOTL",2026-08-02
SVK,Slovakia,SP.POP.TOTL,"Population, total",count,1999,5396020,"World Bank World Development Indicators, SP.POP.TOTL",2026-08-02
SVK,Slovakia,SP.POP.TOTL,"Population, total",count,2000,5388720,"World Bank World Development Indicators, SP.POP.TOTL",2026-08-02
SVK,Slovakia,SP.POP.TOTL,"Population, total",count,2001,5378867,"World Bank World Development Indicators, SP.POP.TOTL",2026-08-02
SVK,Slovakia,SP.POP.TOTL,"Population, total",count,2002,5376912,"World Bank World Development Indicators, SP.POP.TOTL",2026-08-02
SVK,Slovakia,SP.POP.TOTL,"Population, total",count,2003,5373374,"World Bank World Development Indicators, SP.POP.TOTL",2026-08-02
SVK,Slovakia,SP.POP.TOTL,"Population, total",count,2004,5372280,"World Bank World Development Indicators, SP.POP.TOTL",2026-08-02
SVK,Slovakia,SP.POP.TOTL,"Population, total",count,2005,5372807,"World Bank World Development Indicators, SP.POP.TOTL",2026-08-02
SVK,Slovakia,SP.POP.TOTL,"Population, total",count,2006,5373054,"World Bank World Development Indicators, SP.POP.TOTL",2026-08-02
SVK,Slovakia,SP.POP.TOTL,"Population, total",count,2007,5374622,"World Bank World Development Indicators, SP.POP.TOTL",2026-08-02
SVK,Slovakia,SP.POP.TOTL,"Population, total",count,2008,5379233,"World Bank World Development Indicators, SP.POP.TOTL",2026-08-02
SVK,Slovakia,SP.POP.TOTL,"Population, total",count,2009,5386406,"World Bank World Development Indicators, SP.POP.TOTL",2026-08-02
SVK,Slovakia,SP.POP.TOTL,"Population, total",count,2010,5391428,"World Bank World Development Indicators, SP.POP.TOTL",2026-08-02
SVK,Slovakia,SP.POP.TOTL,"Population, total",count,2011,5398384,"World Bank World Development Indicators, SP.POP.TOTL",2026-08-02
SVK,Slovakia,SP.POP.TOTL,"Population, total",count,2012,5407579,"World Bank World Development Indicators, SP.POP.TOTL",2026-08-02
SVK,Slovakia,SP.POP.TOTL,"Population, total",count,2013,5413393,"World Bank World Development Indicators, SP.POP.TOTL",2026-08-02
SVK,Slovakia,SP.POP.TOTL,"Population, total",count,2014,5418649,"World Bank World Development Indicators, SP.POP.TOTL",2026-08-02
SVK,Slovakia,SP.POP.TOTL,"Population, total",count,2015,5423801,"World Bank World Development Indicators, SP.POP.TOTL",2026-08-02
SVK,Slovakia,SP.POP.TOTL,"Population, total",count,2016,5430798,"World Bank World Development Indicators, SP.POP.TOTL",2026-08-02
SVK,Slovakia,SP.POP.TOTL,"Population, total",count,2017,5439232,"World Bank World Development Indicators, SP.POP.TOTL",2026-08-02
SVK,Slovakia,SP.POP.TOTL,"Population, total",count,2018,5446771,"World Bank World Development Indicators, SP.POP.TOTL",2026-08-02
SVK,Slovakia,SP.POP.TOTL,"Population, total",count,2019,5454147,"World Bank World Development Indicators, SP.POP.TOTL",2026-08-02
SVK,Slovakia,SP.POP.TOTL,"Population, total",count,2020,5458827,"World Bank World Development Indicators, SP.POP.TOTL",2026-08-02
SVK,Slovakia,SP.POP.TOTL,"Population, total",count,2021,5447247,"World Bank World Development Indicators, SP.POP.TOTL",2026-08-02
SVK,Slovakia,SP.POP.TOTL,"Population, total",count,2022,5431752,"World Bank World Development Indicators, SP.POP.TOTL",2026-08-02
SVK,Slovakia,SP.POP.TOTL,"Population, total",count,2023,5426740,"World Bank World Development Indicators, SP.POP.TOTL",2026-08-02
SVK,Slovakia,SP.POP.TOTL,"Population, total",count,2024,5422069,"World Bank World Development Indicators, SP.POP.TOTL",2026-08-02
SVK,Slovakia,SP.POP.TOTL,"Population, total",count,2025,5413813,"World Bank World Development Indicators, SP.POP.TOTL",2026-08-02
SVN,Slovenia,SP.POP.TOTL,"Population, total",count,1960,1584720,"World Bank World Development Indicators, SP.POP.TOTL",2026-08-02
SVN,Slovenia,SP.POP.TOTL,"Population, total",count,1961,1594131,"World Bank World Development Indicators, SP.POP.TOTL",2026-08-02
SVN,Slovenia,SP.POP.TOTL,"Population, total",count,1962,1603649,"World Bank World Development Indicators, SP.POP.TOTL",2026-08-02
SVN,Slovenia,SP.POP.TOTL,"Population, total",count,1963,1616971,"World Bank World Development Indicators, SP.POP.TOTL",2026-08-02
SVN,Slovenia,SP.POP.TOTL,"Population, total",count,1964,1632114,"World Bank World Development Indicators, SP.POP.TOTL",2026-08-02
SVN,Slovenia,SP.POP.TOTL,"Population, total",count,1965,1649160,"World Bank World Development Indicators, SP.POP.TOTL",2026-08-02
SVN,Slovenia,SP.POP.TOTL,"Population, total",count,1966,1669905,"World Bank World Development Indicators, SP.POP.TOTL",2026-08-02
SVN,Slovenia,SP.POP.TOTL,"Population, total",count,1967,1689528,"World Bank World Development Indicators, SP.POP.TOTL",2026-08-02
SVN,Slovenia,SP.POP.TOTL,"Population, total",count,1968,1704546,"World Bank World Development Indicators, SP.POP.TOTL",2026-08-02
SVN,Slovenia,SP.POP.TOTL,"Population, total",count,1969,1713874,"World Bank World Development Indicators, SP.POP.TOTL",2026-08-02
SVN,Slovenia,SP.POP.TOTL,"Population, total",count,1970,1724891,"World Bank World Development Indicators, SP.POP.TOTL",2026-08-02
SVN,Slovenia,SP.POP.TOTL,"Population, total",count,1971,1738335,"World Bank World Development Indicators, SP.POP.TOTL",2026-08-02
SVN,Slovenia,SP.POP.TOTL,"Population, total",count,1972,1752233,"World Bank World Development Indicators, SP.POP.TOTL",2026-08-02
SVN,Slovenia,SP.POP.TOTL,"Population, total",count,1973,1766697,"World Bank World Development Indicators, SP.POP.TOTL",2026-08-02
SVN,Slovenia,SP.POP.TOTL,"Population, total",count,1974,1776132,"World Bank World Development Indicators, SP.POP.TOTL",2026-08-02
SVN,Slovenia,SP.POP.TOTL,"Population, total",count,1975,1793581,"World Bank World Development Indicators, SP.POP.TOTL",2026-08-02
SVN,Slovenia,SP.POP.TOTL,"Population, total",count,1976,1820249,"World Bank World Development Indicators, SP.POP.TOTL",2026-08-02
SVN,Slovenia,SP.POP.TOTL,"Population, total",count,1977,1842377,"World Bank World Development Indicators, SP.POP.TOTL",2026-08-02
SVN,Slovenia,SP.POP.TOTL,"Population, total",count,1978,1862548,"World Bank World Development Indicators, SP.POP.TOTL",2026-08-02
SVN,Slovenia,SP.POP.TOTL,"Population, total",count,1979,1882599,"World Bank World Development Indicators, SP.POP.TOTL",2026-08-02
SVN,Slovenia,SP.POP.TOTL,"Population, total",count,1980,1901315,"World Bank World Development Indicators, SP.POP.TOTL",2026-08-02
SVN,Slovenia,SP.POP.TOTL,"Population, total",count,1981,1906531,"World Bank World Development Indicators, SP.POP.TOTL",2026-08-02
SVN,Slovenia,SP.POP.TOTL,"Population, total",count,1982,1910334,"World Bank World Development Indicators, SP.POP.TOTL",2026-08-02
SVN,Slovenia,SP.POP.TOTL,"Population, total",count,1983,1922321,"World Bank World Development Indicators, SP.POP.TOTL",2026-08-02
SVN,Slovenia,SP.POP.TOTL,"Population, total",count,1984,1932154,"World Bank World Development Indicators, SP.POP.TOTL",2026-08-02
SVN,Slovenia,SP.POP.TOTL,"Population, total",count,1985,1941641,"World Bank World Development Indicators, SP.POP.TOTL",2026-08-02
SVN,Slovenia,SP.POP.TOTL,"Population, total",count,1986,1965964,"World Bank World Development Indicators, SP.POP.TOTL",2026-08-02
SVN,Slovenia,SP.POP.TOTL,"Population, total",count,1987,1989776,"World Bank World Development Indicators, SP.POP.TOTL",2026-08-02
SVN,Slovenia,SP.POP.TOTL,"Population, total",count,1988,1995196,"World Bank World Development Indicators, SP.POP.TOTL",2026-08-02
SVN,Slovenia,SP.POP.TOTL,"Population, total",count,1989,1996351,"World Bank World Development Indicators, SP.POP.TOTL",2026-08-02
SVN,Slovenia,SP.POP.TOTL,"Population, total",count,1990,1998161,"World Bank World Development Indicators, SP.POP.TOTL",2026-08-02
SVN,Slovenia,SP.POP.TOTL,"Population, total",count,1991,1999429,"World Bank World Development Indicators, SP.POP.TOTL",2026-08-02
SVN,Slovenia,SP.POP.TOTL,"Population, total",count,1992,1996498,"World Bank World Development Indicators, SP.POP.TOTL",2026-08-02
SVN,Slovenia,SP.POP.TOTL,"Population, total",count,1993,1991746,"World Bank World Development Indicators, SP.POP.TOTL",2026-08-02
SVN,Slovenia,SP.POP.TOTL,"Population, total",count,1994,1989443,"World Bank World Development Indicators, SP.POP.TOTL",2026-08-02
SVN,Slovenia,SP.POP.TOTL,"Population, total",count,1995,1989872,"World Bank World Development Indicators, SP.POP.TOTL",2026-08-02
SVN,Slovenia,SP.POP.TOTL,"Population, total",count,1996,1988628,"World Bank World Development Indicators, SP.POP.TOTL",2026-08-02
SVN,Slovenia,SP.POP.TOTL,"Population, total",count,1997,1985956,"World Bank World Development Indicators, SP.POP.TOTL",2026-08-02
SVN,Slovenia,SP.POP.TOTL,"Population, total",count,1998,1981629,"World Bank World Development Indicators, SP.POP.TOTL",2026-08-02
SVN,Slovenia,SP.POP.TOTL,"Population, total",count,1999,1983045,"World Bank World Development Indicators, SP.POP.TOTL",2026-08-02
SVN,Slovenia,SP.POP.TOTL,"Population, total",count,2000,1988925,"World Bank World Development Indicators, SP.POP.TOTL",2026-08-02
SVN,Slovenia,SP.POP.TOTL,"Population, total",count,2001,1992060,"World Bank World Development Indicators, SP.POP.TOTL",2026-08-02
SVN,Slovenia,SP.POP.TOTL,"Population, total",count,2002,1994530,"World Bank World Development Indicators, SP.POP.TOTL",2026-08-02
SVN,Slovenia,SP.POP.TOTL,"Population, total",count,2003,1995733,"World Bank World Development Indicators, SP.POP.TOTL",2026-08-02
SVN,Slovenia,SP.POP.TOTL,"Population, total",count,2004,1997012,"World Bank World Development Indicators, SP.POP.TOTL",2026-08-02
SVN,Slovenia,SP.POP.TOTL,"Population, total",count,2005,2000474,"World Bank World Development Indicators, SP.POP.TOTL",2026-08-02
SVN,Slovenia,SP.POP.TOTL,"Population, total",count,2006,2006868,"World Bank World Development Indicators, SP.POP.TOTL",2026-08-02
SVN,Slovenia,SP.POP.TOTL,"Population, total",count,2007,2018122,"World Bank World Development Indicators, SP.POP.TOTL",2026-08-02
SVN,Slovenia,SP.POP.TOTL,"Population, total",count,2008,2021316,"World Bank World Development Indicators, SP.POP.TOTL",2026-08-02
SVN,Slovenia,SP.POP.TOTL,"Population, total",count,2009,2039669,"World Bank World Development Indicators, SP.POP.TOTL",2026-08-02
SVN,Slovenia,SP.POP.TOTL,"Population, total",count,2010,2048583,"World Bank World Development Indicators, SP.POP.TOTL",2026-08-02
SVN,Slovenia,SP.POP.TOTL,"Population, total",count,2011,2052843,"World Bank World Development Indicators, SP.POP.TOTL",2026-08-02
SVN,Slovenia,SP.POP.TOTL,"Population, total",count,2012,2057159,"World Bank World Development Indicators, SP.POP.TOTL",2026-08-02
SVN,Slovenia,SP.POP.TOTL,"Population, total",count,2013,2059953,"World Bank World Development Indicators, SP.POP.TOTL",2026-08-02
SVN,Slovenia,SP.POP.TOTL,"Population, total",count,2014,2061980,"World Bank World Development Indicators, SP.POP.TOTL",2026-08-02
SVN,Slovenia,SP.POP.TOTL,"Population, total",count,2015,2063531,"World Bank World Development Indicators, SP.POP.TOTL",2026-08-02
SVN,Slovenia,SP.POP.TOTL,"Population, total",count,2016,2065042,"World Bank World Development Indicators, SP.POP.TOTL",2026-08-02
SVN,Slovenia,SP.POP.TOTL,"Population, total",count,2017,2066388,"World Bank World Development Indicators, SP.POP.TOTL",2026-08-02
SVN,Slovenia,SP.POP.TOTL,"Population, total",count,2018,2073894,"World Bank World Development Indicators, SP.POP.TOTL",2026-08-02
SVN,Slovenia,SP.POP.TOTL,"Population, total",count,2019,2088385,"World Bank World Development Indicators, SP.POP.TOTL",2026-08-02
SVN,Slovenia,SP.POP.TOTL,"Population, total",count,2020,2102419,"World Bank World Development Indicators, SP.POP.TOTL",2026-08-02
SVN,Slovenia,SP.POP.TOTL,"Population, total",count,2021,2108079,"World Bank World Development Indicators, SP.POP.TOTL",2026-08-02
SVN,Slovenia,SP.POP.TOTL,"Population, total",count,2022,2112076,"World Bank World Development Indicators, SP.POP.TOTL",2026-08-02
SVN,Slovenia,SP.POP.TOTL,"Population, total",count,2023,2120461,"World Bank World Development Indicators, SP.POP.TOTL",2026-08-02
SVN,Slovenia,SP.POP.TOTL,"Population, total",count,2024,2127400,"World Bank World Development Indicators, SP.POP.TOTL",2026-08-02
SVN,Slovenia,SP.POP.TOTL,"Population, total",count,2025,2130986,"World Bank World Development Indicators, SP.POP.TOTL",2026-08-02
ESP,Spain,SP.POP.TOTL,"Population, total",count,1960,30455000,"World Bank World Development Indicators, SP.POP.TOTL",2026-08-02
ESP,Spain,SP.POP.TOTL,"Population, total",count,1961,30739250,"World Bank World Development Indicators, SP.POP.TOTL",2026-08-02
ESP,Spain,SP.POP.TOTL,"Population, total",count,1962,31023366,"World Bank World Development Indicators, SP.POP.TOTL",2026-08-02
ESP,Spain,SP.POP.TOTL,"Population, total",count,1963,31296651,"World Bank World Development Indicators, SP.POP.TOTL",2026-08-02
ESP,Spain,SP.POP.TOTL,"Population, total",count,1964,31609195,"World Bank World Development Indicators, SP.POP.TOTL",2026-08-02
ESP,Spain,SP.POP.TOTL,"Population, total",count,1965,31954292,"World Bank World Development Indicators, SP.POP.TOTL",2026-08-02
ESP,Spain,SP.POP.TOTL,"Population, total",count,1966,32283194,"World Bank World Development Indicators, SP.POP.TOTL",2026-08-02
ESP,Spain,SP.POP.TOTL,"Population, total",count,1967,32682947,"World Bank World Development Indicators, SP.POP.TOTL",2026-08-02
ESP,Spain,SP.POP.TOTL,"Population, total",count,1968,33113134,"World Bank World Development Indicators, SP.POP.TOTL",2026-08-02
ESP,Spain,SP.POP.TOTL,"Population, total",count,1969,33441054,"World Bank World Development Indicators, SP.POP.TOTL",2026-08-02
ESP,Spain,SP.POP.TOTL,"Population, total",count,1970,33814531,"World Bank World Development Indicators, SP.POP.TOTL",2026-08-02
ESP,Spain,SP.POP.TOTL,"Population, total",count,1971,34224490,"World Bank World Development Indicators, SP.POP.TOTL",2026-08-02
ESP,Spain,SP.POP.TOTL,"Population, total",count,1972,34604469,"World Bank World Development Indicators, SP.POP.TOTL",2026-08-02
ESP,Spain,SP.POP.TOTL,"Population, total",count,1973,34988947,"World Bank World Development Indicators, SP.POP.TOTL",2026-08-02
ESP,Spain,SP.POP.TOTL,"Population, total",count,1974,35373335,"World Bank World Development Indicators, SP.POP.TOTL",2026-08-02
ESP,Spain,SP.POP.TOTL,"Population, total",count,1975,35757900,"World Bank World Development Indicators, SP.POP.TOTL",2026-08-02
ESP,Spain,SP.POP.TOTL,"Population, total",count,1976,36137812,"World Bank World Development Indicators, SP.POP.TOTL",2026-08-02
ESP,Spain,SP.POP.TOTL,"Population, total",count,1977,36511638,"World Bank World Development Indicators, SP.POP.TOTL",2026-08-02
ESP,Spain,SP.POP.TOTL,"Population, total",count,1978,36864898,"World Bank World Development Indicators, SP.POP.TOTL",2026-08-02
ESP,Spain,SP.POP.TOTL,"Population, total",count,1979,37191330,"World Bank World Development Indicators, SP.POP.TOTL",2026-08-02
ESP,Spain,SP.POP.TOTL,"Population, total",count,1980,37491165,"World Bank World Development Indicators, SP.POP.TOTL",2026-08-02
ESP,Spain,SP.POP.TOTL,"Population, total",count,1981,37758631,"World Bank World Development Indicators, SP.POP.TOTL",2026-08-02
ESP,Spain,SP.POP.TOTL,"Population, total",count,1982,37986012,"World Bank World Development Indicators, SP.POP.TOTL",2026-08-02
ESP,Spain,SP.POP.TOTL,"Population, total",count,1983,38171525,"World Bank World Development Indicators, SP.POP.TOTL",2026-08-02
ESP,Spain,SP.POP.TOTL,"Population, total",count,1984,38330364,"World Bank World Development Indicators, SP.POP.TOTL",2026-08-02
ESP,Spain,SP.POP.TOTL,"Population, total",count,1985,38469512,"World Bank World Development Indicators, SP.POP.TOTL",2026-08-02
ESP,Spain,SP.POP.TOTL,"Population, total",count,1986,38584624,"World Bank World Development Indicators, SP.POP.TOTL",2026-08-02
ESP,Spain,SP.POP.TOTL,"Population, total",count,1987,38684815,"World Bank World Development Indicators, SP.POP.TOTL",2026-08-02
ESP,Spain,SP.POP.TOTL,"Population, total",count,1988,38766939,"World Bank World Development Indicators, SP.POP.TOTL",2026-08-02
ESP,Spain,SP.POP.TOTL,"Population, total",count,1989,38827764,"World Bank World Development Indicators, SP.POP.TOTL",2026-08-02
ESP,Spain,SP.POP.TOTL,"Population, total",count,1990,38867322,"World Bank World Development Indicators, SP.POP.TOTL",2026-08-02
ESP,Spain,SP.POP.TOTL,"Population, total",count,1991,38966376,"World Bank World Development Indicators, SP.POP.TOTL",2026-08-02
ESP,Spain,SP.POP.TOTL,"Population, total",count,1992,39157685,"World Bank World Development Indicators, SP.POP.TOTL",2026-08-02
ESP,Spain,SP.POP.TOTL,"Population, total",count,1993,39361262,"World Bank World Development Indicators, SP.POP.TOTL",2026-08-02
ESP,Spain,SP.POP.TOTL,"Population, total",count,1994,39549108,"World Bank World Development Indicators, SP.POP.TOTL",2026-08-02
ESP,Spain,SP.POP.TOTL,"Population, total",count,1995,39724050,"World Bank World Development Indicators, SP.POP.TOTL",2026-08-02
ESP,Spain,SP.POP.TOTL,"Population, total",count,1996,39889852,"World Bank World Development Indicators, SP.POP.TOTL",2026-08-02
ESP,Spain,SP.POP.TOTL,"Population, total",count,1997,40057389,"World Bank World Development Indicators, SP.POP.TOTL",2026-08-02
ESP,Spain,SP.POP.TOTL,"Population, total",count,1998,40223509,"World Bank World Development Indicators, SP.POP.TOTL",2026-08-02
ESP,Spain,SP.POP.TOTL,"Population, total",count,1999,40386875,"World Bank World Development Indicators, SP.POP.TOTL",2026-08-02
ESP,Spain,SP.POP.TOTL,"Population, total",count,2000,40567864,"World Bank World Development Indicators, SP.POP.TOTL",2026-08-02
ESP,Spain,SP.POP.TOTL,"Population, total",count,2001,40850412,"World Bank World Development Indicators, SP.POP.TOTL",2026-08-02
ESP,Spain,SP.POP.TOTL,"Population, total",count,2002,41431558,"World Bank World Development Indicators, SP.POP.TOTL",2026-08-02
ESP,Spain,SP.POP.TOTL,"Population, total",count,2003,42187645,"World Bank World Development Indicators, SP.POP.TOTL",2026-08-02
ESP,Spain,SP.POP.TOTL,"Population, total",count,2004,42921895,"World Bank World Development Indicators, SP.POP.TOTL",2026-08-02
ESP,Spain,SP.POP.TOTL,"Population, total",count,2005,43653155,"World Bank World Development Indicators, SP.POP.TOTL",2026-08-02
ESP,Spain,SP.POP.TOTL,"Population, total",count,2006,44397319,"World Bank World Development Indicators, SP.POP.TOTL",2026-08-02
ESP,Spain,SP.POP.TOTL,"Population, total",count,2007,45226803,"World Bank World Development Indicators, SP.POP.TOTL",2026-08-02
ESP,Spain,SP.POP.TOTL,"Population, total",count,2008,45954106,"World Bank World Development Indicators, SP.POP.TOTL",2026-08-02
ESP,Spain,SP.POP.TOTL,"Population, total",count,2009,46362946,"World Bank World Development Indicators, SP.POP.TOTL",2026-08-02
ESP,Spain,SP.POP.TOTL,"Population, total",count,2010,46576897,"World Bank World Development Indicators, SP.POP.TOTL",2026-08-02
ESP,Spain,SP.POP.TOTL,"Population, total",count,2011,46742697,"World Bank World Development Indicators, SP.POP.TOTL",2026-08-02
ESP,Spain,SP.POP.TOTL,"Population, total",count,2012,46773055,"World Bank World Development Indicators, SP.POP.TOTL",2026-08-02
ESP,Spain,SP.POP.TOTL,"Population, total",count,2013,46604197,"World Bank World Development Indicators, SP.POP.TOTL",2026-08-02
ESP,Spain,SP.POP.TOTL,"Population, total",count,2014,46460733,"World Bank World Development Indicators, SP.POP.TOTL",2026-08-02
ESP,Spain,SP.POP.TOTL,"Population, total",count,2015,46422303,"World Bank World Development Indicators, SP.POP.TOTL",2026-08-02
ESP,Spain,SP.POP.TOTL,"Population, total",count,2016,46458139,"World Bank World Development Indicators, SP.POP.TOTL",2026-08-02
ESP,Spain,SP.POP.TOTL,"Population, total",count,2017,46571232,"World Bank World Development Indicators, SP.POP.TOTL",2026-08-02
ESP,Spain,SP.POP.TOTL,"Population, total",count,2018,46782011,"World Bank World Development Indicators, SP.POP.TOTL",2026-08-02
ESP,Spain,SP.POP.TOTL,"Population, total",count,2019,47118501,"World Bank World Development Indicators, SP.POP.TOTL",2026-08-02
ESP,Spain,SP.POP.TOTL,"Population, total",count,2020,47359424,"World Bank World Development Indicators, SP.POP.TOTL",2026-08-02
ESP,Spain,SP.POP.TOTL,"Population, total",count,2021,47443821,"World Bank World Development Indicators, SP.POP.TOTL",2026-08-02
ESP,Spain,SP.POP.TOTL,"Population, total",count,2022,47786102,"World Bank World Development Indicators, SP.POP.TOTL",2026-08-02
ESP,Spain,SP.POP.TOTL,"Population, total",count,2023,48352528,"World Bank World Development Indicators, SP.POP.TOTL",2026-08-02
ESP,Spain,SP.POP.TOTL,"Population, total",count,2024,48848840,"World Bank World Development Indicators, SP.POP.TOTL",2026-08-02
ESP,Spain,SP.POP.TOTL,"Population, total",count,2025,49355143,"World Bank World Development Indicators, SP.POP.TOTL",2026-08-02
SWE,Sweden,SP.POP.TOTL,"Population, total",count,1960,7484656,"World Bank World Development Indicators, SP.POP.TOTL",2026-08-02
SWE,Sweden,SP.POP.TOTL,"Population, total",count,1961,7519998,"World Bank World Development Indicators, SP.POP.TOTL",2026-08-02
SWE,Sweden,SP.POP.TOTL,"Population, total",count,1962,7561588,"World Bank World Development Indicators, SP.POP.TOTL",2026-08-02
SWE,Sweden,SP.POP.TOTL,"Population, total",count,1963,7604328,"World Bank World Development Indicators, SP.POP.TOTL",2026-08-02
SWE,Sweden,SP.POP.TOTL,"Population, total",count,1964,7661354,"World Bank World Development Indicators, SP.POP.TOTL",2026-08-02
SWE,Sweden,SP.POP.TOTL,"Population, total",count,1965,7733853,"World Bank World Development Indicators, SP.POP.TOTL",2026-08-02
SWE,Sweden,SP.POP.TOTL,"Population, total",count,1966,7807797,"World Bank World Development Indicators, SP.POP.TOTL",2026-08-02
SWE,Sweden,SP.POP.TOTL,"Population, total",count,1967,7867931,"World Bank World Development Indicators, SP.POP.TOTL",2026-08-02
SWE,Sweden,SP.POP.TOTL,"Population, total",count,1968,7912273,"World Bank World Development Indicators, SP.POP.TOTL",2026-08-02
SWE,Sweden,SP.POP.TOTL,"Population, total",count,1969,7968072,"World Bank World Development Indicators, SP.POP.TOTL",2026-08-02
SWE,Sweden,SP.POP.TOTL,"Population, total",count,1970,8042801,"World Bank World Development Indicators, SP.POP.TOTL",2026-08-02
SWE,Sweden,SP.POP.TOTL,"Population, total",count,1971,8098334,"World Bank World Development Indicators, SP.POP.TOTL",2026-08-02
SWE,Sweden,SP.POP.TOTL,"Population, total",count,1972,8122300,"World Bank World Development Indicators, SP.POP.TOTL",2026-08-02
SWE,Sweden,SP.POP.TOTL,"Population, total",count,1973,8136312,"World Bank World Development Indicators, SP.POP.TOTL",2026-08-02
SWE,Sweden,SP.POP.TOTL,"Population, total",count,1974,8159955,"World Bank World Development Indicators, SP.POP.TOTL",2026-08-02
SWE,Sweden,SP.POP.TOTL,"Population, total",count,1975,8192437,"World Bank World Development Indicators, SP.POP.TOTL",2026-08-02
SWE,Sweden,SP.POP.TOTL,"Population, total",count,1976,8222286,"World Bank World Development Indicators, SP.POP.TOTL",2026-08-02
SWE,Sweden,SP.POP.TOTL,"Population, total",count,1977,8251540,"World Bank World Development Indicators, SP.POP.TOTL",2026-08-02
SWE,Sweden,SP.POP.TOTL,"Population, total",count,1978,8275599,"World Bank World Development Indicators, SP.POP.TOTL",2026-08-02
SWE,Sweden,SP.POP.TOTL,"Population, total",count,1979,8293678,"World Bank World Development Indicators, SP.POP.TOTL",2026-08-02
SWE,Sweden,SP.POP.TOTL,"Population, total",count,1980,8310531,"World Bank World Development Indicators, SP.POP.TOTL",2026-08-02
SWE,Sweden,SP.POP.TOTL,"Population, total",count,1981,8320503,"World Bank World Development Indicators, SP.POP.TOTL",2026-08-02
SWE,Sweden,SP.POP.TOTL,"Population, total",count,1982,8325263,"World Bank World Development Indicators, SP.POP.TOTL",2026-08-02
SWE,Sweden,SP.POP.TOTL,"Population, total",count,1983,8329033,"World Bank World Development Indicators, SP.POP.TOTL",2026-08-02
SWE,Sweden,SP.POP.TOTL,"Population, total",count,1984,8336605,"World Bank World Development Indicators, SP.POP.TOTL",2026-08-02
SWE,Sweden,SP.POP.TOTL,"Population, total",count,1985,8350386,"World Bank World Development Indicators, SP.POP.TOTL",2026-08-02
SWE,Sweden,SP.POP.TOTL,"Population, total",count,1986,8369829,"World Bank World Development Indicators, SP.POP.TOTL",2026-08-02
SWE,Sweden,SP.POP.TOTL,"Population, total",count,1987,8397804,"World Bank World Development Indicators, SP.POP.TOTL",2026-08-02
SWE,Sweden,SP.POP.TOTL,"Population, total",count,1988,8436489,"World Bank World Development Indicators, SP.POP.TOTL",2026-08-02
SWE,Sweden,SP.POP.TOTL,"Population, total",count,1989,8492964,"World Bank World Development Indicators, SP.POP.TOTL",2026-08-02
SWE,Sweden,SP.POP.TOTL,"Population, total",count,1990,8558835,"World Bank World Development Indicators, SP.POP.TOTL",2026-08-02
SWE,Sweden,SP.POP.TOTL,"Population, total",count,1991,8617375,"World Bank World Development Indicators, SP.POP.TOTL",2026-08-02
SWE,Sweden,SP.POP.TOTL,"Population, total",count,1992,8668067,"World Bank World Development Indicators, SP.POP.TOTL",2026-08-02
SWE,Sweden,SP.POP.TOTL,"Population, total",count,1993,8718561,"World Bank World Development Indicators, SP.POP.TOTL",2026-08-02
SWE,Sweden,SP.POP.TOTL,"Population, total",count,1994,8780745,"World Bank World Development Indicators, SP.POP.TOTL",2026-08-02
SWE,Sweden,SP.POP.TOTL,"Population, total",count,1995,8826939,"World Bank World Development Indicators, SP.POP.TOTL",2026-08-02
SWE,Sweden,SP.POP.TOTL,"Population, total",count,1996,8840998,"World Bank World Development Indicators, SP.POP.TOTL",2026-08-02
SWE,Sweden,SP.POP.TOTL,"Population, total",count,1997,8846062,"World Bank World Development Indicators, SP.POP.TOTL",2026-08-02
SWE,Sweden,SP.POP.TOTL,"Population, total",count,1998,8850974,"World Bank World Development Indicators, SP.POP.TOTL",2026-08-02
SWE,Sweden,SP.POP.TOTL,"Population, total",count,1999,8857874,"World Bank World Development Indicators, SP.POP.TOTL",2026-08-02
SWE,Sweden,SP.POP.TOTL,"Population, total",count,2000,8872109,"World Bank World Development Indicators, SP.POP.TOTL",2026-08-02
SWE,Sweden,SP.POP.TOTL,"Population, total",count,2001,8895960,"World Bank World Development Indicators, SP.POP.TOTL",2026-08-02
SWE,Sweden,SP.POP.TOTL,"Population, total",count,2002,8924958,"World Bank World Development Indicators, SP.POP.TOTL",2026-08-02
SWE,Sweden,SP.POP.TOTL,"Population, total",count,2003,8958229,"World Bank World Development Indicators, SP.POP.TOTL",2026-08-02
SWE,Sweden,SP.POP.TOTL,"Population, total",count,2004,8993531,"World Bank World Development Indicators, SP.POP.TOTL",2026-08-02
SWE,Sweden,SP.POP.TOTL,"Population, total",count,2005,9029572,"World Bank World Development Indicators, SP.POP.TOTL",2026-08-02
SWE,Sweden,SP.POP.TOTL,"Population, total",count,2006,9080505,"World Bank World Development Indicators, SP.POP.TOTL",2026-08-02
SWE,Sweden,SP.POP.TOTL,"Population, total",count,2007,9148092,"World Bank World Development Indicators, SP.POP.TOTL",2026-08-02
SWE,Sweden,SP.POP.TOTL,"Population, total",count,2008,9219637,"World Bank World Development Indicators, SP.POP.TOTL",2026-08-02
SWE,Sweden,SP.POP.TOTL,"Population, total",count,2009,9298515,"World Bank World Development Indicators, SP.POP.TOTL",2026-08-02
SWE,Sweden,SP.POP.TOTL,"Population, total",count,2010,9378126,"World Bank World Development Indicators, SP.POP.TOTL",2026-08-02
SWE,Sweden,SP.POP.TOTL,"Population, total",count,2011,9449213,"World Bank World Development Indicators, SP.POP.TOTL",2026-08-02
SWE,Sweden,SP.POP.TOTL,"Population, total",count,2012,9519374,"World Bank World Development Indicators, SP.POP.TOTL",2026-08-02
SWE,Sweden,SP.POP.TOTL,"Population, total",count,2013,9600379,"World Bank World Development Indicators, SP.POP.TOTL",2026-08-02
SWE,Sweden,SP.POP.TOTL,"Population, total",count,2014,9696110,"World Bank World Development Indicators, SP.POP.TOTL",2026-08-02
SWE,Sweden,SP.POP.TOTL,"Population, total",count,2015,9799186,"World Bank World Development Indicators, SP.POP.TOTL",2026-08-02
SWE,Sweden,SP.POP.TOTL,"Population, total",count,2016,9923085,"World Bank World Development Indicators, SP.POP.TOTL",2026-08-02
SWE,Sweden,SP.POP.TOTL,"Population, total",count,2017,10057698,"World Bank World Development Indicators, SP.POP.TOTL",2026-08-02
SWE,Sweden,SP.POP.TOTL,"Population, total",count,2018,10175214,"World Bank World Development Indicators, SP.POP.TOTL",2026-08-02
SWE,Sweden,SP.POP.TOTL,"Population, total",count,2019,10278887,"World Bank World Development Indicators, SP.POP.TOTL",2026-08-02
SWE,Sweden,SP.POP.TOTL,"Population, total",count,2020,10353442,"World Bank World Development Indicators, SP.POP.TOTL",2026-08-02
SWE,Sweden,SP.POP.TOTL,"Population, total",count,2021,10415811,"World Bank World Development Indicators, SP.POP.TOTL",2026-08-02
SWE,Sweden,SP.POP.TOTL,"Population, total",count,2022,10486941,"World Bank World Development Indicators, SP.POP.TOTL",2026-08-02
SWE,Sweden,SP.POP.TOTL,"Population, total",count,2023,10536632,"World Bank World Development Indicators, SP.POP.TOTL",2026-08-02
SWE,Sweden,SP.POP.TOTL,"Population, total",count,2024,10569709,"World Bank World Development Indicators, SP.POP.TOTL",2026-08-02
SWE,Sweden,SP.POP.TOTL,"Population, total",count,2025,10596620,"World Bank World Development Indicators, SP.POP.TOTL",2026-08-02
GBR,United Kingdom,SP.POP.TOTL,"Population, total",count,1960,52400000,"World Bank World Development Indicators, SP.POP.TOTL",2026-08-02
GBR,United Kingdom,SP.POP.TOTL,"Population, total",count,1961,52800000,"World Bank World Development Indicators, SP.POP.TOTL",2026-08-02
GBR,United Kingdom,SP.POP.TOTL,"Population, total",count,1962,53250000,"World Bank World Development Indicators, SP.POP.TOTL",2026-08-02
GBR,United Kingdom,SP.POP.TOTL,"Population, total",count,1963,53650000,"World Bank World Development Indicators, SP.POP.TOTL",2026-08-02
GBR,United Kingdom,SP.POP.TOTL,"Population, total",count,1964,54000000,"World Bank World Development Indicators, SP.POP.TOTL",2026-08-02
GBR,United Kingdom,SP.POP.TOTL,"Population, total",count,1965,54348050,"World Bank World Development Indicators, SP.POP.TOTL",2026-08-02
GBR,United Kingdom,SP.POP.TOTL,"Population, total",count,1966,54648500,"World Bank World Development Indicators, SP.POP.TOTL",2026-08-02
GBR,United Kingdom,SP.POP.TOTL,"Population, total",count,1967,54943600,"World Bank World Development Indicators, SP.POP.TOTL",2026-08-02
GBR,United Kingdom,SP.POP.TOTL,"Population, total",count,1968,55211700,"World Bank World Development Indicators, SP.POP.TOTL",2026-08-02
GBR,United Kingdom,SP.POP.TOTL,"Population, total",count,1969,55441750,"World Bank World Development Indicators, SP.POP.TOTL",2026-08-02
GBR,United Kingdom,SP.POP.TOTL,"Population, total",count,1970,55663250,"World Bank World Development Indicators, SP.POP.TOTL",2026-08-02
GBR,United Kingdom,SP.POP.TOTL,"Population, total",count,1971,55896223,"World Bank World Development Indicators, SP.POP.TOTL",2026-08-02
GBR,United Kingdom,SP.POP.TOTL,"Population, total",count,1972,56086065,"World Bank World Development Indicators, SP.POP.TOTL",2026-08-02
GBR,United Kingdom,SP.POP.TOTL,"Population, total",count,1973,56194527,"World Bank World Development Indicators, SP.POP.TOTL",2026-08-02
GBR,United Kingdom,SP.POP.TOTL,"Population, total",count,1974,56229974,"World Bank World Development Indicators, SP.POP.TOTL",2026-08-02
GBR,United Kingdom,SP.POP.TOTL,"Population, total",count,1975,56225800,"World Bank World Development Indicators, SP.POP.TOTL",2026-08-02
GBR,United Kingdom,SP.POP.TOTL,"Population, total",count,1976,56211968,"World Bank World Development Indicators, SP.POP.TOTL",2026-08-02
GBR,United Kingdom,SP.POP.TOTL,"Population, total",count,1977,56193492,"World Bank World Development Indicators, SP.POP.TOTL",2026-08-02
GBR,United Kingdom,SP.POP.TOTL,"Population, total",count,1978,56196504,"World Bank World Development Indicators, SP.POP.TOTL",2026-08-02
GBR,United Kingdom,SP.POP.TOTL,"Population, total",count,1979,56246951,"World Bank World Development Indicators, SP.POP.TOTL",2026-08-02
GBR,United Kingdom,SP.POP.TOTL,"Population, total",count,1980,56314216,"World Bank World Development Indicators, SP.POP.TOTL",2026-08-02
GBR,United Kingdom,SP.POP.TOTL,"Population, total",count,1981,56333829,"World Bank World Development Indicators, SP.POP.TOTL",2026-08-02
GBR,United Kingdom,SP.POP.TOTL,"Population, total",count,1982,56313641,"World Bank World Development Indicators, SP.POP.TOTL",2026-08-02
GBR,United Kingdom,SP.POP.TOTL,"Population, total",count,1983,56332848,"World Bank World Development Indicators, SP.POP.TOTL",2026-08-02
GBR,United Kingdom,SP.POP.TOTL,"Population, total",count,1984,56422072,"World Bank World Development Indicators, SP.POP.TOTL",2026-08-02
GBR,United Kingdom,SP.POP.TOTL,"Population, total",count,1985,56550268,"World Bank World Development Indicators, SP.POP.TOTL",2026-08-02
GBR,United Kingdom,SP.POP.TOTL,"Population, total",count,1986,56681396,"World Bank World Development Indicators, SP.POP.TOTL",2026-08-02
GBR,United Kingdom,SP.POP.TOTL,"Population, total",count,1987,56802050,"World Bank World Development Indicators, SP.POP.TOTL",2026-08-02
GBR,United Kingdom,SP.POP.TOTL,"Population, total",count,1988,56928327,"World Bank World Development Indicators, SP.POP.TOTL",2026-08-02
GBR,United Kingdom,SP.POP.TOTL,"Population, total",count,1989,57076711,"World Bank World Development Indicators, SP.POP.TOTL",2026-08-02
GBR,United Kingdom,SP.POP.TOTL,"Population, total",count,1990,57247586,"World Bank World Development Indicators, SP.POP.TOTL",2026-08-02
GBR,United Kingdom,SP.POP.TOTL,"Population, total",count,1991,57424897,"World Bank World Development Indicators, SP.POP.TOTL",2026-08-02
GBR,United Kingdom,SP.POP.TOTL,"Population, total",count,1992,57580402,"World Bank World Development Indicators, SP.POP.TOTL",2026-08-02
GBR,United Kingdom,SP.POP.TOTL,"Population, total",count,1993,57718614,"World Bank World Development Indicators, SP.POP.TOTL",2026-08-02
GBR,United Kingdom,SP.POP.TOTL,"Population, total",count,1994,57865745,"World Bank World Development Indicators, SP.POP.TOTL",2026-08-02
GBR,United Kingdom,SP.POP.TOTL,"Population, total",count,1995,58019030,"World Bank World Development Indicators, SP.POP.TOTL",2026-08-02
GBR,United Kingdom,SP.POP.TOTL,"Population, total",count,1996,58166950,"World Bank World Development Indicators, SP.POP.TOTL",2026-08-02
GBR,United Kingdom,SP.POP.TOTL,"Population, total",count,1997,58316954,"World Bank World Development Indicators, SP.POP.TOTL",2026-08-02
GBR,United Kingdom,SP.POP.TOTL,"Population, total",count,1998,58487141,"World Bank World Development Indicators, SP.POP.TOTL",2026-08-02
GBR,United Kingdom,SP.POP.TOTL,"Population, total",count,1999,58682466,"World Bank World Development Indicators, SP.POP.TOTL",2026-08-02
GBR,United Kingdom,SP.POP.TOTL,"Population, total",count,2000,58892514,"World Bank World Development Indicators, SP.POP.TOTL",2026-08-02
GBR,United Kingdom,SP.POP.TOTL,"Population, total",count,2001,59119673,"World Bank World Development Indicators, SP.POP.TOTL",2026-08-02
GBR,United Kingdom,SP.POP.TOTL,"Population, total",count,2002,59370479,"World Bank World Development Indicators, SP.POP.TOTL",2026-08-02
GBR,United Kingdom,SP.POP.TOTL,"Population, total",count,2003,59647577,"World Bank World Development Indicators, SP.POP.TOTL",2026-08-02
GBR,United Kingdom,SP.POP.TOTL,"Population, total",count,2004,59987905,"World Bank World Development Indicators, SP.POP.TOTL",2026-08-02
GBR,United Kingdom,SP.POP.TOTL,"Population, total",count,2005,60401206,"World Bank World Development Indicators, SP.POP.TOTL",2026-08-02
GBR,United Kingdom,SP.POP.TOTL,"Population, total",count,2006,60846820,"World Bank World Development Indicators, SP.POP.TOTL",2026-08-02
GBR,United Kingdom,SP.POP.TOTL,"Population, total",count,2007,61322463,"World Bank World Development Indicators, SP.POP.TOTL",2026-08-02
GBR,United Kingdom,SP.POP.TOTL,"Population, total",count,2008,61806995,"World Bank World Development Indicators, SP.POP.TOTL",2026-08-02
GBR,United Kingdom,SP.POP.TOTL,"Population, total",count,2009,62276270,"World Bank World Development Indicators, SP.POP.TOTL",2026-08-02
GBR,United Kingdom,SP.POP.TOTL,"Population, total",count,2010,62766365,"World Bank World Development Indicators, SP.POP.TOTL",2026-08-02
GBR,United Kingdom,SP.POP.TOTL,"Population, total",count,2011,63258810,"World Bank World Development Indicators, SP.POP.TOTL",2026-08-02
GBR,United Kingdom,SP.POP.TOTL,"Population, total",count,2012,63711000,"World Bank World Development Indicators, SP.POP.TOTL",2026-08-02
GBR,United Kingdom,SP.POP.TOTL,"Population, total",count,2013,64138000,"World Bank World Development Indicators, SP.POP.TOTL",2026-08-02
GBR,United Kingdom,SP.POP.TOTL,"Population, total",count,2014,64619000,"World Bank World Development Indicators, SP.POP.TOTL",2026-08-02
GBR,United Kingdom,SP.POP.TOTL,"Population, total",count,2015,65087000,"World Bank World Development Indicators, SP.POP.TOTL",2026-08-02
GBR,United Kingdom,SP.POP.TOTL,"Population, total",count,2016,65606000,"World Bank World Development Indicators, SP.POP.TOTL",2026-08-02
GBR,United Kingdom,SP.POP.TOTL,"Population, total",count,2017,65964000,"World Bank World Development Indicators, SP.POP.TOTL",2026-08-02
GBR,United Kingdom,SP.POP.TOTL,"Population, total",count,2018,66287000,"World Bank World Development Indicators, SP.POP.TOTL",2026-08-02
GBR,United Kingdom,SP.POP.TOTL,"Population, total",count,2019,66628000,"World Bank World Development Indicators, SP.POP.TOTL",2026-08-02
GBR,United Kingdom,SP.POP.TOTL,"Population, total",count,2020,66740000,"World Bank World Development Indicators, SP.POP.TOTL",2026-08-02
GBR,United Kingdom,SP.POP.TOTL,"Population, total",count,2021,66978000,"World Bank World Development Indicators, SP.POP.TOTL",2026-08-02
GBR,United Kingdom,SP.POP.TOTL,"Population, total",count,2022,67636000,"World Bank World Development Indicators, SP.POP.TOTL",2026-08-02
GBR,United Kingdom,SP.POP.TOTL,"Population, total",count,2023,68526000,"World Bank World Development Indicators, SP.POP.TOTL",2026-08-02
GBR,United Kingdom,SP.POP.TOTL,"Population, total",count,2024,69281000,"World Bank World Development Indicators, SP.POP.TOTL",2026-08-02
GBR,United Kingdom,SP.POP.TOTL,"Population, total",count,2025,69487000,"World Bank World Development Indicators, SP.POP.TOTL",2026-08-02
LTU,Lithuania,SP.POP.TOTL,"Population, total",count,1960,2778550,"World Bank World Development Indicators, SP.POP.TOTL",2026-08-02
LTU,Lithuania,SP.POP.TOTL,"Population, total",count,1961,2823550,"World Bank World Development Indicators, SP.POP.TOTL",2026-08-02
LTU,Lithuania,SP.POP.TOTL,"Population, total",count,1962,2863350,"World Bank World Development Indicators, SP.POP.TOTL",2026-08-02
LTU,Lithuania,SP.POP.TOTL,"Population, total",count,1963,2898950,"World Bank World Development Indicators, SP.POP.TOTL",2026-08-02
LTU,Lithuania,SP.POP.TOTL,"Population, total",count,1964,2935200,"World Bank World Development Indicators, SP.POP.TOTL",2026-08-02
LTU,Lithuania,SP.POP.TOTL,"Population, total",count,1965,2971450,"World Bank World Development Indicators, SP.POP.TOTL",2026-08-02
LTU,Lithuania,SP.POP.TOTL,"Population, total",count,1966,3008050,"World Bank World Development Indicators, SP.POP.TOTL",2026-08-02
LTU,Lithuania,SP.POP.TOTL,"Population, total",count,1967,3044400,"World Bank World Development Indicators, SP.POP.TOTL",2026-08-02
LTU,Lithuania,SP.POP.TOTL,"Population, total",count,1968,3078850,"World Bank World Development Indicators, SP.POP.TOTL",2026-08-02
LTU,Lithuania,SP.POP.TOTL,"Population, total",count,1969,3107321,"World Bank World Development Indicators, SP.POP.TOTL",2026-08-02
LTU,Lithuania,SP.POP.TOTL,"Population, total",count,1970,3139689,"World Bank World Development Indicators, SP.POP.TOTL",2026-08-02
LTU,Lithuania,SP.POP.TOTL,"Population, total",count,1971,3179041,"World Bank World Development Indicators, SP.POP.TOTL",2026-08-02
LTU,Lithuania,SP.POP.TOTL,"Population, total",count,1972,3213622,"World Bank World Development Indicators, SP.POP.TOTL",2026-08-02
LTU,Lithuania,SP.POP.TOTL,"Population, total",count,1973,3244438,"World Bank World Development Indicators, SP.POP.TOTL",2026-08-02
LTU,Lithuania,SP.POP.TOTL,"Population, total",count,1974,3273894,"World Bank World Development Indicators, SP.POP.TOTL",2026-08-02
LTU,Lithuania,SP.POP.TOTL,"Population, total",count,1975,3301652,"World Bank World Development Indicators, SP.POP.TOTL",2026-08-02
LTU,Lithuania,SP.POP.TOTL,"Population, total",count,1976,3328664,"World Bank World Development Indicators, SP.POP.TOTL",2026-08-02
LTU,Lithuania,SP.POP.TOTL,"Population, total",count,1977,3355036,"World Bank World Development Indicators, SP.POP.TOTL",2026-08-02
LTU,Lithuania,SP.POP.TOTL,"Population, total",count,1978,3379514,"World Bank World Development Indicators, SP.POP.TOTL",2026-08-02
LTU,Lithuania,SP.POP.TOTL,"Population, total",count,1979,3397842,"World Bank World Development Indicators, SP.POP.TOTL",2026-08-02
LTU,Lithuania,SP.POP.TOTL,"Population, total",count,1980,3413202,"World Bank World Development Indicators, SP.POP.TOTL",2026-08-02
LTU,Lithuania,SP.POP.TOTL,"Population, total",count,1981,3432947,"World Bank World Development Indicators, SP.POP.TOTL",2026-08-02
LTU,Lithuania,SP.POP.TOTL,"Population, total",count,1982,3457179,"World Bank World Development Indicators, SP.POP.TOTL",2026-08-02
LTU,Lithuania,SP.POP.TOTL,"Population, total",count,1983,3485192,"World Bank World Development Indicators, SP.POP.TOTL",2026-08-02
LTU,Lithuania,SP.POP.TOTL,"Population, total",count,1984,3514205,"World Bank World Development Indicators, SP.POP.TOTL",2026-08-02
LTU,Lithuania,SP.POP.TOTL,"Population, total",count,1985,3544543,"World Bank World Development Indicators, SP.POP.TOTL",2026-08-02
LTU,Lithuania,SP.POP.TOTL,"Population, total",count,1986,3578914,"World Bank World Development Indicators, SP.POP.TOTL",2026-08-02
LTU,Lithuania,SP.POP.TOTL,"Population, total",count,1987,3616367,"World Bank World Development Indicators, SP.POP.TOTL",2026-08-02
LTU,Lithuania,SP.POP.TOTL,"Population, total",count,1988,3655049,"World Bank World Development Indicators, SP.POP.TOTL",2026-08-02
LTU,Lithuania,SP.POP.TOTL,"Population, total",count,1989,3684255,"World Bank World Development Indicators, SP.POP.TOTL",2026-08-02
LTU,Lithuania,SP.POP.TOTL,"Population, total",count,1990,3697838,"World Bank World Development Indicators, SP.POP.TOTL",2026-08-02
LTU,Lithuania,SP.POP.TOTL,"Population, total",count,1991,3704134,"World Bank World Development Indicators, SP.POP.TOTL",2026-08-02
LTU,Lithuania,SP.POP.TOTL,"Population, total",count,1992,3700114,"World Bank World Development Indicators, SP.POP.TOTL",2026-08-02
LTU,Lithuania,SP.POP.TOTL,"Population, total",count,1993,3682613,"World Bank World Development Indicators, SP.POP.TOTL",2026-08-02
LTU,Lithuania,SP.POP.TOTL,"Population, total",count,1994,3657144,"World Bank World Development Indicators, SP.POP.TOTL",2026-08-02
LTU,Lithuania,SP.POP.TOTL,"Population, total",count,1995,3629102,"World Bank World Development Indicators, SP.POP.TOTL",2026-08-02
LTU,Lithuania,SP.POP.TOTL,"Population, total",count,1996,3601613,"World Bank World Development Indicators, SP.POP.TOTL",2026-08-02
LTU,Lithuania,SP.POP.TOTL,"Population, total",count,1997,3575137,"World Bank World Development Indicators, SP.POP.TOTL",2026-08-02
LTU,Lithuania,SP.POP.TOTL,"Population, total",count,1998,3549331,"World Bank World Development Indicators, SP.POP.TOTL",2026-08-02
LTU,Lithuania,SP.POP.TOTL,"Population, total",count,1999,3524238,"World Bank World Development Indicators, SP.POP.TOTL",2026-08-02
LTU,Lithuania,SP.POP.TOTL,"Population, total",count,2000,3499536,"World Bank World Development Indicators, SP.POP.TOTL",2026-08-02
LTU,Lithuania,SP.POP.TOTL,"Population, total",count,2001,3470818,"World Bank World Development Indicators, SP.POP.TOTL",2026-08-02
LTU,Lithuania,SP.POP.TOTL,"Population, total",count,2002,3443067,"World Bank World Development Indicators, SP.POP.TOTL",2026-08-02
LTU,Lithuania,SP.POP.TOTL,"Population, total",count,2003,3415213,"World Bank World Development Indicators, SP.POP.TOTL",2026-08-02
LTU,Lithuania,SP.POP.TOTL,"Population, total",count,2004,3377075,"World Bank World Development Indicators, SP.POP.TOTL",2026-08-02
LTU,Lithuania,SP.POP.TOTL,"Population, total",count,2005,3322528,"World Bank World Development Indicators, SP.POP.TOTL",2026-08-02
LTU,Lithuania,SP.POP.TOTL,"Population, total",count,2006,3269909,"World Bank World Development Indicators, SP.POP.TOTL",2026-08-02
LTU,Lithuania,SP.POP.TOTL,"Population, total",count,2007,3231294,"World Bank World Development Indicators, SP.POP.TOTL",2026-08-02
LTU,Lithuania,SP.POP.TOTL,"Population, total",count,2008,3198231,"World Bank World Development Indicators, SP.POP.TOTL",2026-08-02
LTU,Lithuania,SP.POP.TOTL,"Population, total",count,2009,3162916,"World Bank World Development Indicators, SP.POP.TOTL",2026-08-02
LTU,Lithuania,SP.POP.TOTL,"Population, total",count,2010,3097282,"World Bank World Development Indicators, SP.POP.TOTL",2026-08-02
LTU,Lithuania,SP.POP.TOTL,"Population, total",count,2011,3028115,"World Bank World Development Indicators, SP.POP.TOTL",2026-08-02
LTU,Lithuania,SP.POP.TOTL,"Population, total",count,2012,2989139,"World Bank World Development Indicators, SP.POP.TOTL",2026-08-02
LTU,Lithuania,SP.POP.TOTL,"Population, total",count,2013,2961250,"World Bank World Development Indicators, SP.POP.TOTL",2026-08-02
LTU,Lithuania,SP.POP.TOTL,"Population, total",count,2014,2937253,"World Bank World Development Indicators, SP.POP.TOTL",2026-08-02
LTU,Lithuania,SP.POP.TOTL,"Population, total",count,2015,2911109,"World Bank World Development Indicators, SP.POP.TOTL",2026-08-02
LTU,Lithuania,SP.POP.TOTL,"Population, total",count,2016,2877325,"World Bank World Development Indicators, SP.POP.TOTL",2026-08-02
LTU,Lithuania,SP.POP.TOTL,"Population, total",count,2017,2842639,"World Bank World Development Indicators, SP.POP.TOTL",2026-08-02
LTU,Lithuania,SP.POP.TOTL,"Population, total",count,2018,2819200,"World Bank World Development Indicators, SP.POP.TOTL",2026-08-02
LTU,Lithuania,SP.POP.TOTL,"Population, total",count,2019,2811089,"World Bank World Development Indicators, SP.POP.TOTL",2026-08-02
LTU,Lithuania,SP.POP.TOTL,"Population, total",count,2020,2810369,"World Bank World Development Indicators, SP.POP.TOTL",2026-08-02
LTU,Lithuania,SP.POP.TOTL,"Population, total",count,2021,2808380,"World Bank World Development Indicators, SP.POP.TOTL",2026-08-02
LTU,Lithuania,SP.POP.TOTL,"Population, total",count,2022,2831639,"World Bank World Development Indicators, SP.POP.TOTL",2026-08-02
LTU,Lithuania,SP.POP.TOTL,"Population, total",count,2023,2871585,"World Bank World Development Indicators, SP.POP.TOTL",2026-08-02
LTU,Lithuania,SP.POP.TOTL,"Population, total",count,2024,2888278,"World Bank World Development Indicators, SP.POP.TOTL",2026-08-02
LTU,Lithuania,SP.POP.TOTL,"Population, total",count,2025,2888774,"World Bank World Development Indicators, SP.POP.TOTL",2026-08-02
LVA,Latvia,SP.POP.TOTL,"Population, total",count,1960,2120979,"World Bank World Development Indicators, SP.POP.TOTL",2026-08-02
LVA,Latvia,SP.POP.TOTL,"Population, total",count,1961,2152681,"World Bank World Development Indicators, SP.POP.TOTL",2026-08-02
LVA,Latvia,SP.POP.TOTL,"Population, total",count,1962,2181586,"World Bank World Development Indicators, SP.POP.TOTL",2026-08-02
LVA,Latvia,SP.POP.TOTL,"Population, total",count,1963,2210919,"World Bank World Development Indicators, SP.POP.TOTL",2026-08-02
LVA,Latvia,SP.POP.TOTL,"Population, total",count,1964,2240623,"World Bank World Development Indicators, SP.POP.TOTL",2026-08-02
LVA,Latvia,SP.POP.TOTL,"Population, total",count,1965,2265919,"World Bank World Development Indicators, SP.POP.TOTL",2026-08-02
LVA,Latvia,SP.POP.TOTL,"Population, total",count,1966,2283217,"World Bank World Development Indicators, SP.POP.TOTL",2026-08-02
LVA,Latvia,SP.POP.TOTL,"Population, total",count,1967,2301220,"World Bank World Development Indicators, SP.POP.TOTL",2026-08-02
LVA,Latvia,SP.POP.TOTL,"Population, total",count,1968,2323619,"World Bank World Development Indicators, SP.POP.TOTL",2026-08-02
LVA,Latvia,SP.POP.TOTL,"Population, total",count,1969,2343173,"World Bank World Development Indicators, SP.POP.TOTL",2026-08-02
LVA,Latvia,SP.POP.TOTL,"Population, total",count,1970,2359164,"World Bank World Development Indicators, SP.POP.TOTL",2026-08-02
LVA,Latvia,SP.POP.TOTL,"Population, total",count,1971,2376389,"World Bank World Development Indicators, SP.POP.TOTL",2026-08-02
LVA,Latvia,SP.POP.TOTL,"Population, total",count,1972,2395674,"World Bank World Development Indicators, SP.POP.TOTL",2026-08-02
LVA,Latvia,SP.POP.TOTL,"Population, total",count,1973,2415819,"World Bank World Development Indicators, SP.POP.TOTL",2026-08-02
LVA,Latvia,SP.POP.TOTL,"Population, total",count,1974,2437186,"World Bank World Development Indicators, SP.POP.TOTL",2026-08-02
LVA,Latvia,SP.POP.TOTL,"Population, total",count,1975,2456130,"World Bank World Development Indicators, SP.POP.TOTL",2026-08-02
LVA,Latvia,SP.POP.TOTL,"Population, total",count,1976,2470989,"World Bank World Development Indicators, SP.POP.TOTL",2026-08-02
LVA,Latvia,SP.POP.TOTL,"Population, total",count,1977,2485073,"World Bank World Development Indicators, SP.POP.TOTL",2026-08-02
LVA,Latvia,SP.POP.TOTL,"Population, total",count,1978,2497921,"World Bank World Development Indicators, SP.POP.TOTL",2026-08-02
LVA,Latvia,SP.POP.TOTL,"Population, total",count,1979,2505953,"World Bank World Development Indicators, SP.POP.TOTL",2026-08-02
LVA,Latvia,SP.POP.TOTL,"Population, total",count,1980,2511701,"World Bank World Development Indicators, SP.POP.TOTL",2026-08-02
LVA,Latvia,SP.POP.TOTL,"Population, total",count,1981,2519421,"World Bank World Development Indicators, SP.POP.TOTL",2026-08-02
LVA,Latvia,SP.POP.TOTL,"Population, total",count,1982,2531080,"World Bank World Development Indicators, SP.POP.TOTL",2026-08-02
LVA,Latvia,SP.POP.TOTL,"Population, total",count,1983,2546011,"World Bank World Development Indicators, SP.POP.TOTL",2026-08-02
LVA,Latvia,SP.POP.TOTL,"Population, total",count,1984,2562047,"World Bank World Development Indicators, SP.POP.TOTL",2026-08-02
LVA,Latvia,SP.POP.TOTL,"Population, total",count,1985,2578873,"World Bank World Development Indicators, SP.POP.TOTL",2026-08-02
LVA,Latvia,SP.POP.TOTL,"Population, total",count,1986,2599892,"World Bank World Development Indicators, SP.POP.TOTL",2026-08-02
LVA,Latvia,SP.POP.TOTL,"Population, total",count,1987,2626583,"World Bank World Development Indicators, SP.POP.TOTL",2026-08-02
LVA,Latvia,SP.POP.TOTL,"Population, total",count,1988,2653434,"World Bank World Development Indicators, SP.POP.TOTL",2026-08-02
LVA,Latvia,SP.POP.TOTL,"Population, total",count,1989,2666955,"World Bank World Development Indicators, SP.POP.TOTL",2026-08-02
LVA,Latvia,SP.POP.TOTL,"Population, total",count,1990,2663151,"World Bank World Development Indicators, SP.POP.TOTL",2026-08-02
LVA,Latvia,SP.POP.TOTL,"Population, total",count,1991,2650581,"World Bank World Development Indicators, SP.POP.TOTL",2026-08-02
LVA,Latvia,SP.POP.TOTL,"Population, total",count,1992,2614338,"World Bank World Development Indicators, SP.POP.TOTL",2026-08-02
LVA,Latvia,SP.POP.TOTL,"Population, total",count,1993,2563290,"World Bank World Development Indicators, SP.POP.TOTL",2026-08-02
LVA,Latvia,SP.POP.TOTL,"Population, total",count,1994,2520742,"World Bank World Development Indicators, SP.POP.TOTL",2026-08-02
LVA,Latvia,SP.POP.TOTL,"Population, total",count,1995,2485056,"World Bank World Development Indicators, SP.POP.TOTL",2026-08-02
LVA,Latvia,SP.POP.TOTL,"Population, total",count,1996,2457222,"World Bank World Development Indicators, SP.POP.TOTL",2026-08-02
LVA,Latvia,SP.POP.TOTL,"Population, total",count,1997,2432851,"World Bank World Development Indicators, SP.POP.TOTL",2026-08-02
LVA,Latvia,SP.POP.TOTL,"Population, total",count,1998,2410019,"World Bank World Development Indicators, SP.POP.TOTL",2026-08-02
LVA,Latvia,SP.POP.TOTL,"Population, total",count,1999,2390482,"World Bank World Development Indicators, SP.POP.TOTL",2026-08-02
LVA,Latvia,SP.POP.TOTL,"Population, total",count,2000,2367550,"World Bank World Development Indicators, SP.POP.TOTL",2026-08-02
LVA,Latvia,SP.POP.TOTL,"Population, total",count,2001,2337170,"World Bank World Development Indicators, SP.POP.TOTL",2026-08-02
LVA,Latvia,SP.POP.TOTL,"Population, total",count,2002,2310173,"World Bank World Development Indicators, SP.POP.TOTL",2026-08-02
LVA,Latvia,SP.POP.TOTL,"Population, total",count,2003,2287955,"World Bank World Development Indicators, SP.POP.TOTL",2026-08-02
LVA,Latvia,SP.POP.TOTL,"Population, total",count,2004,2263122,"World Bank World Development Indicators, SP.POP.TOTL",2026-08-02
LVA,Latvia,SP.POP.TOTL,"Population, total",count,2005,2238799,"World Bank World Development Indicators, SP.POP.TOTL",2026-08-02
LVA,Latvia,SP.POP.TOTL,"Population, total",count,2006,2218357,"World Bank World Development Indicators, SP.POP.TOTL",2026-08-02
LVA,Latvia,SP.POP.TOTL,"Population, total",count,2007,2200325,"World Bank World Development Indicators, SP.POP.TOTL",2026-08-02
LVA,Latvia,SP.POP.TOTL,"Population, total",count,2008,2177322,"World Bank World Development Indicators, SP.POP.TOTL",2026-08-02
LVA,Latvia,SP.POP.TOTL,"Population, total",count,2009,2141669,"World Bank World Development Indicators, SP.POP.TOTL",2026-08-02
LVA,Latvia,SP.POP.TOTL,"Population, total",count,2010,2097555,"World Bank World Development Indicators, SP.POP.TOTL",2026-08-02
LVA,Latvia,SP.POP.TOTL,"Population, total",count,2011,2059709,"World Bank World Development Indicators, SP.POP.TOTL",2026-08-02
LVA,Latvia,SP.POP.TOTL,"Population, total",count,2012,2034319,"World Bank World Development Indicators, SP.POP.TOTL",2026-08-02
LVA,Latvia,SP.POP.TOTL,"Population, total",count,2013,2012647,"World Bank World Development Indicators, SP.POP.TOTL",2026-08-02
LVA,Latvia,SP.POP.TOTL,"Population, total",count,2014,1993782,"World Bank World Development Indicators, SP.POP.TOTL",2026-08-02
LVA,Latvia,SP.POP.TOTL,"Population, total",count,2015,1977527,"World Bank World Development Indicators, SP.POP.TOTL",2026-08-02
LVA,Latvia,SP.POP.TOTL,"Population, total",count,2016,1959537,"World Bank World Development Indicators, SP.POP.TOTL",2026-08-02
LVA,Latvia,SP.POP.TOTL,"Population, total",count,2017,1942248,"World Bank World Development Indicators, SP.POP.TOTL",2026-08-02
LVA,Latvia,SP.POP.TOTL,"Population, total",count,2018,1927174,"World Bank World Development Indicators, SP.POP.TOTL",2026-08-02
LVA,Latvia,SP.POP.TOTL,"Population, total",count,2019,1913822,"World Bank World Development Indicators, SP.POP.TOTL",2026-08-02
LVA,Latvia,SP.POP.TOTL,"Population, total",count,2020,1900449,"World Bank World Development Indicators, SP.POP.TOTL",2026-08-02
LVA,Latvia,SP.POP.TOTL,"Population, total",count,2021,1884490,"World Bank World Development Indicators, SP.POP.TOTL",2026-08-02
LVA,Latvia,SP.POP.TOTL,"Population, total",count,2022,1879383,"World Bank World Development Indicators, SP.POP.TOTL",2026-08-02
LVA,Latvia,SP.POP.TOTL,"Population, total",count,2023,1883710,"World Bank World Development Indicators, SP.POP.TOTL",2026-08-02
LVA,Latvia,SP.POP.TOTL,"Population, total",count,2024,1866124,"World Bank World Development Indicators, SP.POP.TOTL",2026-08-02
LVA,Latvia,SP.POP.TOTL,"Population, total",count,2025,1847785,"World Bank World Development Indicators, SP.POP.TOTL",2026-08-02
NLD,Netherlands,SP.POP.TOTL,"Population, total",count,1960,11486631,"World Bank World Development Indicators, SP.POP.TOTL",2026-08-02
NLD,Netherlands,SP.POP.TOTL,"Population, total",count,1961,11638712,"World Bank World Development Indicators, SP.POP.TOTL",2026-08-02
NLD,Netherlands,SP.POP.TOTL,"Population, total",count,1962,11805689,"World Bank World Development Indicators, SP.POP.TOTL",2026-08-02
NLD,Netherlands,SP.POP.TOTL,"Population, total",count,1963,11965966,"World Bank World Development Indicators, SP.POP.TOTL",2026-08-02
NLD,Netherlands,SP.POP.TOTL,"Population, total",count,1964,12127120,"World Bank World Development Indicators, SP.POP.TOTL",2026-08-02
NLD,Netherlands,SP.POP.TOTL,"Population, total",count,1965,12294732,"World Bank World Development Indicators, SP.POP.TOTL",2026-08-02
NLD,Netherlands,SP.POP.TOTL,"Population, total",count,1966,12456251,"World Bank World Development Indicators, SP.POP.TOTL",2026-08-02
NLD,Netherlands,SP.POP.TOTL,"Population, total",count,1967,12598201,"World Bank World Development Indicators, SP.POP.TOTL",2026-08-02
NLD,Netherlands,SP.POP.TOTL,"Population, total",count,1968,12729721,"World Bank World Development Indicators, SP.POP.TOTL",2026-08-02
NLD,Netherlands,SP.POP.TOTL,"Population, total",count,1969,12877984,"World Bank World Development Indicators, SP.POP.TOTL",2026-08-02
NLD,Netherlands,SP.POP.TOTL,"Population, total",count,1970,13038526,"World Bank World Development Indicators, SP.POP.TOTL",2026-08-02
NLD,Netherlands,SP.POP.TOTL,"Population, total",count,1971,13194497,"World Bank World Development Indicators, SP.POP.TOTL",2026-08-02
NLD,Netherlands,SP.POP.TOTL,"Population, total",count,1972,13328593,"World Bank World Development Indicators, SP.POP.TOTL",2026-08-02
NLD,Netherlands,SP.POP.TOTL,"Population, total",count,1973,13439322,"World Bank World Development Indicators, SP.POP.TOTL",2026-08-02
NLD,Netherlands,SP.POP.TOTL,"Population, total",count,1974,13545056,"World Bank World Development Indicators, SP.POP.TOTL",2026-08-02
NLD,Netherlands,SP.POP.TOTL,"Population, total",count,1975,13666335,"World Bank World Development Indicators, SP.POP.TOTL",2026-08-02
NLD,Netherlands,SP.POP.TOTL,"Population, total",count,1976,13774037,"World Bank World Development Indicators, SP.POP.TOTL",2026-08-02
NLD,Netherlands,SP.POP.TOTL,"Population, total",count,1977,13856185,"World Bank World Development Indicators, SP.POP.TOTL",2026-08-02
NLD,Netherlands,SP.POP.TOTL,"Population, total",count,1978,13941700,"World Bank World Development Indicators, SP.POP.TOTL",2026-08-02
NLD,Netherlands,SP.POP.TOTL,"Population, total",count,1979,14038270,"World Bank World Development Indicators, SP.POP.TOTL",2026-08-02
NLD,Netherlands,SP.POP.TOTL,"Population, total",count,1980,14149800,"World Bank World Development Indicators, SP.POP.TOTL",2026-08-02
NLD,Netherlands,SP.POP.TOTL,"Population, total",count,1981,14247208,"World Bank World Development Indicators, SP.POP.TOTL",2026-08-02
NLD,Netherlands,SP.POP.TOTL,"Population, total",count,1982,14312690,"World Bank World Development Indicators, SP.POP.TOTL",2026-08-02
NLD,Netherlands,SP.POP.TOTL,"Population, total",count,1983,14367070,"World Bank World Development Indicators, SP.POP.TOTL",2026-08-02
NLD,Netherlands,SP.POP.TOTL,"Population, total",count,1984,14424211,"World Bank World Development Indicators, SP.POP.TOTL",2026-08-02
NLD,Netherlands,SP.POP.TOTL,"Population, total",count,1985,14491632,"World Bank World Development Indicators, SP.POP.TOTL",2026-08-02
NLD,Netherlands,SP.POP.TOTL,"Population, total",count,1986,14572278,"World Bank World Development Indicators, SP.POP.TOTL",2026-08-02
NLD,Netherlands,SP.POP.TOTL,"Population, total",count,1987,14665037,"World Bank World Development Indicators, SP.POP.TOTL",2026-08-02
NLD,Netherlands,SP.POP.TOTL,"Population, total",count,1988,14760094,"World Bank World Development Indicators, SP.POP.TOTL",2026-08-02
NLD,Netherlands,SP.POP.TOTL,"Population, total",count,1989,14848907,"World Bank World Development Indicators, SP.POP.TOTL",2026-08-02
NLD,Netherlands,SP.POP.TOTL,"Population, total",count,1990,14951510,"World Bank World Development Indicators, SP.POP.TOTL",2026-08-02
NLD,Netherlands,SP.POP.TOTL,"Population, total",count,1991,15069798,"World Bank World Development Indicators, SP.POP.TOTL",2026-08-02
NLD,Netherlands,SP.POP.TOTL,"Population, total",count,1992,15184166,"World Bank World Development Indicators, SP.POP.TOTL",2026-08-02
NLD,Netherlands,SP.POP.TOTL,"Population, total",count,1993,15290368,"World Bank World Development Indicators, SP.POP.TOTL",2026-08-02
NLD,Netherlands,SP.POP.TOTL,"Population, total",count,1994,15382838,"World Bank World Development Indicators, SP.POP.TOTL",2026-08-02
NLD,Netherlands,SP.POP.TOTL,"Population, total",count,1995,15459006,"World Bank World Development Indicators, SP.POP.TOTL",2026-08-02
NLD,Netherlands,SP.POP.TOTL,"Population, total",count,1996,15530498,"World Bank World Development Indicators, SP.POP.TOTL",2026-08-02
NLD,Netherlands,SP.POP.TOTL,"Population, total",count,1997,15610650,"World Bank World Development Indicators, SP.POP.TOTL",2026-08-02
NLD,Netherlands,SP.POP.TOTL,"Population, total",count,1998,15707209,"World Bank World Development Indicators, SP.POP.TOTL",2026-08-02
NLD,Netherlands,SP.POP.TOTL,"Population, total",count,1999,15812088,"World Bank World Development Indicators, SP.POP.TOTL",2026-08-02
NLD,Netherlands,SP.POP.TOTL,"Population, total",count,2000,15925513,"World Bank World Development Indicators, SP.POP.TOTL",2026-08-02
NLD,Netherlands,SP.POP.TOTL,"Population, total",count,2001,16046180,"World Bank World Development Indicators, SP.POP.TOTL",2026-08-02
NLD,Netherlands,SP.POP.TOTL,"Population, total",count,2002,16148929,"World Bank World Development Indicators, SP.POP.TOTL",2026-08-02
NLD,Netherlands,SP.POP.TOTL,"Population, total",count,2003,16225302,"World Bank World Development Indicators, SP.POP.TOTL",2026-08-02
NLD,Netherlands,SP.POP.TOTL,"Population, total",count,2004,16281779,"World Bank World Development Indicators, SP.POP.TOTL",2026-08-02
NLD,Netherlands,SP.POP.TOTL,"Population, total",count,2005,16319868,"World Bank World Development Indicators, SP.POP.TOTL",2026-08-02
NLD,Netherlands,SP.POP.TOTL,"Population, total",count,2006,16346101,"World Bank World Development Indicators, SP.POP.TOTL",2026-08-02
NLD,Netherlands,SP.POP.TOTL,"Population, total",count,2007,16381696,"World Bank World Development Indicators, SP.POP.TOTL",2026-08-02
NLD,Netherlands,SP.POP.TOTL,"Population, total",count,2008,16445593,"World Bank World Development Indicators, SP.POP.TOTL",2026-08-02
NLD,Netherlands,SP.POP.TOTL,"Population, total",count,2009,16530388,"World Bank World Development Indicators, SP.POP.TOTL",2026-08-02
NLD,Netherlands,SP.POP.TOTL,"Population, total",count,2010,16615394,"World Bank World Development Indicators, SP.POP.TOTL",2026-08-02
NLD,Netherlands,SP.POP.TOTL,"Population, total",count,2011,16693074,"World Bank World Development Indicators, SP.POP.TOTL",2026-08-02
NLD,Netherlands,SP.POP.TOTL,"Population, total",count,2012,16754962,"World Bank World Development Indicators, SP.POP.TOTL",2026-08-02
NLD,Netherlands,SP.POP.TOTL,"Population, total",count,2013,16804432,"World Bank World Development Indicators, SP.POP.TOTL",2026-08-02
NLD,Netherlands,SP.POP.TOTL,"Population, total",count,2014,16865008,"World Bank World Development Indicators, SP.POP.TOTL",2026-08-02
NLD,Netherlands,SP.POP.TOTL,"Population, total",count,2015,16939923,"World Bank World Development Indicators, SP.POP.TOTL",2026-08-02
NLD,Netherlands,SP.POP.TOTL,"Population, total",count,2016,17030314,"World Bank World Development Indicators, SP.POP.TOTL",2026-08-02
NLD,Netherlands,SP.POP.TOTL,"Population, total",count,2017,17131296,"World Bank World Development Indicators, SP.POP.TOTL",2026-08-02
NLD,Netherlands,SP.POP.TOTL,"Population, total",count,2018,17231624,"World Bank World Development Indicators, SP.POP.TOTL",2026-08-02
NLD,Netherlands,SP.POP.TOTL,"Population, total",count,2019,17344874,"World Bank World Development Indicators, SP.POP.TOTL",2026-08-02
NLD,Netherlands,SP.POP.TOTL,"Population, total",count,2020,17441500,"World Bank World Development Indicators, SP.POP.TOTL",2026-08-02
NLD,Netherlands,SP.POP.TOTL,"Population, total",count,2021,17533044,"World Bank World Development Indicators, SP.POP.TOTL",2026-08-02
NLD,Netherlands,SP.POP.TOTL,"Population, total",count,2022,17700982,"World Bank World Development Indicators, SP.POP.TOTL",2026-08-02
NLD,Netherlands,SP.POP.TOTL,"Population, total",count,2023,17877117,"World Bank World Development Indicators, SP.POP.TOTL",2026-08-02
NLD,Netherlands,SP.POP.TOTL,"Population, total",count,2024,17993485,"World Bank World Development Indicators, SP.POP.TOTL",2026-08-02
NLD,Netherlands,SP.POP.TOTL,"Population, total",count,2025,18087633,"World Bank World Development Indicators, SP.POP.TOTL",2026-08-02
