iso3,year,partner,measure,value,unit,source,retrieved
AUT,2024,World,total exports,197847661904,EUR,"Eurostat COMEXT ds-059331 (International trade of EU and non-EU countries since 2002 by SITC); reporter=AT, product=TOTAL, flow=2 EXPORT, indicators=VALUE_EUR, freq=A, time=2024; regional aggregate = sum of individual partner-country values (mapping in _regions_build.py); denominator = n/a (level, partner=WORLD)",2026-08-06
AUT,2024,European Union (EU27),export share,68.064,% of total exports,"Eurostat COMEXT ds-059331 (International trade of EU and non-EU countries since 2002 by SITC); reporter=AT, product=TOTAL, flow=2 EXPORT, indicators=VALUE_EUR, freq=A, time=2024; regional aggregate = sum of individual partner-country values (mapping in _regions_build.py); denominator = partner=WORLD total exports",2026-08-06
AUT,2024,Rest of Europe (non-EU27),export share,10.7919,% of total exports,"Eurostat COMEXT ds-059331 (International trade of EU and non-EU countries since 2002 by SITC); reporter=AT, product=TOTAL, flow=2 EXPORT, indicators=VALUE_EUR, freq=A, time=2024; regional aggregate = sum of individual partner-country values (mapping in _regions_build.py); denominator = partner=WORLD total exports",2026-08-06
AUT,2024,Asia (excl. Middle East),export share,6.9471,% of total exports,"Eurostat COMEXT ds-059331 (International trade of EU and non-EU countries since 2002 by SITC); reporter=AT, product=TOTAL, flow=2 EXPORT, indicators=VALUE_EUR, freq=A, time=2024; regional aggregate = sum of individual partner-country values (mapping in _regions_build.py); denominator = partner=WORLD total exports",2026-08-06
AUT,2024,Middle East,export share,1.4193,% of total exports,"Eurostat COMEXT ds-059331 (International trade of EU and non-EU countries since 2002 by SITC); reporter=AT, product=TOTAL, flow=2 EXPORT, indicators=VALUE_EUR, freq=A, time=2024; regional aggregate = sum of individual partner-country values (mapping in _regions_build.py); denominator = partner=WORLD total exports",2026-08-06
AUT,2024,Africa,export share,1.0912,% of total exports,"Eurostat COMEXT ds-059331 (International trade of EU and non-EU countries since 2002 by SITC); reporter=AT, product=TOTAL, flow=2 EXPORT, indicators=VALUE_EUR, freq=A, time=2024; regional aggregate = sum of individual partner-country values (mapping in _regions_build.py); denominator = partner=WORLD total exports",2026-08-06
AUT,2024,North America,export share,8.9941,% of total exports,"Eurostat COMEXT ds-059331 (International trade of EU and non-EU countries since 2002 by SITC); reporter=AT, product=TOTAL, flow=2 EXPORT, indicators=VALUE_EUR, freq=A, time=2024; regional aggregate = sum of individual partner-country values (mapping in _regions_build.py); denominator = partner=WORLD total exports",2026-08-06
AUT,2024,Latin America & Caribbean,export share,1.9064,% of total exports,"Eurostat COMEXT ds-059331 (International trade of EU and non-EU countries since 2002 by SITC); reporter=AT, product=TOTAL, flow=2 EXPORT, indicators=VALUE_EUR, freq=A, time=2024; regional aggregate = sum of individual partner-country values (mapping in _regions_build.py); denominator = partner=WORLD total exports",2026-08-06
AUT,2024,Oceania & polar regions,export share,0.5886,% of total exports,"Eurostat COMEXT ds-059331 (International trade of EU and non-EU countries since 2002 by SITC); reporter=AT, product=TOTAL, flow=2 EXPORT, indicators=VALUE_EUR, freq=A, time=2024; regional aggregate = sum of individual partner-country values (mapping in _regions_build.py); denominator = partner=WORLD total exports",2026-08-06
AUT,2024,Other / unallocated,export share,0.1973,% of total exports,"Eurostat COMEXT ds-059331 (International trade of EU and non-EU countries since 2002 by SITC); reporter=AT, product=TOTAL, flow=2 EXPORT, indicators=VALUE_EUR, freq=A, time=2024; regional aggregate = sum of individual partner-country values (mapping in _regions_build.py); denominator = partner=WORLD total exports",2026-08-06
AUT,2024,Rest of Europe (non-EU27),export share,33.7923,% of extra-EU27 exports,"Eurostat COMEXT ds-059331 (International trade of EU and non-EU countries since 2002 by SITC); reporter=AT, product=TOTAL, flow=2 EXPORT, indicators=VALUE_EUR, freq=A, time=2024; regional aggregate = sum of individual partner-country values (mapping in _regions_build.py); denominator = total exports minus exports to the 27 EU member states",2026-08-06
AUT,2024,Asia (excl. Middle East),export share,21.7532,% of extra-EU27 exports,"Eurostat COMEXT ds-059331 (International trade of EU and non-EU countries since 2002 by SITC); reporter=AT, product=TOTAL, flow=2 EXPORT, indicators=VALUE_EUR, freq=A, time=2024; regional aggregate = sum of individual partner-country values (mapping in _regions_build.py); denominator = total exports minus exports to the 27 EU member states",2026-08-06
AUT,2024,Middle East,export share,4.4442,% of extra-EU27 exports,"Eurostat COMEXT ds-059331 (International trade of EU and non-EU countries since 2002 by SITC); reporter=AT, product=TOTAL, flow=2 EXPORT, indicators=VALUE_EUR, freq=A, time=2024; regional aggregate = sum of individual partner-country values (mapping in _regions_build.py); denominator = total exports minus exports to the 27 EU member states",2026-08-06
AUT,2024,Africa,export share,3.4167,% of extra-EU27 exports,"Eurostat COMEXT ds-059331 (International trade of EU and non-EU countries since 2002 by SITC); reporter=AT, product=TOTAL, flow=2 EXPORT, indicators=VALUE_EUR, freq=A, time=2024; regional aggregate = sum of individual partner-country values (mapping in _regions_build.py); denominator = total exports minus exports to the 27 EU member states",2026-08-06
AUT,2024,North America,export share,28.1631,% of extra-EU27 exports,"Eurostat COMEXT ds-059331 (International trade of EU and non-EU countries since 2002 by SITC); reporter=AT, product=TOTAL, flow=2 EXPORT, indicators=VALUE_EUR, freq=A, time=2024; regional aggregate = sum of individual partner-country values (mapping in _regions_build.py); denominator = total exports minus exports to the 27 EU member states",2026-08-06
AUT,2024,Latin America & Caribbean,export share,5.9694,% of extra-EU27 exports,"Eurostat COMEXT ds-059331 (International trade of EU and non-EU countries since 2002 by SITC); reporter=AT, product=TOTAL, flow=2 EXPORT, indicators=VALUE_EUR, freq=A, time=2024; regional aggregate = sum of individual partner-country values (mapping in _regions_build.py); denominator = total exports minus exports to the 27 EU member states",2026-08-06
AUT,2024,Oceania & polar regions,export share,1.8431,% of extra-EU27 exports,"Eurostat COMEXT ds-059331 (International trade of EU and non-EU countries since 2002 by SITC); reporter=AT, product=TOTAL, flow=2 EXPORT, indicators=VALUE_EUR, freq=A, time=2024; regional aggregate = sum of individual partner-country values (mapping in _regions_build.py); denominator = total exports minus exports to the 27 EU member states",2026-08-06
AUT,2024,Other / unallocated,export share,0.6179,% of extra-EU27 exports,"Eurostat COMEXT ds-059331 (International trade of EU and non-EU countries since 2002 by SITC); reporter=AT, product=TOTAL, flow=2 EXPORT, indicators=VALUE_EUR, freq=A, time=2024; regional aggregate = sum of individual partner-country values (mapping in _regions_build.py); denominator = total exports minus exports to the 27 EU member states",2026-08-06
AUT,2025,World,total exports,196683124240,EUR,"Eurostat COMEXT ds-059331 (International trade of EU and non-EU countries since 2002 by SITC); reporter=AT, product=TOTAL, flow=2 EXPORT, indicators=VALUE_EUR, freq=A, time=2025; regional aggregate = sum of individual partner-country values (mapping in _regions_build.py); denominator = n/a (level, partner=WORLD)",2026-08-06
AUT,2025,European Union (EU27),export share,69.0562,% of total exports,"Eurostat COMEXT ds-059331 (International trade of EU and non-EU countries since 2002 by SITC); reporter=AT, product=TOTAL, flow=2 EXPORT, indicators=VALUE_EUR, freq=A, time=2025; regional aggregate = sum of individual partner-country values (mapping in _regions_build.py); denominator = partner=WORLD total exports",2026-08-06
AUT,2025,Rest of Europe (non-EU27),export share,11.2145,% of total exports,"Eurostat COMEXT ds-059331 (International trade of EU and non-EU countries since 2002 by SITC); reporter=AT, product=TOTAL, flow=2 EXPORT, indicators=VALUE_EUR, freq=A, time=2025; regional aggregate = sum of individual partner-country values (mapping in _regions_build.py); denominator = partner=WORLD total exports",2026-08-06
AUT,2025,Asia (excl. Middle East),export share,7.1681,% of total exports,"Eurostat COMEXT ds-059331 (International trade of EU and non-EU countries since 2002 by SITC); reporter=AT, product=TOTAL, flow=2 EXPORT, indicators=VALUE_EUR, freq=A, time=2025; regional aggregate = sum of individual partner-country values (mapping in _regions_build.py); denominator = partner=WORLD total exports",2026-08-06
AUT,2025,Middle East,export share,1.3504,% of total exports,"Eurostat COMEXT ds-059331 (International trade of EU and non-EU countries since 2002 by SITC); reporter=AT, product=TOTAL, flow=2 EXPORT, indicators=VALUE_EUR, freq=A, time=2025; regional aggregate = sum of individual partner-country values (mapping in _regions_build.py); denominator = partner=WORLD total exports",2026-08-06
AUT,2025,Africa,export share,1.1792,% of total exports,"Eurostat COMEXT ds-059331 (International trade of EU and non-EU countries since 2002 by SITC); reporter=AT, product=TOTAL, flow=2 EXPORT, indicators=VALUE_EUR, freq=A, time=2025; regional aggregate = sum of individual partner-country values (mapping in _regions_build.py); denominator = partner=WORLD total exports",2026-08-06
AUT,2025,North America,export share,7.348,% of total exports,"Eurostat COMEXT ds-059331 (International trade of EU and non-EU countries since 2002 by SITC); reporter=AT, product=TOTAL, flow=2 EXPORT, indicators=VALUE_EUR, freq=A, time=2025; regional aggregate = sum of individual partner-country values (mapping in _regions_build.py); denominator = partner=WORLD total exports",2026-08-06
AUT,2025,Latin America & Caribbean,export share,1.9567,% of total exports,"Eurostat COMEXT ds-059331 (International trade of EU and non-EU countries since 2002 by SITC); reporter=AT, product=TOTAL, flow=2 EXPORT, indicators=VALUE_EUR, freq=A, time=2025; regional aggregate = sum of individual partner-country values (mapping in _regions_build.py); denominator = partner=WORLD total exports",2026-08-06
AUT,2025,Oceania & polar regions,export share,0.5234,% of total exports,"Eurostat COMEXT ds-059331 (International trade of EU and non-EU countries since 2002 by SITC); reporter=AT, product=TOTAL, flow=2 EXPORT, indicators=VALUE_EUR, freq=A, time=2025; regional aggregate = sum of individual partner-country values (mapping in _regions_build.py); denominator = partner=WORLD total exports",2026-08-06
AUT,2025,Other / unallocated,export share,0.2034,% of total exports,"Eurostat COMEXT ds-059331 (International trade of EU and non-EU countries since 2002 by SITC); reporter=AT, product=TOTAL, flow=2 EXPORT, indicators=VALUE_EUR, freq=A, time=2025; regional aggregate = sum of individual partner-country values (mapping in _regions_build.py); denominator = partner=WORLD total exports",2026-08-06
AUT,2025,Rest of Europe (non-EU27),export share,36.2416,% of extra-EU27 exports,"Eurostat COMEXT ds-059331 (International trade of EU and non-EU countries since 2002 by SITC); reporter=AT, product=TOTAL, flow=2 EXPORT, indicators=VALUE_EUR, freq=A, time=2025; regional aggregate = sum of individual partner-country values (mapping in _regions_build.py); denominator = total exports minus exports to the 27 EU member states",2026-08-06
AUT,2025,Asia (excl. Middle East),export share,23.165,% of extra-EU27 exports,"Eurostat COMEXT ds-059331 (International trade of EU and non-EU countries since 2002 by SITC); reporter=AT, product=TOTAL, flow=2 EXPORT, indicators=VALUE_EUR, freq=A, time=2025; regional aggregate = sum of individual partner-country values (mapping in _regions_build.py); denominator = total exports minus exports to the 27 EU member states",2026-08-06
AUT,2025,Middle East,export share,4.364,% of extra-EU27 exports,"Eurostat COMEXT ds-059331 (International trade of EU and non-EU countries since 2002 by SITC); reporter=AT, product=TOTAL, flow=2 EXPORT, indicators=VALUE_EUR, freq=A, time=2025; regional aggregate = sum of individual partner-country values (mapping in _regions_build.py); denominator = total exports minus exports to the 27 EU member states",2026-08-06
AUT,2025,Africa,export share,3.8108,% of extra-EU27 exports,"Eurostat COMEXT ds-059331 (International trade of EU and non-EU countries since 2002 by SITC); reporter=AT, product=TOTAL, flow=2 EXPORT, indicators=VALUE_EUR, freq=A, time=2025; regional aggregate = sum of individual partner-country values (mapping in _regions_build.py); denominator = total exports minus exports to the 27 EU member states",2026-08-06
AUT,2025,North America,export share,23.7464,% of extra-EU27 exports,"Eurostat COMEXT ds-059331 (International trade of EU and non-EU countries since 2002 by SITC); reporter=AT, product=TOTAL, flow=2 EXPORT, indicators=VALUE_EUR, freq=A, time=2025; regional aggregate = sum of individual partner-country values (mapping in _regions_build.py); denominator = total exports minus exports to the 27 EU member states",2026-08-06
AUT,2025,Latin America & Caribbean,export share,6.3233,% of extra-EU27 exports,"Eurostat COMEXT ds-059331 (International trade of EU and non-EU countries since 2002 by SITC); reporter=AT, product=TOTAL, flow=2 EXPORT, indicators=VALUE_EUR, freq=A, time=2025; regional aggregate = sum of individual partner-country values (mapping in _regions_build.py); denominator = total exports minus exports to the 27 EU member states",2026-08-06
AUT,2025,Oceania & polar regions,export share,1.6916,% of extra-EU27 exports,"Eurostat COMEXT ds-059331 (International trade of EU and non-EU countries since 2002 by SITC); reporter=AT, product=TOTAL, flow=2 EXPORT, indicators=VALUE_EUR, freq=A, time=2025; regional aggregate = sum of individual partner-country values (mapping in _regions_build.py); denominator = total exports minus exports to the 27 EU member states",2026-08-06
AUT,2025,Other / unallocated,export share,0.6573,% of extra-EU27 exports,"Eurostat COMEXT ds-059331 (International trade of EU and non-EU countries since 2002 by SITC); reporter=AT, product=TOTAL, flow=2 EXPORT, indicators=VALUE_EUR, freq=A, time=2025; regional aggregate = sum of individual partner-country values (mapping in _regions_build.py); denominator = total exports minus exports to the 27 EU member states",2026-08-06
BEL,2024,World,total exports,512373665520,EUR,"Eurostat COMEXT ds-059331 (International trade of EU and non-EU countries since 2002 by SITC); reporter=BE, product=TOTAL, flow=2 EXPORT, indicators=VALUE_EUR, freq=A, time=2024; regional aggregate = sum of individual partner-country values (mapping in _regions_build.py); denominator = n/a (level, partner=WORLD)",2026-08-06
BEL,2024,European Union (EU27),export share,67.3839,% of total exports,"Eurostat COMEXT ds-059331 (International trade of EU and non-EU countries since 2002 by SITC); reporter=BE, product=TOTAL, flow=2 EXPORT, indicators=VALUE_EUR, freq=A, time=2024; regional aggregate = sum of individual partner-country values (mapping in _regions_build.py); denominator = partner=WORLD total exports",2026-08-06
BEL,2024,Rest of Europe (non-EU27),export share,10.0019,% of total exports,"Eurostat COMEXT ds-059331 (International trade of EU and non-EU countries since 2002 by SITC); reporter=BE, product=TOTAL, flow=2 EXPORT, indicators=VALUE_EUR, freq=A, time=2024; regional aggregate = sum of individual partner-country values (mapping in _regions_build.py); denominator = partner=WORLD total exports",2026-08-06
BEL,2024,Asia (excl. Middle East),export share,5.9577,% of total exports,"Eurostat COMEXT ds-059331 (International trade of EU and non-EU countries since 2002 by SITC); reporter=BE, product=TOTAL, flow=2 EXPORT, indicators=VALUE_EUR, freq=A, time=2024; regional aggregate = sum of individual partner-country values (mapping in _regions_build.py); denominator = partner=WORLD total exports",2026-08-06
BEL,2024,Middle East,export share,2.266,% of total exports,"Eurostat COMEXT ds-059331 (International trade of EU and non-EU countries since 2002 by SITC); reporter=BE, product=TOTAL, flow=2 EXPORT, indicators=VALUE_EUR, freq=A, time=2024; regional aggregate = sum of individual partner-country values (mapping in _regions_build.py); denominator = partner=WORLD total exports",2026-08-06
BEL,2024,Africa,export share,3.5404,% of total exports,"Eurostat COMEXT ds-059331 (International trade of EU and non-EU countries since 2002 by SITC); reporter=BE, product=TOTAL, flow=2 EXPORT, indicators=VALUE_EUR, freq=A, time=2024; regional aggregate = sum of individual partner-country values (mapping in _regions_build.py); denominator = partner=WORLD total exports",2026-08-06
BEL,2024,North America,export share,7.4376,% of total exports,"Eurostat COMEXT ds-059331 (International trade of EU and non-EU countries since 2002 by SITC); reporter=BE, product=TOTAL, flow=2 EXPORT, indicators=VALUE_EUR, freq=A, time=2024; regional aggregate = sum of individual partner-country values (mapping in _regions_build.py); denominator = partner=WORLD total exports",2026-08-06
BEL,2024,Latin America & Caribbean,export share,2.0777,% of total exports,"Eurostat COMEXT ds-059331 (International trade of EU and non-EU countries since 2002 by SITC); reporter=BE, product=TOTAL, flow=2 EXPORT, indicators=VALUE_EUR, freq=A, time=2024; regional aggregate = sum of individual partner-country values (mapping in _regions_build.py); denominator = partner=WORLD total exports",2026-08-06
BEL,2024,Oceania & polar regions,export share,0.543,% of total exports,"Eurostat COMEXT ds-059331 (International trade of EU and non-EU countries since 2002 by SITC); reporter=BE, product=TOTAL, flow=2 EXPORT, indicators=VALUE_EUR, freq=A, time=2024; regional aggregate = sum of individual partner-country values (mapping in _regions_build.py); denominator = partner=WORLD total exports",2026-08-06
BEL,2024,Other / unallocated,export share,0.7918,% of total exports,"Eurostat COMEXT ds-059331 (International trade of EU and non-EU countries since 2002 by SITC); reporter=BE, product=TOTAL, flow=2 EXPORT, indicators=VALUE_EUR, freq=A, time=2024; regional aggregate = sum of individual partner-country values (mapping in _regions_build.py); denominator = partner=WORLD total exports",2026-08-06
BEL,2024,Rest of Europe (non-EU27),export share,30.6654,% of extra-EU27 exports,"Eurostat COMEXT ds-059331 (International trade of EU and non-EU countries since 2002 by SITC); reporter=BE, product=TOTAL, flow=2 EXPORT, indicators=VALUE_EUR, freq=A, time=2024; regional aggregate = sum of individual partner-country values (mapping in _regions_build.py); denominator = total exports minus exports to the 27 EU member states",2026-08-06
BEL,2024,Asia (excl. Middle East),export share,18.2661,% of extra-EU27 exports,"Eurostat COMEXT ds-059331 (International trade of EU and non-EU countries since 2002 by SITC); reporter=BE, product=TOTAL, flow=2 EXPORT, indicators=VALUE_EUR, freq=A, time=2024; regional aggregate = sum of individual partner-country values (mapping in _regions_build.py); denominator = total exports minus exports to the 27 EU member states",2026-08-06
BEL,2024,Middle East,export share,6.9475,% of extra-EU27 exports,"Eurostat COMEXT ds-059331 (International trade of EU and non-EU countries since 2002 by SITC); reporter=BE, product=TOTAL, flow=2 EXPORT, indicators=VALUE_EUR, freq=A, time=2024; regional aggregate = sum of individual partner-country values (mapping in _regions_build.py); denominator = total exports minus exports to the 27 EU member states",2026-08-06
BEL,2024,Africa,export share,10.8549,% of extra-EU27 exports,"Eurostat COMEXT ds-059331 (International trade of EU and non-EU countries since 2002 by SITC); reporter=BE, product=TOTAL, flow=2 EXPORT, indicators=VALUE_EUR, freq=A, time=2024; regional aggregate = sum of individual partner-country values (mapping in _regions_build.py); denominator = total exports minus exports to the 27 EU member states",2026-08-06
BEL,2024,North America,export share,22.8036,% of extra-EU27 exports,"Eurostat COMEXT ds-059331 (International trade of EU and non-EU countries since 2002 by SITC); reporter=BE, product=TOTAL, flow=2 EXPORT, indicators=VALUE_EUR, freq=A, time=2024; regional aggregate = sum of individual partner-country values (mapping in _regions_build.py); denominator = total exports minus exports to the 27 EU member states",2026-08-06
BEL,2024,Latin America & Caribbean,export share,6.3701,% of extra-EU27 exports,"Eurostat COMEXT ds-059331 (International trade of EU and non-EU countries since 2002 by SITC); reporter=BE, product=TOTAL, flow=2 EXPORT, indicators=VALUE_EUR, freq=A, time=2024; regional aggregate = sum of individual partner-country values (mapping in _regions_build.py); denominator = total exports minus exports to the 27 EU member states",2026-08-06
BEL,2024,Oceania & polar regions,export share,1.6647,% of extra-EU27 exports,"Eurostat COMEXT ds-059331 (International trade of EU and non-EU countries since 2002 by SITC); reporter=BE, product=TOTAL, flow=2 EXPORT, indicators=VALUE_EUR, freq=A, time=2024; regional aggregate = sum of individual partner-country values (mapping in _regions_build.py); denominator = total exports minus exports to the 27 EU member states",2026-08-06
BEL,2024,Other / unallocated,export share,2.4276,% of extra-EU27 exports,"Eurostat COMEXT ds-059331 (International trade of EU and non-EU countries since 2002 by SITC); reporter=BE, product=TOTAL, flow=2 EXPORT, indicators=VALUE_EUR, freq=A, time=2024; regional aggregate = sum of individual partner-country values (mapping in _regions_build.py); denominator = total exports minus exports to the 27 EU member states",2026-08-06
BEL,2025,World,total exports,503715706301,EUR,"Eurostat COMEXT ds-059331 (International trade of EU and non-EU countries since 2002 by SITC); reporter=BE, product=TOTAL, flow=2 EXPORT, indicators=VALUE_EUR, freq=A, time=2025; regional aggregate = sum of individual partner-country values (mapping in _regions_build.py); denominator = n/a (level, partner=WORLD)",2026-08-06
BEL,2025,European Union (EU27),export share,69.1855,% of total exports,"Eurostat COMEXT ds-059331 (International trade of EU and non-EU countries since 2002 by SITC); reporter=BE, product=TOTAL, flow=2 EXPORT, indicators=VALUE_EUR, freq=A, time=2025; regional aggregate = sum of individual partner-country values (mapping in _regions_build.py); denominator = partner=WORLD total exports",2026-08-06
BEL,2025,Rest of Europe (non-EU27),export share,9.7257,% of total exports,"Eurostat COMEXT ds-059331 (International trade of EU and non-EU countries since 2002 by SITC); reporter=BE, product=TOTAL, flow=2 EXPORT, indicators=VALUE_EUR, freq=A, time=2025; regional aggregate = sum of individual partner-country values (mapping in _regions_build.py); denominator = partner=WORLD total exports",2026-08-06
BEL,2025,Asia (excl. Middle East),export share,5.7603,% of total exports,"Eurostat COMEXT ds-059331 (International trade of EU and non-EU countries since 2002 by SITC); reporter=BE, product=TOTAL, flow=2 EXPORT, indicators=VALUE_EUR, freq=A, time=2025; regional aggregate = sum of individual partner-country values (mapping in _regions_build.py); denominator = partner=WORLD total exports",2026-08-06
BEL,2025,Middle East,export share,2.3337,% of total exports,"Eurostat COMEXT ds-059331 (International trade of EU and non-EU countries since 2002 by SITC); reporter=BE, product=TOTAL, flow=2 EXPORT, indicators=VALUE_EUR, freq=A, time=2025; regional aggregate = sum of individual partner-country values (mapping in _regions_build.py); denominator = partner=WORLD total exports",2026-08-06
BEL,2025,Africa,export share,2.6726,% of total exports,"Eurostat COMEXT ds-059331 (International trade of EU and non-EU countries since 2002 by SITC); reporter=BE, product=TOTAL, flow=2 EXPORT, indicators=VALUE_EUR, freq=A, time=2025; regional aggregate = sum of individual partner-country values (mapping in _regions_build.py); denominator = partner=WORLD total exports",2026-08-06
BEL,2025,North America,export share,7.117,% of total exports,"Eurostat COMEXT ds-059331 (International trade of EU and non-EU countries since 2002 by SITC); reporter=BE, product=TOTAL, flow=2 EXPORT, indicators=VALUE_EUR, freq=A, time=2025; regional aggregate = sum of individual partner-country values (mapping in _regions_build.py); denominator = partner=WORLD total exports",2026-08-06
BEL,2025,Latin America & Caribbean,export share,1.9679,% of total exports,"Eurostat COMEXT ds-059331 (International trade of EU and non-EU countries since 2002 by SITC); reporter=BE, product=TOTAL, flow=2 EXPORT, indicators=VALUE_EUR, freq=A, time=2025; regional aggregate = sum of individual partner-country values (mapping in _regions_build.py); denominator = partner=WORLD total exports",2026-08-06
BEL,2025,Oceania & polar regions,export share,0.5098,% of total exports,"Eurostat COMEXT ds-059331 (International trade of EU and non-EU countries since 2002 by SITC); reporter=BE, product=TOTAL, flow=2 EXPORT, indicators=VALUE_EUR, freq=A, time=2025; regional aggregate = sum of individual partner-country values (mapping in _regions_build.py); denominator = partner=WORLD total exports",2026-08-06
BEL,2025,Other / unallocated,export share,0.7274,% of total exports,"Eurostat COMEXT ds-059331 (International trade of EU and non-EU countries since 2002 by SITC); reporter=BE, product=TOTAL, flow=2 EXPORT, indicators=VALUE_EUR, freq=A, time=2025; regional aggregate = sum of individual partner-country values (mapping in _regions_build.py); denominator = partner=WORLD total exports",2026-08-06
BEL,2025,Rest of Europe (non-EU27),export share,31.5619,% of extra-EU27 exports,"Eurostat COMEXT ds-059331 (International trade of EU and non-EU countries since 2002 by SITC); reporter=BE, product=TOTAL, flow=2 EXPORT, indicators=VALUE_EUR, freq=A, time=2025; regional aggregate = sum of individual partner-country values (mapping in _regions_build.py); denominator = total exports minus exports to the 27 EU member states",2026-08-06
BEL,2025,Asia (excl. Middle East),export share,18.6934,% of extra-EU27 exports,"Eurostat COMEXT ds-059331 (International trade of EU and non-EU countries since 2002 by SITC); reporter=BE, product=TOTAL, flow=2 EXPORT, indicators=VALUE_EUR, freq=A, time=2025; regional aggregate = sum of individual partner-country values (mapping in _regions_build.py); denominator = total exports minus exports to the 27 EU member states",2026-08-06
BEL,2025,Middle East,export share,7.5735,% of extra-EU27 exports,"Eurostat COMEXT ds-059331 (International trade of EU and non-EU countries since 2002 by SITC); reporter=BE, product=TOTAL, flow=2 EXPORT, indicators=VALUE_EUR, freq=A, time=2025; regional aggregate = sum of individual partner-country values (mapping in _regions_build.py); denominator = total exports minus exports to the 27 EU member states",2026-08-06
BEL,2025,Africa,export share,8.6733,% of extra-EU27 exports,"Eurostat COMEXT ds-059331 (International trade of EU and non-EU countries since 2002 by SITC); reporter=BE, product=TOTAL, flow=2 EXPORT, indicators=VALUE_EUR, freq=A, time=2025; regional aggregate = sum of individual partner-country values (mapping in _regions_build.py); denominator = total exports minus exports to the 27 EU member states",2026-08-06
BEL,2025,North America,export share,23.0963,% of extra-EU27 exports,"Eurostat COMEXT ds-059331 (International trade of EU and non-EU countries since 2002 by SITC); reporter=BE, product=TOTAL, flow=2 EXPORT, indicators=VALUE_EUR, freq=A, time=2025; regional aggregate = sum of individual partner-country values (mapping in _regions_build.py); denominator = total exports minus exports to the 27 EU member states",2026-08-06
BEL,2025,Latin America & Caribbean,export share,6.3864,% of extra-EU27 exports,"Eurostat COMEXT ds-059331 (International trade of EU and non-EU countries since 2002 by SITC); reporter=BE, product=TOTAL, flow=2 EXPORT, indicators=VALUE_EUR, freq=A, time=2025; regional aggregate = sum of individual partner-country values (mapping in _regions_build.py); denominator = total exports minus exports to the 27 EU member states",2026-08-06
BEL,2025,Oceania & polar regions,export share,1.6546,% of extra-EU27 exports,"Eurostat COMEXT ds-059331 (International trade of EU and non-EU countries since 2002 by SITC); reporter=BE, product=TOTAL, flow=2 EXPORT, indicators=VALUE_EUR, freq=A, time=2025; regional aggregate = sum of individual partner-country values (mapping in _regions_build.py); denominator = total exports minus exports to the 27 EU member states",2026-08-06
BEL,2025,Other / unallocated,export share,2.3606,% of extra-EU27 exports,"Eurostat COMEXT ds-059331 (International trade of EU and non-EU countries since 2002 by SITC); reporter=BE, product=TOTAL, flow=2 EXPORT, indicators=VALUE_EUR, freq=A, time=2025; regional aggregate = sum of individual partner-country values (mapping in _regions_build.py); denominator = total exports minus exports to the 27 EU member states",2026-08-06
BGR,2024,World,total exports,44249030445,EUR,"Eurostat COMEXT ds-059331 (International trade of EU and non-EU countries since 2002 by SITC); reporter=BG, product=TOTAL, flow=2 EXPORT, indicators=VALUE_EUR, freq=A, time=2024; regional aggregate = sum of individual partner-country values (mapping in _regions_build.py); denominator = n/a (level, partner=WORLD)",2026-08-06
BGR,2024,European Union (EU27),export share,59.2488,% of total exports,"Eurostat COMEXT ds-059331 (International trade of EU and non-EU countries since 2002 by SITC); reporter=BG, product=TOTAL, flow=2 EXPORT, indicators=VALUE_EUR, freq=A, time=2024; regional aggregate = sum of individual partner-country values (mapping in _regions_build.py); denominator = partner=WORLD total exports",2026-08-06
BGR,2024,Rest of Europe (non-EU27),export share,18.2345,% of total exports,"Eurostat COMEXT ds-059331 (International trade of EU and non-EU countries since 2002 by SITC); reporter=BG, product=TOTAL, flow=2 EXPORT, indicators=VALUE_EUR, freq=A, time=2024; regional aggregate = sum of individual partner-country values (mapping in _regions_build.py); denominator = partner=WORLD total exports",2026-08-06
BGR,2024,Asia (excl. Middle East),export share,5.9351,% of total exports,"Eurostat COMEXT ds-059331 (International trade of EU and non-EU countries since 2002 by SITC); reporter=BG, product=TOTAL, flow=2 EXPORT, indicators=VALUE_EUR, freq=A, time=2024; regional aggregate = sum of individual partner-country values (mapping in _regions_build.py); denominator = partner=WORLD total exports",2026-08-06
BGR,2024,Middle East,export share,2.3254,% of total exports,"Eurostat COMEXT ds-059331 (International trade of EU and non-EU countries since 2002 by SITC); reporter=BG, product=TOTAL, flow=2 EXPORT, indicators=VALUE_EUR, freq=A, time=2024; regional aggregate = sum of individual partner-country values (mapping in _regions_build.py); denominator = partner=WORLD total exports",2026-08-06
BGR,2024,Africa,export share,4.0486,% of total exports,"Eurostat COMEXT ds-059331 (International trade of EU and non-EU countries since 2002 by SITC); reporter=BG, product=TOTAL, flow=2 EXPORT, indicators=VALUE_EUR, freq=A, time=2024; regional aggregate = sum of individual partner-country values (mapping in _regions_build.py); denominator = partner=WORLD total exports",2026-08-06
BGR,2024,North America,export share,2.7713,% of total exports,"Eurostat COMEXT ds-059331 (International trade of EU and non-EU countries since 2002 by SITC); reporter=BG, product=TOTAL, flow=2 EXPORT, indicators=VALUE_EUR, freq=A, time=2024; regional aggregate = sum of individual partner-country values (mapping in _regions_build.py); denominator = partner=WORLD total exports",2026-08-06
BGR,2024,Latin America & Caribbean,export share,0.6132,% of total exports,"Eurostat COMEXT ds-059331 (International trade of EU and non-EU countries since 2002 by SITC); reporter=BG, product=TOTAL, flow=2 EXPORT, indicators=VALUE_EUR, freq=A, time=2024; regional aggregate = sum of individual partner-country values (mapping in _regions_build.py); denominator = partner=WORLD total exports",2026-08-06
BGR,2024,Oceania & polar regions,export share,0.1707,% of total exports,"Eurostat COMEXT ds-059331 (International trade of EU and non-EU countries since 2002 by SITC); reporter=BG, product=TOTAL, flow=2 EXPORT, indicators=VALUE_EUR, freq=A, time=2024; regional aggregate = sum of individual partner-country values (mapping in _regions_build.py); denominator = partner=WORLD total exports",2026-08-06
BGR,2024,Other / unallocated,export share,6.6525,% of total exports,"Eurostat COMEXT ds-059331 (International trade of EU and non-EU countries since 2002 by SITC); reporter=BG, product=TOTAL, flow=2 EXPORT, indicators=VALUE_EUR, freq=A, time=2024; regional aggregate = sum of individual partner-country values (mapping in _regions_build.py); denominator = partner=WORLD total exports",2026-08-06
BGR,2024,Rest of Europe (non-EU27),export share,44.7458,% of extra-EU27 exports,"Eurostat COMEXT ds-059331 (International trade of EU and non-EU countries since 2002 by SITC); reporter=BG, product=TOTAL, flow=2 EXPORT, indicators=VALUE_EUR, freq=A, time=2024; regional aggregate = sum of individual partner-country values (mapping in _regions_build.py); denominator = total exports minus exports to the 27 EU member states",2026-08-06
BGR,2024,Asia (excl. Middle East),export share,14.5642,% of extra-EU27 exports,"Eurostat COMEXT ds-059331 (International trade of EU and non-EU countries since 2002 by SITC); reporter=BG, product=TOTAL, flow=2 EXPORT, indicators=VALUE_EUR, freq=A, time=2024; regional aggregate = sum of individual partner-country values (mapping in _regions_build.py); denominator = total exports minus exports to the 27 EU member states",2026-08-06
BGR,2024,Middle East,export share,5.7063,% of extra-EU27 exports,"Eurostat COMEXT ds-059331 (International trade of EU and non-EU countries since 2002 by SITC); reporter=BG, product=TOTAL, flow=2 EXPORT, indicators=VALUE_EUR, freq=A, time=2024; regional aggregate = sum of individual partner-country values (mapping in _regions_build.py); denominator = total exports minus exports to the 27 EU member states",2026-08-06
BGR,2024,Africa,export share,9.9349,% of extra-EU27 exports,"Eurostat COMEXT ds-059331 (International trade of EU and non-EU countries since 2002 by SITC); reporter=BG, product=TOTAL, flow=2 EXPORT, indicators=VALUE_EUR, freq=A, time=2024; regional aggregate = sum of individual partner-country values (mapping in _regions_build.py); denominator = total exports minus exports to the 27 EU member states",2026-08-06
BGR,2024,North America,export share,6.8006,% of extra-EU27 exports,"Eurostat COMEXT ds-059331 (International trade of EU and non-EU countries since 2002 by SITC); reporter=BG, product=TOTAL, flow=2 EXPORT, indicators=VALUE_EUR, freq=A, time=2024; regional aggregate = sum of individual partner-country values (mapping in _regions_build.py); denominator = total exports minus exports to the 27 EU member states",2026-08-06
BGR,2024,Latin America & Caribbean,export share,1.5047,% of extra-EU27 exports,"Eurostat COMEXT ds-059331 (International trade of EU and non-EU countries since 2002 by SITC); reporter=BG, product=TOTAL, flow=2 EXPORT, indicators=VALUE_EUR, freq=A, time=2024; regional aggregate = sum of individual partner-country values (mapping in _regions_build.py); denominator = total exports minus exports to the 27 EU member states",2026-08-06
BGR,2024,Oceania & polar regions,export share,0.4188,% of extra-EU27 exports,"Eurostat COMEXT ds-059331 (International trade of EU and non-EU countries since 2002 by SITC); reporter=BG, product=TOTAL, flow=2 EXPORT, indicators=VALUE_EUR, freq=A, time=2024; regional aggregate = sum of individual partner-country values (mapping in _regions_build.py); denominator = total exports minus exports to the 27 EU member states",2026-08-06
BGR,2024,Other / unallocated,export share,16.3247,% of extra-EU27 exports,"Eurostat COMEXT ds-059331 (International trade of EU and non-EU countries since 2002 by SITC); reporter=BG, product=TOTAL, flow=2 EXPORT, indicators=VALUE_EUR, freq=A, time=2024; regional aggregate = sum of individual partner-country values (mapping in _regions_build.py); denominator = total exports minus exports to the 27 EU member states",2026-08-06
BGR,2025,World,total exports,42882772034,EUR,"Eurostat COMEXT ds-059331 (International trade of EU and non-EU countries since 2002 by SITC); reporter=BG, product=TOTAL, flow=2 EXPORT, indicators=VALUE_EUR, freq=A, time=2025; regional aggregate = sum of individual partner-country values (mapping in _regions_build.py); denominator = n/a (level, partner=WORLD)",2026-08-06
BGR,2025,European Union (EU27),export share,60.408,% of total exports,"Eurostat COMEXT ds-059331 (International trade of EU and non-EU countries since 2002 by SITC); reporter=BG, product=TOTAL, flow=2 EXPORT, indicators=VALUE_EUR, freq=A, time=2025; regional aggregate = sum of individual partner-country values (mapping in _regions_build.py); denominator = partner=WORLD total exports",2026-08-06
BGR,2025,Rest of Europe (non-EU27),export share,17.6063,% of total exports,"Eurostat COMEXT ds-059331 (International trade of EU and non-EU countries since 2002 by SITC); reporter=BG, product=TOTAL, flow=2 EXPORT, indicators=VALUE_EUR, freq=A, time=2025; regional aggregate = sum of individual partner-country values (mapping in _regions_build.py); denominator = partner=WORLD total exports",2026-08-06
BGR,2025,Asia (excl. Middle East),export share,5.9343,% of total exports,"Eurostat COMEXT ds-059331 (International trade of EU and non-EU countries since 2002 by SITC); reporter=BG, product=TOTAL, flow=2 EXPORT, indicators=VALUE_EUR, freq=A, time=2025; regional aggregate = sum of individual partner-country values (mapping in _regions_build.py); denominator = partner=WORLD total exports",2026-08-06
BGR,2025,Middle East,export share,2.1818,% of total exports,"Eurostat COMEXT ds-059331 (International trade of EU and non-EU countries since 2002 by SITC); reporter=BG, product=TOTAL, flow=2 EXPORT, indicators=VALUE_EUR, freq=A, time=2025; regional aggregate = sum of individual partner-country values (mapping in _regions_build.py); denominator = partner=WORLD total exports",2026-08-06
BGR,2025,Africa,export share,3.6942,% of total exports,"Eurostat COMEXT ds-059331 (International trade of EU and non-EU countries since 2002 by SITC); reporter=BG, product=TOTAL, flow=2 EXPORT, indicators=VALUE_EUR, freq=A, time=2025; regional aggregate = sum of individual partner-country values (mapping in _regions_build.py); denominator = partner=WORLD total exports",2026-08-06
BGR,2025,North America,export share,2.7119,% of total exports,"Eurostat COMEXT ds-059331 (International trade of EU and non-EU countries since 2002 by SITC); reporter=BG, product=TOTAL, flow=2 EXPORT, indicators=VALUE_EUR, freq=A, time=2025; regional aggregate = sum of individual partner-country values (mapping in _regions_build.py); denominator = partner=WORLD total exports",2026-08-06
BGR,2025,Latin America & Caribbean,export share,0.8161,% of total exports,"Eurostat COMEXT ds-059331 (International trade of EU and non-EU countries since 2002 by SITC); reporter=BG, product=TOTAL, flow=2 EXPORT, indicators=VALUE_EUR, freq=A, time=2025; regional aggregate = sum of individual partner-country values (mapping in _regions_build.py); denominator = partner=WORLD total exports",2026-08-06
BGR,2025,Oceania & polar regions,export share,0.147,% of total exports,"Eurostat COMEXT ds-059331 (International trade of EU and non-EU countries since 2002 by SITC); reporter=BG, product=TOTAL, flow=2 EXPORT, indicators=VALUE_EUR, freq=A, time=2025; regional aggregate = sum of individual partner-country values (mapping in _regions_build.py); denominator = partner=WORLD total exports",2026-08-06
BGR,2025,Other / unallocated,export share,6.5004,% of total exports,"Eurostat COMEXT ds-059331 (International trade of EU and non-EU countries since 2002 by SITC); reporter=BG, product=TOTAL, flow=2 EXPORT, indicators=VALUE_EUR, freq=A, time=2025; regional aggregate = sum of individual partner-country values (mapping in _regions_build.py); denominator = partner=WORLD total exports",2026-08-06
BGR,2025,Rest of Europe (non-EU27),export share,44.4694,% of extra-EU27 exports,"Eurostat COMEXT ds-059331 (International trade of EU and non-EU countries since 2002 by SITC); reporter=BG, product=TOTAL, flow=2 EXPORT, indicators=VALUE_EUR, freq=A, time=2025; regional aggregate = sum of individual partner-country values (mapping in _regions_build.py); denominator = total exports minus exports to the 27 EU member states",2026-08-06
BGR,2025,Asia (excl. Middle East),export share,14.9886,% of extra-EU27 exports,"Eurostat COMEXT ds-059331 (International trade of EU and non-EU countries since 2002 by SITC); reporter=BG, product=TOTAL, flow=2 EXPORT, indicators=VALUE_EUR, freq=A, time=2025; regional aggregate = sum of individual partner-country values (mapping in _regions_build.py); denominator = total exports minus exports to the 27 EU member states",2026-08-06
BGR,2025,Middle East,export share,5.5108,% of extra-EU27 exports,"Eurostat COMEXT ds-059331 (International trade of EU and non-EU countries since 2002 by SITC); reporter=BG, product=TOTAL, flow=2 EXPORT, indicators=VALUE_EUR, freq=A, time=2025; regional aggregate = sum of individual partner-country values (mapping in _regions_build.py); denominator = total exports minus exports to the 27 EU member states",2026-08-06
BGR,2025,Africa,export share,9.3307,% of extra-EU27 exports,"Eurostat COMEXT ds-059331 (International trade of EU and non-EU countries since 2002 by SITC); reporter=BG, product=TOTAL, flow=2 EXPORT, indicators=VALUE_EUR, freq=A, time=2025; regional aggregate = sum of individual partner-country values (mapping in _regions_build.py); denominator = total exports minus exports to the 27 EU member states",2026-08-06
BGR,2025,North America,export share,6.8495,% of extra-EU27 exports,"Eurostat COMEXT ds-059331 (International trade of EU and non-EU countries since 2002 by SITC); reporter=BG, product=TOTAL, flow=2 EXPORT, indicators=VALUE_EUR, freq=A, time=2025; regional aggregate = sum of individual partner-country values (mapping in _regions_build.py); denominator = total exports minus exports to the 27 EU member states",2026-08-06
BGR,2025,Latin America & Caribbean,export share,2.0613,% of extra-EU27 exports,"Eurostat COMEXT ds-059331 (International trade of EU and non-EU countries since 2002 by SITC); reporter=BG, product=TOTAL, flow=2 EXPORT, indicators=VALUE_EUR, freq=A, time=2025; regional aggregate = sum of individual partner-country values (mapping in _regions_build.py); denominator = total exports minus exports to the 27 EU member states",2026-08-06
BGR,2025,Oceania & polar regions,export share,0.3714,% of extra-EU27 exports,"Eurostat COMEXT ds-059331 (International trade of EU and non-EU countries since 2002 by SITC); reporter=BG, product=TOTAL, flow=2 EXPORT, indicators=VALUE_EUR, freq=A, time=2025; regional aggregate = sum of individual partner-country values (mapping in _regions_build.py); denominator = total exports minus exports to the 27 EU member states",2026-08-06
BGR,2025,Other / unallocated,export share,16.4185,% of extra-EU27 exports,"Eurostat COMEXT ds-059331 (International trade of EU and non-EU countries since 2002 by SITC); reporter=BG, product=TOTAL, flow=2 EXPORT, indicators=VALUE_EUR, freq=A, time=2025; regional aggregate = sum of individual partner-country values (mapping in _regions_build.py); denominator = total exports minus exports to the 27 EU member states",2026-08-06
CHE,2025,World,total exports,491803613500,EUR,"Eurostat COMEXT ds-059331 (International trade of EU and non-EU countries since 2002 by SITC); reporter=CH, product=TOTAL, flow=2 EXPORT, indicators=VALUE_EUR, freq=A, time=2025; regional aggregate = sum of individual partner-country values (mapping in _regions_build.py); denominator = n/a (level, partner=WORLD)",2026-08-06
CHE,2025,European Union (EU27),export share,37.8443,% of total exports,"Eurostat COMEXT ds-059331 (International trade of EU and non-EU countries since 2002 by SITC); reporter=CH, product=TOTAL, flow=2 EXPORT, indicators=VALUE_EUR, freq=A, time=2025; regional aggregate = sum of individual partner-country values (mapping in _regions_build.py); denominator = partner=WORLD total exports",2026-08-06
CHE,2025,Rest of Europe (non-EU27),export share,13.7381,% of total exports,"Eurostat COMEXT ds-059331 (International trade of EU and non-EU countries since 2002 by SITC); reporter=CH, product=TOTAL, flow=2 EXPORT, indicators=VALUE_EUR, freq=A, time=2025; regional aggregate = sum of individual partner-country values (mapping in _regions_build.py); denominator = partner=WORLD total exports",2026-08-06
CHE,2025,Asia (excl. Middle East),export share,17.3719,% of total exports,"Eurostat COMEXT ds-059331 (International trade of EU and non-EU countries since 2002 by SITC); reporter=CH, product=TOTAL, flow=2 EXPORT, indicators=VALUE_EUR, freq=A, time=2025; regional aggregate = sum of individual partner-country values (mapping in _regions_build.py); denominator = partner=WORLD total exports",2026-08-06
CHE,2025,Middle East,export share,4.5569,% of total exports,"Eurostat COMEXT ds-059331 (International trade of EU and non-EU countries since 2002 by SITC); reporter=CH, product=TOTAL, flow=2 EXPORT, indicators=VALUE_EUR, freq=A, time=2025; regional aggregate = sum of individual partner-country values (mapping in _regions_build.py); denominator = partner=WORLD total exports",2026-08-06
CHE,2025,Africa,export share,0.6657,% of total exports,"Eurostat COMEXT ds-059331 (International trade of EU and non-EU countries since 2002 by SITC); reporter=CH, product=TOTAL, flow=2 EXPORT, indicators=VALUE_EUR, freq=A, time=2025; regional aggregate = sum of individual partner-country values (mapping in _regions_build.py); denominator = partner=WORLD total exports",2026-08-06
CHE,2025,North America,export share,23.4148,% of total exports,"Eurostat COMEXT ds-059331 (International trade of EU and non-EU countries since 2002 by SITC); reporter=CH, product=TOTAL, flow=2 EXPORT, indicators=VALUE_EUR, freq=A, time=2025; regional aggregate = sum of individual partner-country values (mapping in _regions_build.py); denominator = partner=WORLD total exports",2026-08-06
CHE,2025,Latin America & Caribbean,export share,1.8213,% of total exports,"Eurostat COMEXT ds-059331 (International trade of EU and non-EU countries since 2002 by SITC); reporter=CH, product=TOTAL, flow=2 EXPORT, indicators=VALUE_EUR, freq=A, time=2025; regional aggregate = sum of individual partner-country values (mapping in _regions_build.py); denominator = partner=WORLD total exports",2026-08-06
CHE,2025,Oceania & polar regions,export share,0.5871,% of total exports,"Eurostat COMEXT ds-059331 (International trade of EU and non-EU countries since 2002 by SITC); reporter=CH, product=TOTAL, flow=2 EXPORT, indicators=VALUE_EUR, freq=A, time=2025; regional aggregate = sum of individual partner-country values (mapping in _regions_build.py); denominator = partner=WORLD total exports",2026-08-06
CHE,2025,Other / unallocated,export share,0.0,% of total exports,"Eurostat COMEXT ds-059331 (International trade of EU and non-EU countries since 2002 by SITC); reporter=CH, product=TOTAL, flow=2 EXPORT, indicators=VALUE_EUR, freq=A, time=2025; regional aggregate = sum of individual partner-country values (mapping in _regions_build.py); denominator = partner=WORLD total exports",2026-08-06
CHE,2025,Rest of Europe (non-EU27),export share,22.1026,% of extra-EU27 exports,"Eurostat COMEXT ds-059331 (International trade of EU and non-EU countries since 2002 by SITC); reporter=CH, product=TOTAL, flow=2 EXPORT, indicators=VALUE_EUR, freq=A, time=2025; regional aggregate = sum of individual partner-country values (mapping in _regions_build.py); denominator = total exports minus exports to the 27 EU member states",2026-08-06
CHE,2025,Asia (excl. Middle East),export share,27.9489,% of extra-EU27 exports,"Eurostat COMEXT ds-059331 (International trade of EU and non-EU countries since 2002 by SITC); reporter=CH, product=TOTAL, flow=2 EXPORT, indicators=VALUE_EUR, freq=A, time=2025; regional aggregate = sum of individual partner-country values (mapping in _regions_build.py); denominator = total exports minus exports to the 27 EU member states",2026-08-06
CHE,2025,Middle East,export share,7.3315,% of extra-EU27 exports,"Eurostat COMEXT ds-059331 (International trade of EU and non-EU countries since 2002 by SITC); reporter=CH, product=TOTAL, flow=2 EXPORT, indicators=VALUE_EUR, freq=A, time=2025; regional aggregate = sum of individual partner-country values (mapping in _regions_build.py); denominator = total exports minus exports to the 27 EU member states",2026-08-06
CHE,2025,Africa,export share,1.0709,% of extra-EU27 exports,"Eurostat COMEXT ds-059331 (International trade of EU and non-EU countries since 2002 by SITC); reporter=CH, product=TOTAL, flow=2 EXPORT, indicators=VALUE_EUR, freq=A, time=2025; regional aggregate = sum of individual partner-country values (mapping in _regions_build.py); denominator = total exports minus exports to the 27 EU member states",2026-08-06
CHE,2025,North America,export share,37.6712,% of extra-EU27 exports,"Eurostat COMEXT ds-059331 (International trade of EU and non-EU countries since 2002 by SITC); reporter=CH, product=TOTAL, flow=2 EXPORT, indicators=VALUE_EUR, freq=A, time=2025; regional aggregate = sum of individual partner-country values (mapping in _regions_build.py); denominator = total exports minus exports to the 27 EU member states",2026-08-06
CHE,2025,Latin America & Caribbean,export share,2.9303,% of extra-EU27 exports,"Eurostat COMEXT ds-059331 (International trade of EU and non-EU countries since 2002 by SITC); reporter=CH, product=TOTAL, flow=2 EXPORT, indicators=VALUE_EUR, freq=A, time=2025; regional aggregate = sum of individual partner-country values (mapping in _regions_build.py); denominator = total exports minus exports to the 27 EU member states",2026-08-06
CHE,2025,Oceania & polar regions,export share,0.9446,% of extra-EU27 exports,"Eurostat COMEXT ds-059331 (International trade of EU and non-EU countries since 2002 by SITC); reporter=CH, product=TOTAL, flow=2 EXPORT, indicators=VALUE_EUR, freq=A, time=2025; regional aggregate = sum of individual partner-country values (mapping in _regions_build.py); denominator = total exports minus exports to the 27 EU member states",2026-08-06
CHE,2025,Other / unallocated,export share,0.0,% of extra-EU27 exports,"Eurostat COMEXT ds-059331 (International trade of EU and non-EU countries since 2002 by SITC); reporter=CH, product=TOTAL, flow=2 EXPORT, indicators=VALUE_EUR, freq=A, time=2025; regional aggregate = sum of individual partner-country values (mapping in _regions_build.py); denominator = total exports minus exports to the 27 EU member states",2026-08-06
CYP,2024,World,total exports,5118786028,EUR,"Eurostat COMEXT ds-059331 (International trade of EU and non-EU countries since 2002 by SITC); reporter=CY, product=TOTAL, flow=2 EXPORT, indicators=VALUE_EUR, freq=A, time=2024; regional aggregate = sum of individual partner-country values (mapping in _regions_build.py); denominator = n/a (level, partner=WORLD)",2026-08-06
CYP,2024,European Union (EU27),export share,21.075,% of total exports,"Eurostat COMEXT ds-059331 (International trade of EU and non-EU countries since 2002 by SITC); reporter=CY, product=TOTAL, flow=2 EXPORT, indicators=VALUE_EUR, freq=A, time=2024; regional aggregate = sum of individual partner-country values (mapping in _regions_build.py); denominator = partner=WORLD total exports",2026-08-06
CYP,2024,Rest of Europe (non-EU27),export share,23.8781,% of total exports,"Eurostat COMEXT ds-059331 (International trade of EU and non-EU countries since 2002 by SITC); reporter=CY, product=TOTAL, flow=2 EXPORT, indicators=VALUE_EUR, freq=A, time=2024; regional aggregate = sum of individual partner-country values (mapping in _regions_build.py); denominator = partner=WORLD total exports",2026-08-06
CYP,2024,Asia (excl. Middle East),export share,6.679,% of total exports,"Eurostat COMEXT ds-059331 (International trade of EU and non-EU countries since 2002 by SITC); reporter=CY, product=TOTAL, flow=2 EXPORT, indicators=VALUE_EUR, freq=A, time=2024; regional aggregate = sum of individual partner-country values (mapping in _regions_build.py); denominator = partner=WORLD total exports",2026-08-06
CYP,2024,Middle East,export share,10.5985,% of total exports,"Eurostat COMEXT ds-059331 (International trade of EU and non-EU countries since 2002 by SITC); reporter=CY, product=TOTAL, flow=2 EXPORT, indicators=VALUE_EUR, freq=A, time=2024; regional aggregate = sum of individual partner-country values (mapping in _regions_build.py); denominator = partner=WORLD total exports",2026-08-06
CYP,2024,Africa,export share,24.4732,% of total exports,"Eurostat COMEXT ds-059331 (International trade of EU and non-EU countries since 2002 by SITC); reporter=CY, product=TOTAL, flow=2 EXPORT, indicators=VALUE_EUR, freq=A, time=2024; regional aggregate = sum of individual partner-country values (mapping in _regions_build.py); denominator = partner=WORLD total exports",2026-08-06
CYP,2024,North America,export share,2.0272,% of total exports,"Eurostat COMEXT ds-059331 (International trade of EU and non-EU countries since 2002 by SITC); reporter=CY, product=TOTAL, flow=2 EXPORT, indicators=VALUE_EUR, freq=A, time=2024; regional aggregate = sum of individual partner-country values (mapping in _regions_build.py); denominator = partner=WORLD total exports",2026-08-06
CYP,2024,Latin America & Caribbean,export share,0.7437,% of total exports,"Eurostat COMEXT ds-059331 (International trade of EU and non-EU countries since 2002 by SITC); reporter=CY, product=TOTAL, flow=2 EXPORT, indicators=VALUE_EUR, freq=A, time=2024; regional aggregate = sum of individual partner-country values (mapping in _regions_build.py); denominator = partner=WORLD total exports",2026-08-06
CYP,2024,Oceania & polar regions,export share,2.5504,% of total exports,"Eurostat COMEXT ds-059331 (International trade of EU and non-EU countries since 2002 by SITC); reporter=CY, product=TOTAL, flow=2 EXPORT, indicators=VALUE_EUR, freq=A, time=2024; regional aggregate = sum of individual partner-country values (mapping in _regions_build.py); denominator = partner=WORLD total exports",2026-08-06
CYP,2024,Other / unallocated,export share,7.9748,% of total exports,"Eurostat COMEXT ds-059331 (International trade of EU and non-EU countries since 2002 by SITC); reporter=CY, product=TOTAL, flow=2 EXPORT, indicators=VALUE_EUR, freq=A, time=2024; regional aggregate = sum of individual partner-country values (mapping in _regions_build.py); denominator = partner=WORLD total exports",2026-08-06
CYP,2024,Rest of Europe (non-EU27),export share,30.2542,% of extra-EU27 exports,"Eurostat COMEXT ds-059331 (International trade of EU and non-EU countries since 2002 by SITC); reporter=CY, product=TOTAL, flow=2 EXPORT, indicators=VALUE_EUR, freq=A, time=2024; regional aggregate = sum of individual partner-country values (mapping in _regions_build.py); denominator = total exports minus exports to the 27 EU member states",2026-08-06
CYP,2024,Asia (excl. Middle East),export share,8.4625,% of extra-EU27 exports,"Eurostat COMEXT ds-059331 (International trade of EU and non-EU countries since 2002 by SITC); reporter=CY, product=TOTAL, flow=2 EXPORT, indicators=VALUE_EUR, freq=A, time=2024; regional aggregate = sum of individual partner-country values (mapping in _regions_build.py); denominator = total exports minus exports to the 27 EU member states",2026-08-06
CYP,2024,Middle East,export share,13.4285,% of extra-EU27 exports,"Eurostat COMEXT ds-059331 (International trade of EU and non-EU countries since 2002 by SITC); reporter=CY, product=TOTAL, flow=2 EXPORT, indicators=VALUE_EUR, freq=A, time=2024; regional aggregate = sum of individual partner-country values (mapping in _regions_build.py); denominator = total exports minus exports to the 27 EU member states",2026-08-06
CYP,2024,Africa,export share,31.0082,% of extra-EU27 exports,"Eurostat COMEXT ds-059331 (International trade of EU and non-EU countries since 2002 by SITC); reporter=CY, product=TOTAL, flow=2 EXPORT, indicators=VALUE_EUR, freq=A, time=2024; regional aggregate = sum of individual partner-country values (mapping in _regions_build.py); denominator = total exports minus exports to the 27 EU member states",2026-08-06
CYP,2024,North America,export share,2.5686,% of extra-EU27 exports,"Eurostat COMEXT ds-059331 (International trade of EU and non-EU countries since 2002 by SITC); reporter=CY, product=TOTAL, flow=2 EXPORT, indicators=VALUE_EUR, freq=A, time=2024; regional aggregate = sum of individual partner-country values (mapping in _regions_build.py); denominator = total exports minus exports to the 27 EU member states",2026-08-06
CYP,2024,Latin America & Caribbean,export share,0.9422,% of extra-EU27 exports,"Eurostat COMEXT ds-059331 (International trade of EU and non-EU countries since 2002 by SITC); reporter=CY, product=TOTAL, flow=2 EXPORT, indicators=VALUE_EUR, freq=A, time=2024; regional aggregate = sum of individual partner-country values (mapping in _regions_build.py); denominator = total exports minus exports to the 27 EU member states",2026-08-06
CYP,2024,Oceania & polar regions,export share,3.2314,% of extra-EU27 exports,"Eurostat COMEXT ds-059331 (International trade of EU and non-EU countries since 2002 by SITC); reporter=CY, product=TOTAL, flow=2 EXPORT, indicators=VALUE_EUR, freq=A, time=2024; regional aggregate = sum of individual partner-country values (mapping in _regions_build.py); denominator = total exports minus exports to the 27 EU member states",2026-08-06
CYP,2024,Other / unallocated,export share,10.1043,% of extra-EU27 exports,"Eurostat COMEXT ds-059331 (International trade of EU and non-EU countries since 2002 by SITC); reporter=CY, product=TOTAL, flow=2 EXPORT, indicators=VALUE_EUR, freq=A, time=2024; regional aggregate = sum of individual partner-country values (mapping in _regions_build.py); denominator = total exports minus exports to the 27 EU member states",2026-08-06
CYP,2025,World,total exports,5501682281,EUR,"Eurostat COMEXT ds-059331 (International trade of EU and non-EU countries since 2002 by SITC); reporter=CY, product=TOTAL, flow=2 EXPORT, indicators=VALUE_EUR, freq=A, time=2025; regional aggregate = sum of individual partner-country values (mapping in _regions_build.py); denominator = n/a (level, partner=WORLD)",2026-08-06
CYP,2025,European Union (EU27),export share,24.3927,% of total exports,"Eurostat COMEXT ds-059331 (International trade of EU and non-EU countries since 2002 by SITC); reporter=CY, product=TOTAL, flow=2 EXPORT, indicators=VALUE_EUR, freq=A, time=2025; regional aggregate = sum of individual partner-country values (mapping in _regions_build.py); denominator = partner=WORLD total exports",2026-08-06
CYP,2025,Rest of Europe (non-EU27),export share,6.5966,% of total exports,"Eurostat COMEXT ds-059331 (International trade of EU and non-EU countries since 2002 by SITC); reporter=CY, product=TOTAL, flow=2 EXPORT, indicators=VALUE_EUR, freq=A, time=2025; regional aggregate = sum of individual partner-country values (mapping in _regions_build.py); denominator = partner=WORLD total exports",2026-08-06
CYP,2025,Asia (excl. Middle East),export share,6.1326,% of total exports,"Eurostat COMEXT ds-059331 (International trade of EU and non-EU countries since 2002 by SITC); reporter=CY, product=TOTAL, flow=2 EXPORT, indicators=VALUE_EUR, freq=A, time=2025; regional aggregate = sum of individual partner-country values (mapping in _regions_build.py); denominator = partner=WORLD total exports",2026-08-06
CYP,2025,Middle East,export share,13.6127,% of total exports,"Eurostat COMEXT ds-059331 (International trade of EU and non-EU countries since 2002 by SITC); reporter=CY, product=TOTAL, flow=2 EXPORT, indicators=VALUE_EUR, freq=A, time=2025; regional aggregate = sum of individual partner-country values (mapping in _regions_build.py); denominator = partner=WORLD total exports",2026-08-06
CYP,2025,Africa,export share,36.7146,% of total exports,"Eurostat COMEXT ds-059331 (International trade of EU and non-EU countries since 2002 by SITC); reporter=CY, product=TOTAL, flow=2 EXPORT, indicators=VALUE_EUR, freq=A, time=2025; regional aggregate = sum of individual partner-country values (mapping in _regions_build.py); denominator = partner=WORLD total exports",2026-08-06
CYP,2025,North America,export share,1.7553,% of total exports,"Eurostat COMEXT ds-059331 (International trade of EU and non-EU countries since 2002 by SITC); reporter=CY, product=TOTAL, flow=2 EXPORT, indicators=VALUE_EUR, freq=A, time=2025; regional aggregate = sum of individual partner-country values (mapping in _regions_build.py); denominator = partner=WORLD total exports",2026-08-06
CYP,2025,Latin America & Caribbean,export share,1.0824,% of total exports,"Eurostat COMEXT ds-059331 (International trade of EU and non-EU countries since 2002 by SITC); reporter=CY, product=TOTAL, flow=2 EXPORT, indicators=VALUE_EUR, freq=A, time=2025; regional aggregate = sum of individual partner-country values (mapping in _regions_build.py); denominator = partner=WORLD total exports",2026-08-06
CYP,2025,Oceania & polar regions,export share,2.4877,% of total exports,"Eurostat COMEXT ds-059331 (International trade of EU and non-EU countries since 2002 by SITC); reporter=CY, product=TOTAL, flow=2 EXPORT, indicators=VALUE_EUR, freq=A, time=2025; regional aggregate = sum of individual partner-country values (mapping in _regions_build.py); denominator = partner=WORLD total exports",2026-08-06
CYP,2025,Other / unallocated,export share,7.2254,% of total exports,"Eurostat COMEXT ds-059331 (International trade of EU and non-EU countries since 2002 by SITC); reporter=CY, product=TOTAL, flow=2 EXPORT, indicators=VALUE_EUR, freq=A, time=2025; regional aggregate = sum of individual partner-country values (mapping in _regions_build.py); denominator = partner=WORLD total exports",2026-08-06
CYP,2025,Rest of Europe (non-EU27),export share,8.7248,% of extra-EU27 exports,"Eurostat COMEXT ds-059331 (International trade of EU and non-EU countries since 2002 by SITC); reporter=CY, product=TOTAL, flow=2 EXPORT, indicators=VALUE_EUR, freq=A, time=2025; regional aggregate = sum of individual partner-country values (mapping in _regions_build.py); denominator = total exports minus exports to the 27 EU member states",2026-08-06
CYP,2025,Asia (excl. Middle East),export share,8.1112,% of extra-EU27 exports,"Eurostat COMEXT ds-059331 (International trade of EU and non-EU countries since 2002 by SITC); reporter=CY, product=TOTAL, flow=2 EXPORT, indicators=VALUE_EUR, freq=A, time=2025; regional aggregate = sum of individual partner-country values (mapping in _regions_build.py); denominator = total exports minus exports to the 27 EU member states",2026-08-06
CYP,2025,Middle East,export share,18.0045,% of extra-EU27 exports,"Eurostat COMEXT ds-059331 (International trade of EU and non-EU countries since 2002 by SITC); reporter=CY, product=TOTAL, flow=2 EXPORT, indicators=VALUE_EUR, freq=A, time=2025; regional aggregate = sum of individual partner-country values (mapping in _regions_build.py); denominator = total exports minus exports to the 27 EU member states",2026-08-06
CYP,2025,Africa,export share,48.5596,% of extra-EU27 exports,"Eurostat COMEXT ds-059331 (International trade of EU and non-EU countries since 2002 by SITC); reporter=CY, product=TOTAL, flow=2 EXPORT, indicators=VALUE_EUR, freq=A, time=2025; regional aggregate = sum of individual partner-country values (mapping in _regions_build.py); denominator = total exports minus exports to the 27 EU member states",2026-08-06
CYP,2025,North America,export share,2.3216,% of extra-EU27 exports,"Eurostat COMEXT ds-059331 (International trade of EU and non-EU countries since 2002 by SITC); reporter=CY, product=TOTAL, flow=2 EXPORT, indicators=VALUE_EUR, freq=A, time=2025; regional aggregate = sum of individual partner-country values (mapping in _regions_build.py); denominator = total exports minus exports to the 27 EU member states",2026-08-06
CYP,2025,Latin America & Caribbean,export share,1.4316,% of extra-EU27 exports,"Eurostat COMEXT ds-059331 (International trade of EU and non-EU countries since 2002 by SITC); reporter=CY, product=TOTAL, flow=2 EXPORT, indicators=VALUE_EUR, freq=A, time=2025; regional aggregate = sum of individual partner-country values (mapping in _regions_build.py); denominator = total exports minus exports to the 27 EU member states",2026-08-06
CYP,2025,Oceania & polar regions,export share,3.2902,% of extra-EU27 exports,"Eurostat COMEXT ds-059331 (International trade of EU and non-EU countries since 2002 by SITC); reporter=CY, product=TOTAL, flow=2 EXPORT, indicators=VALUE_EUR, freq=A, time=2025; regional aggregate = sum of individual partner-country values (mapping in _regions_build.py); denominator = total exports minus exports to the 27 EU member states",2026-08-06
CYP,2025,Other / unallocated,export share,9.5564,% of extra-EU27 exports,"Eurostat COMEXT ds-059331 (International trade of EU and non-EU countries since 2002 by SITC); reporter=CY, product=TOTAL, flow=2 EXPORT, indicators=VALUE_EUR, freq=A, time=2025; regional aggregate = sum of individual partner-country values (mapping in _regions_build.py); denominator = total exports minus exports to the 27 EU member states",2026-08-06
CZE,2025,World,total exports,251303431058,EUR,"Eurostat COMEXT ds-059331 (International trade of EU and non-EU countries since 2002 by SITC); reporter=CZ, product=TOTAL, flow=2 EXPORT, indicators=VALUE_EUR, freq=A, time=2025; regional aggregate = sum of individual partner-country values (mapping in _regions_build.py); denominator = n/a (level, partner=WORLD)",2026-08-06
CZE,2025,European Union (EU27),export share,78.7298,% of total exports,"Eurostat COMEXT ds-059331 (International trade of EU and non-EU countries since 2002 by SITC); reporter=CZ, product=TOTAL, flow=2 EXPORT, indicators=VALUE_EUR, freq=A, time=2025; regional aggregate = sum of individual partner-country values (mapping in _regions_build.py); denominator = partner=WORLD total exports",2026-08-06
CZE,2025,Rest of Europe (non-EU27),export share,10.0801,% of total exports,"Eurostat COMEXT ds-059331 (International trade of EU and non-EU countries since 2002 by SITC); reporter=CZ, product=TOTAL, flow=2 EXPORT, indicators=VALUE_EUR, freq=A, time=2025; regional aggregate = sum of individual partner-country values (mapping in _regions_build.py); denominator = partner=WORLD total exports",2026-08-06
CZE,2025,Asia (excl. Middle East),export share,4.2788,% of total exports,"Eurostat COMEXT ds-059331 (International trade of EU and non-EU countries since 2002 by SITC); reporter=CZ, product=TOTAL, flow=2 EXPORT, indicators=VALUE_EUR, freq=A, time=2025; regional aggregate = sum of individual partner-country values (mapping in _regions_build.py); denominator = partner=WORLD total exports",2026-08-06
CZE,2025,Middle East,export share,1.499,% of total exports,"Eurostat COMEXT ds-059331 (International trade of EU and non-EU countries since 2002 by SITC); reporter=CZ, product=TOTAL, flow=2 EXPORT, indicators=VALUE_EUR, freq=A, time=2025; regional aggregate = sum of individual partner-country values (mapping in _regions_build.py); denominator = partner=WORLD total exports",2026-08-06
CZE,2025,Africa,export share,1.1521,% of total exports,"Eurostat COMEXT ds-059331 (International trade of EU and non-EU countries since 2002 by SITC); reporter=CZ, product=TOTAL, flow=2 EXPORT, indicators=VALUE_EUR, freq=A, time=2025; regional aggregate = sum of individual partner-country values (mapping in _regions_build.py); denominator = partner=WORLD total exports",2026-08-06
CZE,2025,North America,export share,2.9631,% of total exports,"Eurostat COMEXT ds-059331 (International trade of EU and non-EU countries since 2002 by SITC); reporter=CZ, product=TOTAL, flow=2 EXPORT, indicators=VALUE_EUR, freq=A, time=2025; regional aggregate = sum of individual partner-country values (mapping in _regions_build.py); denominator = partner=WORLD total exports",2026-08-06
CZE,2025,Latin America & Caribbean,export share,0.9369,% of total exports,"Eurostat COMEXT ds-059331 (International trade of EU and non-EU countries since 2002 by SITC); reporter=CZ, product=TOTAL, flow=2 EXPORT, indicators=VALUE_EUR, freq=A, time=2025; regional aggregate = sum of individual partner-country values (mapping in _regions_build.py); denominator = partner=WORLD total exports",2026-08-06
CZE,2025,Oceania & polar regions,export share,0.3109,% of total exports,"Eurostat COMEXT ds-059331 (International trade of EU and non-EU countries since 2002 by SITC); reporter=CZ, product=TOTAL, flow=2 EXPORT, indicators=VALUE_EUR, freq=A, time=2025; regional aggregate = sum of individual partner-country values (mapping in _regions_build.py); denominator = partner=WORLD total exports",2026-08-06
CZE,2025,Other / unallocated,export share,0.0493,% of total exports,"Eurostat COMEXT ds-059331 (International trade of EU and non-EU countries since 2002 by SITC); reporter=CZ, product=TOTAL, flow=2 EXPORT, indicators=VALUE_EUR, freq=A, time=2025; regional aggregate = sum of individual partner-country values (mapping in _regions_build.py); denominator = partner=WORLD total exports",2026-08-06
CZE,2025,Rest of Europe (non-EU27),export share,47.3908,% of extra-EU27 exports,"Eurostat COMEXT ds-059331 (International trade of EU and non-EU countries since 2002 by SITC); reporter=CZ, product=TOTAL, flow=2 EXPORT, indicators=VALUE_EUR, freq=A, time=2025; regional aggregate = sum of individual partner-country values (mapping in _regions_build.py); denominator = total exports minus exports to the 27 EU member states",2026-08-06
CZE,2025,Asia (excl. Middle East),export share,20.1162,% of extra-EU27 exports,"Eurostat COMEXT ds-059331 (International trade of EU and non-EU countries since 2002 by SITC); reporter=CZ, product=TOTAL, flow=2 EXPORT, indicators=VALUE_EUR, freq=A, time=2025; regional aggregate = sum of individual partner-country values (mapping in _regions_build.py); denominator = total exports minus exports to the 27 EU member states",2026-08-06
CZE,2025,Middle East,export share,7.0473,% of extra-EU27 exports,"Eurostat COMEXT ds-059331 (International trade of EU and non-EU countries since 2002 by SITC); reporter=CZ, product=TOTAL, flow=2 EXPORT, indicators=VALUE_EUR, freq=A, time=2025; regional aggregate = sum of individual partner-country values (mapping in _regions_build.py); denominator = total exports minus exports to the 27 EU member states",2026-08-06
CZE,2025,Africa,export share,5.4166,% of extra-EU27 exports,"Eurostat COMEXT ds-059331 (International trade of EU and non-EU countries since 2002 by SITC); reporter=CZ, product=TOTAL, flow=2 EXPORT, indicators=VALUE_EUR, freq=A, time=2025; regional aggregate = sum of individual partner-country values (mapping in _regions_build.py); denominator = total exports minus exports to the 27 EU member states",2026-08-06
CZE,2025,North America,export share,13.9308,% of extra-EU27 exports,"Eurostat COMEXT ds-059331 (International trade of EU and non-EU countries since 2002 by SITC); reporter=CZ, product=TOTAL, flow=2 EXPORT, indicators=VALUE_EUR, freq=A, time=2025; regional aggregate = sum of individual partner-country values (mapping in _regions_build.py); denominator = total exports minus exports to the 27 EU member states",2026-08-06
CZE,2025,Latin America & Caribbean,export share,4.4048,% of extra-EU27 exports,"Eurostat COMEXT ds-059331 (International trade of EU and non-EU countries since 2002 by SITC); reporter=CZ, product=TOTAL, flow=2 EXPORT, indicators=VALUE_EUR, freq=A, time=2025; regional aggregate = sum of individual partner-country values (mapping in _regions_build.py); denominator = total exports minus exports to the 27 EU member states",2026-08-06
CZE,2025,Oceania & polar regions,export share,1.4619,% of extra-EU27 exports,"Eurostat COMEXT ds-059331 (International trade of EU and non-EU countries since 2002 by SITC); reporter=CZ, product=TOTAL, flow=2 EXPORT, indicators=VALUE_EUR, freq=A, time=2025; regional aggregate = sum of individual partner-country values (mapping in _regions_build.py); denominator = total exports minus exports to the 27 EU member states",2026-08-06
CZE,2025,Other / unallocated,export share,0.2316,% of extra-EU27 exports,"Eurostat COMEXT ds-059331 (International trade of EU and non-EU countries since 2002 by SITC); reporter=CZ, product=TOTAL, flow=2 EXPORT, indicators=VALUE_EUR, freq=A, time=2025; regional aggregate = sum of individual partner-country values (mapping in _regions_build.py); denominator = total exports minus exports to the 27 EU member states",2026-08-06
DEU,2024,World,total exports,1548966055618,EUR,"Eurostat COMEXT ds-059331 (International trade of EU and non-EU countries since 2002 by SITC); reporter=DE, product=TOTAL, flow=2 EXPORT, indicators=VALUE_EUR, freq=A, time=2024; regional aggregate = sum of individual partner-country values (mapping in _regions_build.py); denominator = n/a (level, partner=WORLD)",2026-08-06
DEU,2024,European Union (EU27),export share,54.0534,% of total exports,"Eurostat COMEXT ds-059331 (International trade of EU and non-EU countries since 2002 by SITC); reporter=DE, product=TOTAL, flow=2 EXPORT, indicators=VALUE_EUR, freq=A, time=2024; regional aggregate = sum of individual partner-country values (mapping in _regions_build.py); denominator = partner=WORLD total exports",2026-08-06
DEU,2024,Rest of Europe (non-EU27),export share,13.844,% of total exports,"Eurostat COMEXT ds-059331 (International trade of EU and non-EU countries since 2002 by SITC); reporter=DE, product=TOTAL, flow=2 EXPORT, indicators=VALUE_EUR, freq=A, time=2024; regional aggregate = sum of individual partner-country values (mapping in _regions_build.py); denominator = partner=WORLD total exports",2026-08-06
DEU,2024,Asia (excl. Middle East),export share,12.9229,% of total exports,"Eurostat COMEXT ds-059331 (International trade of EU and non-EU countries since 2002 by SITC); reporter=DE, product=TOTAL, flow=2 EXPORT, indicators=VALUE_EUR, freq=A, time=2024; regional aggregate = sum of individual partner-country values (mapping in _regions_build.py); denominator = partner=WORLD total exports",2026-08-06
DEU,2024,Middle East,export share,2.0515,% of total exports,"Eurostat COMEXT ds-059331 (International trade of EU and non-EU countries since 2002 by SITC); reporter=DE, product=TOTAL, flow=2 EXPORT, indicators=VALUE_EUR, freq=A, time=2024; regional aggregate = sum of individual partner-country values (mapping in _regions_build.py); denominator = partner=WORLD total exports",2026-08-06
DEU,2024,Africa,export share,1.6956,% of total exports,"Eurostat COMEXT ds-059331 (International trade of EU and non-EU countries since 2002 by SITC); reporter=DE, product=TOTAL, flow=2 EXPORT, indicators=VALUE_EUR, freq=A, time=2024; regional aggregate = sum of individual partner-country values (mapping in _regions_build.py); denominator = partner=WORLD total exports",2026-08-06
DEU,2024,North America,export share,11.2444,% of total exports,"Eurostat COMEXT ds-059331 (International trade of EU and non-EU countries since 2002 by SITC); reporter=DE, product=TOTAL, flow=2 EXPORT, indicators=VALUE_EUR, freq=A, time=2024; regional aggregate = sum of individual partner-country values (mapping in _regions_build.py); denominator = partner=WORLD total exports",2026-08-06
DEU,2024,Latin America & Caribbean,export share,2.8882,% of total exports,"Eurostat COMEXT ds-059331 (International trade of EU and non-EU countries since 2002 by SITC); reporter=DE, product=TOTAL, flow=2 EXPORT, indicators=VALUE_EUR, freq=A, time=2024; regional aggregate = sum of individual partner-country values (mapping in _regions_build.py); denominator = partner=WORLD total exports",2026-08-06
DEU,2024,Oceania & polar regions,export share,0.8439,% of total exports,"Eurostat COMEXT ds-059331 (International trade of EU and non-EU countries since 2002 by SITC); reporter=DE, product=TOTAL, flow=2 EXPORT, indicators=VALUE_EUR, freq=A, time=2024; regional aggregate = sum of individual partner-country values (mapping in _regions_build.py); denominator = partner=WORLD total exports",2026-08-06
DEU,2024,Other / unallocated,export share,0.4561,% of total exports,"Eurostat COMEXT ds-059331 (International trade of EU and non-EU countries since 2002 by SITC); reporter=DE, product=TOTAL, flow=2 EXPORT, indicators=VALUE_EUR, freq=A, time=2024; regional aggregate = sum of individual partner-country values (mapping in _regions_build.py); denominator = partner=WORLD total exports",2026-08-06
DEU,2024,Rest of Europe (non-EU27),export share,30.1306,% of extra-EU27 exports,"Eurostat COMEXT ds-059331 (International trade of EU and non-EU countries since 2002 by SITC); reporter=DE, product=TOTAL, flow=2 EXPORT, indicators=VALUE_EUR, freq=A, time=2024; regional aggregate = sum of individual partner-country values (mapping in _regions_build.py); denominator = total exports minus exports to the 27 EU member states",2026-08-06
DEU,2024,Asia (excl. Middle East),export share,28.126,% of extra-EU27 exports,"Eurostat COMEXT ds-059331 (International trade of EU and non-EU countries since 2002 by SITC); reporter=DE, product=TOTAL, flow=2 EXPORT, indicators=VALUE_EUR, freq=A, time=2024; regional aggregate = sum of individual partner-country values (mapping in _regions_build.py); denominator = total exports minus exports to the 27 EU member states",2026-08-06
DEU,2024,Middle East,export share,4.465,% of extra-EU27 exports,"Eurostat COMEXT ds-059331 (International trade of EU and non-EU countries since 2002 by SITC); reporter=DE, product=TOTAL, flow=2 EXPORT, indicators=VALUE_EUR, freq=A, time=2024; regional aggregate = sum of individual partner-country values (mapping in _regions_build.py); denominator = total exports minus exports to the 27 EU member states",2026-08-06
DEU,2024,Africa,export share,3.6903,% of extra-EU27 exports,"Eurostat COMEXT ds-059331 (International trade of EU and non-EU countries since 2002 by SITC); reporter=DE, product=TOTAL, flow=2 EXPORT, indicators=VALUE_EUR, freq=A, time=2024; regional aggregate = sum of individual partner-country values (mapping in _regions_build.py); denominator = total exports minus exports to the 27 EU member states",2026-08-06
DEU,2024,North America,export share,24.4727,% of extra-EU27 exports,"Eurostat COMEXT ds-059331 (International trade of EU and non-EU countries since 2002 by SITC); reporter=DE, product=TOTAL, flow=2 EXPORT, indicators=VALUE_EUR, freq=A, time=2024; regional aggregate = sum of individual partner-country values (mapping in _regions_build.py); denominator = total exports minus exports to the 27 EU member states",2026-08-06
DEU,2024,Latin America & Caribbean,export share,6.2861,% of extra-EU27 exports,"Eurostat COMEXT ds-059331 (International trade of EU and non-EU countries since 2002 by SITC); reporter=DE, product=TOTAL, flow=2 EXPORT, indicators=VALUE_EUR, freq=A, time=2024; regional aggregate = sum of individual partner-country values (mapping in _regions_build.py); denominator = total exports minus exports to the 27 EU member states",2026-08-06
DEU,2024,Oceania & polar regions,export share,1.8366,% of extra-EU27 exports,"Eurostat COMEXT ds-059331 (International trade of EU and non-EU countries since 2002 by SITC); reporter=DE, product=TOTAL, flow=2 EXPORT, indicators=VALUE_EUR, freq=A, time=2024; regional aggregate = sum of individual partner-country values (mapping in _regions_build.py); denominator = total exports minus exports to the 27 EU member states",2026-08-06
DEU,2024,Other / unallocated,export share,0.9928,% of extra-EU27 exports,"Eurostat COMEXT ds-059331 (International trade of EU and non-EU countries since 2002 by SITC); reporter=DE, product=TOTAL, flow=2 EXPORT, indicators=VALUE_EUR, freq=A, time=2024; regional aggregate = sum of individual partner-country values (mapping in _regions_build.py); denominator = total exports minus exports to the 27 EU member states",2026-08-06
DEU,2025,World,total exports,1563386507510,EUR,"Eurostat COMEXT ds-059331 (International trade of EU and non-EU countries since 2002 by SITC); reporter=DE, product=TOTAL, flow=2 EXPORT, indicators=VALUE_EUR, freq=A, time=2025; regional aggregate = sum of individual partner-country values (mapping in _regions_build.py); denominator = n/a (level, partner=WORLD)",2026-08-06
DEU,2025,European Union (EU27),export share,55.7489,% of total exports,"Eurostat COMEXT ds-059331 (International trade of EU and non-EU countries since 2002 by SITC); reporter=DE, product=TOTAL, flow=2 EXPORT, indicators=VALUE_EUR, freq=A, time=2025; regional aggregate = sum of individual partner-country values (mapping in _regions_build.py); denominator = partner=WORLD total exports",2026-08-06
DEU,2025,Rest of Europe (non-EU27),export share,14.1505,% of total exports,"Eurostat COMEXT ds-059331 (International trade of EU and non-EU countries since 2002 by SITC); reporter=DE, product=TOTAL, flow=2 EXPORT, indicators=VALUE_EUR, freq=A, time=2025; regional aggregate = sum of individual partner-country values (mapping in _regions_build.py); denominator = partner=WORLD total exports",2026-08-06
DEU,2025,Asia (excl. Middle East),export share,11.9125,% of total exports,"Eurostat COMEXT ds-059331 (International trade of EU and non-EU countries since 2002 by SITC); reporter=DE, product=TOTAL, flow=2 EXPORT, indicators=VALUE_EUR, freq=A, time=2025; regional aggregate = sum of individual partner-country values (mapping in _regions_build.py); denominator = partner=WORLD total exports",2026-08-06
DEU,2025,Middle East,export share,2.2026,% of total exports,"Eurostat COMEXT ds-059331 (International trade of EU and non-EU countries since 2002 by SITC); reporter=DE, product=TOTAL, flow=2 EXPORT, indicators=VALUE_EUR, freq=A, time=2025; regional aggregate = sum of individual partner-country values (mapping in _regions_build.py); denominator = partner=WORLD total exports",2026-08-06
DEU,2025,Africa,export share,1.8176,% of total exports,"Eurostat COMEXT ds-059331 (International trade of EU and non-EU countries since 2002 by SITC); reporter=DE, product=TOTAL, flow=2 EXPORT, indicators=VALUE_EUR, freq=A, time=2025; regional aggregate = sum of individual partner-country values (mapping in _regions_build.py); denominator = partner=WORLD total exports",2026-08-06
DEU,2025,North America,export share,10.1917,% of total exports,"Eurostat COMEXT ds-059331 (International trade of EU and non-EU countries since 2002 by SITC); reporter=DE, product=TOTAL, flow=2 EXPORT, indicators=VALUE_EUR, freq=A, time=2025; regional aggregate = sum of individual partner-country values (mapping in _regions_build.py); denominator = partner=WORLD total exports",2026-08-06
DEU,2025,Latin America & Caribbean,export share,2.7512,% of total exports,"Eurostat COMEXT ds-059331 (International trade of EU and non-EU countries since 2002 by SITC); reporter=DE, product=TOTAL, flow=2 EXPORT, indicators=VALUE_EUR, freq=A, time=2025; regional aggregate = sum of individual partner-country values (mapping in _regions_build.py); denominator = partner=WORLD total exports",2026-08-06
DEU,2025,Oceania & polar regions,export share,0.7747,% of total exports,"Eurostat COMEXT ds-059331 (International trade of EU and non-EU countries since 2002 by SITC); reporter=DE, product=TOTAL, flow=2 EXPORT, indicators=VALUE_EUR, freq=A, time=2025; regional aggregate = sum of individual partner-country values (mapping in _regions_build.py); denominator = partner=WORLD total exports",2026-08-06
DEU,2025,Other / unallocated,export share,0.4502,% of total exports,"Eurostat COMEXT ds-059331 (International trade of EU and non-EU countries since 2002 by SITC); reporter=DE, product=TOTAL, flow=2 EXPORT, indicators=VALUE_EUR, freq=A, time=2025; regional aggregate = sum of individual partner-country values (mapping in _regions_build.py); denominator = partner=WORLD total exports",2026-08-06
DEU,2025,Rest of Europe (non-EU27),export share,31.9778,% of extra-EU27 exports,"Eurostat COMEXT ds-059331 (International trade of EU and non-EU countries since 2002 by SITC); reporter=DE, product=TOTAL, flow=2 EXPORT, indicators=VALUE_EUR, freq=A, time=2025; regional aggregate = sum of individual partner-country values (mapping in _regions_build.py); denominator = total exports minus exports to the 27 EU member states",2026-08-06
DEU,2025,Asia (excl. Middle East),export share,26.9204,% of extra-EU27 exports,"Eurostat COMEXT ds-059331 (International trade of EU and non-EU countries since 2002 by SITC); reporter=DE, product=TOTAL, flow=2 EXPORT, indicators=VALUE_EUR, freq=A, time=2025; regional aggregate = sum of individual partner-country values (mapping in _regions_build.py); denominator = total exports minus exports to the 27 EU member states",2026-08-06
DEU,2025,Middle East,export share,4.9775,% of extra-EU27 exports,"Eurostat COMEXT ds-059331 (International trade of EU and non-EU countries since 2002 by SITC); reporter=DE, product=TOTAL, flow=2 EXPORT, indicators=VALUE_EUR, freq=A, time=2025; regional aggregate = sum of individual partner-country values (mapping in _regions_build.py); denominator = total exports minus exports to the 27 EU member states",2026-08-06
DEU,2025,Africa,export share,4.1075,% of extra-EU27 exports,"Eurostat COMEXT ds-059331 (International trade of EU and non-EU countries since 2002 by SITC); reporter=DE, product=TOTAL, flow=2 EXPORT, indicators=VALUE_EUR, freq=A, time=2025; regional aggregate = sum of individual partner-country values (mapping in _regions_build.py); denominator = total exports minus exports to the 27 EU member states",2026-08-06
DEU,2025,North America,export share,23.0315,% of extra-EU27 exports,"Eurostat COMEXT ds-059331 (International trade of EU and non-EU countries since 2002 by SITC); reporter=DE, product=TOTAL, flow=2 EXPORT, indicators=VALUE_EUR, freq=A, time=2025; regional aggregate = sum of individual partner-country values (mapping in _regions_build.py); denominator = total exports minus exports to the 27 EU member states",2026-08-06
DEU,2025,Latin America & Caribbean,export share,6.2173,% of extra-EU27 exports,"Eurostat COMEXT ds-059331 (International trade of EU and non-EU countries since 2002 by SITC); reporter=DE, product=TOTAL, flow=2 EXPORT, indicators=VALUE_EUR, freq=A, time=2025; regional aggregate = sum of individual partner-country values (mapping in _regions_build.py); denominator = total exports minus exports to the 27 EU member states",2026-08-06
DEU,2025,Oceania & polar regions,export share,1.7506,% of extra-EU27 exports,"Eurostat COMEXT ds-059331 (International trade of EU and non-EU countries since 2002 by SITC); reporter=DE, product=TOTAL, flow=2 EXPORT, indicators=VALUE_EUR, freq=A, time=2025; regional aggregate = sum of individual partner-country values (mapping in _regions_build.py); denominator = total exports minus exports to the 27 EU member states",2026-08-06
DEU,2025,Other / unallocated,export share,1.0174,% of extra-EU27 exports,"Eurostat COMEXT ds-059331 (International trade of EU and non-EU countries since 2002 by SITC); reporter=DE, product=TOTAL, flow=2 EXPORT, indicators=VALUE_EUR, freq=A, time=2025; regional aggregate = sum of individual partner-country values (mapping in _regions_build.py); denominator = total exports minus exports to the 27 EU member states",2026-08-06
DNK,2025,World,total exports,131664552100,EUR,"Eurostat COMEXT ds-059331 (International trade of EU and non-EU countries since 2002 by SITC); reporter=DK, product=TOTAL, flow=2 EXPORT, indicators=VALUE_EUR, freq=A, time=2025; regional aggregate = sum of individual partner-country values (mapping in _regions_build.py); denominator = n/a (level, partner=WORLD)",2026-08-06
DNK,2025,European Union (EU27),export share,53.8832,% of total exports,"Eurostat COMEXT ds-059331 (International trade of EU and non-EU countries since 2002 by SITC); reporter=DK, product=TOTAL, flow=2 EXPORT, indicators=VALUE_EUR, freq=A, time=2025; regional aggregate = sum of individual partner-country values (mapping in _regions_build.py); denominator = partner=WORLD total exports",2026-08-06
DNK,2025,Rest of Europe (non-EU27),export share,14.5445,% of total exports,"Eurostat COMEXT ds-059331 (International trade of EU and non-EU countries since 2002 by SITC); reporter=DK, product=TOTAL, flow=2 EXPORT, indicators=VALUE_EUR, freq=A, time=2025; regional aggregate = sum of individual partner-country values (mapping in _regions_build.py); denominator = partner=WORLD total exports",2026-08-06
DNK,2025,Asia (excl. Middle East),export share,12.667,% of total exports,"Eurostat COMEXT ds-059331 (International trade of EU and non-EU countries since 2002 by SITC); reporter=DK, product=TOTAL, flow=2 EXPORT, indicators=VALUE_EUR, freq=A, time=2025; regional aggregate = sum of individual partner-country values (mapping in _regions_build.py); denominator = partner=WORLD total exports",2026-08-06
DNK,2025,Middle East,export share,2.3941,% of total exports,"Eurostat COMEXT ds-059331 (International trade of EU and non-EU countries since 2002 by SITC); reporter=DK, product=TOTAL, flow=2 EXPORT, indicators=VALUE_EUR, freq=A, time=2025; regional aggregate = sum of individual partner-country values (mapping in _regions_build.py); denominator = partner=WORLD total exports",2026-08-06
DNK,2025,Africa,export share,1.3547,% of total exports,"Eurostat COMEXT ds-059331 (International trade of EU and non-EU countries since 2002 by SITC); reporter=DK, product=TOTAL, flow=2 EXPORT, indicators=VALUE_EUR, freq=A, time=2025; regional aggregate = sum of individual partner-country values (mapping in _regions_build.py); denominator = partner=WORLD total exports",2026-08-06
DNK,2025,North America,export share,8.6131,% of total exports,"Eurostat COMEXT ds-059331 (International trade of EU and non-EU countries since 2002 by SITC); reporter=DK, product=TOTAL, flow=2 EXPORT, indicators=VALUE_EUR, freq=A, time=2025; regional aggregate = sum of individual partner-country values (mapping in _regions_build.py); denominator = partner=WORLD total exports",2026-08-06
DNK,2025,Latin America & Caribbean,export share,3.2887,% of total exports,"Eurostat COMEXT ds-059331 (International trade of EU and non-EU countries since 2002 by SITC); reporter=DK, product=TOTAL, flow=2 EXPORT, indicators=VALUE_EUR, freq=A, time=2025; regional aggregate = sum of individual partner-country values (mapping in _regions_build.py); denominator = partner=WORLD total exports",2026-08-06
DNK,2025,Oceania & polar regions,export share,1.5125,% of total exports,"Eurostat COMEXT ds-059331 (International trade of EU and non-EU countries since 2002 by SITC); reporter=DK, product=TOTAL, flow=2 EXPORT, indicators=VALUE_EUR, freq=A, time=2025; regional aggregate = sum of individual partner-country values (mapping in _regions_build.py); denominator = partner=WORLD total exports",2026-08-06
DNK,2025,Other / unallocated,export share,1.7423,% of total exports,"Eurostat COMEXT ds-059331 (International trade of EU and non-EU countries since 2002 by SITC); reporter=DK, product=TOTAL, flow=2 EXPORT, indicators=VALUE_EUR, freq=A, time=2025; regional aggregate = sum of individual partner-country values (mapping in _regions_build.py); denominator = partner=WORLD total exports",2026-08-06
DNK,2025,Rest of Europe (non-EU27),export share,31.5384,% of extra-EU27 exports,"Eurostat COMEXT ds-059331 (International trade of EU and non-EU countries since 2002 by SITC); reporter=DK, product=TOTAL, flow=2 EXPORT, indicators=VALUE_EUR, freq=A, time=2025; regional aggregate = sum of individual partner-country values (mapping in _regions_build.py); denominator = total exports minus exports to the 27 EU member states",2026-08-06
DNK,2025,Asia (excl. Middle East),export share,27.4671,% of extra-EU27 exports,"Eurostat COMEXT ds-059331 (International trade of EU and non-EU countries since 2002 by SITC); reporter=DK, product=TOTAL, flow=2 EXPORT, indicators=VALUE_EUR, freq=A, time=2025; regional aggregate = sum of individual partner-country values (mapping in _regions_build.py); denominator = total exports minus exports to the 27 EU member states",2026-08-06
DNK,2025,Middle East,export share,5.1914,% of extra-EU27 exports,"Eurostat COMEXT ds-059331 (International trade of EU and non-EU countries since 2002 by SITC); reporter=DK, product=TOTAL, flow=2 EXPORT, indicators=VALUE_EUR, freq=A, time=2025; regional aggregate = sum of individual partner-country values (mapping in _regions_build.py); denominator = total exports minus exports to the 27 EU member states",2026-08-06
DNK,2025,Africa,export share,2.9375,% of extra-EU27 exports,"Eurostat COMEXT ds-059331 (International trade of EU and non-EU countries since 2002 by SITC); reporter=DK, product=TOTAL, flow=2 EXPORT, indicators=VALUE_EUR, freq=A, time=2025; regional aggregate = sum of individual partner-country values (mapping in _regions_build.py); denominator = total exports minus exports to the 27 EU member states",2026-08-06
DNK,2025,North America,export share,18.6768,% of extra-EU27 exports,"Eurostat COMEXT ds-059331 (International trade of EU and non-EU countries since 2002 by SITC); reporter=DK, product=TOTAL, flow=2 EXPORT, indicators=VALUE_EUR, freq=A, time=2025; regional aggregate = sum of individual partner-country values (mapping in _regions_build.py); denominator = total exports minus exports to the 27 EU member states",2026-08-06
DNK,2025,Latin America & Caribbean,export share,7.1311,% of extra-EU27 exports,"Eurostat COMEXT ds-059331 (International trade of EU and non-EU countries since 2002 by SITC); reporter=DK, product=TOTAL, flow=2 EXPORT, indicators=VALUE_EUR, freq=A, time=2025; regional aggregate = sum of individual partner-country values (mapping in _regions_build.py); denominator = total exports minus exports to the 27 EU member states",2026-08-06
DNK,2025,Oceania & polar regions,export share,3.2796,% of extra-EU27 exports,"Eurostat COMEXT ds-059331 (International trade of EU and non-EU countries since 2002 by SITC); reporter=DK, product=TOTAL, flow=2 EXPORT, indicators=VALUE_EUR, freq=A, time=2025; regional aggregate = sum of individual partner-country values (mapping in _regions_build.py); denominator = total exports minus exports to the 27 EU member states",2026-08-06
DNK,2025,Other / unallocated,export share,3.7781,% of extra-EU27 exports,"Eurostat COMEXT ds-059331 (International trade of EU and non-EU countries since 2002 by SITC); reporter=DK, product=TOTAL, flow=2 EXPORT, indicators=VALUE_EUR, freq=A, time=2025; regional aggregate = sum of individual partner-country values (mapping in _regions_build.py); denominator = total exports minus exports to the 27 EU member states",2026-08-06
EST,2025,World,total exports,18577873623,EUR,"Eurostat COMEXT ds-059331 (International trade of EU and non-EU countries since 2002 by SITC); reporter=EE, product=TOTAL, flow=2 EXPORT, indicators=VALUE_EUR, freq=A, time=2025; regional aggregate = sum of individual partner-country values (mapping in _regions_build.py); denominator = n/a (level, partner=WORLD)",2026-08-06
EST,2025,European Union (EU27),export share,74.9364,% of total exports,"Eurostat COMEXT ds-059331 (International trade of EU and non-EU countries since 2002 by SITC); reporter=EE, product=TOTAL, flow=2 EXPORT, indicators=VALUE_EUR, freq=A, time=2025; regional aggregate = sum of individual partner-country values (mapping in _regions_build.py); denominator = partner=WORLD total exports",2026-08-06
EST,2025,Rest of Europe (non-EU27),export share,11.1999,% of total exports,"Eurostat COMEXT ds-059331 (International trade of EU and non-EU countries since 2002 by SITC); reporter=EE, product=TOTAL, flow=2 EXPORT, indicators=VALUE_EUR, freq=A, time=2025; regional aggregate = sum of individual partner-country values (mapping in _regions_build.py); denominator = partner=WORLD total exports",2026-08-06
EST,2025,Asia (excl. Middle East),export share,5.8612,% of total exports,"Eurostat COMEXT ds-059331 (International trade of EU and non-EU countries since 2002 by SITC); reporter=EE, product=TOTAL, flow=2 EXPORT, indicators=VALUE_EUR, freq=A, time=2025; regional aggregate = sum of individual partner-country values (mapping in _regions_build.py); denominator = partner=WORLD total exports",2026-08-06
EST,2025,Middle East,export share,1.0483,% of total exports,"Eurostat COMEXT ds-059331 (International trade of EU and non-EU countries since 2002 by SITC); reporter=EE, product=TOTAL, flow=2 EXPORT, indicators=VALUE_EUR, freq=A, time=2025; regional aggregate = sum of individual partner-country values (mapping in _regions_build.py); denominator = partner=WORLD total exports",2026-08-06
EST,2025,Africa,export share,1.388,% of total exports,"Eurostat COMEXT ds-059331 (International trade of EU and non-EU countries since 2002 by SITC); reporter=EE, product=TOTAL, flow=2 EXPORT, indicators=VALUE_EUR, freq=A, time=2025; regional aggregate = sum of individual partner-country values (mapping in _regions_build.py); denominator = partner=WORLD total exports",2026-08-06
EST,2025,North America,export share,3.4022,% of total exports,"Eurostat COMEXT ds-059331 (International trade of EU and non-EU countries since 2002 by SITC); reporter=EE, product=TOTAL, flow=2 EXPORT, indicators=VALUE_EUR, freq=A, time=2025; regional aggregate = sum of individual partner-country values (mapping in _regions_build.py); denominator = partner=WORLD total exports",2026-08-06
EST,2025,Latin America & Caribbean,export share,1.3092,% of total exports,"Eurostat COMEXT ds-059331 (International trade of EU and non-EU countries since 2002 by SITC); reporter=EE, product=TOTAL, flow=2 EXPORT, indicators=VALUE_EUR, freq=A, time=2025; regional aggregate = sum of individual partner-country values (mapping in _regions_build.py); denominator = partner=WORLD total exports",2026-08-06
EST,2025,Oceania & polar regions,export share,0.2328,% of total exports,"Eurostat COMEXT ds-059331 (International trade of EU and non-EU countries since 2002 by SITC); reporter=EE, product=TOTAL, flow=2 EXPORT, indicators=VALUE_EUR, freq=A, time=2025; regional aggregate = sum of individual partner-country values (mapping in _regions_build.py); denominator = partner=WORLD total exports",2026-08-06
EST,2025,Other / unallocated,export share,0.622,% of total exports,"Eurostat COMEXT ds-059331 (International trade of EU and non-EU countries since 2002 by SITC); reporter=EE, product=TOTAL, flow=2 EXPORT, indicators=VALUE_EUR, freq=A, time=2025; regional aggregate = sum of individual partner-country values (mapping in _regions_build.py); denominator = partner=WORLD total exports",2026-08-06
EST,2025,Rest of Europe (non-EU27),export share,44.6861,% of extra-EU27 exports,"Eurostat COMEXT ds-059331 (International trade of EU and non-EU countries since 2002 by SITC); reporter=EE, product=TOTAL, flow=2 EXPORT, indicators=VALUE_EUR, freq=A, time=2025; regional aggregate = sum of individual partner-country values (mapping in _regions_build.py); denominator = total exports minus exports to the 27 EU member states",2026-08-06
EST,2025,Asia (excl. Middle East),export share,23.3852,% of extra-EU27 exports,"Eurostat COMEXT ds-059331 (International trade of EU and non-EU countries since 2002 by SITC); reporter=EE, product=TOTAL, flow=2 EXPORT, indicators=VALUE_EUR, freq=A, time=2025; regional aggregate = sum of individual partner-country values (mapping in _regions_build.py); denominator = total exports minus exports to the 27 EU member states",2026-08-06
EST,2025,Middle East,export share,4.1827,% of extra-EU27 exports,"Eurostat COMEXT ds-059331 (International trade of EU and non-EU countries since 2002 by SITC); reporter=EE, product=TOTAL, flow=2 EXPORT, indicators=VALUE_EUR, freq=A, time=2025; regional aggregate = sum of individual partner-country values (mapping in _regions_build.py); denominator = total exports minus exports to the 27 EU member states",2026-08-06
EST,2025,Africa,export share,5.5378,% of extra-EU27 exports,"Eurostat COMEXT ds-059331 (International trade of EU and non-EU countries since 2002 by SITC); reporter=EE, product=TOTAL, flow=2 EXPORT, indicators=VALUE_EUR, freq=A, time=2025; regional aggregate = sum of individual partner-country values (mapping in _regions_build.py); denominator = total exports minus exports to the 27 EU member states",2026-08-06
EST,2025,North America,export share,13.5742,% of extra-EU27 exports,"Eurostat COMEXT ds-059331 (International trade of EU and non-EU countries since 2002 by SITC); reporter=EE, product=TOTAL, flow=2 EXPORT, indicators=VALUE_EUR, freq=A, time=2025; regional aggregate = sum of individual partner-country values (mapping in _regions_build.py); denominator = total exports minus exports to the 27 EU member states",2026-08-06
EST,2025,Latin America & Caribbean,export share,5.2234,% of extra-EU27 exports,"Eurostat COMEXT ds-059331 (International trade of EU and non-EU countries since 2002 by SITC); reporter=EE, product=TOTAL, flow=2 EXPORT, indicators=VALUE_EUR, freq=A, time=2025; regional aggregate = sum of individual partner-country values (mapping in _regions_build.py); denominator = total exports minus exports to the 27 EU member states",2026-08-06
EST,2025,Oceania & polar regions,export share,0.9288,% of extra-EU27 exports,"Eurostat COMEXT ds-059331 (International trade of EU and non-EU countries since 2002 by SITC); reporter=EE, product=TOTAL, flow=2 EXPORT, indicators=VALUE_EUR, freq=A, time=2025; regional aggregate = sum of individual partner-country values (mapping in _regions_build.py); denominator = total exports minus exports to the 27 EU member states",2026-08-06
EST,2025,Other / unallocated,export share,2.4818,% of extra-EU27 exports,"Eurostat COMEXT ds-059331 (International trade of EU and non-EU countries since 2002 by SITC); reporter=EE, product=TOTAL, flow=2 EXPORT, indicators=VALUE_EUR, freq=A, time=2025; regional aggregate = sum of individual partner-country values (mapping in _regions_build.py); denominator = total exports minus exports to the 27 EU member states",2026-08-06
ESP,2025,World,total exports,394380316852,EUR,"Eurostat COMEXT ds-059331 (International trade of EU and non-EU countries since 2002 by SITC); reporter=ES, product=TOTAL, flow=2 EXPORT, indicators=VALUE_EUR, freq=A, time=2025; regional aggregate = sum of individual partner-country values (mapping in _regions_build.py); denominator = n/a (level, partner=WORLD)",2026-08-06
ESP,2025,European Union (EU27),export share,60.4901,% of total exports,"Eurostat COMEXT ds-059331 (International trade of EU and non-EU countries since 2002 by SITC); reporter=ES, product=TOTAL, flow=2 EXPORT, indicators=VALUE_EUR, freq=A, time=2025; regional aggregate = sum of individual partner-country values (mapping in _regions_build.py); denominator = partner=WORLD total exports",2026-08-06
ESP,2025,Rest of Europe (non-EU27),export share,12.0037,% of total exports,"Eurostat COMEXT ds-059331 (International trade of EU and non-EU countries since 2002 by SITC); reporter=ES, product=TOTAL, flow=2 EXPORT, indicators=VALUE_EUR, freq=A, time=2025; regional aggregate = sum of individual partner-country values (mapping in _regions_build.py); denominator = partner=WORLD total exports",2026-08-06
ESP,2025,Asia (excl. Middle East),export share,5.7312,% of total exports,"Eurostat COMEXT ds-059331 (International trade of EU and non-EU countries since 2002 by SITC); reporter=ES, product=TOTAL, flow=2 EXPORT, indicators=VALUE_EUR, freq=A, time=2025; regional aggregate = sum of individual partner-country values (mapping in _regions_build.py); denominator = partner=WORLD total exports",2026-08-06
ESP,2025,Middle East,export share,2.3077,% of total exports,"Eurostat COMEXT ds-059331 (International trade of EU and non-EU countries since 2002 by SITC); reporter=ES, product=TOTAL, flow=2 EXPORT, indicators=VALUE_EUR, freq=A, time=2025; regional aggregate = sum of individual partner-country values (mapping in _regions_build.py); denominator = partner=WORLD total exports",2026-08-06
ESP,2025,Africa,export share,5.7645,% of total exports,"Eurostat COMEXT ds-059331 (International trade of EU and non-EU countries since 2002 by SITC); reporter=ES, product=TOTAL, flow=2 EXPORT, indicators=VALUE_EUR, freq=A, time=2025; regional aggregate = sum of individual partner-country values (mapping in _regions_build.py); denominator = partner=WORLD total exports",2026-08-06
ESP,2025,North America,export share,4.9293,% of total exports,"Eurostat COMEXT ds-059331 (International trade of EU and non-EU countries since 2002 by SITC); reporter=ES, product=TOTAL, flow=2 EXPORT, indicators=VALUE_EUR, freq=A, time=2025; regional aggregate = sum of individual partner-country values (mapping in _regions_build.py); denominator = partner=WORLD total exports",2026-08-06
ESP,2025,Latin America & Caribbean,export share,4.979,% of total exports,"Eurostat COMEXT ds-059331 (International trade of EU and non-EU countries since 2002 by SITC); reporter=ES, product=TOTAL, flow=2 EXPORT, indicators=VALUE_EUR, freq=A, time=2025; regional aggregate = sum of individual partner-country values (mapping in _regions_build.py); denominator = partner=WORLD total exports",2026-08-06
ESP,2025,Oceania & polar regions,export share,0.6153,% of total exports,"Eurostat COMEXT ds-059331 (International trade of EU and non-EU countries since 2002 by SITC); reporter=ES, product=TOTAL, flow=2 EXPORT, indicators=VALUE_EUR, freq=A, time=2025; regional aggregate = sum of individual partner-country values (mapping in _regions_build.py); denominator = partner=WORLD total exports",2026-08-06
ESP,2025,Other / unallocated,export share,3.1792,% of total exports,"Eurostat COMEXT ds-059331 (International trade of EU and non-EU countries since 2002 by SITC); reporter=ES, product=TOTAL, flow=2 EXPORT, indicators=VALUE_EUR, freq=A, time=2025; regional aggregate = sum of individual partner-country values (mapping in _regions_build.py); denominator = partner=WORLD total exports",2026-08-06
ESP,2025,Rest of Europe (non-EU27),export share,30.3815,% of extra-EU27 exports,"Eurostat COMEXT ds-059331 (International trade of EU and non-EU countries since 2002 by SITC); reporter=ES, product=TOTAL, flow=2 EXPORT, indicators=VALUE_EUR, freq=A, time=2025; regional aggregate = sum of individual partner-country values (mapping in _regions_build.py); denominator = total exports minus exports to the 27 EU member states",2026-08-06
ESP,2025,Asia (excl. Middle East),export share,14.5056,% of extra-EU27 exports,"Eurostat COMEXT ds-059331 (International trade of EU and non-EU countries since 2002 by SITC); reporter=ES, product=TOTAL, flow=2 EXPORT, indicators=VALUE_EUR, freq=A, time=2025; regional aggregate = sum of individual partner-country values (mapping in _regions_build.py); denominator = total exports minus exports to the 27 EU member states",2026-08-06
ESP,2025,Middle East,export share,5.8408,% of extra-EU27 exports,"Eurostat COMEXT ds-059331 (International trade of EU and non-EU countries since 2002 by SITC); reporter=ES, product=TOTAL, flow=2 EXPORT, indicators=VALUE_EUR, freq=A, time=2025; regional aggregate = sum of individual partner-country values (mapping in _regions_build.py); denominator = total exports minus exports to the 27 EU member states",2026-08-06
ESP,2025,Africa,export share,14.5901,% of extra-EU27 exports,"Eurostat COMEXT ds-059331 (International trade of EU and non-EU countries since 2002 by SITC); reporter=ES, product=TOTAL, flow=2 EXPORT, indicators=VALUE_EUR, freq=A, time=2025; regional aggregate = sum of individual partner-country values (mapping in _regions_build.py); denominator = total exports minus exports to the 27 EU member states",2026-08-06
ESP,2025,North America,export share,12.4762,% of extra-EU27 exports,"Eurostat COMEXT ds-059331 (International trade of EU and non-EU countries since 2002 by SITC); reporter=ES, product=TOTAL, flow=2 EXPORT, indicators=VALUE_EUR, freq=A, time=2025; regional aggregate = sum of individual partner-country values (mapping in _regions_build.py); denominator = total exports minus exports to the 27 EU member states",2026-08-06
ESP,2025,Latin America & Caribbean,export share,12.602,% of extra-EU27 exports,"Eurostat COMEXT ds-059331 (International trade of EU and non-EU countries since 2002 by SITC); reporter=ES, product=TOTAL, flow=2 EXPORT, indicators=VALUE_EUR, freq=A, time=2025; regional aggregate = sum of individual partner-country values (mapping in _regions_build.py); denominator = total exports minus exports to the 27 EU member states",2026-08-06
ESP,2025,Oceania & polar regions,export share,1.5572,% of extra-EU27 exports,"Eurostat COMEXT ds-059331 (International trade of EU and non-EU countries since 2002 by SITC); reporter=ES, product=TOTAL, flow=2 EXPORT, indicators=VALUE_EUR, freq=A, time=2025; regional aggregate = sum of individual partner-country values (mapping in _regions_build.py); denominator = total exports minus exports to the 27 EU member states",2026-08-06
ESP,2025,Other / unallocated,export share,8.0466,% of extra-EU27 exports,"Eurostat COMEXT ds-059331 (International trade of EU and non-EU countries since 2002 by SITC); reporter=ES, product=TOTAL, flow=2 EXPORT, indicators=VALUE_EUR, freq=A, time=2025; regional aggregate = sum of individual partner-country values (mapping in _regions_build.py); denominator = total exports minus exports to the 27 EU member states",2026-08-06
FIN,2025,World,total exports,74260568360,EUR,"Eurostat COMEXT ds-059331 (International trade of EU and non-EU countries since 2002 by SITC); reporter=FI, product=TOTAL, flow=2 EXPORT, indicators=VALUE_EUR, freq=A, time=2025; regional aggregate = sum of individual partner-country values (mapping in _regions_build.py); denominator = n/a (level, partner=WORLD)",2026-08-06
FIN,2025,European Union (EU27),export share,55.6338,% of total exports,"Eurostat COMEXT ds-059331 (International trade of EU and non-EU countries since 2002 by SITC); reporter=FI, product=TOTAL, flow=2 EXPORT, indicators=VALUE_EUR, freq=A, time=2025; regional aggregate = sum of individual partner-country values (mapping in _regions_build.py); denominator = partner=WORLD total exports",2026-08-06
FIN,2025,Rest of Europe (non-EU27),export share,12.1651,% of total exports,"Eurostat COMEXT ds-059331 (International trade of EU and non-EU countries since 2002 by SITC); reporter=FI, product=TOTAL, flow=2 EXPORT, indicators=VALUE_EUR, freq=A, time=2025; regional aggregate = sum of individual partner-country values (mapping in _regions_build.py); denominator = partner=WORLD total exports",2026-08-06
FIN,2025,Asia (excl. Middle East),export share,11.6265,% of total exports,"Eurostat COMEXT ds-059331 (International trade of EU and non-EU countries since 2002 by SITC); reporter=FI, product=TOTAL, flow=2 EXPORT, indicators=VALUE_EUR, freq=A, time=2025; regional aggregate = sum of individual partner-country values (mapping in _regions_build.py); denominator = partner=WORLD total exports",2026-08-06
FIN,2025,Middle East,export share,1.6857,% of total exports,"Eurostat COMEXT ds-059331 (International trade of EU and non-EU countries since 2002 by SITC); reporter=FI, product=TOTAL, flow=2 EXPORT, indicators=VALUE_EUR, freq=A, time=2025; regional aggregate = sum of individual partner-country values (mapping in _regions_build.py); denominator = partner=WORLD total exports",2026-08-06
FIN,2025,Africa,export share,2.059,% of total exports,"Eurostat COMEXT ds-059331 (International trade of EU and non-EU countries since 2002 by SITC); reporter=FI, product=TOTAL, flow=2 EXPORT, indicators=VALUE_EUR, freq=A, time=2025; regional aggregate = sum of individual partner-country values (mapping in _regions_build.py); denominator = partner=WORLD total exports",2026-08-06
FIN,2025,North America,export share,11.4701,% of total exports,"Eurostat COMEXT ds-059331 (International trade of EU and non-EU countries since 2002 by SITC); reporter=FI, product=TOTAL, flow=2 EXPORT, indicators=VALUE_EUR, freq=A, time=2025; regional aggregate = sum of individual partner-country values (mapping in _regions_build.py); denominator = partner=WORLD total exports",2026-08-06
FIN,2025,Latin America & Caribbean,export share,2.5342,% of total exports,"Eurostat COMEXT ds-059331 (International trade of EU and non-EU countries since 2002 by SITC); reporter=FI, product=TOTAL, flow=2 EXPORT, indicators=VALUE_EUR, freq=A, time=2025; regional aggregate = sum of individual partner-country values (mapping in _regions_build.py); denominator = partner=WORLD total exports",2026-08-06
FIN,2025,Oceania & polar regions,export share,1.5984,% of total exports,"Eurostat COMEXT ds-059331 (International trade of EU and non-EU countries since 2002 by SITC); reporter=FI, product=TOTAL, flow=2 EXPORT, indicators=VALUE_EUR, freq=A, time=2025; regional aggregate = sum of individual partner-country values (mapping in _regions_build.py); denominator = partner=WORLD total exports",2026-08-06
FIN,2025,Other / unallocated,export share,1.2271,% of total exports,"Eurostat COMEXT ds-059331 (International trade of EU and non-EU countries since 2002 by SITC); reporter=FI, product=TOTAL, flow=2 EXPORT, indicators=VALUE_EUR, freq=A, time=2025; regional aggregate = sum of individual partner-country values (mapping in _regions_build.py); denominator = partner=WORLD total exports",2026-08-06
FIN,2025,Rest of Europe (non-EU27),export share,27.4197,% of extra-EU27 exports,"Eurostat COMEXT ds-059331 (International trade of EU and non-EU countries since 2002 by SITC); reporter=FI, product=TOTAL, flow=2 EXPORT, indicators=VALUE_EUR, freq=A, time=2025; regional aggregate = sum of individual partner-country values (mapping in _regions_build.py); denominator = total exports minus exports to the 27 EU member states",2026-08-06
FIN,2025,Asia (excl. Middle East),export share,26.2059,% of extra-EU27 exports,"Eurostat COMEXT ds-059331 (International trade of EU and non-EU countries since 2002 by SITC); reporter=FI, product=TOTAL, flow=2 EXPORT, indicators=VALUE_EUR, freq=A, time=2025; regional aggregate = sum of individual partner-country values (mapping in _regions_build.py); denominator = total exports minus exports to the 27 EU member states",2026-08-06
FIN,2025,Middle East,export share,3.7996,% of extra-EU27 exports,"Eurostat COMEXT ds-059331 (International trade of EU and non-EU countries since 2002 by SITC); reporter=FI, product=TOTAL, flow=2 EXPORT, indicators=VALUE_EUR, freq=A, time=2025; regional aggregate = sum of individual partner-country values (mapping in _regions_build.py); denominator = total exports minus exports to the 27 EU member states",2026-08-06
FIN,2025,Africa,export share,4.6409,% of extra-EU27 exports,"Eurostat COMEXT ds-059331 (International trade of EU and non-EU countries since 2002 by SITC); reporter=FI, product=TOTAL, flow=2 EXPORT, indicators=VALUE_EUR, freq=A, time=2025; regional aggregate = sum of individual partner-country values (mapping in _regions_build.py); denominator = total exports minus exports to the 27 EU member states",2026-08-06
FIN,2025,North America,export share,25.8533,% of extra-EU27 exports,"Eurostat COMEXT ds-059331 (International trade of EU and non-EU countries since 2002 by SITC); reporter=FI, product=TOTAL, flow=2 EXPORT, indicators=VALUE_EUR, freq=A, time=2025; regional aggregate = sum of individual partner-country values (mapping in _regions_build.py); denominator = total exports minus exports to the 27 EU member states",2026-08-06
FIN,2025,Latin America & Caribbean,export share,5.712,% of extra-EU27 exports,"Eurostat COMEXT ds-059331 (International trade of EU and non-EU countries since 2002 by SITC); reporter=FI, product=TOTAL, flow=2 EXPORT, indicators=VALUE_EUR, freq=A, time=2025; regional aggregate = sum of individual partner-country values (mapping in _regions_build.py); denominator = total exports minus exports to the 27 EU member states",2026-08-06
FIN,2025,Oceania & polar regions,export share,3.6028,% of extra-EU27 exports,"Eurostat COMEXT ds-059331 (International trade of EU and non-EU countries since 2002 by SITC); reporter=FI, product=TOTAL, flow=2 EXPORT, indicators=VALUE_EUR, freq=A, time=2025; regional aggregate = sum of individual partner-country values (mapping in _regions_build.py); denominator = total exports minus exports to the 27 EU member states",2026-08-06
FIN,2025,Other / unallocated,export share,2.7659,% of extra-EU27 exports,"Eurostat COMEXT ds-059331 (International trade of EU and non-EU countries since 2002 by SITC); reporter=FI, product=TOTAL, flow=2 EXPORT, indicators=VALUE_EUR, freq=A, time=2025; regional aggregate = sum of individual partner-country values (mapping in _regions_build.py); denominator = total exports minus exports to the 27 EU member states",2026-08-06
FRA,2025,World,total exports,606033418643,EUR,"Eurostat COMEXT ds-059331 (International trade of EU and non-EU countries since 2002 by SITC); reporter=FR, product=TOTAL, flow=2 EXPORT, indicators=VALUE_EUR, freq=A, time=2025; regional aggregate = sum of individual partner-country values (mapping in _regions_build.py); denominator = n/a (level, partner=WORLD)",2026-08-06
FRA,2025,European Union (EU27),export share,53.0979,% of total exports,"Eurostat COMEXT ds-059331 (International trade of EU and non-EU countries since 2002 by SITC); reporter=FR, product=TOTAL, flow=2 EXPORT, indicators=VALUE_EUR, freq=A, time=2025; regional aggregate = sum of individual partner-country values (mapping in _regions_build.py); denominator = partner=WORLD total exports",2026-08-06
FRA,2025,Rest of Europe (non-EU27),export share,13.323,% of total exports,"Eurostat COMEXT ds-059331 (International trade of EU and non-EU countries since 2002 by SITC); reporter=FR, product=TOTAL, flow=2 EXPORT, indicators=VALUE_EUR, freq=A, time=2025; regional aggregate = sum of individual partner-country values (mapping in _regions_build.py); denominator = partner=WORLD total exports",2026-08-06
FRA,2025,Asia (excl. Middle East),export share,11.4626,% of total exports,"Eurostat COMEXT ds-059331 (International trade of EU and non-EU countries since 2002 by SITC); reporter=FR, product=TOTAL, flow=2 EXPORT, indicators=VALUE_EUR, freq=A, time=2025; regional aggregate = sum of individual partner-country values (mapping in _regions_build.py); denominator = partner=WORLD total exports",2026-08-06
FRA,2025,Middle East,export share,3.527,% of total exports,"Eurostat COMEXT ds-059331 (International trade of EU and non-EU countries since 2002 by SITC); reporter=FR, product=TOTAL, flow=2 EXPORT, indicators=VALUE_EUR, freq=A, time=2025; regional aggregate = sum of individual partner-country values (mapping in _regions_build.py); denominator = partner=WORLD total exports",2026-08-06
FRA,2025,Africa,export share,4.6901,% of total exports,"Eurostat COMEXT ds-059331 (International trade of EU and non-EU countries since 2002 by SITC); reporter=FR, product=TOTAL, flow=2 EXPORT, indicators=VALUE_EUR, freq=A, time=2025; regional aggregate = sum of individual partner-country values (mapping in _regions_build.py); denominator = partner=WORLD total exports",2026-08-06
FRA,2025,North America,export share,8.4315,% of total exports,"Eurostat COMEXT ds-059331 (International trade of EU and non-EU countries since 2002 by SITC); reporter=FR, product=TOTAL, flow=2 EXPORT, indicators=VALUE_EUR, freq=A, time=2025; regional aggregate = sum of individual partner-country values (mapping in _regions_build.py); denominator = partner=WORLD total exports",2026-08-06
FRA,2025,Latin America & Caribbean,export share,2.2099,% of total exports,"Eurostat COMEXT ds-059331 (International trade of EU and non-EU countries since 2002 by SITC); reporter=FR, product=TOTAL, flow=2 EXPORT, indicators=VALUE_EUR, freq=A, time=2025; regional aggregate = sum of individual partner-country values (mapping in _regions_build.py); denominator = partner=WORLD total exports",2026-08-06
FRA,2025,Oceania & polar regions,export share,0.9096,% of total exports,"Eurostat COMEXT ds-059331 (International trade of EU and non-EU countries since 2002 by SITC); reporter=FR, product=TOTAL, flow=2 EXPORT, indicators=VALUE_EUR, freq=A, time=2025; regional aggregate = sum of individual partner-country values (mapping in _regions_build.py); denominator = partner=WORLD total exports",2026-08-06
FRA,2025,Other / unallocated,export share,2.3483,% of total exports,"Eurostat COMEXT ds-059331 (International trade of EU and non-EU countries since 2002 by SITC); reporter=FR, product=TOTAL, flow=2 EXPORT, indicators=VALUE_EUR, freq=A, time=2025; regional aggregate = sum of individual partner-country values (mapping in _regions_build.py); denominator = partner=WORLD total exports",2026-08-06
FRA,2025,Rest of Europe (non-EU27),export share,28.4061,% of extra-EU27 exports,"Eurostat COMEXT ds-059331 (International trade of EU and non-EU countries since 2002 by SITC); reporter=FR, product=TOTAL, flow=2 EXPORT, indicators=VALUE_EUR, freq=A, time=2025; regional aggregate = sum of individual partner-country values (mapping in _regions_build.py); denominator = total exports minus exports to the 27 EU member states",2026-08-06
FRA,2025,Asia (excl. Middle East),export share,24.4395,% of extra-EU27 exports,"Eurostat COMEXT ds-059331 (International trade of EU and non-EU countries since 2002 by SITC); reporter=FR, product=TOTAL, flow=2 EXPORT, indicators=VALUE_EUR, freq=A, time=2025; regional aggregate = sum of individual partner-country values (mapping in _regions_build.py); denominator = total exports minus exports to the 27 EU member states",2026-08-06
FRA,2025,Middle East,export share,7.5199,% of extra-EU27 exports,"Eurostat COMEXT ds-059331 (International trade of EU and non-EU countries since 2002 by SITC); reporter=FR, product=TOTAL, flow=2 EXPORT, indicators=VALUE_EUR, freq=A, time=2025; regional aggregate = sum of individual partner-country values (mapping in _regions_build.py); denominator = total exports minus exports to the 27 EU member states",2026-08-06
FRA,2025,Africa,export share,9.9998,% of extra-EU27 exports,"Eurostat COMEXT ds-059331 (International trade of EU and non-EU countries since 2002 by SITC); reporter=FR, product=TOTAL, flow=2 EXPORT, indicators=VALUE_EUR, freq=A, time=2025; regional aggregate = sum of individual partner-country values (mapping in _regions_build.py); denominator = total exports minus exports to the 27 EU member states",2026-08-06
FRA,2025,North America,export share,17.9768,% of extra-EU27 exports,"Eurostat COMEXT ds-059331 (International trade of EU and non-EU countries since 2002 by SITC); reporter=FR, product=TOTAL, flow=2 EXPORT, indicators=VALUE_EUR, freq=A, time=2025; regional aggregate = sum of individual partner-country values (mapping in _regions_build.py); denominator = total exports minus exports to the 27 EU member states",2026-08-06
FRA,2025,Latin America & Caribbean,export share,4.7117,% of extra-EU27 exports,"Eurostat COMEXT ds-059331 (International trade of EU and non-EU countries since 2002 by SITC); reporter=FR, product=TOTAL, flow=2 EXPORT, indicators=VALUE_EUR, freq=A, time=2025; regional aggregate = sum of individual partner-country values (mapping in _regions_build.py); denominator = total exports minus exports to the 27 EU member states",2026-08-06
FRA,2025,Oceania & polar regions,export share,1.9395,% of extra-EU27 exports,"Eurostat COMEXT ds-059331 (International trade of EU and non-EU countries since 2002 by SITC); reporter=FR, product=TOTAL, flow=2 EXPORT, indicators=VALUE_EUR, freq=A, time=2025; regional aggregate = sum of individual partner-country values (mapping in _regions_build.py); denominator = total exports minus exports to the 27 EU member states",2026-08-06
FRA,2025,Other / unallocated,export share,5.0068,% of extra-EU27 exports,"Eurostat COMEXT ds-059331 (International trade of EU and non-EU countries since 2002 by SITC); reporter=FR, product=TOTAL, flow=2 EXPORT, indicators=VALUE_EUR, freq=A, time=2025; regional aggregate = sum of individual partner-country values (mapping in _regions_build.py); denominator = total exports minus exports to the 27 EU member states",2026-08-06
GBR,2019,World,total exports,419800484631,EUR,"Eurostat COMEXT ds-059331 (International trade of EU and non-EU countries since 2002 by SITC); reporter=GB, product=TOTAL, flow=2 EXPORT, indicators=VALUE_EUR, freq=A, time=2019; regional aggregate = sum of individual partner-country values (mapping in _regions_build.py); denominator = n/a (level, partner=WORLD)",2026-08-06
GBR,2019,European Union (EU27),export share,46.102,% of total exports,"Eurostat COMEXT ds-059331 (International trade of EU and non-EU countries since 2002 by SITC); reporter=GB, product=TOTAL, flow=2 EXPORT, indicators=VALUE_EUR, freq=A, time=2019; regional aggregate = sum of individual partner-country values (mapping in _regions_build.py); denominator = partner=WORLD total exports",2026-08-06
GBR,2019,Rest of Europe (non-EU27),export share,7.1569,% of total exports,"Eurostat COMEXT ds-059331 (International trade of EU and non-EU countries since 2002 by SITC); reporter=GB, product=TOTAL, flow=2 EXPORT, indicators=VALUE_EUR, freq=A, time=2019; regional aggregate = sum of individual partner-country values (mapping in _regions_build.py); denominator = partner=WORLD total exports",2026-08-06
GBR,2019,Asia (excl. Middle East),export share,17.0119,% of total exports,"Eurostat COMEXT ds-059331 (International trade of EU and non-EU countries since 2002 by SITC); reporter=GB, product=TOTAL, flow=2 EXPORT, indicators=VALUE_EUR, freq=A, time=2019; regional aggregate = sum of individual partner-country values (mapping in _regions_build.py); denominator = partner=WORLD total exports",2026-08-06
GBR,2019,Middle East,export share,4.813,% of total exports,"Eurostat COMEXT ds-059331 (International trade of EU and non-EU countries since 2002 by SITC); reporter=GB, product=TOTAL, flow=2 EXPORT, indicators=VALUE_EUR, freq=A, time=2019; regional aggregate = sum of individual partner-country values (mapping in _regions_build.py); denominator = partner=WORLD total exports",2026-08-06
GBR,2019,Africa,export share,2.3336,% of total exports,"Eurostat COMEXT ds-059331 (International trade of EU and non-EU countries since 2002 by SITC); reporter=GB, product=TOTAL, flow=2 EXPORT, indicators=VALUE_EUR, freq=A, time=2019; regional aggregate = sum of individual partner-country values (mapping in _regions_build.py); denominator = partner=WORLD total exports",2026-08-06
GBR,2019,North America,export share,16.9516,% of total exports,"Eurostat COMEXT ds-059331 (International trade of EU and non-EU countries since 2002 by SITC); reporter=GB, product=TOTAL, flow=2 EXPORT, indicators=VALUE_EUR, freq=A, time=2019; regional aggregate = sum of individual partner-country values (mapping in _regions_build.py); denominator = partner=WORLD total exports",2026-08-06
GBR,2019,Latin America & Caribbean,export share,1.734,% of total exports,"Eurostat COMEXT ds-059331 (International trade of EU and non-EU countries since 2002 by SITC); reporter=GB, product=TOTAL, flow=2 EXPORT, indicators=VALUE_EUR, freq=A, time=2019; regional aggregate = sum of individual partner-country values (mapping in _regions_build.py); denominator = partner=WORLD total exports",2026-08-06
GBR,2019,Oceania & polar regions,export share,1.4069,% of total exports,"Eurostat COMEXT ds-059331 (International trade of EU and non-EU countries since 2002 by SITC); reporter=GB, product=TOTAL, flow=2 EXPORT, indicators=VALUE_EUR, freq=A, time=2019; regional aggregate = sum of individual partner-country values (mapping in _regions_build.py); denominator = partner=WORLD total exports",2026-08-06
GBR,2019,Other / unallocated,export share,2.49,% of total exports,"Eurostat COMEXT ds-059331 (International trade of EU and non-EU countries since 2002 by SITC); reporter=GB, product=TOTAL, flow=2 EXPORT, indicators=VALUE_EUR, freq=A, time=2019; regional aggregate = sum of individual partner-country values (mapping in _regions_build.py); denominator = partner=WORLD total exports",2026-08-06
GBR,2019,Rest of Europe (non-EU27),export share,13.2786,% of extra-EU27 exports,"Eurostat COMEXT ds-059331 (International trade of EU and non-EU countries since 2002 by SITC); reporter=GB, product=TOTAL, flow=2 EXPORT, indicators=VALUE_EUR, freq=A, time=2019; regional aggregate = sum of individual partner-country values (mapping in _regions_build.py); denominator = total exports minus exports to the 27 EU member states",2026-08-06
GBR,2019,Asia (excl. Middle East),export share,31.5632,% of extra-EU27 exports,"Eurostat COMEXT ds-059331 (International trade of EU and non-EU countries since 2002 by SITC); reporter=GB, product=TOTAL, flow=2 EXPORT, indicators=VALUE_EUR, freq=A, time=2019; regional aggregate = sum of individual partner-country values (mapping in _regions_build.py); denominator = total exports minus exports to the 27 EU member states",2026-08-06
GBR,2019,Middle East,export share,8.9299,% of extra-EU27 exports,"Eurostat COMEXT ds-059331 (International trade of EU and non-EU countries since 2002 by SITC); reporter=GB, product=TOTAL, flow=2 EXPORT, indicators=VALUE_EUR, freq=A, time=2019; regional aggregate = sum of individual partner-country values (mapping in _regions_build.py); denominator = total exports minus exports to the 27 EU member states",2026-08-06
GBR,2019,Africa,export share,4.3297,% of extra-EU27 exports,"Eurostat COMEXT ds-059331 (International trade of EU and non-EU countries since 2002 by SITC); reporter=GB, product=TOTAL, flow=2 EXPORT, indicators=VALUE_EUR, freq=A, time=2019; regional aggregate = sum of individual partner-country values (mapping in _regions_build.py); denominator = total exports minus exports to the 27 EU member states",2026-08-06
GBR,2019,North America,export share,31.4512,% of extra-EU27 exports,"Eurostat COMEXT ds-059331 (International trade of EU and non-EU countries since 2002 by SITC); reporter=GB, product=TOTAL, flow=2 EXPORT, indicators=VALUE_EUR, freq=A, time=2019; regional aggregate = sum of individual partner-country values (mapping in _regions_build.py); denominator = total exports minus exports to the 27 EU member states",2026-08-06
GBR,2019,Latin America & Caribbean,export share,3.2173,% of extra-EU27 exports,"Eurostat COMEXT ds-059331 (International trade of EU and non-EU countries since 2002 by SITC); reporter=GB, product=TOTAL, flow=2 EXPORT, indicators=VALUE_EUR, freq=A, time=2019; regional aggregate = sum of individual partner-country values (mapping in _regions_build.py); denominator = total exports minus exports to the 27 EU member states",2026-08-06
GBR,2019,Oceania & polar regions,export share,2.6104,% of extra-EU27 exports,"Eurostat COMEXT ds-059331 (International trade of EU and non-EU countries since 2002 by SITC); reporter=GB, product=TOTAL, flow=2 EXPORT, indicators=VALUE_EUR, freq=A, time=2019; regional aggregate = sum of individual partner-country values (mapping in _regions_build.py); denominator = total exports minus exports to the 27 EU member states",2026-08-06
GBR,2019,Other / unallocated,export share,4.6198,% of extra-EU27 exports,"Eurostat COMEXT ds-059331 (International trade of EU and non-EU countries since 2002 by SITC); reporter=GB, product=TOTAL, flow=2 EXPORT, indicators=VALUE_EUR, freq=A, time=2019; regional aggregate = sum of individual partner-country values (mapping in _regions_build.py); denominator = total exports minus exports to the 27 EU member states",2026-08-06
GRC,2025,World,total exports,48658096866,EUR,"Eurostat COMEXT ds-059331 (International trade of EU and non-EU countries since 2002 by SITC); reporter=GR, product=TOTAL, flow=2 EXPORT, indicators=VALUE_EUR, freq=A, time=2025; regional aggregate = sum of individual partner-country values (mapping in _regions_build.py); denominator = n/a (level, partner=WORLD)",2026-08-06
GRC,2025,European Union (EU27),export share,57.0743,% of total exports,"Eurostat COMEXT ds-059331 (International trade of EU and non-EU countries since 2002 by SITC); reporter=GR, product=TOTAL, flow=2 EXPORT, indicators=VALUE_EUR, freq=A, time=2025; regional aggregate = sum of individual partner-country values (mapping in _regions_build.py); denominator = partner=WORLD total exports",2026-08-06
GRC,2025,Rest of Europe (non-EU27),export share,18.7564,% of total exports,"Eurostat COMEXT ds-059331 (International trade of EU and non-EU countries since 2002 by SITC); reporter=GR, product=TOTAL, flow=2 EXPORT, indicators=VALUE_EUR, freq=A, time=2025; regional aggregate = sum of individual partner-country values (mapping in _regions_build.py); denominator = partner=WORLD total exports",2026-08-06
GRC,2025,Asia (excl. Middle East),export share,4.4977,% of total exports,"Eurostat COMEXT ds-059331 (International trade of EU and non-EU countries since 2002 by SITC); reporter=GR, product=TOTAL, flow=2 EXPORT, indicators=VALUE_EUR, freq=A, time=2025; regional aggregate = sum of individual partner-country values (mapping in _regions_build.py); denominator = partner=WORLD total exports",2026-08-06
GRC,2025,Middle East,export share,6.3699,% of total exports,"Eurostat COMEXT ds-059331 (International trade of EU and non-EU countries since 2002 by SITC); reporter=GR, product=TOTAL, flow=2 EXPORT, indicators=VALUE_EUR, freq=A, time=2025; regional aggregate = sum of individual partner-country values (mapping in _regions_build.py); denominator = partner=WORLD total exports",2026-08-06
GRC,2025,Africa,export share,5.3214,% of total exports,"Eurostat COMEXT ds-059331 (International trade of EU and non-EU countries since 2002 by SITC); reporter=GR, product=TOTAL, flow=2 EXPORT, indicators=VALUE_EUR, freq=A, time=2025; regional aggregate = sum of individual partner-country values (mapping in _regions_build.py); denominator = partner=WORLD total exports",2026-08-06
GRC,2025,North America,export share,5.6301,% of total exports,"Eurostat COMEXT ds-059331 (International trade of EU and non-EU countries since 2002 by SITC); reporter=GR, product=TOTAL, flow=2 EXPORT, indicators=VALUE_EUR, freq=A, time=2025; regional aggregate = sum of individual partner-country values (mapping in _regions_build.py); denominator = partner=WORLD total exports",2026-08-06
GRC,2025,Latin America & Caribbean,export share,1.3652,% of total exports,"Eurostat COMEXT ds-059331 (International trade of EU and non-EU countries since 2002 by SITC); reporter=GR, product=TOTAL, flow=2 EXPORT, indicators=VALUE_EUR, freq=A, time=2025; regional aggregate = sum of individual partner-country values (mapping in _regions_build.py); denominator = partner=WORLD total exports",2026-08-06
GRC,2025,Oceania & polar regions,export share,0.7932,% of total exports,"Eurostat COMEXT ds-059331 (International trade of EU and non-EU countries since 2002 by SITC); reporter=GR, product=TOTAL, flow=2 EXPORT, indicators=VALUE_EUR, freq=A, time=2025; regional aggregate = sum of individual partner-country values (mapping in _regions_build.py); denominator = partner=WORLD total exports",2026-08-06
GRC,2025,Other / unallocated,export share,0.1919,% of total exports,"Eurostat COMEXT ds-059331 (International trade of EU and non-EU countries since 2002 by SITC); reporter=GR, product=TOTAL, flow=2 EXPORT, indicators=VALUE_EUR, freq=A, time=2025; regional aggregate = sum of individual partner-country values (mapping in _regions_build.py); denominator = partner=WORLD total exports",2026-08-06
GRC,2025,Rest of Europe (non-EU27),export share,43.695,% of extra-EU27 exports,"Eurostat COMEXT ds-059331 (International trade of EU and non-EU countries since 2002 by SITC); reporter=GR, product=TOTAL, flow=2 EXPORT, indicators=VALUE_EUR, freq=A, time=2025; regional aggregate = sum of individual partner-country values (mapping in _regions_build.py); denominator = total exports minus exports to the 27 EU member states",2026-08-06
GRC,2025,Asia (excl. Middle East),export share,10.4779,% of extra-EU27 exports,"Eurostat COMEXT ds-059331 (International trade of EU and non-EU countries since 2002 by SITC); reporter=GR, product=TOTAL, flow=2 EXPORT, indicators=VALUE_EUR, freq=A, time=2025; regional aggregate = sum of individual partner-country values (mapping in _regions_build.py); denominator = total exports minus exports to the 27 EU member states",2026-08-06
GRC,2025,Middle East,export share,14.8393,% of extra-EU27 exports,"Eurostat COMEXT ds-059331 (International trade of EU and non-EU countries since 2002 by SITC); reporter=GR, product=TOTAL, flow=2 EXPORT, indicators=VALUE_EUR, freq=A, time=2025; regional aggregate = sum of individual partner-country values (mapping in _regions_build.py); denominator = total exports minus exports to the 27 EU member states",2026-08-06
GRC,2025,Africa,export share,12.3967,% of extra-EU27 exports,"Eurostat COMEXT ds-059331 (International trade of EU and non-EU countries since 2002 by SITC); reporter=GR, product=TOTAL, flow=2 EXPORT, indicators=VALUE_EUR, freq=A, time=2025; regional aggregate = sum of individual partner-country values (mapping in _regions_build.py); denominator = total exports minus exports to the 27 EU member states",2026-08-06
GRC,2025,North America,export share,13.1158,% of extra-EU27 exports,"Eurostat COMEXT ds-059331 (International trade of EU and non-EU countries since 2002 by SITC); reporter=GR, product=TOTAL, flow=2 EXPORT, indicators=VALUE_EUR, freq=A, time=2025; regional aggregate = sum of individual partner-country values (mapping in _regions_build.py); denominator = total exports minus exports to the 27 EU member states",2026-08-06
GRC,2025,Latin America & Caribbean,export share,3.1805,% of extra-EU27 exports,"Eurostat COMEXT ds-059331 (International trade of EU and non-EU countries since 2002 by SITC); reporter=GR, product=TOTAL, flow=2 EXPORT, indicators=VALUE_EUR, freq=A, time=2025; regional aggregate = sum of individual partner-country values (mapping in _regions_build.py); denominator = total exports minus exports to the 27 EU member states",2026-08-06
GRC,2025,Oceania & polar regions,export share,1.8478,% of extra-EU27 exports,"Eurostat COMEXT ds-059331 (International trade of EU and non-EU countries since 2002 by SITC); reporter=GR, product=TOTAL, flow=2 EXPORT, indicators=VALUE_EUR, freq=A, time=2025; regional aggregate = sum of individual partner-country values (mapping in _regions_build.py); denominator = total exports minus exports to the 27 EU member states",2026-08-06
GRC,2025,Other / unallocated,export share,0.447,% of extra-EU27 exports,"Eurostat COMEXT ds-059331 (International trade of EU and non-EU countries since 2002 by SITC); reporter=GR, product=TOTAL, flow=2 EXPORT, indicators=VALUE_EUR, freq=A, time=2025; regional aggregate = sum of individual partner-country values (mapping in _regions_build.py); denominator = total exports minus exports to the 27 EU member states",2026-08-06
HRV,2024,World,total exports,24054719854,EUR,"Eurostat COMEXT ds-059331 (International trade of EU and non-EU countries since 2002 by SITC); reporter=HR, product=TOTAL, flow=2 EXPORT, indicators=VALUE_EUR, freq=A, time=2024; regional aggregate = sum of individual partner-country values (mapping in _regions_build.py); denominator = n/a (level, partner=WORLD)",2026-08-06
HRV,2024,European Union (EU27),export share,65.3089,% of total exports,"Eurostat COMEXT ds-059331 (International trade of EU and non-EU countries since 2002 by SITC); reporter=HR, product=TOTAL, flow=2 EXPORT, indicators=VALUE_EUR, freq=A, time=2024; regional aggregate = sum of individual partner-country values (mapping in _regions_build.py); denominator = partner=WORLD total exports",2026-08-06
HRV,2024,Rest of Europe (non-EU27),export share,26.3809,% of total exports,"Eurostat COMEXT ds-059331 (International trade of EU and non-EU countries since 2002 by SITC); reporter=HR, product=TOTAL, flow=2 EXPORT, indicators=VALUE_EUR, freq=A, time=2024; regional aggregate = sum of individual partner-country values (mapping in _regions_build.py); denominator = partner=WORLD total exports",2026-08-06
HRV,2024,Asia (excl. Middle East),export share,1.5831,% of total exports,"Eurostat COMEXT ds-059331 (International trade of EU and non-EU countries since 2002 by SITC); reporter=HR, product=TOTAL, flow=2 EXPORT, indicators=VALUE_EUR, freq=A, time=2024; regional aggregate = sum of individual partner-country values (mapping in _regions_build.py); denominator = partner=WORLD total exports",2026-08-06
HRV,2024,Middle East,export share,1.4988,% of total exports,"Eurostat COMEXT ds-059331 (International trade of EU and non-EU countries since 2002 by SITC); reporter=HR, product=TOTAL, flow=2 EXPORT, indicators=VALUE_EUR, freq=A, time=2024; regional aggregate = sum of individual partner-country values (mapping in _regions_build.py); denominator = partner=WORLD total exports",2026-08-06
HRV,2024,Africa,export share,1.0086,% of total exports,"Eurostat COMEXT ds-059331 (International trade of EU and non-EU countries since 2002 by SITC); reporter=HR, product=TOTAL, flow=2 EXPORT, indicators=VALUE_EUR, freq=A, time=2024; regional aggregate = sum of individual partner-country values (mapping in _regions_build.py); denominator = partner=WORLD total exports",2026-08-06
HRV,2024,North America,export share,3.5779,% of total exports,"Eurostat COMEXT ds-059331 (International trade of EU and non-EU countries since 2002 by SITC); reporter=HR, product=TOTAL, flow=2 EXPORT, indicators=VALUE_EUR, freq=A, time=2024; regional aggregate = sum of individual partner-country values (mapping in _regions_build.py); denominator = partner=WORLD total exports",2026-08-06
HRV,2024,Latin America & Caribbean,export share,0.4052,% of total exports,"Eurostat COMEXT ds-059331 (International trade of EU and non-EU countries since 2002 by SITC); reporter=HR, product=TOTAL, flow=2 EXPORT, indicators=VALUE_EUR, freq=A, time=2024; regional aggregate = sum of individual partner-country values (mapping in _regions_build.py); denominator = partner=WORLD total exports",2026-08-06
HRV,2024,Oceania & polar regions,export share,0.1342,% of total exports,"Eurostat COMEXT ds-059331 (International trade of EU and non-EU countries since 2002 by SITC); reporter=HR, product=TOTAL, flow=2 EXPORT, indicators=VALUE_EUR, freq=A, time=2024; regional aggregate = sum of individual partner-country values (mapping in _regions_build.py); denominator = partner=WORLD total exports",2026-08-06
HRV,2024,Other / unallocated,export share,0.1024,% of total exports,"Eurostat COMEXT ds-059331 (International trade of EU and non-EU countries since 2002 by SITC); reporter=HR, product=TOTAL, flow=2 EXPORT, indicators=VALUE_EUR, freq=A, time=2024; regional aggregate = sum of individual partner-country values (mapping in _regions_build.py); denominator = partner=WORLD total exports",2026-08-06
HRV,2024,Rest of Europe (non-EU27),export share,76.0452,% of extra-EU27 exports,"Eurostat COMEXT ds-059331 (International trade of EU and non-EU countries since 2002 by SITC); reporter=HR, product=TOTAL, flow=2 EXPORT, indicators=VALUE_EUR, freq=A, time=2024; regional aggregate = sum of individual partner-country values (mapping in _regions_build.py); denominator = total exports minus exports to the 27 EU member states",2026-08-06
HRV,2024,Asia (excl. Middle East),export share,4.5634,% of extra-EU27 exports,"Eurostat COMEXT ds-059331 (International trade of EU and non-EU countries since 2002 by SITC); reporter=HR, product=TOTAL, flow=2 EXPORT, indicators=VALUE_EUR, freq=A, time=2024; regional aggregate = sum of individual partner-country values (mapping in _regions_build.py); denominator = total exports minus exports to the 27 EU member states",2026-08-06
HRV,2024,Middle East,export share,4.3203,% of extra-EU27 exports,"Eurostat COMEXT ds-059331 (International trade of EU and non-EU countries since 2002 by SITC); reporter=HR, product=TOTAL, flow=2 EXPORT, indicators=VALUE_EUR, freq=A, time=2024; regional aggregate = sum of individual partner-country values (mapping in _regions_build.py); denominator = total exports minus exports to the 27 EU member states",2026-08-06
HRV,2024,Africa,export share,2.9074,% of extra-EU27 exports,"Eurostat COMEXT ds-059331 (International trade of EU and non-EU countries since 2002 by SITC); reporter=HR, product=TOTAL, flow=2 EXPORT, indicators=VALUE_EUR, freq=A, time=2024; regional aggregate = sum of individual partner-country values (mapping in _regions_build.py); denominator = total exports minus exports to the 27 EU member states",2026-08-06
HRV,2024,North America,export share,10.3136,% of extra-EU27 exports,"Eurostat COMEXT ds-059331 (International trade of EU and non-EU countries since 2002 by SITC); reporter=HR, product=TOTAL, flow=2 EXPORT, indicators=VALUE_EUR, freq=A, time=2024; regional aggregate = sum of individual partner-country values (mapping in _regions_build.py); denominator = total exports minus exports to the 27 EU member states",2026-08-06
HRV,2024,Latin America & Caribbean,export share,1.1681,% of extra-EU27 exports,"Eurostat COMEXT ds-059331 (International trade of EU and non-EU countries since 2002 by SITC); reporter=HR, product=TOTAL, flow=2 EXPORT, indicators=VALUE_EUR, freq=A, time=2024; regional aggregate = sum of individual partner-country values (mapping in _regions_build.py); denominator = total exports minus exports to the 27 EU member states",2026-08-06
HRV,2024,Oceania & polar regions,export share,0.3869,% of extra-EU27 exports,"Eurostat COMEXT ds-059331 (International trade of EU and non-EU countries since 2002 by SITC); reporter=HR, product=TOTAL, flow=2 EXPORT, indicators=VALUE_EUR, freq=A, time=2024; regional aggregate = sum of individual partner-country values (mapping in _regions_build.py); denominator = total exports minus exports to the 27 EU member states",2026-08-06
HRV,2024,Other / unallocated,export share,0.2952,% of extra-EU27 exports,"Eurostat COMEXT ds-059331 (International trade of EU and non-EU countries since 2002 by SITC); reporter=HR, product=TOTAL, flow=2 EXPORT, indicators=VALUE_EUR, freq=A, time=2024; regional aggregate = sum of individual partner-country values (mapping in _regions_build.py); denominator = total exports minus exports to the 27 EU member states",2026-08-06
HRV,2025,World,total exports,25241763808,EUR,"Eurostat COMEXT ds-059331 (International trade of EU and non-EU countries since 2002 by SITC); reporter=HR, product=TOTAL, flow=2 EXPORT, indicators=VALUE_EUR, freq=A, time=2025; regional aggregate = sum of individual partner-country values (mapping in _regions_build.py); denominator = n/a (level, partner=WORLD)",2026-08-06
HRV,2025,European Union (EU27),export share,66.4277,% of total exports,"Eurostat COMEXT ds-059331 (International trade of EU and non-EU countries since 2002 by SITC); reporter=HR, product=TOTAL, flow=2 EXPORT, indicators=VALUE_EUR, freq=A, time=2025; regional aggregate = sum of individual partner-country values (mapping in _regions_build.py); denominator = partner=WORLD total exports",2026-08-06
HRV,2025,Rest of Europe (non-EU27),export share,25.7621,% of total exports,"Eurostat COMEXT ds-059331 (International trade of EU and non-EU countries since 2002 by SITC); reporter=HR, product=TOTAL, flow=2 EXPORT, indicators=VALUE_EUR, freq=A, time=2025; regional aggregate = sum of individual partner-country values (mapping in _regions_build.py); denominator = partner=WORLD total exports",2026-08-06
HRV,2025,Asia (excl. Middle East),export share,1.7622,% of total exports,"Eurostat COMEXT ds-059331 (International trade of EU and non-EU countries since 2002 by SITC); reporter=HR, product=TOTAL, flow=2 EXPORT, indicators=VALUE_EUR, freq=A, time=2025; regional aggregate = sum of individual partner-country values (mapping in _regions_build.py); denominator = partner=WORLD total exports",2026-08-06
HRV,2025,Middle East,export share,1.4318,% of total exports,"Eurostat COMEXT ds-059331 (International trade of EU and non-EU countries since 2002 by SITC); reporter=HR, product=TOTAL, flow=2 EXPORT, indicators=VALUE_EUR, freq=A, time=2025; regional aggregate = sum of individual partner-country values (mapping in _regions_build.py); denominator = partner=WORLD total exports",2026-08-06
HRV,2025,Africa,export share,0.9007,% of total exports,"Eurostat COMEXT ds-059331 (International trade of EU and non-EU countries since 2002 by SITC); reporter=HR, product=TOTAL, flow=2 EXPORT, indicators=VALUE_EUR, freq=A, time=2025; regional aggregate = sum of individual partner-country values (mapping in _regions_build.py); denominator = partner=WORLD total exports",2026-08-06
HRV,2025,North America,export share,3.1575,% of total exports,"Eurostat COMEXT ds-059331 (International trade of EU and non-EU countries since 2002 by SITC); reporter=HR, product=TOTAL, flow=2 EXPORT, indicators=VALUE_EUR, freq=A, time=2025; regional aggregate = sum of individual partner-country values (mapping in _regions_build.py); denominator = partner=WORLD total exports",2026-08-06
HRV,2025,Latin America & Caribbean,export share,0.2075,% of total exports,"Eurostat COMEXT ds-059331 (International trade of EU and non-EU countries since 2002 by SITC); reporter=HR, product=TOTAL, flow=2 EXPORT, indicators=VALUE_EUR, freq=A, time=2025; regional aggregate = sum of individual partner-country values (mapping in _regions_build.py); denominator = partner=WORLD total exports",2026-08-06
HRV,2025,Oceania & polar regions,export share,0.1925,% of total exports,"Eurostat COMEXT ds-059331 (International trade of EU and non-EU countries since 2002 by SITC); reporter=HR, product=TOTAL, flow=2 EXPORT, indicators=VALUE_EUR, freq=A, time=2025; regional aggregate = sum of individual partner-country values (mapping in _regions_build.py); denominator = partner=WORLD total exports",2026-08-06
HRV,2025,Other / unallocated,export share,0.158,% of total exports,"Eurostat COMEXT ds-059331 (International trade of EU and non-EU countries since 2002 by SITC); reporter=HR, product=TOTAL, flow=2 EXPORT, indicators=VALUE_EUR, freq=A, time=2025; regional aggregate = sum of individual partner-country values (mapping in _regions_build.py); denominator = partner=WORLD total exports",2026-08-06
HRV,2025,Rest of Europe (non-EU27),export share,76.736,% of extra-EU27 exports,"Eurostat COMEXT ds-059331 (International trade of EU and non-EU countries since 2002 by SITC); reporter=HR, product=TOTAL, flow=2 EXPORT, indicators=VALUE_EUR, freq=A, time=2025; regional aggregate = sum of individual partner-country values (mapping in _regions_build.py); denominator = total exports minus exports to the 27 EU member states",2026-08-06
HRV,2025,Asia (excl. Middle East),export share,5.249,% of extra-EU27 exports,"Eurostat COMEXT ds-059331 (International trade of EU and non-EU countries since 2002 by SITC); reporter=HR, product=TOTAL, flow=2 EXPORT, indicators=VALUE_EUR, freq=A, time=2025; regional aggregate = sum of individual partner-country values (mapping in _regions_build.py); denominator = total exports minus exports to the 27 EU member states",2026-08-06
HRV,2025,Middle East,export share,4.2649,% of extra-EU27 exports,"Eurostat COMEXT ds-059331 (International trade of EU and non-EU countries since 2002 by SITC); reporter=HR, product=TOTAL, flow=2 EXPORT, indicators=VALUE_EUR, freq=A, time=2025; regional aggregate = sum of individual partner-country values (mapping in _regions_build.py); denominator = total exports minus exports to the 27 EU member states",2026-08-06
HRV,2025,Africa,export share,2.683,% of extra-EU27 exports,"Eurostat COMEXT ds-059331 (International trade of EU and non-EU countries since 2002 by SITC); reporter=HR, product=TOTAL, flow=2 EXPORT, indicators=VALUE_EUR, freq=A, time=2025; regional aggregate = sum of individual partner-country values (mapping in _regions_build.py); denominator = total exports minus exports to the 27 EU member states",2026-08-06
HRV,2025,North America,export share,9.405,% of extra-EU27 exports,"Eurostat COMEXT ds-059331 (International trade of EU and non-EU countries since 2002 by SITC); reporter=HR, product=TOTAL, flow=2 EXPORT, indicators=VALUE_EUR, freq=A, time=2025; regional aggregate = sum of individual partner-country values (mapping in _regions_build.py); denominator = total exports minus exports to the 27 EU member states",2026-08-06
HRV,2025,Latin America & Caribbean,export share,0.6182,% of extra-EU27 exports,"Eurostat COMEXT ds-059331 (International trade of EU and non-EU countries since 2002 by SITC); reporter=HR, product=TOTAL, flow=2 EXPORT, indicators=VALUE_EUR, freq=A, time=2025; regional aggregate = sum of individual partner-country values (mapping in _regions_build.py); denominator = total exports minus exports to the 27 EU member states",2026-08-06
HRV,2025,Oceania & polar regions,export share,0.5734,% of extra-EU27 exports,"Eurostat COMEXT ds-059331 (International trade of EU and non-EU countries since 2002 by SITC); reporter=HR, product=TOTAL, flow=2 EXPORT, indicators=VALUE_EUR, freq=A, time=2025; regional aggregate = sum of individual partner-country values (mapping in _regions_build.py); denominator = total exports minus exports to the 27 EU member states",2026-08-06
HRV,2025,Other / unallocated,export share,0.4705,% of extra-EU27 exports,"Eurostat COMEXT ds-059331 (International trade of EU and non-EU countries since 2002 by SITC); reporter=HR, product=TOTAL, flow=2 EXPORT, indicators=VALUE_EUR, freq=A, time=2025; regional aggregate = sum of individual partner-country values (mapping in _regions_build.py); denominator = total exports minus exports to the 27 EU member states",2026-08-06
HUN,2025,World,total exports,149695237286,EUR,"Eurostat COMEXT ds-059331 (International trade of EU and non-EU countries since 2002 by SITC); reporter=HU, product=TOTAL, flow=2 EXPORT, indicators=VALUE_EUR, freq=A, time=2025; regional aggregate = sum of individual partner-country values (mapping in _regions_build.py); denominator = n/a (level, partner=WORLD)",2026-08-06
HUN,2025,European Union (EU27),export share,73.9792,% of total exports,"Eurostat COMEXT ds-059331 (International trade of EU and non-EU countries since 2002 by SITC); reporter=HU, product=TOTAL, flow=2 EXPORT, indicators=VALUE_EUR, freq=A, time=2025; regional aggregate = sum of individual partner-country values (mapping in _regions_build.py); denominator = partner=WORLD total exports",2026-08-06
HUN,2025,Rest of Europe (non-EU27),export share,12.6409,% of total exports,"Eurostat COMEXT ds-059331 (International trade of EU and non-EU countries since 2002 by SITC); reporter=HU, product=TOTAL, flow=2 EXPORT, indicators=VALUE_EUR, freq=A, time=2025; regional aggregate = sum of individual partner-country values (mapping in _regions_build.py); denominator = partner=WORLD total exports",2026-08-06
HUN,2025,Asia (excl. Middle East),export share,4.266,% of total exports,"Eurostat COMEXT ds-059331 (International trade of EU and non-EU countries since 2002 by SITC); reporter=HU, product=TOTAL, flow=2 EXPORT, indicators=VALUE_EUR, freq=A, time=2025; regional aggregate = sum of individual partner-country values (mapping in _regions_build.py); denominator = partner=WORLD total exports",2026-08-06
HUN,2025,Middle East,export share,0.971,% of total exports,"Eurostat COMEXT ds-059331 (International trade of EU and non-EU countries since 2002 by SITC); reporter=HU, product=TOTAL, flow=2 EXPORT, indicators=VALUE_EUR, freq=A, time=2025; regional aggregate = sum of individual partner-country values (mapping in _regions_build.py); denominator = partner=WORLD total exports",2026-08-06
HUN,2025,Africa,export share,0.8157,% of total exports,"Eurostat COMEXT ds-059331 (International trade of EU and non-EU countries since 2002 by SITC); reporter=HU, product=TOTAL, flow=2 EXPORT, indicators=VALUE_EUR, freq=A, time=2025; regional aggregate = sum of individual partner-country values (mapping in _regions_build.py); denominator = partner=WORLD total exports",2026-08-06
HUN,2025,North America,export share,4.1391,% of total exports,"Eurostat COMEXT ds-059331 (International trade of EU and non-EU countries since 2002 by SITC); reporter=HU, product=TOTAL, flow=2 EXPORT, indicators=VALUE_EUR, freq=A, time=2025; regional aggregate = sum of individual partner-country values (mapping in _regions_build.py); denominator = partner=WORLD total exports",2026-08-06
HUN,2025,Latin America & Caribbean,export share,1.4273,% of total exports,"Eurostat COMEXT ds-059331 (International trade of EU and non-EU countries since 2002 by SITC); reporter=HU, product=TOTAL, flow=2 EXPORT, indicators=VALUE_EUR, freq=A, time=2025; regional aggregate = sum of individual partner-country values (mapping in _regions_build.py); denominator = partner=WORLD total exports",2026-08-06
HUN,2025,Oceania & polar regions,export share,0.4967,% of total exports,"Eurostat COMEXT ds-059331 (International trade of EU and non-EU countries since 2002 by SITC); reporter=HU, product=TOTAL, flow=2 EXPORT, indicators=VALUE_EUR, freq=A, time=2025; regional aggregate = sum of individual partner-country values (mapping in _regions_build.py); denominator = partner=WORLD total exports",2026-08-06
HUN,2025,Other / unallocated,export share,1.2641,% of total exports,"Eurostat COMEXT ds-059331 (International trade of EU and non-EU countries since 2002 by SITC); reporter=HU, product=TOTAL, flow=2 EXPORT, indicators=VALUE_EUR, freq=A, time=2025; regional aggregate = sum of individual partner-country values (mapping in _regions_build.py); denominator = partner=WORLD total exports",2026-08-06
HUN,2025,Rest of Europe (non-EU27),export share,48.5799,% of extra-EU27 exports,"Eurostat COMEXT ds-059331 (International trade of EU and non-EU countries since 2002 by SITC); reporter=HU, product=TOTAL, flow=2 EXPORT, indicators=VALUE_EUR, freq=A, time=2025; regional aggregate = sum of individual partner-country values (mapping in _regions_build.py); denominator = total exports minus exports to the 27 EU member states",2026-08-06
HUN,2025,Asia (excl. Middle East),export share,16.3947,% of extra-EU27 exports,"Eurostat COMEXT ds-059331 (International trade of EU and non-EU countries since 2002 by SITC); reporter=HU, product=TOTAL, flow=2 EXPORT, indicators=VALUE_EUR, freq=A, time=2025; regional aggregate = sum of individual partner-country values (mapping in _regions_build.py); denominator = total exports minus exports to the 27 EU member states",2026-08-06
HUN,2025,Middle East,export share,3.7316,% of extra-EU27 exports,"Eurostat COMEXT ds-059331 (International trade of EU and non-EU countries since 2002 by SITC); reporter=HU, product=TOTAL, flow=2 EXPORT, indicators=VALUE_EUR, freq=A, time=2025; regional aggregate = sum of individual partner-country values (mapping in _regions_build.py); denominator = total exports minus exports to the 27 EU member states",2026-08-06
HUN,2025,Africa,export share,3.1348,% of extra-EU27 exports,"Eurostat COMEXT ds-059331 (International trade of EU and non-EU countries since 2002 by SITC); reporter=HU, product=TOTAL, flow=2 EXPORT, indicators=VALUE_EUR, freq=A, time=2025; regional aggregate = sum of individual partner-country values (mapping in _regions_build.py); denominator = total exports minus exports to the 27 EU member states",2026-08-06
HUN,2025,North America,export share,15.9067,% of extra-EU27 exports,"Eurostat COMEXT ds-059331 (International trade of EU and non-EU countries since 2002 by SITC); reporter=HU, product=TOTAL, flow=2 EXPORT, indicators=VALUE_EUR, freq=A, time=2025; regional aggregate = sum of individual partner-country values (mapping in _regions_build.py); denominator = total exports minus exports to the 27 EU member states",2026-08-06
HUN,2025,Latin America & Caribbean,export share,5.4852,% of extra-EU27 exports,"Eurostat COMEXT ds-059331 (International trade of EU and non-EU countries since 2002 by SITC); reporter=HU, product=TOTAL, flow=2 EXPORT, indicators=VALUE_EUR, freq=A, time=2025; regional aggregate = sum of individual partner-country values (mapping in _regions_build.py); denominator = total exports minus exports to the 27 EU member states",2026-08-06
HUN,2025,Oceania & polar regions,export share,1.909,% of extra-EU27 exports,"Eurostat COMEXT ds-059331 (International trade of EU and non-EU countries since 2002 by SITC); reporter=HU, product=TOTAL, flow=2 EXPORT, indicators=VALUE_EUR, freq=A, time=2025; regional aggregate = sum of individual partner-country values (mapping in _regions_build.py); denominator = total exports minus exports to the 27 EU member states",2026-08-06
HUN,2025,Other / unallocated,export share,4.858,% of extra-EU27 exports,"Eurostat COMEXT ds-059331 (International trade of EU and non-EU countries since 2002 by SITC); reporter=HU, product=TOTAL, flow=2 EXPORT, indicators=VALUE_EUR, freq=A, time=2025; regional aggregate = sum of individual partner-country values (mapping in _regions_build.py); denominator = total exports minus exports to the 27 EU member states",2026-08-06
IRL,2025,World,total exports,258533645266,EUR,"Eurostat COMEXT ds-059331 (International trade of EU and non-EU countries since 2002 by SITC); reporter=IE, product=TOTAL, flow=2 EXPORT, indicators=VALUE_EUR, freq=A, time=2025; regional aggregate = sum of individual partner-country values (mapping in _regions_build.py); denominator = n/a (level, partner=WORLD)",2026-08-06
IRL,2025,European Union (EU27),export share,33.2784,% of total exports,"Eurostat COMEXT ds-059331 (International trade of EU and non-EU countries since 2002 by SITC); reporter=IE, product=TOTAL, flow=2 EXPORT, indicators=VALUE_EUR, freq=A, time=2025; regional aggregate = sum of individual partner-country values (mapping in _regions_build.py); denominator = partner=WORLD total exports",2026-08-06
IRL,2025,Rest of Europe (non-EU27),export share,10.0417,% of total exports,"Eurostat COMEXT ds-059331 (International trade of EU and non-EU countries since 2002 by SITC); reporter=IE, product=TOTAL, flow=2 EXPORT, indicators=VALUE_EUR, freq=A, time=2025; regional aggregate = sum of individual partner-country values (mapping in _regions_build.py); denominator = partner=WORLD total exports",2026-08-06
IRL,2025,Asia (excl. Middle East),export share,7.6273,% of total exports,"Eurostat COMEXT ds-059331 (International trade of EU and non-EU countries since 2002 by SITC); reporter=IE, product=TOTAL, flow=2 EXPORT, indicators=VALUE_EUR, freq=A, time=2025; regional aggregate = sum of individual partner-country values (mapping in _regions_build.py); denominator = partner=WORLD total exports",2026-08-06
IRL,2025,Middle East,export share,1.473,% of total exports,"Eurostat COMEXT ds-059331 (International trade of EU and non-EU countries since 2002 by SITC); reporter=IE, product=TOTAL, flow=2 EXPORT, indicators=VALUE_EUR, freq=A, time=2025; regional aggregate = sum of individual partner-country values (mapping in _regions_build.py); denominator = partner=WORLD total exports",2026-08-06
IRL,2025,Africa,export share,0.7507,% of total exports,"Eurostat COMEXT ds-059331 (International trade of EU and non-EU countries since 2002 by SITC); reporter=IE, product=TOTAL, flow=2 EXPORT, indicators=VALUE_EUR, freq=A, time=2025; regional aggregate = sum of individual partner-country values (mapping in _regions_build.py); denominator = partner=WORLD total exports",2026-08-06
IRL,2025,North America,export share,44.0035,% of total exports,"Eurostat COMEXT ds-059331 (International trade of EU and non-EU countries since 2002 by SITC); reporter=IE, product=TOTAL, flow=2 EXPORT, indicators=VALUE_EUR, freq=A, time=2025; regional aggregate = sum of individual partner-country values (mapping in _regions_build.py); denominator = partner=WORLD total exports",2026-08-06
IRL,2025,Latin America & Caribbean,export share,2.0712,% of total exports,"Eurostat COMEXT ds-059331 (International trade of EU and non-EU countries since 2002 by SITC); reporter=IE, product=TOTAL, flow=2 EXPORT, indicators=VALUE_EUR, freq=A, time=2025; regional aggregate = sum of individual partner-country values (mapping in _regions_build.py); denominator = partner=WORLD total exports",2026-08-06
IRL,2025,Oceania & polar regions,export share,0.4144,% of total exports,"Eurostat COMEXT ds-059331 (International trade of EU and non-EU countries since 2002 by SITC); reporter=IE, product=TOTAL, flow=2 EXPORT, indicators=VALUE_EUR, freq=A, time=2025; regional aggregate = sum of individual partner-country values (mapping in _regions_build.py); denominator = partner=WORLD total exports",2026-08-06
IRL,2025,Other / unallocated,export share,0.3397,% of total exports,"Eurostat COMEXT ds-059331 (International trade of EU and non-EU countries since 2002 by SITC); reporter=IE, product=TOTAL, flow=2 EXPORT, indicators=VALUE_EUR, freq=A, time=2025; regional aggregate = sum of individual partner-country values (mapping in _regions_build.py); denominator = partner=WORLD total exports",2026-08-06
IRL,2025,Rest of Europe (non-EU27),export share,15.0502,% of extra-EU27 exports,"Eurostat COMEXT ds-059331 (International trade of EU and non-EU countries since 2002 by SITC); reporter=IE, product=TOTAL, flow=2 EXPORT, indicators=VALUE_EUR, freq=A, time=2025; regional aggregate = sum of individual partner-country values (mapping in _regions_build.py); denominator = total exports minus exports to the 27 EU member states",2026-08-06
IRL,2025,Asia (excl. Middle East),export share,11.4316,% of extra-EU27 exports,"Eurostat COMEXT ds-059331 (International trade of EU and non-EU countries since 2002 by SITC); reporter=IE, product=TOTAL, flow=2 EXPORT, indicators=VALUE_EUR, freq=A, time=2025; regional aggregate = sum of individual partner-country values (mapping in _regions_build.py); denominator = total exports minus exports to the 27 EU member states",2026-08-06
IRL,2025,Middle East,export share,2.2076,% of extra-EU27 exports,"Eurostat COMEXT ds-059331 (International trade of EU and non-EU countries since 2002 by SITC); reporter=IE, product=TOTAL, flow=2 EXPORT, indicators=VALUE_EUR, freq=A, time=2025; regional aggregate = sum of individual partner-country values (mapping in _regions_build.py); denominator = total exports minus exports to the 27 EU member states",2026-08-06
IRL,2025,Africa,export share,1.1252,% of extra-EU27 exports,"Eurostat COMEXT ds-059331 (International trade of EU and non-EU countries since 2002 by SITC); reporter=IE, product=TOTAL, flow=2 EXPORT, indicators=VALUE_EUR, freq=A, time=2025; regional aggregate = sum of individual partner-country values (mapping in _regions_build.py); denominator = total exports minus exports to the 27 EU member states",2026-08-06
IRL,2025,North America,export share,65.951,% of extra-EU27 exports,"Eurostat COMEXT ds-059331 (International trade of EU and non-EU countries since 2002 by SITC); reporter=IE, product=TOTAL, flow=2 EXPORT, indicators=VALUE_EUR, freq=A, time=2025; regional aggregate = sum of individual partner-country values (mapping in _regions_build.py); denominator = total exports minus exports to the 27 EU member states",2026-08-06
IRL,2025,Latin America & Caribbean,export share,3.1042,% of extra-EU27 exports,"Eurostat COMEXT ds-059331 (International trade of EU and non-EU countries since 2002 by SITC); reporter=IE, product=TOTAL, flow=2 EXPORT, indicators=VALUE_EUR, freq=A, time=2025; regional aggregate = sum of individual partner-country values (mapping in _regions_build.py); denominator = total exports minus exports to the 27 EU member states",2026-08-06
IRL,2025,Oceania & polar regions,export share,0.6211,% of extra-EU27 exports,"Eurostat COMEXT ds-059331 (International trade of EU and non-EU countries since 2002 by SITC); reporter=IE, product=TOTAL, flow=2 EXPORT, indicators=VALUE_EUR, freq=A, time=2025; regional aggregate = sum of individual partner-country values (mapping in _regions_build.py); denominator = total exports minus exports to the 27 EU member states",2026-08-06
IRL,2025,Other / unallocated,export share,0.5092,% of extra-EU27 exports,"Eurostat COMEXT ds-059331 (International trade of EU and non-EU countries since 2002 by SITC); reporter=IE, product=TOTAL, flow=2 EXPORT, indicators=VALUE_EUR, freq=A, time=2025; regional aggregate = sum of individual partner-country values (mapping in _regions_build.py); denominator = total exports minus exports to the 27 EU member states",2026-08-06
ISL,2025,World,total exports,6379825088,EUR,"Eurostat COMEXT ds-059331 (International trade of EU and non-EU countries since 2002 by SITC); reporter=IS, product=TOTAL, flow=2 EXPORT, indicators=VALUE_EUR, freq=A, time=2025; regional aggregate = sum of individual partner-country values (mapping in _regions_build.py); denominator = n/a (level, partner=WORLD)",2026-08-06
ISL,2025,European Union (EU27),export share,66.5245,% of total exports,"Eurostat COMEXT ds-059331 (International trade of EU and non-EU countries since 2002 by SITC); reporter=IS, product=TOTAL, flow=2 EXPORT, indicators=VALUE_EUR, freq=A, time=2025; regional aggregate = sum of individual partner-country values (mapping in _regions_build.py); denominator = partner=WORLD total exports",2026-08-06
ISL,2025,Rest of Europe (non-EU27),export share,15.9401,% of total exports,"Eurostat COMEXT ds-059331 (International trade of EU and non-EU countries since 2002 by SITC); reporter=IS, product=TOTAL, flow=2 EXPORT, indicators=VALUE_EUR, freq=A, time=2025; regional aggregate = sum of individual partner-country values (mapping in _regions_build.py); denominator = partner=WORLD total exports",2026-08-06
ISL,2025,Asia (excl. Middle East),export share,4.7635,% of total exports,"Eurostat COMEXT ds-059331 (International trade of EU and non-EU countries since 2002 by SITC); reporter=IS, product=TOTAL, flow=2 EXPORT, indicators=VALUE_EUR, freq=A, time=2025; regional aggregate = sum of individual partner-country values (mapping in _regions_build.py); denominator = partner=WORLD total exports",2026-08-06
ISL,2025,Middle East,export share,0.1136,% of total exports,"Eurostat COMEXT ds-059331 (International trade of EU and non-EU countries since 2002 by SITC); reporter=IS, product=TOTAL, flow=2 EXPORT, indicators=VALUE_EUR, freq=A, time=2025; regional aggregate = sum of individual partner-country values (mapping in _regions_build.py); denominator = partner=WORLD total exports",2026-08-06
ISL,2025,Africa,export share,1.089,% of total exports,"Eurostat COMEXT ds-059331 (International trade of EU and non-EU countries since 2002 by SITC); reporter=IS, product=TOTAL, flow=2 EXPORT, indicators=VALUE_EUR, freq=A, time=2025; regional aggregate = sum of individual partner-country values (mapping in _regions_build.py); denominator = partner=WORLD total exports",2026-08-06
ISL,2025,North America,export share,10.5895,% of total exports,"Eurostat COMEXT ds-059331 (International trade of EU and non-EU countries since 2002 by SITC); reporter=IS, product=TOTAL, flow=2 EXPORT, indicators=VALUE_EUR, freq=A, time=2025; regional aggregate = sum of individual partner-country values (mapping in _regions_build.py); denominator = partner=WORLD total exports",2026-08-06
ISL,2025,Latin America & Caribbean,export share,0.4589,% of total exports,"Eurostat COMEXT ds-059331 (International trade of EU and non-EU countries since 2002 by SITC); reporter=IS, product=TOTAL, flow=2 EXPORT, indicators=VALUE_EUR, freq=A, time=2025; regional aggregate = sum of individual partner-country values (mapping in _regions_build.py); denominator = partner=WORLD total exports",2026-08-06
ISL,2025,Oceania & polar regions,export share,0.5208,% of total exports,"Eurostat COMEXT ds-059331 (International trade of EU and non-EU countries since 2002 by SITC); reporter=IS, product=TOTAL, flow=2 EXPORT, indicators=VALUE_EUR, freq=A, time=2025; regional aggregate = sum of individual partner-country values (mapping in _regions_build.py); denominator = partner=WORLD total exports",2026-08-06
ISL,2025,Other / unallocated,export share,0.0,% of total exports,"Eurostat COMEXT ds-059331 (International trade of EU and non-EU countries since 2002 by SITC); reporter=IS, product=TOTAL, flow=2 EXPORT, indicators=VALUE_EUR, freq=A, time=2025; regional aggregate = sum of individual partner-country values (mapping in _regions_build.py); denominator = partner=WORLD total exports",2026-08-06
ISL,2025,Rest of Europe (non-EU27),export share,47.6174,% of extra-EU27 exports,"Eurostat COMEXT ds-059331 (International trade of EU and non-EU countries since 2002 by SITC); reporter=IS, product=TOTAL, flow=2 EXPORT, indicators=VALUE_EUR, freq=A, time=2025; regional aggregate = sum of individual partner-country values (mapping in _regions_build.py); denominator = total exports minus exports to the 27 EU member states",2026-08-06
ISL,2025,Asia (excl. Middle East),export share,14.2299,% of extra-EU27 exports,"Eurostat COMEXT ds-059331 (International trade of EU and non-EU countries since 2002 by SITC); reporter=IS, product=TOTAL, flow=2 EXPORT, indicators=VALUE_EUR, freq=A, time=2025; regional aggregate = sum of individual partner-country values (mapping in _regions_build.py); denominator = total exports minus exports to the 27 EU member states",2026-08-06
ISL,2025,Middle East,export share,0.3393,% of extra-EU27 exports,"Eurostat COMEXT ds-059331 (International trade of EU and non-EU countries since 2002 by SITC); reporter=IS, product=TOTAL, flow=2 EXPORT, indicators=VALUE_EUR, freq=A, time=2025; regional aggregate = sum of individual partner-country values (mapping in _regions_build.py); denominator = total exports minus exports to the 27 EU member states",2026-08-06
ISL,2025,Africa,export share,3.2531,% of extra-EU27 exports,"Eurostat COMEXT ds-059331 (International trade of EU and non-EU countries since 2002 by SITC); reporter=IS, product=TOTAL, flow=2 EXPORT, indicators=VALUE_EUR, freq=A, time=2025; regional aggregate = sum of individual partner-country values (mapping in _regions_build.py); denominator = total exports minus exports to the 27 EU member states",2026-08-06
ISL,2025,North America,export share,31.6335,% of extra-EU27 exports,"Eurostat COMEXT ds-059331 (International trade of EU and non-EU countries since 2002 by SITC); reporter=IS, product=TOTAL, flow=2 EXPORT, indicators=VALUE_EUR, freq=A, time=2025; regional aggregate = sum of individual partner-country values (mapping in _regions_build.py); denominator = total exports minus exports to the 27 EU member states",2026-08-06
ISL,2025,Latin America & Caribbean,export share,1.3709,% of extra-EU27 exports,"Eurostat COMEXT ds-059331 (International trade of EU and non-EU countries since 2002 by SITC); reporter=IS, product=TOTAL, flow=2 EXPORT, indicators=VALUE_EUR, freq=A, time=2025; regional aggregate = sum of individual partner-country values (mapping in _regions_build.py); denominator = total exports minus exports to the 27 EU member states",2026-08-06
ISL,2025,Oceania & polar regions,export share,1.5558,% of extra-EU27 exports,"Eurostat COMEXT ds-059331 (International trade of EU and non-EU countries since 2002 by SITC); reporter=IS, product=TOTAL, flow=2 EXPORT, indicators=VALUE_EUR, freq=A, time=2025; regional aggregate = sum of individual partner-country values (mapping in _regions_build.py); denominator = total exports minus exports to the 27 EU member states",2026-08-06
ISL,2025,Other / unallocated,export share,0.0,% of extra-EU27 exports,"Eurostat COMEXT ds-059331 (International trade of EU and non-EU countries since 2002 by SITC); reporter=IS, product=TOTAL, flow=2 EXPORT, indicators=VALUE_EUR, freq=A, time=2025; regional aggregate = sum of individual partner-country values (mapping in _regions_build.py); denominator = total exports minus exports to the 27 EU member states",2026-08-06
ITA,2025,World,total exports,643153265752,EUR,"Eurostat COMEXT ds-059331 (International trade of EU and non-EU countries since 2002 by SITC); reporter=IT, product=TOTAL, flow=2 EXPORT, indicators=VALUE_EUR, freq=A, time=2025; regional aggregate = sum of individual partner-country values (mapping in _regions_build.py); denominator = n/a (level, partner=WORLD)",2026-08-06
ITA,2025,European Union (EU27),export share,51.2894,% of total exports,"Eurostat COMEXT ds-059331 (International trade of EU and non-EU countries since 2002 by SITC); reporter=IT, product=TOTAL, flow=2 EXPORT, indicators=VALUE_EUR, freq=A, time=2025; regional aggregate = sum of individual partner-country values (mapping in _regions_build.py); denominator = partner=WORLD total exports",2026-08-06
ITA,2025,Rest of Europe (non-EU27),export share,14.6962,% of total exports,"Eurostat COMEXT ds-059331 (International trade of EU and non-EU countries since 2002 by SITC); reporter=IT, product=TOTAL, flow=2 EXPORT, indicators=VALUE_EUR, freq=A, time=2025; regional aggregate = sum of individual partner-country values (mapping in _regions_build.py); denominator = partner=WORLD total exports",2026-08-06
ITA,2025,Asia (excl. Middle East),export share,8.9726,% of total exports,"Eurostat COMEXT ds-059331 (International trade of EU and non-EU countries since 2002 by SITC); reporter=IT, product=TOTAL, flow=2 EXPORT, indicators=VALUE_EUR, freq=A, time=2025; regional aggregate = sum of individual partner-country values (mapping in _regions_build.py); denominator = partner=WORLD total exports",2026-08-06
ITA,2025,Middle East,export share,4.2082,% of total exports,"Eurostat COMEXT ds-059331 (International trade of EU and non-EU countries since 2002 by SITC); reporter=IT, product=TOTAL, flow=2 EXPORT, indicators=VALUE_EUR, freq=A, time=2025; regional aggregate = sum of individual partner-country values (mapping in _regions_build.py); denominator = partner=WORLD total exports",2026-08-06
ITA,2025,Africa,export share,3.1493,% of total exports,"Eurostat COMEXT ds-059331 (International trade of EU and non-EU countries since 2002 by SITC); reporter=IT, product=TOTAL, flow=2 EXPORT, indicators=VALUE_EUR, freq=A, time=2025; regional aggregate = sum of individual partner-country values (mapping in _regions_build.py); denominator = partner=WORLD total exports",2026-08-06
ITA,2025,North America,export share,11.8119,% of total exports,"Eurostat COMEXT ds-059331 (International trade of EU and non-EU countries since 2002 by SITC); reporter=IT, product=TOTAL, flow=2 EXPORT, indicators=VALUE_EUR, freq=A, time=2025; regional aggregate = sum of individual partner-country values (mapping in _regions_build.py); denominator = partner=WORLD total exports",2026-08-06
ITA,2025,Latin America & Caribbean,export share,3.1531,% of total exports,"Eurostat COMEXT ds-059331 (International trade of EU and non-EU countries since 2002 by SITC); reporter=IT, product=TOTAL, flow=2 EXPORT, indicators=VALUE_EUR, freq=A, time=2025; regional aggregate = sum of individual partner-country values (mapping in _regions_build.py); denominator = partner=WORLD total exports",2026-08-06
ITA,2025,Oceania & polar regions,export share,1.0124,% of total exports,"Eurostat COMEXT ds-059331 (International trade of EU and non-EU countries since 2002 by SITC); reporter=IT, product=TOTAL, flow=2 EXPORT, indicators=VALUE_EUR, freq=A, time=2025; regional aggregate = sum of individual partner-country values (mapping in _regions_build.py); denominator = partner=WORLD total exports",2026-08-06
ITA,2025,Other / unallocated,export share,1.7068,% of total exports,"Eurostat COMEXT ds-059331 (International trade of EU and non-EU countries since 2002 by SITC); reporter=IT, product=TOTAL, flow=2 EXPORT, indicators=VALUE_EUR, freq=A, time=2025; regional aggregate = sum of individual partner-country values (mapping in _regions_build.py); denominator = partner=WORLD total exports",2026-08-06
ITA,2025,Rest of Europe (non-EU27),export share,30.1704,% of extra-EU27 exports,"Eurostat COMEXT ds-059331 (International trade of EU and non-EU countries since 2002 by SITC); reporter=IT, product=TOTAL, flow=2 EXPORT, indicators=VALUE_EUR, freq=A, time=2025; regional aggregate = sum of individual partner-country values (mapping in _regions_build.py); denominator = total exports minus exports to the 27 EU member states",2026-08-06
ITA,2025,Asia (excl. Middle East),export share,18.4203,% of extra-EU27 exports,"Eurostat COMEXT ds-059331 (International trade of EU and non-EU countries since 2002 by SITC); reporter=IT, product=TOTAL, flow=2 EXPORT, indicators=VALUE_EUR, freq=A, time=2025; regional aggregate = sum of individual partner-country values (mapping in _regions_build.py); denominator = total exports minus exports to the 27 EU member states",2026-08-06
ITA,2025,Middle East,export share,8.6391,% of extra-EU27 exports,"Eurostat COMEXT ds-059331 (International trade of EU and non-EU countries since 2002 by SITC); reporter=IT, product=TOTAL, flow=2 EXPORT, indicators=VALUE_EUR, freq=A, time=2025; regional aggregate = sum of individual partner-country values (mapping in _regions_build.py); denominator = total exports minus exports to the 27 EU member states",2026-08-06
ITA,2025,Africa,export share,6.4654,% of extra-EU27 exports,"Eurostat COMEXT ds-059331 (International trade of EU and non-EU countries since 2002 by SITC); reporter=IT, product=TOTAL, flow=2 EXPORT, indicators=VALUE_EUR, freq=A, time=2025; regional aggregate = sum of individual partner-country values (mapping in _regions_build.py); denominator = total exports minus exports to the 27 EU member states",2026-08-06
ITA,2025,North America,export share,24.2492,% of extra-EU27 exports,"Eurostat COMEXT ds-059331 (International trade of EU and non-EU countries since 2002 by SITC); reporter=IT, product=TOTAL, flow=2 EXPORT, indicators=VALUE_EUR, freq=A, time=2025; regional aggregate = sum of individual partner-country values (mapping in _regions_build.py); denominator = total exports minus exports to the 27 EU member states",2026-08-06
ITA,2025,Latin America & Caribbean,export share,6.4732,% of extra-EU27 exports,"Eurostat COMEXT ds-059331 (International trade of EU and non-EU countries since 2002 by SITC); reporter=IT, product=TOTAL, flow=2 EXPORT, indicators=VALUE_EUR, freq=A, time=2025; regional aggregate = sum of individual partner-country values (mapping in _regions_build.py); denominator = total exports minus exports to the 27 EU member states",2026-08-06
ITA,2025,Oceania & polar regions,export share,2.0784,% of extra-EU27 exports,"Eurostat COMEXT ds-059331 (International trade of EU and non-EU countries since 2002 by SITC); reporter=IT, product=TOTAL, flow=2 EXPORT, indicators=VALUE_EUR, freq=A, time=2025; regional aggregate = sum of individual partner-country values (mapping in _regions_build.py); denominator = total exports minus exports to the 27 EU member states",2026-08-06
ITA,2025,Other / unallocated,export share,3.5039,% of extra-EU27 exports,"Eurostat COMEXT ds-059331 (International trade of EU and non-EU countries since 2002 by SITC); reporter=IT, product=TOTAL, flow=2 EXPORT, indicators=VALUE_EUR, freq=A, time=2025; regional aggregate = sum of individual partner-country values (mapping in _regions_build.py); denominator = total exports minus exports to the 27 EU member states",2026-08-06
LTU,2025,World,total exports,36865676710,EUR,"Eurostat COMEXT ds-059331 (International trade of EU and non-EU countries since 2002 by SITC); reporter=LT, product=TOTAL, flow=2 EXPORT, indicators=VALUE_EUR, freq=A, time=2025; regional aggregate = sum of individual partner-country values (mapping in _regions_build.py); denominator = n/a (level, partner=WORLD)",2026-08-06
LTU,2025,European Union (EU27),export share,69.3133,% of total exports,"Eurostat COMEXT ds-059331 (International trade of EU and non-EU countries since 2002 by SITC); reporter=LT, product=TOTAL, flow=2 EXPORT, indicators=VALUE_EUR, freq=A, time=2025; regional aggregate = sum of individual partner-country values (mapping in _regions_build.py); denominator = partner=WORLD total exports",2026-08-06
LTU,2025,Rest of Europe (non-EU27),export share,16.2993,% of total exports,"Eurostat COMEXT ds-059331 (International trade of EU and non-EU countries since 2002 by SITC); reporter=LT, product=TOTAL, flow=2 EXPORT, indicators=VALUE_EUR, freq=A, time=2025; regional aggregate = sum of individual partner-country values (mapping in _regions_build.py); denominator = partner=WORLD total exports",2026-08-06
LTU,2025,Asia (excl. Middle East),export share,4.0747,% of total exports,"Eurostat COMEXT ds-059331 (International trade of EU and non-EU countries since 2002 by SITC); reporter=LT, product=TOTAL, flow=2 EXPORT, indicators=VALUE_EUR, freq=A, time=2025; regional aggregate = sum of individual partner-country values (mapping in _regions_build.py); denominator = partner=WORLD total exports",2026-08-06
LTU,2025,Middle East,export share,1.1548,% of total exports,"Eurostat COMEXT ds-059331 (International trade of EU and non-EU countries since 2002 by SITC); reporter=LT, product=TOTAL, flow=2 EXPORT, indicators=VALUE_EUR, freq=A, time=2025; regional aggregate = sum of individual partner-country values (mapping in _regions_build.py); denominator = partner=WORLD total exports",2026-08-06
LTU,2025,Africa,export share,2.5084,% of total exports,"Eurostat COMEXT ds-059331 (International trade of EU and non-EU countries since 2002 by SITC); reporter=LT, product=TOTAL, flow=2 EXPORT, indicators=VALUE_EUR, freq=A, time=2025; regional aggregate = sum of individual partner-country values (mapping in _regions_build.py); denominator = partner=WORLD total exports",2026-08-06
LTU,2025,North America,export share,5.2111,% of total exports,"Eurostat COMEXT ds-059331 (International trade of EU and non-EU countries since 2002 by SITC); reporter=LT, product=TOTAL, flow=2 EXPORT, indicators=VALUE_EUR, freq=A, time=2025; regional aggregate = sum of individual partner-country values (mapping in _regions_build.py); denominator = partner=WORLD total exports",2026-08-06
LTU,2025,Latin America & Caribbean,export share,0.6536,% of total exports,"Eurostat COMEXT ds-059331 (International trade of EU and non-EU countries since 2002 by SITC); reporter=LT, product=TOTAL, flow=2 EXPORT, indicators=VALUE_EUR, freq=A, time=2025; regional aggregate = sum of individual partner-country values (mapping in _regions_build.py); denominator = partner=WORLD total exports",2026-08-06
LTU,2025,Oceania & polar regions,export share,0.3718,% of total exports,"Eurostat COMEXT ds-059331 (International trade of EU and non-EU countries since 2002 by SITC); reporter=LT, product=TOTAL, flow=2 EXPORT, indicators=VALUE_EUR, freq=A, time=2025; regional aggregate = sum of individual partner-country values (mapping in _regions_build.py); denominator = partner=WORLD total exports",2026-08-06
LTU,2025,Other / unallocated,export share,0.413,% of total exports,"Eurostat COMEXT ds-059331 (International trade of EU and non-EU countries since 2002 by SITC); reporter=LT, product=TOTAL, flow=2 EXPORT, indicators=VALUE_EUR, freq=A, time=2025; regional aggregate = sum of individual partner-country values (mapping in _regions_build.py); denominator = partner=WORLD total exports",2026-08-06
LTU,2025,Rest of Europe (non-EU27),export share,53.1152,% of extra-EU27 exports,"Eurostat COMEXT ds-059331 (International trade of EU and non-EU countries since 2002 by SITC); reporter=LT, product=TOTAL, flow=2 EXPORT, indicators=VALUE_EUR, freq=A, time=2025; regional aggregate = sum of individual partner-country values (mapping in _regions_build.py); denominator = total exports minus exports to the 27 EU member states",2026-08-06
LTU,2025,Asia (excl. Middle East),export share,13.2784,% of extra-EU27 exports,"Eurostat COMEXT ds-059331 (International trade of EU and non-EU countries since 2002 by SITC); reporter=LT, product=TOTAL, flow=2 EXPORT, indicators=VALUE_EUR, freq=A, time=2025; regional aggregate = sum of individual partner-country values (mapping in _regions_build.py); denominator = total exports minus exports to the 27 EU member states",2026-08-06
LTU,2025,Middle East,export share,3.7631,% of extra-EU27 exports,"Eurostat COMEXT ds-059331 (International trade of EU and non-EU countries since 2002 by SITC); reporter=LT, product=TOTAL, flow=2 EXPORT, indicators=VALUE_EUR, freq=A, time=2025; regional aggregate = sum of individual partner-country values (mapping in _regions_build.py); denominator = total exports minus exports to the 27 EU member states",2026-08-06
LTU,2025,Africa,export share,8.1744,% of extra-EU27 exports,"Eurostat COMEXT ds-059331 (International trade of EU and non-EU countries since 2002 by SITC); reporter=LT, product=TOTAL, flow=2 EXPORT, indicators=VALUE_EUR, freq=A, time=2025; regional aggregate = sum of individual partner-country values (mapping in _regions_build.py); denominator = total exports minus exports to the 27 EU member states",2026-08-06
LTU,2025,North America,export share,16.9818,% of extra-EU27 exports,"Eurostat COMEXT ds-059331 (International trade of EU and non-EU countries since 2002 by SITC); reporter=LT, product=TOTAL, flow=2 EXPORT, indicators=VALUE_EUR, freq=A, time=2025; regional aggregate = sum of individual partner-country values (mapping in _regions_build.py); denominator = total exports minus exports to the 27 EU member states",2026-08-06
LTU,2025,Latin America & Caribbean,export share,2.1298,% of extra-EU27 exports,"Eurostat COMEXT ds-059331 (International trade of EU and non-EU countries since 2002 by SITC); reporter=LT, product=TOTAL, flow=2 EXPORT, indicators=VALUE_EUR, freq=A, time=2025; regional aggregate = sum of individual partner-country values (mapping in _regions_build.py); denominator = total exports minus exports to the 27 EU member states",2026-08-06
LTU,2025,Oceania & polar regions,export share,1.2115,% of extra-EU27 exports,"Eurostat COMEXT ds-059331 (International trade of EU and non-EU countries since 2002 by SITC); reporter=LT, product=TOTAL, flow=2 EXPORT, indicators=VALUE_EUR, freq=A, time=2025; regional aggregate = sum of individual partner-country values (mapping in _regions_build.py); denominator = total exports minus exports to the 27 EU member states",2026-08-06
LTU,2025,Other / unallocated,export share,1.3458,% of extra-EU27 exports,"Eurostat COMEXT ds-059331 (International trade of EU and non-EU countries since 2002 by SITC); reporter=LT, product=TOTAL, flow=2 EXPORT, indicators=VALUE_EUR, freq=A, time=2025; regional aggregate = sum of individual partner-country values (mapping in _regions_build.py); denominator = total exports minus exports to the 27 EU member states",2026-08-06
LUX,2025,World,total exports,16253854136,EUR,"Eurostat COMEXT ds-059331 (International trade of EU and non-EU countries since 2002 by SITC); reporter=LU, product=TOTAL, flow=2 EXPORT, indicators=VALUE_EUR, freq=A, time=2025; regional aggregate = sum of individual partner-country values (mapping in _regions_build.py); denominator = n/a (level, partner=WORLD)",2026-08-06
LUX,2025,European Union (EU27),export share,81.873,% of total exports,"Eurostat COMEXT ds-059331 (International trade of EU and non-EU countries since 2002 by SITC); reporter=LU, product=TOTAL, flow=2 EXPORT, indicators=VALUE_EUR, freq=A, time=2025; regional aggregate = sum of individual partner-country values (mapping in _regions_build.py); denominator = partner=WORLD total exports",2026-08-06
LUX,2025,Rest of Europe (non-EU27),export share,5.709,% of total exports,"Eurostat COMEXT ds-059331 (International trade of EU and non-EU countries since 2002 by SITC); reporter=LU, product=TOTAL, flow=2 EXPORT, indicators=VALUE_EUR, freq=A, time=2025; regional aggregate = sum of individual partner-country values (mapping in _regions_build.py); denominator = partner=WORLD total exports",2026-08-06
LUX,2025,Asia (excl. Middle East),export share,4.0462,% of total exports,"Eurostat COMEXT ds-059331 (International trade of EU and non-EU countries since 2002 by SITC); reporter=LU, product=TOTAL, flow=2 EXPORT, indicators=VALUE_EUR, freq=A, time=2025; regional aggregate = sum of individual partner-country values (mapping in _regions_build.py); denominator = partner=WORLD total exports",2026-08-06
LUX,2025,Middle East,export share,0.684,% of total exports,"Eurostat COMEXT ds-059331 (International trade of EU and non-EU countries since 2002 by SITC); reporter=LU, product=TOTAL, flow=2 EXPORT, indicators=VALUE_EUR, freq=A, time=2025; regional aggregate = sum of individual partner-country values (mapping in _regions_build.py); denominator = partner=WORLD total exports",2026-08-06
LUX,2025,Africa,export share,1.212,% of total exports,"Eurostat COMEXT ds-059331 (International trade of EU and non-EU countries since 2002 by SITC); reporter=LU, product=TOTAL, flow=2 EXPORT, indicators=VALUE_EUR, freq=A, time=2025; regional aggregate = sum of individual partner-country values (mapping in _regions_build.py); denominator = partner=WORLD total exports",2026-08-06
LUX,2025,North America,export share,3.3803,% of total exports,"Eurostat COMEXT ds-059331 (International trade of EU and non-EU countries since 2002 by SITC); reporter=LU, product=TOTAL, flow=2 EXPORT, indicators=VALUE_EUR, freq=A, time=2025; regional aggregate = sum of individual partner-country values (mapping in _regions_build.py); denominator = partner=WORLD total exports",2026-08-06
LUX,2025,Latin America & Caribbean,export share,1.3915,% of total exports,"Eurostat COMEXT ds-059331 (International trade of EU and non-EU countries since 2002 by SITC); reporter=LU, product=TOTAL, flow=2 EXPORT, indicators=VALUE_EUR, freq=A, time=2025; regional aggregate = sum of individual partner-country values (mapping in _regions_build.py); denominator = partner=WORLD total exports",2026-08-06
LUX,2025,Oceania & polar regions,export share,0.1444,% of total exports,"Eurostat COMEXT ds-059331 (International trade of EU and non-EU countries since 2002 by SITC); reporter=LU, product=TOTAL, flow=2 EXPORT, indicators=VALUE_EUR, freq=A, time=2025; regional aggregate = sum of individual partner-country values (mapping in _regions_build.py); denominator = partner=WORLD total exports",2026-08-06
LUX,2025,Other / unallocated,export share,1.5598,% of total exports,"Eurostat COMEXT ds-059331 (International trade of EU and non-EU countries since 2002 by SITC); reporter=LU, product=TOTAL, flow=2 EXPORT, indicators=VALUE_EUR, freq=A, time=2025; regional aggregate = sum of individual partner-country values (mapping in _regions_build.py); denominator = partner=WORLD total exports",2026-08-06
LUX,2025,Rest of Europe (non-EU27),export share,31.4942,% of extra-EU27 exports,"Eurostat COMEXT ds-059331 (International trade of EU and non-EU countries since 2002 by SITC); reporter=LU, product=TOTAL, flow=2 EXPORT, indicators=VALUE_EUR, freq=A, time=2025; regional aggregate = sum of individual partner-country values (mapping in _regions_build.py); denominator = total exports minus exports to the 27 EU member states",2026-08-06
LUX,2025,Asia (excl. Middle East),export share,22.3211,% of extra-EU27 exports,"Eurostat COMEXT ds-059331 (International trade of EU and non-EU countries since 2002 by SITC); reporter=LU, product=TOTAL, flow=2 EXPORT, indicators=VALUE_EUR, freq=A, time=2025; regional aggregate = sum of individual partner-country values (mapping in _regions_build.py); denominator = total exports minus exports to the 27 EU member states",2026-08-06
LUX,2025,Middle East,export share,3.7735,% of extra-EU27 exports,"Eurostat COMEXT ds-059331 (International trade of EU and non-EU countries since 2002 by SITC); reporter=LU, product=TOTAL, flow=2 EXPORT, indicators=VALUE_EUR, freq=A, time=2025; regional aggregate = sum of individual partner-country values (mapping in _regions_build.py); denominator = total exports minus exports to the 27 EU member states",2026-08-06
LUX,2025,Africa,export share,6.686,% of extra-EU27 exports,"Eurostat COMEXT ds-059331 (International trade of EU and non-EU countries since 2002 by SITC); reporter=LU, product=TOTAL, flow=2 EXPORT, indicators=VALUE_EUR, freq=A, time=2025; regional aggregate = sum of individual partner-country values (mapping in _regions_build.py); denominator = total exports minus exports to the 27 EU member states",2026-08-06
LUX,2025,North America,export share,18.6477,% of extra-EU27 exports,"Eurostat COMEXT ds-059331 (International trade of EU and non-EU countries since 2002 by SITC); reporter=LU, product=TOTAL, flow=2 EXPORT, indicators=VALUE_EUR, freq=A, time=2025; regional aggregate = sum of individual partner-country values (mapping in _regions_build.py); denominator = total exports minus exports to the 27 EU member states",2026-08-06
LUX,2025,Latin America & Caribbean,export share,7.6762,% of extra-EU27 exports,"Eurostat COMEXT ds-059331 (International trade of EU and non-EU countries since 2002 by SITC); reporter=LU, product=TOTAL, flow=2 EXPORT, indicators=VALUE_EUR, freq=A, time=2025; regional aggregate = sum of individual partner-country values (mapping in _regions_build.py); denominator = total exports minus exports to the 27 EU member states",2026-08-06
LUX,2025,Oceania & polar regions,export share,0.7967,% of extra-EU27 exports,"Eurostat COMEXT ds-059331 (International trade of EU and non-EU countries since 2002 by SITC); reporter=LU, product=TOTAL, flow=2 EXPORT, indicators=VALUE_EUR, freq=A, time=2025; regional aggregate = sum of individual partner-country values (mapping in _regions_build.py); denominator = total exports minus exports to the 27 EU member states",2026-08-06
LUX,2025,Other / unallocated,export share,8.6046,% of extra-EU27 exports,"Eurostat COMEXT ds-059331 (International trade of EU and non-EU countries since 2002 by SITC); reporter=LU, product=TOTAL, flow=2 EXPORT, indicators=VALUE_EUR, freq=A, time=2025; regional aggregate = sum of individual partner-country values (mapping in _regions_build.py); denominator = total exports minus exports to the 27 EU member states",2026-08-06
LVA,2025,World,total exports,19926344426,EUR,"Eurostat COMEXT ds-059331 (International trade of EU and non-EU countries since 2002 by SITC); reporter=LV, product=TOTAL, flow=2 EXPORT, indicators=VALUE_EUR, freq=A, time=2025; regional aggregate = sum of individual partner-country values (mapping in _regions_build.py); denominator = n/a (level, partner=WORLD)",2026-08-06
LVA,2025,European Union (EU27),export share,69.0227,% of total exports,"Eurostat COMEXT ds-059331 (International trade of EU and non-EU countries since 2002 by SITC); reporter=LV, product=TOTAL, flow=2 EXPORT, indicators=VALUE_EUR, freq=A, time=2025; regional aggregate = sum of individual partner-country values (mapping in _regions_build.py); denominator = partner=WORLD total exports",2026-08-06
LVA,2025,Rest of Europe (non-EU27),export share,16.7504,% of total exports,"Eurostat COMEXT ds-059331 (International trade of EU and non-EU countries since 2002 by SITC); reporter=LV, product=TOTAL, flow=2 EXPORT, indicators=VALUE_EUR, freq=A, time=2025; regional aggregate = sum of individual partner-country values (mapping in _regions_build.py); denominator = partner=WORLD total exports",2026-08-06
LVA,2025,Asia (excl. Middle East),export share,4.8493,% of total exports,"Eurostat COMEXT ds-059331 (International trade of EU and non-EU countries since 2002 by SITC); reporter=LV, product=TOTAL, flow=2 EXPORT, indicators=VALUE_EUR, freq=A, time=2025; regional aggregate = sum of individual partner-country values (mapping in _regions_build.py); denominator = partner=WORLD total exports",2026-08-06
LVA,2025,Middle East,export share,1.0986,% of total exports,"Eurostat COMEXT ds-059331 (International trade of EU and non-EU countries since 2002 by SITC); reporter=LV, product=TOTAL, flow=2 EXPORT, indicators=VALUE_EUR, freq=A, time=2025; regional aggregate = sum of individual partner-country values (mapping in _regions_build.py); denominator = partner=WORLD total exports",2026-08-06
LVA,2025,Africa,export share,3.9994,% of total exports,"Eurostat COMEXT ds-059331 (International trade of EU and non-EU countries since 2002 by SITC); reporter=LV, product=TOTAL, flow=2 EXPORT, indicators=VALUE_EUR, freq=A, time=2025; regional aggregate = sum of individual partner-country values (mapping in _regions_build.py); denominator = partner=WORLD total exports",2026-08-06
LVA,2025,North America,export share,2.711,% of total exports,"Eurostat COMEXT ds-059331 (International trade of EU and non-EU countries since 2002 by SITC); reporter=LV, product=TOTAL, flow=2 EXPORT, indicators=VALUE_EUR, freq=A, time=2025; regional aggregate = sum of individual partner-country values (mapping in _regions_build.py); denominator = partner=WORLD total exports",2026-08-06
LVA,2025,Latin America & Caribbean,export share,0.8757,% of total exports,"Eurostat COMEXT ds-059331 (International trade of EU and non-EU countries since 2002 by SITC); reporter=LV, product=TOTAL, flow=2 EXPORT, indicators=VALUE_EUR, freq=A, time=2025; regional aggregate = sum of individual partner-country values (mapping in _regions_build.py); denominator = partner=WORLD total exports",2026-08-06
LVA,2025,Oceania & polar regions,export share,0.3309,% of total exports,"Eurostat COMEXT ds-059331 (International trade of EU and non-EU countries since 2002 by SITC); reporter=LV, product=TOTAL, flow=2 EXPORT, indicators=VALUE_EUR, freq=A, time=2025; regional aggregate = sum of individual partner-country values (mapping in _regions_build.py); denominator = partner=WORLD total exports",2026-08-06
LVA,2025,Other / unallocated,export share,0.362,% of total exports,"Eurostat COMEXT ds-059331 (International trade of EU and non-EU countries since 2002 by SITC); reporter=LV, product=TOTAL, flow=2 EXPORT, indicators=VALUE_EUR, freq=A, time=2025; regional aggregate = sum of individual partner-country values (mapping in _regions_build.py); denominator = partner=WORLD total exports",2026-08-06
LVA,2025,Rest of Europe (non-EU27),export share,54.0732,% of extra-EU27 exports,"Eurostat COMEXT ds-059331 (International trade of EU and non-EU countries since 2002 by SITC); reporter=LV, product=TOTAL, flow=2 EXPORT, indicators=VALUE_EUR, freq=A, time=2025; regional aggregate = sum of individual partner-country values (mapping in _regions_build.py); denominator = total exports minus exports to the 27 EU member states",2026-08-06
LVA,2025,Asia (excl. Middle East),export share,15.6542,% of extra-EU27 exports,"Eurostat COMEXT ds-059331 (International trade of EU and non-EU countries since 2002 by SITC); reporter=LV, product=TOTAL, flow=2 EXPORT, indicators=VALUE_EUR, freq=A, time=2025; regional aggregate = sum of individual partner-country values (mapping in _regions_build.py); denominator = total exports minus exports to the 27 EU member states",2026-08-06
LVA,2025,Middle East,export share,3.5465,% of extra-EU27 exports,"Eurostat COMEXT ds-059331 (International trade of EU and non-EU countries since 2002 by SITC); reporter=LV, product=TOTAL, flow=2 EXPORT, indicators=VALUE_EUR, freq=A, time=2025; regional aggregate = sum of individual partner-country values (mapping in _regions_build.py); denominator = total exports minus exports to the 27 EU member states",2026-08-06
LVA,2025,Africa,export share,12.9107,% of extra-EU27 exports,"Eurostat COMEXT ds-059331 (International trade of EU and non-EU countries since 2002 by SITC); reporter=LV, product=TOTAL, flow=2 EXPORT, indicators=VALUE_EUR, freq=A, time=2025; regional aggregate = sum of individual partner-country values (mapping in _regions_build.py); denominator = total exports minus exports to the 27 EU member states",2026-08-06
LVA,2025,North America,export share,8.7515,% of extra-EU27 exports,"Eurostat COMEXT ds-059331 (International trade of EU and non-EU countries since 2002 by SITC); reporter=LV, product=TOTAL, flow=2 EXPORT, indicators=VALUE_EUR, freq=A, time=2025; regional aggregate = sum of individual partner-country values (mapping in _regions_build.py); denominator = total exports minus exports to the 27 EU member states",2026-08-06
LVA,2025,Latin America & Caribbean,export share,2.8268,% of extra-EU27 exports,"Eurostat COMEXT ds-059331 (International trade of EU and non-EU countries since 2002 by SITC); reporter=LV, product=TOTAL, flow=2 EXPORT, indicators=VALUE_EUR, freq=A, time=2025; regional aggregate = sum of individual partner-country values (mapping in _regions_build.py); denominator = total exports minus exports to the 27 EU member states",2026-08-06
LVA,2025,Oceania & polar regions,export share,1.0684,% of extra-EU27 exports,"Eurostat COMEXT ds-059331 (International trade of EU and non-EU countries since 2002 by SITC); reporter=LV, product=TOTAL, flow=2 EXPORT, indicators=VALUE_EUR, freq=A, time=2025; regional aggregate = sum of individual partner-country values (mapping in _regions_build.py); denominator = total exports minus exports to the 27 EU member states",2026-08-06
LVA,2025,Other / unallocated,export share,1.1687,% of extra-EU27 exports,"Eurostat COMEXT ds-059331 (International trade of EU and non-EU countries since 2002 by SITC); reporter=LV, product=TOTAL, flow=2 EXPORT, indicators=VALUE_EUR, freq=A, time=2025; regional aggregate = sum of individual partner-country values (mapping in _regions_build.py); denominator = total exports minus exports to the 27 EU member states",2026-08-06
MLT,2025,World,total exports,3457717931,EUR,"Eurostat COMEXT ds-059331 (International trade of EU and non-EU countries since 2002 by SITC); reporter=MT, product=TOTAL, flow=2 EXPORT, indicators=VALUE_EUR, freq=A, time=2025; regional aggregate = sum of individual partner-country values (mapping in _regions_build.py); denominator = n/a (level, partner=WORLD)",2026-08-06
MLT,2025,European Union (EU27),export share,48.9993,% of total exports,"Eurostat COMEXT ds-059331 (International trade of EU and non-EU countries since 2002 by SITC); reporter=MT, product=TOTAL, flow=2 EXPORT, indicators=VALUE_EUR, freq=A, time=2025; regional aggregate = sum of individual partner-country values (mapping in _regions_build.py); denominator = partner=WORLD total exports",2026-08-06
MLT,2025,Rest of Europe (non-EU27),export share,7.9151,% of total exports,"Eurostat COMEXT ds-059331 (International trade of EU and non-EU countries since 2002 by SITC); reporter=MT, product=TOTAL, flow=2 EXPORT, indicators=VALUE_EUR, freq=A, time=2025; regional aggregate = sum of individual partner-country values (mapping in _regions_build.py); denominator = partner=WORLD total exports",2026-08-06
MLT,2025,Asia (excl. Middle East),export share,17.1127,% of total exports,"Eurostat COMEXT ds-059331 (International trade of EU and non-EU countries since 2002 by SITC); reporter=MT, product=TOTAL, flow=2 EXPORT, indicators=VALUE_EUR, freq=A, time=2025; regional aggregate = sum of individual partner-country values (mapping in _regions_build.py); denominator = partner=WORLD total exports",2026-08-06
MLT,2025,Middle East,export share,3.3153,% of total exports,"Eurostat COMEXT ds-059331 (International trade of EU and non-EU countries since 2002 by SITC); reporter=MT, product=TOTAL, flow=2 EXPORT, indicators=VALUE_EUR, freq=A, time=2025; regional aggregate = sum of individual partner-country values (mapping in _regions_build.py); denominator = partner=WORLD total exports",2026-08-06
MLT,2025,Africa,export share,8.8501,% of total exports,"Eurostat COMEXT ds-059331 (International trade of EU and non-EU countries since 2002 by SITC); reporter=MT, product=TOTAL, flow=2 EXPORT, indicators=VALUE_EUR, freq=A, time=2025; regional aggregate = sum of individual partner-country values (mapping in _regions_build.py); denominator = partner=WORLD total exports",2026-08-06
MLT,2025,North America,export share,5.141,% of total exports,"Eurostat COMEXT ds-059331 (International trade of EU and non-EU countries since 2002 by SITC); reporter=MT, product=TOTAL, flow=2 EXPORT, indicators=VALUE_EUR, freq=A, time=2025; regional aggregate = sum of individual partner-country values (mapping in _regions_build.py); denominator = partner=WORLD total exports",2026-08-06
MLT,2025,Latin America & Caribbean,export share,3.4218,% of total exports,"Eurostat COMEXT ds-059331 (International trade of EU and non-EU countries since 2002 by SITC); reporter=MT, product=TOTAL, flow=2 EXPORT, indicators=VALUE_EUR, freq=A, time=2025; regional aggregate = sum of individual partner-country values (mapping in _regions_build.py); denominator = partner=WORLD total exports",2026-08-06
MLT,2025,Oceania & polar regions,export share,0.7439,% of total exports,"Eurostat COMEXT ds-059331 (International trade of EU and non-EU countries since 2002 by SITC); reporter=MT, product=TOTAL, flow=2 EXPORT, indicators=VALUE_EUR, freq=A, time=2025; regional aggregate = sum of individual partner-country values (mapping in _regions_build.py); denominator = partner=WORLD total exports",2026-08-06
MLT,2025,Other / unallocated,export share,4.5009,% of total exports,"Eurostat COMEXT ds-059331 (International trade of EU and non-EU countries since 2002 by SITC); reporter=MT, product=TOTAL, flow=2 EXPORT, indicators=VALUE_EUR, freq=A, time=2025; regional aggregate = sum of individual partner-country values (mapping in _regions_build.py); denominator = partner=WORLD total exports",2026-08-06
MLT,2025,Rest of Europe (non-EU27),export share,15.5196,% of extra-EU27 exports,"Eurostat COMEXT ds-059331 (International trade of EU and non-EU countries since 2002 by SITC); reporter=MT, product=TOTAL, flow=2 EXPORT, indicators=VALUE_EUR, freq=A, time=2025; regional aggregate = sum of individual partner-country values (mapping in _regions_build.py); denominator = total exports minus exports to the 27 EU member states",2026-08-06
MLT,2025,Asia (excl. Middle East),export share,33.5539,% of extra-EU27 exports,"Eurostat COMEXT ds-059331 (International trade of EU and non-EU countries since 2002 by SITC); reporter=MT, product=TOTAL, flow=2 EXPORT, indicators=VALUE_EUR, freq=A, time=2025; regional aggregate = sum of individual partner-country values (mapping in _regions_build.py); denominator = total exports minus exports to the 27 EU member states",2026-08-06
MLT,2025,Middle East,export share,6.5004,% of extra-EU27 exports,"Eurostat COMEXT ds-059331 (International trade of EU and non-EU countries since 2002 by SITC); reporter=MT, product=TOTAL, flow=2 EXPORT, indicators=VALUE_EUR, freq=A, time=2025; regional aggregate = sum of individual partner-country values (mapping in _regions_build.py); denominator = total exports minus exports to the 27 EU member states",2026-08-06
MLT,2025,Africa,export share,17.3528,% of extra-EU27 exports,"Eurostat COMEXT ds-059331 (International trade of EU and non-EU countries since 2002 by SITC); reporter=MT, product=TOTAL, flow=2 EXPORT, indicators=VALUE_EUR, freq=A, time=2025; regional aggregate = sum of individual partner-country values (mapping in _regions_build.py); denominator = total exports minus exports to the 27 EU member states",2026-08-06
MLT,2025,North America,export share,10.0802,% of extra-EU27 exports,"Eurostat COMEXT ds-059331 (International trade of EU and non-EU countries since 2002 by SITC); reporter=MT, product=TOTAL, flow=2 EXPORT, indicators=VALUE_EUR, freq=A, time=2025; regional aggregate = sum of individual partner-country values (mapping in _regions_build.py); denominator = total exports minus exports to the 27 EU member states",2026-08-06
MLT,2025,Latin America & Caribbean,export share,6.7093,% of extra-EU27 exports,"Eurostat COMEXT ds-059331 (International trade of EU and non-EU countries since 2002 by SITC); reporter=MT, product=TOTAL, flow=2 EXPORT, indicators=VALUE_EUR, freq=A, time=2025; regional aggregate = sum of individual partner-country values (mapping in _regions_build.py); denominator = total exports minus exports to the 27 EU member states",2026-08-06
MLT,2025,Oceania & polar regions,export share,1.4586,% of extra-EU27 exports,"Eurostat COMEXT ds-059331 (International trade of EU and non-EU countries since 2002 by SITC); reporter=MT, product=TOTAL, flow=2 EXPORT, indicators=VALUE_EUR, freq=A, time=2025; regional aggregate = sum of individual partner-country values (mapping in _regions_build.py); denominator = total exports minus exports to the 27 EU member states",2026-08-06
MLT,2025,Other / unallocated,export share,8.8251,% of extra-EU27 exports,"Eurostat COMEXT ds-059331 (International trade of EU and non-EU countries since 2002 by SITC); reporter=MT, product=TOTAL, flow=2 EXPORT, indicators=VALUE_EUR, freq=A, time=2025; regional aggregate = sum of individual partner-country values (mapping in _regions_build.py); denominator = total exports minus exports to the 27 EU member states",2026-08-06
NLD,2025,World,total exports,875641064742,EUR,"Eurostat COMEXT ds-059331 (International trade of EU and non-EU countries since 2002 by SITC); reporter=NL, product=TOTAL, flow=2 EXPORT, indicators=VALUE_EUR, freq=A, time=2025; regional aggregate = sum of individual partner-country values (mapping in _regions_build.py); denominator = n/a (level, partner=WORLD)",2026-08-06
NLD,2025,European Union (EU27),export share,68.2334,% of total exports,"Eurostat COMEXT ds-059331 (International trade of EU and non-EU countries since 2002 by SITC); reporter=NL, product=TOTAL, flow=2 EXPORT, indicators=VALUE_EUR, freq=A, time=2025; regional aggregate = sum of individual partner-country values (mapping in _regions_build.py); denominator = partner=WORLD total exports",2026-08-06
NLD,2025,Rest of Europe (non-EU27),export share,10.0616,% of total exports,"Eurostat COMEXT ds-059331 (International trade of EU and non-EU countries since 2002 by SITC); reporter=NL, product=TOTAL, flow=2 EXPORT, indicators=VALUE_EUR, freq=A, time=2025; regional aggregate = sum of individual partner-country values (mapping in _regions_build.py); denominator = partner=WORLD total exports",2026-08-06
NLD,2025,Asia (excl. Middle East),export share,7.4076,% of total exports,"Eurostat COMEXT ds-059331 (International trade of EU and non-EU countries since 2002 by SITC); reporter=NL, product=TOTAL, flow=2 EXPORT, indicators=VALUE_EUR, freq=A, time=2025; regional aggregate = sum of individual partner-country values (mapping in _regions_build.py); denominator = partner=WORLD total exports",2026-08-06
NLD,2025,Middle East,export share,2.1418,% of total exports,"Eurostat COMEXT ds-059331 (International trade of EU and non-EU countries since 2002 by SITC); reporter=NL, product=TOTAL, flow=2 EXPORT, indicators=VALUE_EUR, freq=A, time=2025; regional aggregate = sum of individual partner-country values (mapping in _regions_build.py); denominator = partner=WORLD total exports",2026-08-06
NLD,2025,Africa,export share,1.7092,% of total exports,"Eurostat COMEXT ds-059331 (International trade of EU and non-EU countries since 2002 by SITC); reporter=NL, product=TOTAL, flow=2 EXPORT, indicators=VALUE_EUR, freq=A, time=2025; regional aggregate = sum of individual partner-country values (mapping in _regions_build.py); denominator = partner=WORLD total exports",2026-08-06
NLD,2025,North America,export share,5.3908,% of total exports,"Eurostat COMEXT ds-059331 (International trade of EU and non-EU countries since 2002 by SITC); reporter=NL, product=TOTAL, flow=2 EXPORT, indicators=VALUE_EUR, freq=A, time=2025; regional aggregate = sum of individual partner-country values (mapping in _regions_build.py); denominator = partner=WORLD total exports",2026-08-06
NLD,2025,Latin America & Caribbean,export share,1.9602,% of total exports,"Eurostat COMEXT ds-059331 (International trade of EU and non-EU countries since 2002 by SITC); reporter=NL, product=TOTAL, flow=2 EXPORT, indicators=VALUE_EUR, freq=A, time=2025; regional aggregate = sum of individual partner-country values (mapping in _regions_build.py); denominator = partner=WORLD total exports",2026-08-06
NLD,2025,Oceania & polar regions,export share,0.5308,% of total exports,"Eurostat COMEXT ds-059331 (International trade of EU and non-EU countries since 2002 by SITC); reporter=NL, product=TOTAL, flow=2 EXPORT, indicators=VALUE_EUR, freq=A, time=2025; regional aggregate = sum of individual partner-country values (mapping in _regions_build.py); denominator = partner=WORLD total exports",2026-08-06
NLD,2025,Other / unallocated,export share,2.5646,% of total exports,"Eurostat COMEXT ds-059331 (International trade of EU and non-EU countries since 2002 by SITC); reporter=NL, product=TOTAL, flow=2 EXPORT, indicators=VALUE_EUR, freq=A, time=2025; regional aggregate = sum of individual partner-country values (mapping in _regions_build.py); denominator = partner=WORLD total exports",2026-08-06
NLD,2025,Rest of Europe (non-EU27),export share,31.6735,% of extra-EU27 exports,"Eurostat COMEXT ds-059331 (International trade of EU and non-EU countries since 2002 by SITC); reporter=NL, product=TOTAL, flow=2 EXPORT, indicators=VALUE_EUR, freq=A, time=2025; regional aggregate = sum of individual partner-country values (mapping in _regions_build.py); denominator = total exports minus exports to the 27 EU member states",2026-08-06
NLD,2025,Asia (excl. Middle East),export share,23.3188,% of extra-EU27 exports,"Eurostat COMEXT ds-059331 (International trade of EU and non-EU countries since 2002 by SITC); reporter=NL, product=TOTAL, flow=2 EXPORT, indicators=VALUE_EUR, freq=A, time=2025; regional aggregate = sum of individual partner-country values (mapping in _regions_build.py); denominator = total exports minus exports to the 27 EU member states",2026-08-06
NLD,2025,Middle East,export share,6.7424,% of extra-EU27 exports,"Eurostat COMEXT ds-059331 (International trade of EU and non-EU countries since 2002 by SITC); reporter=NL, product=TOTAL, flow=2 EXPORT, indicators=VALUE_EUR, freq=A, time=2025; regional aggregate = sum of individual partner-country values (mapping in _regions_build.py); denominator = total exports minus exports to the 27 EU member states",2026-08-06
NLD,2025,Africa,export share,5.3806,% of extra-EU27 exports,"Eurostat COMEXT ds-059331 (International trade of EU and non-EU countries since 2002 by SITC); reporter=NL, product=TOTAL, flow=2 EXPORT, indicators=VALUE_EUR, freq=A, time=2025; regional aggregate = sum of individual partner-country values (mapping in _regions_build.py); denominator = total exports minus exports to the 27 EU member states",2026-08-06
NLD,2025,North America,export share,16.97,% of extra-EU27 exports,"Eurostat COMEXT ds-059331 (International trade of EU and non-EU countries since 2002 by SITC); reporter=NL, product=TOTAL, flow=2 EXPORT, indicators=VALUE_EUR, freq=A, time=2025; regional aggregate = sum of individual partner-country values (mapping in _regions_build.py); denominator = total exports minus exports to the 27 EU member states",2026-08-06
NLD,2025,Latin America & Caribbean,export share,6.1705,% of extra-EU27 exports,"Eurostat COMEXT ds-059331 (International trade of EU and non-EU countries since 2002 by SITC); reporter=NL, product=TOTAL, flow=2 EXPORT, indicators=VALUE_EUR, freq=A, time=2025; regional aggregate = sum of individual partner-country values (mapping in _regions_build.py); denominator = total exports minus exports to the 27 EU member states",2026-08-06
NLD,2025,Oceania & polar regions,export share,1.6708,% of extra-EU27 exports,"Eurostat COMEXT ds-059331 (International trade of EU and non-EU countries since 2002 by SITC); reporter=NL, product=TOTAL, flow=2 EXPORT, indicators=VALUE_EUR, freq=A, time=2025; regional aggregate = sum of individual partner-country values (mapping in _regions_build.py); denominator = total exports minus exports to the 27 EU member states",2026-08-06
NLD,2025,Other / unallocated,export share,8.0733,% of extra-EU27 exports,"Eurostat COMEXT ds-059331 (International trade of EU and non-EU countries since 2002 by SITC); reporter=NL, product=TOTAL, flow=2 EXPORT, indicators=VALUE_EUR, freq=A, time=2025; regional aggregate = sum of individual partner-country values (mapping in _regions_build.py); denominator = total exports minus exports to the 27 EU member states",2026-08-06
NOR,2025,World,total exports,151840605295,EUR,"Eurostat COMEXT ds-059331 (International trade of EU and non-EU countries since 2002 by SITC); reporter=NO, product=TOTAL, flow=2 EXPORT, indicators=VALUE_EUR, freq=A, time=2025; regional aggregate = sum of individual partner-country values (mapping in _regions_build.py); denominator = n/a (level, partner=WORLD)",2026-08-06
NOR,2025,European Union (EU27),export share,66.0936,% of total exports,"Eurostat COMEXT ds-059331 (International trade of EU and non-EU countries since 2002 by SITC); reporter=NO, product=TOTAL, flow=2 EXPORT, indicators=VALUE_EUR, freq=A, time=2025; regional aggregate = sum of individual partner-country values (mapping in _regions_build.py); denominator = partner=WORLD total exports",2026-08-06
NOR,2025,Rest of Europe (non-EU27),export share,20.0658,% of total exports,"Eurostat COMEXT ds-059331 (International trade of EU and non-EU countries since 2002 by SITC); reporter=NO, product=TOTAL, flow=2 EXPORT, indicators=VALUE_EUR, freq=A, time=2025; regional aggregate = sum of individual partner-country values (mapping in _regions_build.py); denominator = partner=WORLD total exports",2026-08-06
NOR,2025,Asia (excl. Middle East),export share,6.3902,% of total exports,"Eurostat COMEXT ds-059331 (International trade of EU and non-EU countries since 2002 by SITC); reporter=NO, product=TOTAL, flow=2 EXPORT, indicators=VALUE_EUR, freq=A, time=2025; regional aggregate = sum of individual partner-country values (mapping in _regions_build.py); denominator = partner=WORLD total exports",2026-08-06
NOR,2025,Middle East,export share,0.6902,% of total exports,"Eurostat COMEXT ds-059331 (International trade of EU and non-EU countries since 2002 by SITC); reporter=NO, product=TOTAL, flow=2 EXPORT, indicators=VALUE_EUR, freq=A, time=2025; regional aggregate = sum of individual partner-country values (mapping in _regions_build.py); denominator = partner=WORLD total exports",2026-08-06
NOR,2025,Africa,export share,0.9592,% of total exports,"Eurostat COMEXT ds-059331 (International trade of EU and non-EU countries since 2002 by SITC); reporter=NO, product=TOTAL, flow=2 EXPORT, indicators=VALUE_EUR, freq=A, time=2025; regional aggregate = sum of individual partner-country values (mapping in _regions_build.py); denominator = partner=WORLD total exports",2026-08-06
NOR,2025,North America,export share,4.3623,% of total exports,"Eurostat COMEXT ds-059331 (International trade of EU and non-EU countries since 2002 by SITC); reporter=NO, product=TOTAL, flow=2 EXPORT, indicators=VALUE_EUR, freq=A, time=2025; regional aggregate = sum of individual partner-country values (mapping in _regions_build.py); denominator = partner=WORLD total exports",2026-08-06
NOR,2025,Latin America & Caribbean,export share,1.1664,% of total exports,"Eurostat COMEXT ds-059331 (International trade of EU and non-EU countries since 2002 by SITC); reporter=NO, product=TOTAL, flow=2 EXPORT, indicators=VALUE_EUR, freq=A, time=2025; regional aggregate = sum of individual partner-country values (mapping in _regions_build.py); denominator = partner=WORLD total exports",2026-08-06
NOR,2025,Oceania & polar regions,export share,0.233,% of total exports,"Eurostat COMEXT ds-059331 (International trade of EU and non-EU countries since 2002 by SITC); reporter=NO, product=TOTAL, flow=2 EXPORT, indicators=VALUE_EUR, freq=A, time=2025; regional aggregate = sum of individual partner-country values (mapping in _regions_build.py); denominator = partner=WORLD total exports",2026-08-06
NOR,2025,Other / unallocated,export share,0.0394,% of total exports,"Eurostat COMEXT ds-059331 (International trade of EU and non-EU countries since 2002 by SITC); reporter=NO, product=TOTAL, flow=2 EXPORT, indicators=VALUE_EUR, freq=A, time=2025; regional aggregate = sum of individual partner-country values (mapping in _regions_build.py); denominator = partner=WORLD total exports",2026-08-06
NOR,2025,Rest of Europe (non-EU27),export share,59.1798,% of extra-EU27 exports,"Eurostat COMEXT ds-059331 (International trade of EU and non-EU countries since 2002 by SITC); reporter=NO, product=TOTAL, flow=2 EXPORT, indicators=VALUE_EUR, freq=A, time=2025; regional aggregate = sum of individual partner-country values (mapping in _regions_build.py); denominator = total exports minus exports to the 27 EU member states",2026-08-06
NOR,2025,Asia (excl. Middle East),export share,18.8466,% of extra-EU27 exports,"Eurostat COMEXT ds-059331 (International trade of EU and non-EU countries since 2002 by SITC); reporter=NO, product=TOTAL, flow=2 EXPORT, indicators=VALUE_EUR, freq=A, time=2025; regional aggregate = sum of individual partner-country values (mapping in _regions_build.py); denominator = total exports minus exports to the 27 EU member states",2026-08-06
NOR,2025,Middle East,export share,2.0355,% of extra-EU27 exports,"Eurostat COMEXT ds-059331 (International trade of EU and non-EU countries since 2002 by SITC); reporter=NO, product=TOTAL, flow=2 EXPORT, indicators=VALUE_EUR, freq=A, time=2025; regional aggregate = sum of individual partner-country values (mapping in _regions_build.py); denominator = total exports minus exports to the 27 EU member states",2026-08-06
NOR,2025,Africa,export share,2.8291,% of extra-EU27 exports,"Eurostat COMEXT ds-059331 (International trade of EU and non-EU countries since 2002 by SITC); reporter=NO, product=TOTAL, flow=2 EXPORT, indicators=VALUE_EUR, freq=A, time=2025; regional aggregate = sum of individual partner-country values (mapping in _regions_build.py); denominator = total exports minus exports to the 27 EU member states",2026-08-06
NOR,2025,North America,export share,12.8656,% of extra-EU27 exports,"Eurostat COMEXT ds-059331 (International trade of EU and non-EU countries since 2002 by SITC); reporter=NO, product=TOTAL, flow=2 EXPORT, indicators=VALUE_EUR, freq=A, time=2025; regional aggregate = sum of individual partner-country values (mapping in _regions_build.py); denominator = total exports minus exports to the 27 EU member states",2026-08-06
NOR,2025,Latin America & Caribbean,export share,3.4399,% of extra-EU27 exports,"Eurostat COMEXT ds-059331 (International trade of EU and non-EU countries since 2002 by SITC); reporter=NO, product=TOTAL, flow=2 EXPORT, indicators=VALUE_EUR, freq=A, time=2025; regional aggregate = sum of individual partner-country values (mapping in _regions_build.py); denominator = total exports minus exports to the 27 EU member states",2026-08-06
NOR,2025,Oceania & polar regions,export share,0.6873,% of extra-EU27 exports,"Eurostat COMEXT ds-059331 (International trade of EU and non-EU countries since 2002 by SITC); reporter=NO, product=TOTAL, flow=2 EXPORT, indicators=VALUE_EUR, freq=A, time=2025; regional aggregate = sum of individual partner-country values (mapping in _regions_build.py); denominator = total exports minus exports to the 27 EU member states",2026-08-06
NOR,2025,Other / unallocated,export share,0.1163,% of extra-EU27 exports,"Eurostat COMEXT ds-059331 (International trade of EU and non-EU countries since 2002 by SITC); reporter=NO, product=TOTAL, flow=2 EXPORT, indicators=VALUE_EUR, freq=A, time=2025; regional aggregate = sum of individual partner-country values (mapping in _regions_build.py); denominator = total exports minus exports to the 27 EU member states",2026-08-06
POL,2025,World,total exports,366455133699,EUR,"Eurostat COMEXT ds-059331 (International trade of EU and non-EU countries since 2002 by SITC); reporter=PL, product=TOTAL, flow=2 EXPORT, indicators=VALUE_EUR, freq=A, time=2025; regional aggregate = sum of individual partner-country values (mapping in _regions_build.py); denominator = n/a (level, partner=WORLD)",2026-08-06
POL,2025,European Union (EU27),export share,74.6333,% of total exports,"Eurostat COMEXT ds-059331 (International trade of EU and non-EU countries since 2002 by SITC); reporter=PL, product=TOTAL, flow=2 EXPORT, indicators=VALUE_EUR, freq=A, time=2025; regional aggregate = sum of individual partner-country values (mapping in _regions_build.py); denominator = partner=WORLD total exports",2026-08-06
POL,2025,Rest of Europe (non-EU27),export share,14.182,% of total exports,"Eurostat COMEXT ds-059331 (International trade of EU and non-EU countries since 2002 by SITC); reporter=PL, product=TOTAL, flow=2 EXPORT, indicators=VALUE_EUR, freq=A, time=2025; regional aggregate = sum of individual partner-country values (mapping in _regions_build.py); denominator = partner=WORLD total exports",2026-08-06
POL,2025,Asia (excl. Middle East),export share,3.1404,% of total exports,"Eurostat COMEXT ds-059331 (International trade of EU and non-EU countries since 2002 by SITC); reporter=PL, product=TOTAL, flow=2 EXPORT, indicators=VALUE_EUR, freq=A, time=2025; regional aggregate = sum of individual partner-country values (mapping in _regions_build.py); denominator = partner=WORLD total exports",2026-08-06
POL,2025,Middle East,export share,1.0365,% of total exports,"Eurostat COMEXT ds-059331 (International trade of EU and non-EU countries since 2002 by SITC); reporter=PL, product=TOTAL, flow=2 EXPORT, indicators=VALUE_EUR, freq=A, time=2025; regional aggregate = sum of individual partner-country values (mapping in _regions_build.py); denominator = partner=WORLD total exports",2026-08-06
POL,2025,Africa,export share,1.289,% of total exports,"Eurostat COMEXT ds-059331 (International trade of EU and non-EU countries since 2002 by SITC); reporter=PL, product=TOTAL, flow=2 EXPORT, indicators=VALUE_EUR, freq=A, time=2025; regional aggregate = sum of individual partner-country values (mapping in _regions_build.py); denominator = partner=WORLD total exports",2026-08-06
POL,2025,North America,export share,3.876,% of total exports,"Eurostat COMEXT ds-059331 (International trade of EU and non-EU countries since 2002 by SITC); reporter=PL, product=TOTAL, flow=2 EXPORT, indicators=VALUE_EUR, freq=A, time=2025; regional aggregate = sum of individual partner-country values (mapping in _regions_build.py); denominator = partner=WORLD total exports",2026-08-06
POL,2025,Latin America & Caribbean,export share,1.0609,% of total exports,"Eurostat COMEXT ds-059331 (International trade of EU and non-EU countries since 2002 by SITC); reporter=PL, product=TOTAL, flow=2 EXPORT, indicators=VALUE_EUR, freq=A, time=2025; regional aggregate = sum of individual partner-country values (mapping in _regions_build.py); denominator = partner=WORLD total exports",2026-08-06
POL,2025,Oceania & polar regions,export share,0.3285,% of total exports,"Eurostat COMEXT ds-059331 (International trade of EU and non-EU countries since 2002 by SITC); reporter=PL, product=TOTAL, flow=2 EXPORT, indicators=VALUE_EUR, freq=A, time=2025; regional aggregate = sum of individual partner-country values (mapping in _regions_build.py); denominator = partner=WORLD total exports",2026-08-06
POL,2025,Other / unallocated,export share,0.4534,% of total exports,"Eurostat COMEXT ds-059331 (International trade of EU and non-EU countries since 2002 by SITC); reporter=PL, product=TOTAL, flow=2 EXPORT, indicators=VALUE_EUR, freq=A, time=2025; regional aggregate = sum of individual partner-country values (mapping in _regions_build.py); denominator = partner=WORLD total exports",2026-08-06
POL,2025,Rest of Europe (non-EU27),export share,55.9079,% of extra-EU27 exports,"Eurostat COMEXT ds-059331 (International trade of EU and non-EU countries since 2002 by SITC); reporter=PL, product=TOTAL, flow=2 EXPORT, indicators=VALUE_EUR, freq=A, time=2025; regional aggregate = sum of individual partner-country values (mapping in _regions_build.py); denominator = total exports minus exports to the 27 EU member states",2026-08-06
POL,2025,Asia (excl. Middle East),export share,12.38,% of extra-EU27 exports,"Eurostat COMEXT ds-059331 (International trade of EU and non-EU countries since 2002 by SITC); reporter=PL, product=TOTAL, flow=2 EXPORT, indicators=VALUE_EUR, freq=A, time=2025; regional aggregate = sum of individual partner-country values (mapping in _regions_build.py); denominator = total exports minus exports to the 27 EU member states",2026-08-06
POL,2025,Middle East,export share,4.0859,% of extra-EU27 exports,"Eurostat COMEXT ds-059331 (International trade of EU and non-EU countries since 2002 by SITC); reporter=PL, product=TOTAL, flow=2 EXPORT, indicators=VALUE_EUR, freq=A, time=2025; regional aggregate = sum of individual partner-country values (mapping in _regions_build.py); denominator = total exports minus exports to the 27 EU member states",2026-08-06
POL,2025,Africa,export share,5.0815,% of extra-EU27 exports,"Eurostat COMEXT ds-059331 (International trade of EU and non-EU countries since 2002 by SITC); reporter=PL, product=TOTAL, flow=2 EXPORT, indicators=VALUE_EUR, freq=A, time=2025; regional aggregate = sum of individual partner-country values (mapping in _regions_build.py); denominator = total exports minus exports to the 27 EU member states",2026-08-06
POL,2025,North America,export share,15.2798,% of extra-EU27 exports,"Eurostat COMEXT ds-059331 (International trade of EU and non-EU countries since 2002 by SITC); reporter=PL, product=TOTAL, flow=2 EXPORT, indicators=VALUE_EUR, freq=A, time=2025; regional aggregate = sum of individual partner-country values (mapping in _regions_build.py); denominator = total exports minus exports to the 27 EU member states",2026-08-06
POL,2025,Latin America & Caribbean,export share,4.1824,% of extra-EU27 exports,"Eurostat COMEXT ds-059331 (International trade of EU and non-EU countries since 2002 by SITC); reporter=PL, product=TOTAL, flow=2 EXPORT, indicators=VALUE_EUR, freq=A, time=2025; regional aggregate = sum of individual partner-country values (mapping in _regions_build.py); denominator = total exports minus exports to the 27 EU member states",2026-08-06
POL,2025,Oceania & polar regions,export share,1.2949,% of extra-EU27 exports,"Eurostat COMEXT ds-059331 (International trade of EU and non-EU countries since 2002 by SITC); reporter=PL, product=TOTAL, flow=2 EXPORT, indicators=VALUE_EUR, freq=A, time=2025; regional aggregate = sum of individual partner-country values (mapping in _regions_build.py); denominator = total exports minus exports to the 27 EU member states",2026-08-06
POL,2025,Other / unallocated,export share,1.7875,% of extra-EU27 exports,"Eurostat COMEXT ds-059331 (International trade of EU and non-EU countries since 2002 by SITC); reporter=PL, product=TOTAL, flow=2 EXPORT, indicators=VALUE_EUR, freq=A, time=2025; regional aggregate = sum of individual partner-country values (mapping in _regions_build.py); denominator = total exports minus exports to the 27 EU member states",2026-08-06
PRT,2025,World,total exports,79358782039,EUR,"Eurostat COMEXT ds-059331 (International trade of EU and non-EU countries since 2002 by SITC); reporter=PT, product=TOTAL, flow=2 EXPORT, indicators=VALUE_EUR, freq=A, time=2025; regional aggregate = sum of individual partner-country values (mapping in _regions_build.py); denominator = n/a (level, partner=WORLD)",2026-08-06
PRT,2025,European Union (EU27),export share,71.6823,% of total exports,"Eurostat COMEXT ds-059331 (International trade of EU and non-EU countries since 2002 by SITC); reporter=PT, product=TOTAL, flow=2 EXPORT, indicators=VALUE_EUR, freq=A, time=2025; regional aggregate = sum of individual partner-country values (mapping in _regions_build.py); denominator = partner=WORLD total exports",2026-08-06
PRT,2025,Rest of Europe (non-EU27),export share,8.0683,% of total exports,"Eurostat COMEXT ds-059331 (International trade of EU and non-EU countries since 2002 by SITC); reporter=PT, product=TOTAL, flow=2 EXPORT, indicators=VALUE_EUR, freq=A, time=2025; regional aggregate = sum of individual partner-country values (mapping in _regions_build.py); denominator = partner=WORLD total exports",2026-08-06
PRT,2025,Asia (excl. Middle East),export share,2.4909,% of total exports,"Eurostat COMEXT ds-059331 (International trade of EU and non-EU countries since 2002 by SITC); reporter=PT, product=TOTAL, flow=2 EXPORT, indicators=VALUE_EUR, freq=A, time=2025; regional aggregate = sum of individual partner-country values (mapping in _regions_build.py); denominator = partner=WORLD total exports",2026-08-06
PRT,2025,Middle East,export share,1.2786,% of total exports,"Eurostat COMEXT ds-059331 (International trade of EU and non-EU countries since 2002 by SITC); reporter=PT, product=TOTAL, flow=2 EXPORT, indicators=VALUE_EUR, freq=A, time=2025; regional aggregate = sum of individual partner-country values (mapping in _regions_build.py); denominator = partner=WORLD total exports",2026-08-06
PRT,2025,Africa,export share,5.2596,% of total exports,"Eurostat COMEXT ds-059331 (International trade of EU and non-EU countries since 2002 by SITC); reporter=PT, product=TOTAL, flow=2 EXPORT, indicators=VALUE_EUR, freq=A, time=2025; regional aggregate = sum of individual partner-country values (mapping in _regions_build.py); denominator = partner=WORLD total exports",2026-08-06
PRT,2025,North America,export share,6.3566,% of total exports,"Eurostat COMEXT ds-059331 (International trade of EU and non-EU countries since 2002 by SITC); reporter=PT, product=TOTAL, flow=2 EXPORT, indicators=VALUE_EUR, freq=A, time=2025; regional aggregate = sum of individual partner-country values (mapping in _regions_build.py); denominator = partner=WORLD total exports",2026-08-06
PRT,2025,Latin America & Caribbean,export share,2.4943,% of total exports,"Eurostat COMEXT ds-059331 (International trade of EU and non-EU countries since 2002 by SITC); reporter=PT, product=TOTAL, flow=2 EXPORT, indicators=VALUE_EUR, freq=A, time=2025; regional aggregate = sum of individual partner-country values (mapping in _regions_build.py); denominator = partner=WORLD total exports",2026-08-06
PRT,2025,Oceania & polar regions,export share,0.2828,% of total exports,"Eurostat COMEXT ds-059331 (International trade of EU and non-EU countries since 2002 by SITC); reporter=PT, product=TOTAL, flow=2 EXPORT, indicators=VALUE_EUR, freq=A, time=2025; regional aggregate = sum of individual partner-country values (mapping in _regions_build.py); denominator = partner=WORLD total exports",2026-08-06
PRT,2025,Other / unallocated,export share,2.0867,% of total exports,"Eurostat COMEXT ds-059331 (International trade of EU and non-EU countries since 2002 by SITC); reporter=PT, product=TOTAL, flow=2 EXPORT, indicators=VALUE_EUR, freq=A, time=2025; regional aggregate = sum of individual partner-country values (mapping in _regions_build.py); denominator = partner=WORLD total exports",2026-08-06
PRT,2025,Rest of Europe (non-EU27),export share,28.4922,% of extra-EU27 exports,"Eurostat COMEXT ds-059331 (International trade of EU and non-EU countries since 2002 by SITC); reporter=PT, product=TOTAL, flow=2 EXPORT, indicators=VALUE_EUR, freq=A, time=2025; regional aggregate = sum of individual partner-country values (mapping in _regions_build.py); denominator = total exports minus exports to the 27 EU member states",2026-08-06
PRT,2025,Asia (excl. Middle East),export share,8.7961,% of extra-EU27 exports,"Eurostat COMEXT ds-059331 (International trade of EU and non-EU countries since 2002 by SITC); reporter=PT, product=TOTAL, flow=2 EXPORT, indicators=VALUE_EUR, freq=A, time=2025; regional aggregate = sum of individual partner-country values (mapping in _regions_build.py); denominator = total exports minus exports to the 27 EU member states",2026-08-06
PRT,2025,Middle East,export share,4.5152,% of extra-EU27 exports,"Eurostat COMEXT ds-059331 (International trade of EU and non-EU countries since 2002 by SITC); reporter=PT, product=TOTAL, flow=2 EXPORT, indicators=VALUE_EUR, freq=A, time=2025; regional aggregate = sum of individual partner-country values (mapping in _regions_build.py); denominator = total exports minus exports to the 27 EU member states",2026-08-06
PRT,2025,Africa,export share,18.5734,% of extra-EU27 exports,"Eurostat COMEXT ds-059331 (International trade of EU and non-EU countries since 2002 by SITC); reporter=PT, product=TOTAL, flow=2 EXPORT, indicators=VALUE_EUR, freq=A, time=2025; regional aggregate = sum of individual partner-country values (mapping in _regions_build.py); denominator = total exports minus exports to the 27 EU member states",2026-08-06
PRT,2025,North America,export share,22.4473,% of extra-EU27 exports,"Eurostat COMEXT ds-059331 (International trade of EU and non-EU countries since 2002 by SITC); reporter=PT, product=TOTAL, flow=2 EXPORT, indicators=VALUE_EUR, freq=A, time=2025; regional aggregate = sum of individual partner-country values (mapping in _regions_build.py); denominator = total exports minus exports to the 27 EU member states",2026-08-06
PRT,2025,Latin America & Caribbean,export share,8.8081,% of extra-EU27 exports,"Eurostat COMEXT ds-059331 (International trade of EU and non-EU countries since 2002 by SITC); reporter=PT, product=TOTAL, flow=2 EXPORT, indicators=VALUE_EUR, freq=A, time=2025; regional aggregate = sum of individual partner-country values (mapping in _regions_build.py); denominator = total exports minus exports to the 27 EU member states",2026-08-06
PRT,2025,Oceania & polar regions,export share,0.9985,% of extra-EU27 exports,"Eurostat COMEXT ds-059331 (International trade of EU and non-EU countries since 2002 by SITC); reporter=PT, product=TOTAL, flow=2 EXPORT, indicators=VALUE_EUR, freq=A, time=2025; regional aggregate = sum of individual partner-country values (mapping in _regions_build.py); denominator = total exports minus exports to the 27 EU member states",2026-08-06
PRT,2025,Other / unallocated,export share,7.3691,% of extra-EU27 exports,"Eurostat COMEXT ds-059331 (International trade of EU and non-EU countries since 2002 by SITC); reporter=PT, product=TOTAL, flow=2 EXPORT, indicators=VALUE_EUR, freq=A, time=2025; regional aggregate = sum of individual partner-country values (mapping in _regions_build.py); denominator = total exports minus exports to the 27 EU member states",2026-08-06
ROU,2025,World,total exports,96544444242,EUR,"Eurostat COMEXT ds-059331 (International trade of EU and non-EU countries since 2002 by SITC); reporter=RO, product=TOTAL, flow=2 EXPORT, indicators=VALUE_EUR, freq=A, time=2025; regional aggregate = sum of individual partner-country values (mapping in _regions_build.py); denominator = n/a (level, partner=WORLD)",2026-08-06
ROU,2025,European Union (EU27),export share,71.1523,% of total exports,"Eurostat COMEXT ds-059331 (International trade of EU and non-EU countries since 2002 by SITC); reporter=RO, product=TOTAL, flow=2 EXPORT, indicators=VALUE_EUR, freq=A, time=2025; regional aggregate = sum of individual partner-country values (mapping in _regions_build.py); denominator = partner=WORLD total exports",2026-08-06
ROU,2025,Rest of Europe (non-EU27),export share,16.5049,% of total exports,"Eurostat COMEXT ds-059331 (International trade of EU and non-EU countries since 2002 by SITC); reporter=RO, product=TOTAL, flow=2 EXPORT, indicators=VALUE_EUR, freq=A, time=2025; regional aggregate = sum of individual partner-country values (mapping in _regions_build.py); denominator = partner=WORLD total exports",2026-08-06
ROU,2025,Asia (excl. Middle East),export share,3.1934,% of total exports,"Eurostat COMEXT ds-059331 (International trade of EU and non-EU countries since 2002 by SITC); reporter=RO, product=TOTAL, flow=2 EXPORT, indicators=VALUE_EUR, freq=A, time=2025; regional aggregate = sum of individual partner-country values (mapping in _regions_build.py); denominator = partner=WORLD total exports",2026-08-06
ROU,2025,Middle East,export share,2.8819,% of total exports,"Eurostat COMEXT ds-059331 (International trade of EU and non-EU countries since 2002 by SITC); reporter=RO, product=TOTAL, flow=2 EXPORT, indicators=VALUE_EUR, freq=A, time=2025; regional aggregate = sum of individual partner-country values (mapping in _regions_build.py); denominator = partner=WORLD total exports",2026-08-06
ROU,2025,Africa,export share,2.5866,% of total exports,"Eurostat COMEXT ds-059331 (International trade of EU and non-EU countries since 2002 by SITC); reporter=RO, product=TOTAL, flow=2 EXPORT, indicators=VALUE_EUR, freq=A, time=2025; regional aggregate = sum of individual partner-country values (mapping in _regions_build.py); denominator = partner=WORLD total exports",2026-08-06
ROU,2025,North America,export share,2.4107,% of total exports,"Eurostat COMEXT ds-059331 (International trade of EU and non-EU countries since 2002 by SITC); reporter=RO, product=TOTAL, flow=2 EXPORT, indicators=VALUE_EUR, freq=A, time=2025; regional aggregate = sum of individual partner-country values (mapping in _regions_build.py); denominator = partner=WORLD total exports",2026-08-06
ROU,2025,Latin America & Caribbean,export share,0.7774,% of total exports,"Eurostat COMEXT ds-059331 (International trade of EU and non-EU countries since 2002 by SITC); reporter=RO, product=TOTAL, flow=2 EXPORT, indicators=VALUE_EUR, freq=A, time=2025; regional aggregate = sum of individual partner-country values (mapping in _regions_build.py); denominator = partner=WORLD total exports",2026-08-06
ROU,2025,Oceania & polar regions,export share,0.116,% of total exports,"Eurostat COMEXT ds-059331 (International trade of EU and non-EU countries since 2002 by SITC); reporter=RO, product=TOTAL, flow=2 EXPORT, indicators=VALUE_EUR, freq=A, time=2025; regional aggregate = sum of individual partner-country values (mapping in _regions_build.py); denominator = partner=WORLD total exports",2026-08-06
ROU,2025,Other / unallocated,export share,0.3768,% of total exports,"Eurostat COMEXT ds-059331 (International trade of EU and non-EU countries since 2002 by SITC); reporter=RO, product=TOTAL, flow=2 EXPORT, indicators=VALUE_EUR, freq=A, time=2025; regional aggregate = sum of individual partner-country values (mapping in _regions_build.py); denominator = partner=WORLD total exports",2026-08-06
ROU,2025,Rest of Europe (non-EU27),export share,57.2139,% of extra-EU27 exports,"Eurostat COMEXT ds-059331 (International trade of EU and non-EU countries since 2002 by SITC); reporter=RO, product=TOTAL, flow=2 EXPORT, indicators=VALUE_EUR, freq=A, time=2025; regional aggregate = sum of individual partner-country values (mapping in _regions_build.py); denominator = total exports minus exports to the 27 EU member states",2026-08-06
ROU,2025,Asia (excl. Middle East),export share,11.0698,% of extra-EU27 exports,"Eurostat COMEXT ds-059331 (International trade of EU and non-EU countries since 2002 by SITC); reporter=RO, product=TOTAL, flow=2 EXPORT, indicators=VALUE_EUR, freq=A, time=2025; regional aggregate = sum of individual partner-country values (mapping in _regions_build.py); denominator = total exports minus exports to the 27 EU member states",2026-08-06
ROU,2025,Middle East,export share,9.9899,% of extra-EU27 exports,"Eurostat COMEXT ds-059331 (International trade of EU and non-EU countries since 2002 by SITC); reporter=RO, product=TOTAL, flow=2 EXPORT, indicators=VALUE_EUR, freq=A, time=2025; regional aggregate = sum of individual partner-country values (mapping in _regions_build.py); denominator = total exports minus exports to the 27 EU member states",2026-08-06
ROU,2025,Africa,export share,8.9664,% of extra-EU27 exports,"Eurostat COMEXT ds-059331 (International trade of EU and non-EU countries since 2002 by SITC); reporter=RO, product=TOTAL, flow=2 EXPORT, indicators=VALUE_EUR, freq=A, time=2025; regional aggregate = sum of individual partner-country values (mapping in _regions_build.py); denominator = total exports minus exports to the 27 EU member states",2026-08-06
ROU,2025,North America,export share,8.3566,% of extra-EU27 exports,"Eurostat COMEXT ds-059331 (International trade of EU and non-EU countries since 2002 by SITC); reporter=RO, product=TOTAL, flow=2 EXPORT, indicators=VALUE_EUR, freq=A, time=2025; regional aggregate = sum of individual partner-country values (mapping in _regions_build.py); denominator = total exports minus exports to the 27 EU member states",2026-08-06
ROU,2025,Latin America & Caribbean,export share,2.6949,% of extra-EU27 exports,"Eurostat COMEXT ds-059331 (International trade of EU and non-EU countries since 2002 by SITC); reporter=RO, product=TOTAL, flow=2 EXPORT, indicators=VALUE_EUR, freq=A, time=2025; regional aggregate = sum of individual partner-country values (mapping in _regions_build.py); denominator = total exports minus exports to the 27 EU member states",2026-08-06
ROU,2025,Oceania & polar regions,export share,0.4023,% of extra-EU27 exports,"Eurostat COMEXT ds-059331 (International trade of EU and non-EU countries since 2002 by SITC); reporter=RO, product=TOTAL, flow=2 EXPORT, indicators=VALUE_EUR, freq=A, time=2025; regional aggregate = sum of individual partner-country values (mapping in _regions_build.py); denominator = total exports minus exports to the 27 EU member states",2026-08-06
ROU,2025,Other / unallocated,export share,1.3061,% of extra-EU27 exports,"Eurostat COMEXT ds-059331 (International trade of EU and non-EU countries since 2002 by SITC); reporter=RO, product=TOTAL, flow=2 EXPORT, indicators=VALUE_EUR, freq=A, time=2025; regional aggregate = sum of individual partner-country values (mapping in _regions_build.py); denominator = total exports minus exports to the 27 EU member states",2026-08-06
SWE,2025,World,total exports,183332821664,EUR,"Eurostat COMEXT ds-059331 (International trade of EU and non-EU countries since 2002 by SITC); reporter=SE, product=TOTAL, flow=2 EXPORT, indicators=VALUE_EUR, freq=A, time=2025; regional aggregate = sum of individual partner-country values (mapping in _regions_build.py); denominator = n/a (level, partner=WORLD)",2026-08-06
SWE,2025,European Union (EU27),export share,53.9398,% of total exports,"Eurostat COMEXT ds-059331 (International trade of EU and non-EU countries since 2002 by SITC); reporter=SE, product=TOTAL, flow=2 EXPORT, indicators=VALUE_EUR, freq=A, time=2025; regional aggregate = sum of individual partner-country values (mapping in _regions_build.py); denominator = partner=WORLD total exports",2026-08-06
SWE,2025,Rest of Europe (non-EU27),export share,18.8254,% of total exports,"Eurostat COMEXT ds-059331 (International trade of EU and non-EU countries since 2002 by SITC); reporter=SE, product=TOTAL, flow=2 EXPORT, indicators=VALUE_EUR, freq=A, time=2025; regional aggregate = sum of individual partner-country values (mapping in _regions_build.py); denominator = partner=WORLD total exports",2026-08-06
SWE,2025,Asia (excl. Middle East),export share,8.9462,% of total exports,"Eurostat COMEXT ds-059331 (International trade of EU and non-EU countries since 2002 by SITC); reporter=SE, product=TOTAL, flow=2 EXPORT, indicators=VALUE_EUR, freq=A, time=2025; regional aggregate = sum of individual partner-country values (mapping in _regions_build.py); denominator = partner=WORLD total exports",2026-08-06
SWE,2025,Middle East,export share,1.945,% of total exports,"Eurostat COMEXT ds-059331 (International trade of EU and non-EU countries since 2002 by SITC); reporter=SE, product=TOTAL, flow=2 EXPORT, indicators=VALUE_EUR, freq=A, time=2025; regional aggregate = sum of individual partner-country values (mapping in _regions_build.py); denominator = partner=WORLD total exports",2026-08-06
SWE,2025,Africa,export share,2.0524,% of total exports,"Eurostat COMEXT ds-059331 (International trade of EU and non-EU countries since 2002 by SITC); reporter=SE, product=TOTAL, flow=2 EXPORT, indicators=VALUE_EUR, freq=A, time=2025; regional aggregate = sum of individual partner-country values (mapping in _regions_build.py); denominator = partner=WORLD total exports",2026-08-06
SWE,2025,North America,export share,10.0054,% of total exports,"Eurostat COMEXT ds-059331 (International trade of EU and non-EU countries since 2002 by SITC); reporter=SE, product=TOTAL, flow=2 EXPORT, indicators=VALUE_EUR, freq=A, time=2025; regional aggregate = sum of individual partner-country values (mapping in _regions_build.py); denominator = partner=WORLD total exports",2026-08-06
SWE,2025,Latin America & Caribbean,export share,2.1289,% of total exports,"Eurostat COMEXT ds-059331 (International trade of EU and non-EU countries since 2002 by SITC); reporter=SE, product=TOTAL, flow=2 EXPORT, indicators=VALUE_EUR, freq=A, time=2025; regional aggregate = sum of individual partner-country values (mapping in _regions_build.py); denominator = partner=WORLD total exports",2026-08-06
SWE,2025,Oceania & polar regions,export share,0.9717,% of total exports,"Eurostat COMEXT ds-059331 (International trade of EU and non-EU countries since 2002 by SITC); reporter=SE, product=TOTAL, flow=2 EXPORT, indicators=VALUE_EUR, freq=A, time=2025; regional aggregate = sum of individual partner-country values (mapping in _regions_build.py); denominator = partner=WORLD total exports",2026-08-06
SWE,2025,Other / unallocated,export share,1.1853,% of total exports,"Eurostat COMEXT ds-059331 (International trade of EU and non-EU countries since 2002 by SITC); reporter=SE, product=TOTAL, flow=2 EXPORT, indicators=VALUE_EUR, freq=A, time=2025; regional aggregate = sum of individual partner-country values (mapping in _regions_build.py); denominator = partner=WORLD total exports",2026-08-06
SWE,2025,Rest of Europe (non-EU27),export share,40.8712,% of extra-EU27 exports,"Eurostat COMEXT ds-059331 (International trade of EU and non-EU countries since 2002 by SITC); reporter=SE, product=TOTAL, flow=2 EXPORT, indicators=VALUE_EUR, freq=A, time=2025; regional aggregate = sum of individual partner-country values (mapping in _regions_build.py); denominator = total exports minus exports to the 27 EU member states",2026-08-06
SWE,2025,Asia (excl. Middle East),export share,19.4228,% of extra-EU27 exports,"Eurostat COMEXT ds-059331 (International trade of EU and non-EU countries since 2002 by SITC); reporter=SE, product=TOTAL, flow=2 EXPORT, indicators=VALUE_EUR, freq=A, time=2025; regional aggregate = sum of individual partner-country values (mapping in _regions_build.py); denominator = total exports minus exports to the 27 EU member states",2026-08-06
SWE,2025,Middle East,export share,4.2227,% of extra-EU27 exports,"Eurostat COMEXT ds-059331 (International trade of EU and non-EU countries since 2002 by SITC); reporter=SE, product=TOTAL, flow=2 EXPORT, indicators=VALUE_EUR, freq=A, time=2025; regional aggregate = sum of individual partner-country values (mapping in _regions_build.py); denominator = total exports minus exports to the 27 EU member states",2026-08-06
SWE,2025,Africa,export share,4.4559,% of extra-EU27 exports,"Eurostat COMEXT ds-059331 (International trade of EU and non-EU countries since 2002 by SITC); reporter=SE, product=TOTAL, flow=2 EXPORT, indicators=VALUE_EUR, freq=A, time=2025; regional aggregate = sum of individual partner-country values (mapping in _regions_build.py); denominator = total exports minus exports to the 27 EU member states",2026-08-06
SWE,2025,North America,export share,21.7225,% of extra-EU27 exports,"Eurostat COMEXT ds-059331 (International trade of EU and non-EU countries since 2002 by SITC); reporter=SE, product=TOTAL, flow=2 EXPORT, indicators=VALUE_EUR, freq=A, time=2025; regional aggregate = sum of individual partner-country values (mapping in _regions_build.py); denominator = total exports minus exports to the 27 EU member states",2026-08-06
SWE,2025,Latin America & Caribbean,export share,4.6219,% of extra-EU27 exports,"Eurostat COMEXT ds-059331 (International trade of EU and non-EU countries since 2002 by SITC); reporter=SE, product=TOTAL, flow=2 EXPORT, indicators=VALUE_EUR, freq=A, time=2025; regional aggregate = sum of individual partner-country values (mapping in _regions_build.py); denominator = total exports minus exports to the 27 EU member states",2026-08-06
SWE,2025,Oceania & polar regions,export share,2.1096,% of extra-EU27 exports,"Eurostat COMEXT ds-059331 (International trade of EU and non-EU countries since 2002 by SITC); reporter=SE, product=TOTAL, flow=2 EXPORT, indicators=VALUE_EUR, freq=A, time=2025; regional aggregate = sum of individual partner-country values (mapping in _regions_build.py); denominator = total exports minus exports to the 27 EU member states",2026-08-06
SWE,2025,Other / unallocated,export share,2.5735,% of extra-EU27 exports,"Eurostat COMEXT ds-059331 (International trade of EU and non-EU countries since 2002 by SITC); reporter=SE, product=TOTAL, flow=2 EXPORT, indicators=VALUE_EUR, freq=A, time=2025; regional aggregate = sum of individual partner-country values (mapping in _regions_build.py); denominator = total exports minus exports to the 27 EU member states",2026-08-06
SVN,2025,World,total exports,85887762563,EUR,"Eurostat COMEXT ds-059331 (International trade of EU and non-EU countries since 2002 by SITC); reporter=SI, product=TOTAL, flow=2 EXPORT, indicators=VALUE_EUR, freq=A, time=2025; regional aggregate = sum of individual partner-country values (mapping in _regions_build.py); denominator = n/a (level, partner=WORLD)",2026-08-06
SVN,2025,European Union (EU27),export share,48.2024,% of total exports,"Eurostat COMEXT ds-059331 (International trade of EU and non-EU countries since 2002 by SITC); reporter=SI, product=TOTAL, flow=2 EXPORT, indicators=VALUE_EUR, freq=A, time=2025; regional aggregate = sum of individual partner-country values (mapping in _regions_build.py); denominator = partner=WORLD total exports",2026-08-06
SVN,2025,Rest of Europe (non-EU27),export share,45.8904,% of total exports,"Eurostat COMEXT ds-059331 (International trade of EU and non-EU countries since 2002 by SITC); reporter=SI, product=TOTAL, flow=2 EXPORT, indicators=VALUE_EUR, freq=A, time=2025; regional aggregate = sum of individual partner-country values (mapping in _regions_build.py); denominator = partner=WORLD total exports",2026-08-06
SVN,2025,Asia (excl. Middle East),export share,1.6532,% of total exports,"Eurostat COMEXT ds-059331 (International trade of EU and non-EU countries since 2002 by SITC); reporter=SI, product=TOTAL, flow=2 EXPORT, indicators=VALUE_EUR, freq=A, time=2025; regional aggregate = sum of individual partner-country values (mapping in _regions_build.py); denominator = partner=WORLD total exports",2026-08-06
SVN,2025,Middle East,export share,0.8983,% of total exports,"Eurostat COMEXT ds-059331 (International trade of EU and non-EU countries since 2002 by SITC); reporter=SI, product=TOTAL, flow=2 EXPORT, indicators=VALUE_EUR, freq=A, time=2025; regional aggregate = sum of individual partner-country values (mapping in _regions_build.py); denominator = partner=WORLD total exports",2026-08-06
SVN,2025,Africa,export share,0.6719,% of total exports,"Eurostat COMEXT ds-059331 (International trade of EU and non-EU countries since 2002 by SITC); reporter=SI, product=TOTAL, flow=2 EXPORT, indicators=VALUE_EUR, freq=A, time=2025; regional aggregate = sum of individual partner-country values (mapping in _regions_build.py); denominator = partner=WORLD total exports",2026-08-06
SVN,2025,North America,export share,1.1505,% of total exports,"Eurostat COMEXT ds-059331 (International trade of EU and non-EU countries since 2002 by SITC); reporter=SI, product=TOTAL, flow=2 EXPORT, indicators=VALUE_EUR, freq=A, time=2025; regional aggregate = sum of individual partner-country values (mapping in _regions_build.py); denominator = partner=WORLD total exports",2026-08-06
SVN,2025,Latin America & Caribbean,export share,0.3582,% of total exports,"Eurostat COMEXT ds-059331 (International trade of EU and non-EU countries since 2002 by SITC); reporter=SI, product=TOTAL, flow=2 EXPORT, indicators=VALUE_EUR, freq=A, time=2025; regional aggregate = sum of individual partner-country values (mapping in _regions_build.py); denominator = partner=WORLD total exports",2026-08-06
SVN,2025,Oceania & polar regions,export share,0.1767,% of total exports,"Eurostat COMEXT ds-059331 (International trade of EU and non-EU countries since 2002 by SITC); reporter=SI, product=TOTAL, flow=2 EXPORT, indicators=VALUE_EUR, freq=A, time=2025; regional aggregate = sum of individual partner-country values (mapping in _regions_build.py); denominator = partner=WORLD total exports",2026-08-06
SVN,2025,Other / unallocated,export share,0.9985,% of total exports,"Eurostat COMEXT ds-059331 (International trade of EU and non-EU countries since 2002 by SITC); reporter=SI, product=TOTAL, flow=2 EXPORT, indicators=VALUE_EUR, freq=A, time=2025; regional aggregate = sum of individual partner-country values (mapping in _regions_build.py); denominator = partner=WORLD total exports",2026-08-06
SVN,2025,Rest of Europe (non-EU27),export share,88.5956,% of extra-EU27 exports,"Eurostat COMEXT ds-059331 (International trade of EU and non-EU countries since 2002 by SITC); reporter=SI, product=TOTAL, flow=2 EXPORT, indicators=VALUE_EUR, freq=A, time=2025; regional aggregate = sum of individual partner-country values (mapping in _regions_build.py); denominator = total exports minus exports to the 27 EU member states",2026-08-06
SVN,2025,Asia (excl. Middle East),export share,3.1917,% of extra-EU27 exports,"Eurostat COMEXT ds-059331 (International trade of EU and non-EU countries since 2002 by SITC); reporter=SI, product=TOTAL, flow=2 EXPORT, indicators=VALUE_EUR, freq=A, time=2025; regional aggregate = sum of individual partner-country values (mapping in _regions_build.py); denominator = total exports minus exports to the 27 EU member states",2026-08-06
SVN,2025,Middle East,export share,1.7342,% of extra-EU27 exports,"Eurostat COMEXT ds-059331 (International trade of EU and non-EU countries since 2002 by SITC); reporter=SI, product=TOTAL, flow=2 EXPORT, indicators=VALUE_EUR, freq=A, time=2025; regional aggregate = sum of individual partner-country values (mapping in _regions_build.py); denominator = total exports minus exports to the 27 EU member states",2026-08-06
SVN,2025,Africa,export share,1.2972,% of extra-EU27 exports,"Eurostat COMEXT ds-059331 (International trade of EU and non-EU countries since 2002 by SITC); reporter=SI, product=TOTAL, flow=2 EXPORT, indicators=VALUE_EUR, freq=A, time=2025; regional aggregate = sum of individual partner-country values (mapping in _regions_build.py); denominator = total exports minus exports to the 27 EU member states",2026-08-06
SVN,2025,North America,export share,2.2211,% of extra-EU27 exports,"Eurostat COMEXT ds-059331 (International trade of EU and non-EU countries since 2002 by SITC); reporter=SI, product=TOTAL, flow=2 EXPORT, indicators=VALUE_EUR, freq=A, time=2025; regional aggregate = sum of individual partner-country values (mapping in _regions_build.py); denominator = total exports minus exports to the 27 EU member states",2026-08-06
SVN,2025,Latin America & Caribbean,export share,0.6916,% of extra-EU27 exports,"Eurostat COMEXT ds-059331 (International trade of EU and non-EU countries since 2002 by SITC); reporter=SI, product=TOTAL, flow=2 EXPORT, indicators=VALUE_EUR, freq=A, time=2025; regional aggregate = sum of individual partner-country values (mapping in _regions_build.py); denominator = total exports minus exports to the 27 EU member states",2026-08-06
SVN,2025,Oceania & polar regions,export share,0.3411,% of extra-EU27 exports,"Eurostat COMEXT ds-059331 (International trade of EU and non-EU countries since 2002 by SITC); reporter=SI, product=TOTAL, flow=2 EXPORT, indicators=VALUE_EUR, freq=A, time=2025; regional aggregate = sum of individual partner-country values (mapping in _regions_build.py); denominator = total exports minus exports to the 27 EU member states",2026-08-06
SVN,2025,Other / unallocated,export share,1.9276,% of extra-EU27 exports,"Eurostat COMEXT ds-059331 (International trade of EU and non-EU countries since 2002 by SITC); reporter=SI, product=TOTAL, flow=2 EXPORT, indicators=VALUE_EUR, freq=A, time=2025; regional aggregate = sum of individual partner-country values (mapping in _regions_build.py); denominator = total exports minus exports to the 27 EU member states",2026-08-06
SVK,2025,World,total exports,111237158312,EUR,"Eurostat COMEXT ds-059331 (International trade of EU and non-EU countries since 2002 by SITC); reporter=SK, product=TOTAL, flow=2 EXPORT, indicators=VALUE_EUR, freq=A, time=2025; regional aggregate = sum of individual partner-country values (mapping in _regions_build.py); denominator = n/a (level, partner=WORLD)",2026-08-06
SVK,2025,European Union (EU27),export share,78.2631,% of total exports,"Eurostat COMEXT ds-059331 (International trade of EU and non-EU countries since 2002 by SITC); reporter=SK, product=TOTAL, flow=2 EXPORT, indicators=VALUE_EUR, freq=A, time=2025; regional aggregate = sum of individual partner-country values (mapping in _regions_build.py); denominator = partner=WORLD total exports",2026-08-06
SVK,2025,Rest of Europe (non-EU27),export share,11.0688,% of total exports,"Eurostat COMEXT ds-059331 (International trade of EU and non-EU countries since 2002 by SITC); reporter=SK, product=TOTAL, flow=2 EXPORT, indicators=VALUE_EUR, freq=A, time=2025; regional aggregate = sum of individual partner-country values (mapping in _regions_build.py); denominator = partner=WORLD total exports",2026-08-06
SVK,2025,Asia (excl. Middle East),export share,3.3962,% of total exports,"Eurostat COMEXT ds-059331 (International trade of EU and non-EU countries since 2002 by SITC); reporter=SK, product=TOTAL, flow=2 EXPORT, indicators=VALUE_EUR, freq=A, time=2025; regional aggregate = sum of individual partner-country values (mapping in _regions_build.py); denominator = partner=WORLD total exports",2026-08-06
SVK,2025,Middle East,export share,1.5648,% of total exports,"Eurostat COMEXT ds-059331 (International trade of EU and non-EU countries since 2002 by SITC); reporter=SK, product=TOTAL, flow=2 EXPORT, indicators=VALUE_EUR, freq=A, time=2025; regional aggregate = sum of individual partner-country values (mapping in _regions_build.py); denominator = partner=WORLD total exports",2026-08-06
SVK,2025,Africa,export share,0.833,% of total exports,"Eurostat COMEXT ds-059331 (International trade of EU and non-EU countries since 2002 by SITC); reporter=SK, product=TOTAL, flow=2 EXPORT, indicators=VALUE_EUR, freq=A, time=2025; regional aggregate = sum of individual partner-country values (mapping in _regions_build.py); denominator = partner=WORLD total exports",2026-08-06
SVK,2025,North America,export share,3.7181,% of total exports,"Eurostat COMEXT ds-059331 (International trade of EU and non-EU countries since 2002 by SITC); reporter=SK, product=TOTAL, flow=2 EXPORT, indicators=VALUE_EUR, freq=A, time=2025; regional aggregate = sum of individual partner-country values (mapping in _regions_build.py); denominator = partner=WORLD total exports",2026-08-06
SVK,2025,Latin America & Caribbean,export share,0.7164,% of total exports,"Eurostat COMEXT ds-059331 (International trade of EU and non-EU countries since 2002 by SITC); reporter=SK, product=TOTAL, flow=2 EXPORT, indicators=VALUE_EUR, freq=A, time=2025; regional aggregate = sum of individual partner-country values (mapping in _regions_build.py); denominator = partner=WORLD total exports",2026-08-06
SVK,2025,Oceania & polar regions,export share,0.4114,% of total exports,"Eurostat COMEXT ds-059331 (International trade of EU and non-EU countries since 2002 by SITC); reporter=SK, product=TOTAL, flow=2 EXPORT, indicators=VALUE_EUR, freq=A, time=2025; regional aggregate = sum of individual partner-country values (mapping in _regions_build.py); denominator = partner=WORLD total exports",2026-08-06
SVK,2025,Other / unallocated,export share,0.0282,% of total exports,"Eurostat COMEXT ds-059331 (International trade of EU and non-EU countries since 2002 by SITC); reporter=SK, product=TOTAL, flow=2 EXPORT, indicators=VALUE_EUR, freq=A, time=2025; regional aggregate = sum of individual partner-country values (mapping in _regions_build.py); denominator = partner=WORLD total exports",2026-08-06
SVK,2025,Rest of Europe (non-EU27),export share,50.9216,% of extra-EU27 exports,"Eurostat COMEXT ds-059331 (International trade of EU and non-EU countries since 2002 by SITC); reporter=SK, product=TOTAL, flow=2 EXPORT, indicators=VALUE_EUR, freq=A, time=2025; regional aggregate = sum of individual partner-country values (mapping in _regions_build.py); denominator = total exports minus exports to the 27 EU member states",2026-08-06
SVK,2025,Asia (excl. Middle East),export share,15.6241,% of extra-EU27 exports,"Eurostat COMEXT ds-059331 (International trade of EU and non-EU countries since 2002 by SITC); reporter=SK, product=TOTAL, flow=2 EXPORT, indicators=VALUE_EUR, freq=A, time=2025; regional aggregate = sum of individual partner-country values (mapping in _regions_build.py); denominator = total exports minus exports to the 27 EU member states",2026-08-06
SVK,2025,Middle East,export share,7.1988,% of extra-EU27 exports,"Eurostat COMEXT ds-059331 (International trade of EU and non-EU countries since 2002 by SITC); reporter=SK, product=TOTAL, flow=2 EXPORT, indicators=VALUE_EUR, freq=A, time=2025; regional aggregate = sum of individual partner-country values (mapping in _regions_build.py); denominator = total exports minus exports to the 27 EU member states",2026-08-06
SVK,2025,Africa,export share,3.832,% of extra-EU27 exports,"Eurostat COMEXT ds-059331 (International trade of EU and non-EU countries since 2002 by SITC); reporter=SK, product=TOTAL, flow=2 EXPORT, indicators=VALUE_EUR, freq=A, time=2025; regional aggregate = sum of individual partner-country values (mapping in _regions_build.py); denominator = total exports minus exports to the 27 EU member states",2026-08-06
SVK,2025,North America,export share,17.1052,% of extra-EU27 exports,"Eurostat COMEXT ds-059331 (International trade of EU and non-EU countries since 2002 by SITC); reporter=SK, product=TOTAL, flow=2 EXPORT, indicators=VALUE_EUR, freq=A, time=2025; regional aggregate = sum of individual partner-country values (mapping in _regions_build.py); denominator = total exports minus exports to the 27 EU member states",2026-08-06
SVK,2025,Latin America & Caribbean,export share,3.2959,% of extra-EU27 exports,"Eurostat COMEXT ds-059331 (International trade of EU and non-EU countries since 2002 by SITC); reporter=SK, product=TOTAL, flow=2 EXPORT, indicators=VALUE_EUR, freq=A, time=2025; regional aggregate = sum of individual partner-country values (mapping in _regions_build.py); denominator = total exports minus exports to the 27 EU member states",2026-08-06
SVK,2025,Oceania & polar regions,export share,1.8928,% of extra-EU27 exports,"Eurostat COMEXT ds-059331 (International trade of EU and non-EU countries since 2002 by SITC); reporter=SK, product=TOTAL, flow=2 EXPORT, indicators=VALUE_EUR, freq=A, time=2025; regional aggregate = sum of individual partner-country values (mapping in _regions_build.py); denominator = total exports minus exports to the 27 EU member states",2026-08-06
SVK,2025,Other / unallocated,export share,0.1296,% of extra-EU27 exports,"Eurostat COMEXT ds-059331 (International trade of EU and non-EU countries since 2002 by SITC); reporter=SK, product=TOTAL, flow=2 EXPORT, indicators=VALUE_EUR, freq=A, time=2025; regional aggregate = sum of individual partner-country values (mapping in _regions_build.py); denominator = total exports minus exports to the 27 EU member states",2026-08-06
