iso3,year,partner,measure,value,unit,source,retrieved
AUT,2002,European Union,export share,71.2,% of total exports,"Eurostat, ext_lt_intratrd (Intra and Extra-EU trade by Member State and by product group), sitc06=TOTAL, partner=EU27_2020",2026-08-06
AUT,2003,European Union,export share,71.8,% of total exports,"Eurostat, ext_lt_intratrd (Intra and Extra-EU trade by Member State and by product group), sitc06=TOTAL, partner=EU27_2020",2026-08-06
AUT,2004,European Union,export share,70.6,% of total exports,"Eurostat, ext_lt_intratrd (Intra and Extra-EU trade by Member State and by product group), sitc06=TOTAL, partner=EU27_2020",2026-08-06
AUT,2005,European Union,export share,69.1,% of total exports,"Eurostat, ext_lt_intratrd (Intra and Extra-EU trade by Member State and by product group), sitc06=TOTAL, partner=EU27_2020",2026-08-06
AUT,2006,European Union,export share,69.4,% of total exports,"Eurostat, ext_lt_intratrd (Intra and Extra-EU trade by Member State and by product group), sitc06=TOTAL, partner=EU27_2020",2026-08-06
AUT,2007,European Union,export share,70.3,% of total exports,"Eurostat, ext_lt_intratrd (Intra and Extra-EU trade by Member State and by product group), sitc06=TOTAL, partner=EU27_2020",2026-08-06
AUT,2008,European Union,export share,70.3,% of total exports,"Eurostat, ext_lt_intratrd (Intra and Extra-EU trade by Member State and by product group), sitc06=TOTAL, partner=EU27_2020",2026-08-06
AUT,2009,European Union,export share,69.7,% of total exports,"Eurostat, ext_lt_intratrd (Intra and Extra-EU trade by Member State and by product group), sitc06=TOTAL, partner=EU27_2020",2026-08-06
AUT,2010,European Union,export share,69.2,% of total exports,"Eurostat, ext_lt_intratrd (Intra and Extra-EU trade by Member State and by product group), sitc06=TOTAL, partner=EU27_2020",2026-08-06
AUT,2011,European Union,export share,68.4,% of total exports,"Eurostat, ext_lt_intratrd (Intra and Extra-EU trade by Member State and by product group), sitc06=TOTAL, partner=EU27_2020",2026-08-06
AUT,2012,European Union,export share,67.3,% of total exports,"Eurostat, ext_lt_intratrd (Intra and Extra-EU trade by Member State and by product group), sitc06=TOTAL, partner=EU27_2020",2026-08-06
AUT,2013,European Union,export share,67.2,% of total exports,"Eurostat, ext_lt_intratrd (Intra and Extra-EU trade by Member State and by product group), sitc06=TOTAL, partner=EU27_2020",2026-08-06
AUT,2014,European Union,export share,66.8,% of total exports,"Eurostat, ext_lt_intratrd (Intra and Extra-EU trade by Member State and by product group), sitc06=TOTAL, partner=EU27_2020",2026-08-06
AUT,2015,European Union,export share,66.9,% of total exports,"Eurostat, ext_lt_intratrd (Intra and Extra-EU trade by Member State and by product group), sitc06=TOTAL, partner=EU27_2020",2026-08-06
AUT,2016,European Union,export share,67.6,% of total exports,"Eurostat, ext_lt_intratrd (Intra and Extra-EU trade by Member State and by product group), sitc06=TOTAL, partner=EU27_2020",2026-08-06
AUT,2017,European Union,export share,68.5,% of total exports,"Eurostat, ext_lt_intratrd (Intra and Extra-EU trade by Member State and by product group), sitc06=TOTAL, partner=EU27_2020",2026-08-06
AUT,2018,European Union,export share,68.6,% of total exports,"Eurostat, ext_lt_intratrd (Intra and Extra-EU trade by Member State and by product group), sitc06=TOTAL, partner=EU27_2020",2026-08-06
AUT,2019,European Union,export share,67.9,% of total exports,"Eurostat, ext_lt_intratrd (Intra and Extra-EU trade by Member State and by product group), sitc06=TOTAL, partner=EU27_2020",2026-08-06
AUT,2020,European Union,export share,68.7,% of total exports,"Eurostat, ext_lt_intratrd (Intra and Extra-EU trade by Member State and by product group), sitc06=TOTAL, partner=EU27_2020",2026-08-06
AUT,2021,European Union,export share,69.1,% of total exports,"Eurostat, ext_lt_intratrd (Intra and Extra-EU trade by Member State and by product group), sitc06=TOTAL, partner=EU27_2020",2026-08-06
AUT,2022,European Union,export share,69.6,% of total exports,"Eurostat, ext_lt_intratrd (Intra and Extra-EU trade by Member State and by product group), sitc06=TOTAL, partner=EU27_2020",2026-08-06
AUT,2023,European Union,export share,69.4,% of total exports,"Eurostat, ext_lt_intratrd (Intra and Extra-EU trade by Member State and by product group), sitc06=TOTAL, partner=EU27_2020",2026-08-06
AUT,2024,European Union,export share,68.1,% of total exports,"Eurostat, ext_lt_intratrd (Intra and Extra-EU trade by Member State and by product group), sitc06=TOTAL, partner=EU27_2020",2026-08-06
AUT,2025,European Union,export share,69.1,% of total exports,"Eurostat, ext_lt_intratrd (Intra and Extra-EU trade by Member State and by product group), sitc06=TOTAL, partner=EU27_2020",2026-08-06
AUT,2002,European Union,import share,78.9,% of total imports,"Eurostat, ext_lt_intratrd (Intra and Extra-EU trade by Member State and by product group), sitc06=TOTAL, partner=EU27_2020",2026-08-06
AUT,2003,European Union,import share,80.3,% of total imports,"Eurostat, ext_lt_intratrd (Intra and Extra-EU trade by Member State and by product group), sitc06=TOTAL, partner=EU27_2020",2026-08-06
AUT,2004,European Union,import share,81.6,% of total imports,"Eurostat, ext_lt_intratrd (Intra and Extra-EU trade by Member State and by product group), sitc06=TOTAL, partner=EU27_2020",2026-08-06
AUT,2005,European Union,import share,78.8,% of total imports,"Eurostat, ext_lt_intratrd (Intra and Extra-EU trade by Member State and by product group), sitc06=TOTAL, partner=EU27_2020",2026-08-06
AUT,2006,European Union,import share,78.3,% of total imports,"Eurostat, ext_lt_intratrd (Intra and Extra-EU trade by Member State and by product group), sitc06=TOTAL, partner=EU27_2020",2026-08-06
AUT,2007,European Union,import share,78.0,% of total imports,"Eurostat, ext_lt_intratrd (Intra and Extra-EU trade by Member State and by product group), sitc06=TOTAL, partner=EU27_2020",2026-08-06
AUT,2008,European Union,import share,77.0,% of total imports,"Eurostat, ext_lt_intratrd (Intra and Extra-EU trade by Member State and by product group), sitc06=TOTAL, partner=EU27_2020",2026-08-06
AUT,2009,European Union,import share,77.0,% of total imports,"Eurostat, ext_lt_intratrd (Intra and Extra-EU trade by Member State and by product group), sitc06=TOTAL, partner=EU27_2020",2026-08-06
AUT,2010,European Union,import share,76.6,% of total imports,"Eurostat, ext_lt_intratrd (Intra and Extra-EU trade by Member State and by product group), sitc06=TOTAL, partner=EU27_2020",2026-08-06
AUT,2011,European Union,import share,75.8,% of total imports,"Eurostat, ext_lt_intratrd (Intra and Extra-EU trade by Member State and by product group), sitc06=TOTAL, partner=EU27_2020",2026-08-06
AUT,2012,European Union,import share,75.0,% of total imports,"Eurostat, ext_lt_intratrd (Intra and Extra-EU trade by Member State and by product group), sitc06=TOTAL, partner=EU27_2020",2026-08-06
AUT,2013,European Union,import share,75.1,% of total imports,"Eurostat, ext_lt_intratrd (Intra and Extra-EU trade by Member State and by product group), sitc06=TOTAL, partner=EU27_2020",2026-08-06
AUT,2014,European Union,import share,75.1,% of total imports,"Eurostat, ext_lt_intratrd (Intra and Extra-EU trade by Member State and by product group), sitc06=TOTAL, partner=EU27_2020",2026-08-06
AUT,2015,European Union,import share,75.0,% of total imports,"Eurostat, ext_lt_intratrd (Intra and Extra-EU trade by Member State and by product group), sitc06=TOTAL, partner=EU27_2020",2026-08-06
AUT,2016,European Union,import share,76.2,% of total imports,"Eurostat, ext_lt_intratrd (Intra and Extra-EU trade by Member State and by product group), sitc06=TOTAL, partner=EU27_2020",2026-08-06
AUT,2017,European Union,import share,75.7,% of total imports,"Eurostat, ext_lt_intratrd (Intra and Extra-EU trade by Member State and by product group), sitc06=TOTAL, partner=EU27_2020",2026-08-06
AUT,2018,European Union,import share,75.8,% of total imports,"Eurostat, ext_lt_intratrd (Intra and Extra-EU trade by Member State and by product group), sitc06=TOTAL, partner=EU27_2020",2026-08-06
AUT,2019,European Union,import share,76.2,% of total imports,"Eurostat, ext_lt_intratrd (Intra and Extra-EU trade by Member State and by product group), sitc06=TOTAL, partner=EU27_2020",2026-08-06
AUT,2020,European Union,import share,76.9,% of total imports,"Eurostat, ext_lt_intratrd (Intra and Extra-EU trade by Member State and by product group), sitc06=TOTAL, partner=EU27_2020",2026-08-06
AUT,2021,European Union,import share,76.4,% of total imports,"Eurostat, ext_lt_intratrd (Intra and Extra-EU trade by Member State and by product group), sitc06=TOTAL, partner=EU27_2020",2026-08-06
AUT,2022,European Union,import share,75.1,% of total imports,"Eurostat, ext_lt_intratrd (Intra and Extra-EU trade by Member State and by product group), sitc06=TOTAL, partner=EU27_2020",2026-08-06
AUT,2023,European Union,import share,75.6,% of total imports,"Eurostat, ext_lt_intratrd (Intra and Extra-EU trade by Member State and by product group), sitc06=TOTAL, partner=EU27_2020",2026-08-06
AUT,2024,European Union,import share,78.3,% of total imports,"Eurostat, ext_lt_intratrd (Intra and Extra-EU trade by Member State and by product group), sitc06=TOTAL, partner=EU27_2020",2026-08-06
AUT,2025,European Union,import share,78.4,% of total imports,"Eurostat, ext_lt_intratrd (Intra and Extra-EU trade by Member State and by product group), sitc06=TOTAL, partner=EU27_2020",2026-08-06
BEL,2002,European Union,export share,65.9,% of total exports,"Eurostat, ext_lt_intratrd (Intra and Extra-EU trade by Member State and by product group), sitc06=TOTAL, partner=EU27_2020",2026-08-06
BEL,2003,European Union,export share,68.2,% of total exports,"Eurostat, ext_lt_intratrd (Intra and Extra-EU trade by Member State and by product group), sitc06=TOTAL, partner=EU27_2020",2026-08-06
BEL,2004,European Union,export share,68.5,% of total exports,"Eurostat, ext_lt_intratrd (Intra and Extra-EU trade by Member State and by product group), sitc06=TOTAL, partner=EU27_2020",2026-08-06
BEL,2005,European Union,export share,68.6,% of total exports,"Eurostat, ext_lt_intratrd (Intra and Extra-EU trade by Member State and by product group), sitc06=TOTAL, partner=EU27_2020",2026-08-06
BEL,2006,European Union,export share,68.6,% of total exports,"Eurostat, ext_lt_intratrd (Intra and Extra-EU trade by Member State and by product group), sitc06=TOTAL, partner=EU27_2020",2026-08-06
BEL,2007,European Union,export share,68.6,% of total exports,"Eurostat, ext_lt_intratrd (Intra and Extra-EU trade by Member State and by product group), sitc06=TOTAL, partner=EU27_2020",2026-08-06
BEL,2008,European Union,export share,69.7,% of total exports,"Eurostat, ext_lt_intratrd (Intra and Extra-EU trade by Member State and by product group), sitc06=TOTAL, partner=EU27_2020",2026-08-06
BEL,2009,European Union,export share,68.5,% of total exports,"Eurostat, ext_lt_intratrd (Intra and Extra-EU trade by Member State and by product group), sitc06=TOTAL, partner=EU27_2020",2026-08-06
BEL,2010,European Union,export share,66.0,% of total exports,"Eurostat, ext_lt_intratrd (Intra and Extra-EU trade by Member State and by product group), sitc06=TOTAL, partner=EU27_2020",2026-08-06
BEL,2011,European Union,export share,65.0,% of total exports,"Eurostat, ext_lt_intratrd (Intra and Extra-EU trade by Member State and by product group), sitc06=TOTAL, partner=EU27_2020",2026-08-06
BEL,2012,European Union,export share,63.0,% of total exports,"Eurostat, ext_lt_intratrd (Intra and Extra-EU trade by Member State and by product group), sitc06=TOTAL, partner=EU27_2020",2026-08-06
BEL,2013,European Union,export share,62.6,% of total exports,"Eurostat, ext_lt_intratrd (Intra and Extra-EU trade by Member State and by product group), sitc06=TOTAL, partner=EU27_2020",2026-08-06
BEL,2014,European Union,export share,62.2,% of total exports,"Eurostat, ext_lt_intratrd (Intra and Extra-EU trade by Member State and by product group), sitc06=TOTAL, partner=EU27_2020",2026-08-06
BEL,2015,European Union,export share,62.9,% of total exports,"Eurostat, ext_lt_intratrd (Intra and Extra-EU trade by Member State and by product group), sitc06=TOTAL, partner=EU27_2020",2026-08-06
BEL,2016,European Union,export share,63.1,% of total exports,"Eurostat, ext_lt_intratrd (Intra and Extra-EU trade by Member State and by product group), sitc06=TOTAL, partner=EU27_2020",2026-08-06
BEL,2017,European Union,export share,64.0,% of total exports,"Eurostat, ext_lt_intratrd (Intra and Extra-EU trade by Member State and by product group), sitc06=TOTAL, partner=EU27_2020",2026-08-06
BEL,2018,European Union,export share,65.1,% of total exports,"Eurostat, ext_lt_intratrd (Intra and Extra-EU trade by Member State and by product group), sitc06=TOTAL, partner=EU27_2020",2026-08-06
BEL,2019,European Union,export share,65.1,% of total exports,"Eurostat, ext_lt_intratrd (Intra and Extra-EU trade by Member State and by product group), sitc06=TOTAL, partner=EU27_2020",2026-08-06
BEL,2020,European Union,export share,64.9,% of total exports,"Eurostat, ext_lt_intratrd (Intra and Extra-EU trade by Member State and by product group), sitc06=TOTAL, partner=EU27_2020",2026-08-06
BEL,2021,European Union,export share,67.0,% of total exports,"Eurostat, ext_lt_intratrd (Intra and Extra-EU trade by Member State and by product group), sitc06=TOTAL, partner=EU27_2020",2026-08-06
BEL,2022,European Union,export share,68.2,% of total exports,"Eurostat, ext_lt_intratrd (Intra and Extra-EU trade by Member State and by product group), sitc06=TOTAL, partner=EU27_2020",2026-08-06
BEL,2023,European Union,export share,66.5,% of total exports,"Eurostat, ext_lt_intratrd (Intra and Extra-EU trade by Member State and by product group), sitc06=TOTAL, partner=EU27_2020",2026-08-06
BEL,2024,European Union,export share,67.4,% of total exports,"Eurostat, ext_lt_intratrd (Intra and Extra-EU trade by Member State and by product group), sitc06=TOTAL, partner=EU27_2020",2026-08-06
BEL,2025,European Union,export share,69.2,% of total exports,"Eurostat, ext_lt_intratrd (Intra and Extra-EU trade by Member State and by product group), sitc06=TOTAL, partner=EU27_2020",2026-08-06
BEL,2002,European Union,import share,65.4,% of total imports,"Eurostat, ext_lt_intratrd (Intra and Extra-EU trade by Member State and by product group), sitc06=TOTAL, partner=EU27_2020",2026-08-06
BEL,2003,European Union,import share,66.1,% of total imports,"Eurostat, ext_lt_intratrd (Intra and Extra-EU trade by Member State and by product group), sitc06=TOTAL, partner=EU27_2020",2026-08-06
BEL,2004,European Union,import share,66.0,% of total imports,"Eurostat, ext_lt_intratrd (Intra and Extra-EU trade by Member State and by product group), sitc06=TOTAL, partner=EU27_2020",2026-08-06
BEL,2005,European Union,import share,65.3,% of total imports,"Eurostat, ext_lt_intratrd (Intra and Extra-EU trade by Member State and by product group), sitc06=TOTAL, partner=EU27_2020",2026-08-06
BEL,2006,European Union,import share,64.9,% of total imports,"Eurostat, ext_lt_intratrd (Intra and Extra-EU trade by Member State and by product group), sitc06=TOTAL, partner=EU27_2020",2026-08-06
BEL,2007,European Union,import share,64.3,% of total imports,"Eurostat, ext_lt_intratrd (Intra and Extra-EU trade by Member State and by product group), sitc06=TOTAL, partner=EU27_2020",2026-08-06
BEL,2008,European Union,import share,64.2,% of total imports,"Eurostat, ext_lt_intratrd (Intra and Extra-EU trade by Member State and by product group), sitc06=TOTAL, partner=EU27_2020",2026-08-06
BEL,2009,European Union,import share,65.1,% of total imports,"Eurostat, ext_lt_intratrd (Intra and Extra-EU trade by Member State and by product group), sitc06=TOTAL, partner=EU27_2020",2026-08-06
BEL,2010,European Union,import share,63.5,% of total imports,"Eurostat, ext_lt_intratrd (Intra and Extra-EU trade by Member State and by product group), sitc06=TOTAL, partner=EU27_2020",2026-08-06
BEL,2011,European Union,import share,61.8,% of total imports,"Eurostat, ext_lt_intratrd (Intra and Extra-EU trade by Member State and by product group), sitc06=TOTAL, partner=EU27_2020",2026-08-06
BEL,2012,European Union,import share,62.1,% of total imports,"Eurostat, ext_lt_intratrd (Intra and Extra-EU trade by Member State and by product group), sitc06=TOTAL, partner=EU27_2020",2026-08-06
BEL,2013,European Union,import share,61.1,% of total imports,"Eurostat, ext_lt_intratrd (Intra and Extra-EU trade by Member State and by product group), sitc06=TOTAL, partner=EU27_2020",2026-08-06
BEL,2014,European Union,import share,60.1,% of total imports,"Eurostat, ext_lt_intratrd (Intra and Extra-EU trade by Member State and by product group), sitc06=TOTAL, partner=EU27_2020",2026-08-06
BEL,2015,European Union,import share,57.7,% of total imports,"Eurostat, ext_lt_intratrd (Intra and Extra-EU trade by Member State and by product group), sitc06=TOTAL, partner=EU27_2020",2026-08-06
BEL,2016,European Union,import share,59.0,% of total imports,"Eurostat, ext_lt_intratrd (Intra and Extra-EU trade by Member State and by product group), sitc06=TOTAL, partner=EU27_2020",2026-08-06
BEL,2017,European Union,import share,59.7,% of total imports,"Eurostat, ext_lt_intratrd (Intra and Extra-EU trade by Member State and by product group), sitc06=TOTAL, partner=EU27_2020",2026-08-06
BEL,2018,European Union,import share,60.0,% of total imports,"Eurostat, ext_lt_intratrd (Intra and Extra-EU trade by Member State and by product group), sitc06=TOTAL, partner=EU27_2020",2026-08-06
BEL,2019,European Union,import share,59.9,% of total imports,"Eurostat, ext_lt_intratrd (Intra and Extra-EU trade by Member State and by product group), sitc06=TOTAL, partner=EU27_2020",2026-08-06
BEL,2020,European Union,import share,61.6,% of total imports,"Eurostat, ext_lt_intratrd (Intra and Extra-EU trade by Member State and by product group), sitc06=TOTAL, partner=EU27_2020",2026-08-06
BEL,2021,European Union,import share,63.1,% of total imports,"Eurostat, ext_lt_intratrd (Intra and Extra-EU trade by Member State and by product group), sitc06=TOTAL, partner=EU27_2020",2026-08-06
BEL,2022,European Union,import share,58.1,% of total imports,"Eurostat, ext_lt_intratrd (Intra and Extra-EU trade by Member State and by product group), sitc06=TOTAL, partner=EU27_2020",2026-08-06
BEL,2023,European Union,import share,61.7,% of total imports,"Eurostat, ext_lt_intratrd (Intra and Extra-EU trade by Member State and by product group), sitc06=TOTAL, partner=EU27_2020",2026-08-06
BEL,2024,European Union,import share,62.4,% of total imports,"Eurostat, ext_lt_intratrd (Intra and Extra-EU trade by Member State and by product group), sitc06=TOTAL, partner=EU27_2020",2026-08-06
BEL,2025,European Union,import share,62.9,% of total imports,"Eurostat, ext_lt_intratrd (Intra and Extra-EU trade by Member State and by product group), sitc06=TOTAL, partner=EU27_2020",2026-08-06
BGR,2002,European Union,export share,59.4,% of total exports,"Eurostat, ext_lt_intratrd (Intra and Extra-EU trade by Member State and by product group), sitc06=TOTAL, partner=EU27_2020",2026-08-06
BGR,2003,European Union,export share,61.2,% of total exports,"Eurostat, ext_lt_intratrd (Intra and Extra-EU trade by Member State and by product group), sitc06=TOTAL, partner=EU27_2020",2026-08-06
BGR,2004,European Union,export share,60.2,% of total exports,"Eurostat, ext_lt_intratrd (Intra and Extra-EU trade by Member State and by product group), sitc06=TOTAL, partner=EU27_2020",2026-08-06
BGR,2005,European Union,export share,59.2,% of total exports,"Eurostat, ext_lt_intratrd (Intra and Extra-EU trade by Member State and by product group), sitc06=TOTAL, partner=EU27_2020",2026-08-06
BGR,2006,European Union,export share,59.8,% of total exports,"Eurostat, ext_lt_intratrd (Intra and Extra-EU trade by Member State and by product group), sitc06=TOTAL, partner=EU27_2020",2026-08-06
BGR,2007,European Union,export share,59.3,% of total exports,"Eurostat, ext_lt_intratrd (Intra and Extra-EU trade by Member State and by product group), sitc06=TOTAL, partner=EU27_2020",2026-08-06
BGR,2008,European Union,export share,58.7,% of total exports,"Eurostat, ext_lt_intratrd (Intra and Extra-EU trade by Member State and by product group), sitc06=TOTAL, partner=EU27_2020",2026-08-06
BGR,2009,European Union,export share,63.5,% of total exports,"Eurostat, ext_lt_intratrd (Intra and Extra-EU trade by Member State and by product group), sitc06=TOTAL, partner=EU27_2020",2026-08-06
BGR,2010,European Union,export share,59.4,% of total exports,"Eurostat, ext_lt_intratrd (Intra and Extra-EU trade by Member State and by product group), sitc06=TOTAL, partner=EU27_2020",2026-08-06
BGR,2011,European Union,export share,60.8,% of total exports,"Eurostat, ext_lt_intratrd (Intra and Extra-EU trade by Member State and by product group), sitc06=TOTAL, partner=EU27_2020",2026-08-06
BGR,2012,European Union,export share,57.0,% of total exports,"Eurostat, ext_lt_intratrd (Intra and Extra-EU trade by Member State and by product group), sitc06=TOTAL, partner=EU27_2020",2026-08-06
BGR,2013,European Union,export share,57.8,% of total exports,"Eurostat, ext_lt_intratrd (Intra and Extra-EU trade by Member State and by product group), sitc06=TOTAL, partner=EU27_2020",2026-08-06
BGR,2014,European Union,export share,60.2,% of total exports,"Eurostat, ext_lt_intratrd (Intra and Extra-EU trade by Member State and by product group), sitc06=TOTAL, partner=EU27_2020",2026-08-06
BGR,2015,European Union,export share,62.4,% of total exports,"Eurostat, ext_lt_intratrd (Intra and Extra-EU trade by Member State and by product group), sitc06=TOTAL, partner=EU27_2020",2026-08-06
BGR,2016,European Union,export share,63.9,% of total exports,"Eurostat, ext_lt_intratrd (Intra and Extra-EU trade by Member State and by product group), sitc06=TOTAL, partner=EU27_2020",2026-08-06
BGR,2017,European Union,export share,61.2,% of total exports,"Eurostat, ext_lt_intratrd (Intra and Extra-EU trade by Member State and by product group), sitc06=TOTAL, partner=EU27_2020",2026-08-06
BGR,2018,European Union,export share,65.2,% of total exports,"Eurostat, ext_lt_intratrd (Intra and Extra-EU trade by Member State and by product group), sitc06=TOTAL, partner=EU27_2020",2026-08-06
BGR,2019,European Union,export share,64.2,% of total exports,"Eurostat, ext_lt_intratrd (Intra and Extra-EU trade by Member State and by product group), sitc06=TOTAL, partner=EU27_2020",2026-08-06
BGR,2020,European Union,export share,65.5,% of total exports,"Eurostat, ext_lt_intratrd (Intra and Extra-EU trade by Member State and by product group), sitc06=TOTAL, partner=EU27_2020",2026-08-06
BGR,2021,European Union,export share,66.5,% of total exports,"Eurostat, ext_lt_intratrd (Intra and Extra-EU trade by Member State and by product group), sitc06=TOTAL, partner=EU27_2020",2026-08-06
BGR,2022,European Union,export share,65.2,% of total exports,"Eurostat, ext_lt_intratrd (Intra and Extra-EU trade by Member State and by product group), sitc06=TOTAL, partner=EU27_2020",2026-08-06
BGR,2023,European Union,export share,63.4,% of total exports,"Eurostat, ext_lt_intratrd (Intra and Extra-EU trade by Member State and by product group), sitc06=TOTAL, partner=EU27_2020",2026-08-06
BGR,2024,European Union,export share,64.6,% of total exports,"Eurostat, ext_lt_intratrd (Intra and Extra-EU trade by Member State and by product group), sitc06=TOTAL, partner=EU27_2020",2026-08-06
BGR,2025,European Union,export share,64.1,% of total exports,"Eurostat, ext_lt_intratrd (Intra and Extra-EU trade by Member State and by product group), sitc06=TOTAL, partner=EU27_2020",2026-08-06
BGR,2002,European Union,import share,55.2,% of total imports,"Eurostat, ext_lt_intratrd (Intra and Extra-EU trade by Member State and by product group), sitc06=TOTAL, partner=EU27_2020",2026-08-06
BGR,2003,European Union,import share,55.5,% of total imports,"Eurostat, ext_lt_intratrd (Intra and Extra-EU trade by Member State and by product group), sitc06=TOTAL, partner=EU27_2020",2026-08-06
BGR,2004,European Union,import share,54.8,% of total imports,"Eurostat, ext_lt_intratrd (Intra and Extra-EU trade by Member State and by product group), sitc06=TOTAL, partner=EU27_2020",2026-08-06
BGR,2005,European Union,import share,60.2,% of total imports,"Eurostat, ext_lt_intratrd (Intra and Extra-EU trade by Member State and by product group), sitc06=TOTAL, partner=EU27_2020",2026-08-06
BGR,2006,European Union,import share,59.1,% of total imports,"Eurostat, ext_lt_intratrd (Intra and Extra-EU trade by Member State and by product group), sitc06=TOTAL, partner=EU27_2020",2026-08-06
BGR,2007,European Union,import share,57.2,% of total imports,"Eurostat, ext_lt_intratrd (Intra and Extra-EU trade by Member State and by product group), sitc06=TOTAL, partner=EU27_2020",2026-08-06
BGR,2008,European Union,import share,55.6,% of total imports,"Eurostat, ext_lt_intratrd (Intra and Extra-EU trade by Member State and by product group), sitc06=TOTAL, partner=EU27_2020",2026-08-06
BGR,2009,European Union,import share,58.8,% of total imports,"Eurostat, ext_lt_intratrd (Intra and Extra-EU trade by Member State and by product group), sitc06=TOTAL, partner=EU27_2020",2026-08-06
BGR,2010,European Union,import share,57.1,% of total imports,"Eurostat, ext_lt_intratrd (Intra and Extra-EU trade by Member State and by product group), sitc06=TOTAL, partner=EU27_2020",2026-08-06
BGR,2011,European Union,import share,57.9,% of total imports,"Eurostat, ext_lt_intratrd (Intra and Extra-EU trade by Member State and by product group), sitc06=TOTAL, partner=EU27_2020",2026-08-06
BGR,2012,European Union,import share,57.3,% of total imports,"Eurostat, ext_lt_intratrd (Intra and Extra-EU trade by Member State and by product group), sitc06=TOTAL, partner=EU27_2020",2026-08-06
BGR,2013,European Union,import share,58.2,% of total imports,"Eurostat, ext_lt_intratrd (Intra and Extra-EU trade by Member State and by product group), sitc06=TOTAL, partner=EU27_2020",2026-08-06
BGR,2014,European Union,import share,60.0,% of total imports,"Eurostat, ext_lt_intratrd (Intra and Extra-EU trade by Member State and by product group), sitc06=TOTAL, partner=EU27_2020",2026-08-06
BGR,2015,European Union,import share,62.5,% of total imports,"Eurostat, ext_lt_intratrd (Intra and Extra-EU trade by Member State and by product group), sitc06=TOTAL, partner=EU27_2020",2026-08-06
BGR,2016,European Union,import share,64.1,% of total imports,"Eurostat, ext_lt_intratrd (Intra and Extra-EU trade by Member State and by product group), sitc06=TOTAL, partner=EU27_2020",2026-08-06
BGR,2017,European Union,import share,62.4,% of total imports,"Eurostat, ext_lt_intratrd (Intra and Extra-EU trade by Member State and by product group), sitc06=TOTAL, partner=EU27_2020",2026-08-06
BGR,2018,European Union,import share,62.1,% of total imports,"Eurostat, ext_lt_intratrd (Intra and Extra-EU trade by Member State and by product group), sitc06=TOTAL, partner=EU27_2020",2026-08-06
BGR,2019,European Union,import share,61.2,% of total imports,"Eurostat, ext_lt_intratrd (Intra and Extra-EU trade by Member State and by product group), sitc06=TOTAL, partner=EU27_2020",2026-08-06
BGR,2020,European Union,import share,61.0,% of total imports,"Eurostat, ext_lt_intratrd (Intra and Extra-EU trade by Member State and by product group), sitc06=TOTAL, partner=EU27_2020",2026-08-06
BGR,2021,European Union,import share,60.5,% of total imports,"Eurostat, ext_lt_intratrd (Intra and Extra-EU trade by Member State and by product group), sitc06=TOTAL, partner=EU27_2020",2026-08-06
BGR,2022,European Union,import share,55.2,% of total imports,"Eurostat, ext_lt_intratrd (Intra and Extra-EU trade by Member State and by product group), sitc06=TOTAL, partner=EU27_2020",2026-08-06
BGR,2023,European Union,import share,59.9,% of total imports,"Eurostat, ext_lt_intratrd (Intra and Extra-EU trade by Member State and by product group), sitc06=TOTAL, partner=EU27_2020",2026-08-06
BGR,2024,European Union,import share,58.2,% of total imports,"Eurostat, ext_lt_intratrd (Intra and Extra-EU trade by Member State and by product group), sitc06=TOTAL, partner=EU27_2020",2026-08-06
BGR,2025,European Union,import share,57.4,% of total imports,"Eurostat, ext_lt_intratrd (Intra and Extra-EU trade by Member State and by product group), sitc06=TOTAL, partner=EU27_2020",2026-08-06
CHE,2015,European Union,export share,38.7,% of total exports,"Eurostat COMEXT ds-059331 (International trade of EU and non-EU countries since 2002 by SITC); derived = (WORLD 261471736631 - EXT_EU27_2020 160280847431) / WORLD 261471736631; product=TOTAL, flow=export, indicators=VALUE_EUR",2026-08-06
CHE,2023,European Union,export share,40.0,% of total exports,"Eurostat COMEXT ds-059331 (International trade of EU and non-EU countries since 2002 by SITC); derived = (WORLD 388535352551 - EXT_EU27_2020 233286733881) / WORLD 388535352551; product=TOTAL, flow=export, indicators=VALUE_EUR",2026-08-06
CYP,2002,European Union,export share,42.5,% of total exports,"Eurostat, ext_lt_intratrd (Intra and Extra-EU trade by Member State and by product group), sitc06=TOTAL, partner=EU27_2020",2026-08-06
CYP,2003,European Union,export share,46.8,% of total exports,"Eurostat, ext_lt_intratrd (Intra and Extra-EU trade by Member State and by product group), sitc06=TOTAL, partner=EU27_2020",2026-08-06
CYP,2004,European Union,export share,44.9,% of total exports,"Eurostat, ext_lt_intratrd (Intra and Extra-EU trade by Member State and by product group), sitc06=TOTAL, partner=EU27_2020",2026-08-06
CYP,2005,European Union,export share,56.5,% of total exports,"Eurostat, ext_lt_intratrd (Intra and Extra-EU trade by Member State and by product group), sitc06=TOTAL, partner=EU27_2020",2026-08-06
CYP,2006,European Union,export share,55.3,% of total exports,"Eurostat, ext_lt_intratrd (Intra and Extra-EU trade by Member State and by product group), sitc06=TOTAL, partner=EU27_2020",2026-08-06
CYP,2007,European Union,export share,57.6,% of total exports,"Eurostat, ext_lt_intratrd (Intra and Extra-EU trade by Member State and by product group), sitc06=TOTAL, partner=EU27_2020",2026-08-06
CYP,2008,European Union,export share,58.9,% of total exports,"Eurostat, ext_lt_intratrd (Intra and Extra-EU trade by Member State and by product group), sitc06=TOTAL, partner=EU27_2020",2026-08-06
CYP,2009,European Union,export share,58.2,% of total exports,"Eurostat, ext_lt_intratrd (Intra and Extra-EU trade by Member State and by product group), sitc06=TOTAL, partner=EU27_2020",2026-08-06
CYP,2010,European Union,export share,58.1,% of total exports,"Eurostat, ext_lt_intratrd (Intra and Extra-EU trade by Member State and by product group), sitc06=TOTAL, partner=EU27_2020",2026-08-06
CYP,2011,European Union,export share,58.5,% of total exports,"Eurostat, ext_lt_intratrd (Intra and Extra-EU trade by Member State and by product group), sitc06=TOTAL, partner=EU27_2020",2026-08-06
CYP,2012,European Union,export share,51.2,% of total exports,"Eurostat, ext_lt_intratrd (Intra and Extra-EU trade by Member State and by product group), sitc06=TOTAL, partner=EU27_2020",2026-08-06
CYP,2013,European Union,export share,44.2,% of total exports,"Eurostat, ext_lt_intratrd (Intra and Extra-EU trade by Member State and by product group), sitc06=TOTAL, partner=EU27_2020",2026-08-06
CYP,2014,European Union,export share,43.3,% of total exports,"Eurostat, ext_lt_intratrd (Intra and Extra-EU trade by Member State and by product group), sitc06=TOTAL, partner=EU27_2020",2026-08-06
CYP,2015,European Union,export share,39.9,% of total exports,"Eurostat, ext_lt_intratrd (Intra and Extra-EU trade by Member State and by product group), sitc06=TOTAL, partner=EU27_2020",2026-08-06
CYP,2016,European Union,export share,36.6,% of total exports,"Eurostat, ext_lt_intratrd (Intra and Extra-EU trade by Member State and by product group), sitc06=TOTAL, partner=EU27_2020",2026-08-06
CYP,2017,European Union,export share,32.5,% of total exports,"Eurostat, ext_lt_intratrd (Intra and Extra-EU trade by Member State and by product group), sitc06=TOTAL, partner=EU27_2020",2026-08-06
CYP,2018,European Union,export share,25.5,% of total exports,"Eurostat, ext_lt_intratrd (Intra and Extra-EU trade by Member State and by product group), sitc06=TOTAL, partner=EU27_2020",2026-08-06
CYP,2019,European Union,export share,40.6,% of total exports,"Eurostat, ext_lt_intratrd (Intra and Extra-EU trade by Member State and by product group), sitc06=TOTAL, partner=EU27_2020",2026-08-06
CYP,2020,European Union,export share,33.9,% of total exports,"Eurostat, ext_lt_intratrd (Intra and Extra-EU trade by Member State and by product group), sitc06=TOTAL, partner=EU27_2020",2026-08-06
CYP,2021,European Union,export share,25.8,% of total exports,"Eurostat, ext_lt_intratrd (Intra and Extra-EU trade by Member State and by product group), sitc06=TOTAL, partner=EU27_2020",2026-08-06
CYP,2022,European Union,export share,25.8,% of total exports,"Eurostat, ext_lt_intratrd (Intra and Extra-EU trade by Member State and by product group), sitc06=TOTAL, partner=EU27_2020",2026-08-06
CYP,2023,European Union,export share,22.7,% of total exports,"Eurostat, ext_lt_intratrd (Intra and Extra-EU trade by Member State and by product group), sitc06=TOTAL, partner=EU27_2020",2026-08-06
CYP,2024,European Union,export share,24.9,% of total exports,"Eurostat, ext_lt_intratrd (Intra and Extra-EU trade by Member State and by product group), sitc06=TOTAL, partner=EU27_2020",2026-08-06
CYP,2025,European Union,export share,27.6,% of total exports,"Eurostat, ext_lt_intratrd (Intra and Extra-EU trade by Member State and by product group), sitc06=TOTAL, partner=EU27_2020",2026-08-06
CYP,2002,European Union,import share,49.1,% of total imports,"Eurostat, ext_lt_intratrd (Intra and Extra-EU trade by Member State and by product group), sitc06=TOTAL, partner=EU27_2020",2026-08-06
CYP,2003,European Union,import share,52.0,% of total imports,"Eurostat, ext_lt_intratrd (Intra and Extra-EU trade by Member State and by product group), sitc06=TOTAL, partner=EU27_2020",2026-08-06
CYP,2004,European Union,import share,60.6,% of total imports,"Eurostat, ext_lt_intratrd (Intra and Extra-EU trade by Member State and by product group), sitc06=TOTAL, partner=EU27_2020",2026-08-06
CYP,2005,European Union,import share,60.4,% of total imports,"Eurostat, ext_lt_intratrd (Intra and Extra-EU trade by Member State and by product group), sitc06=TOTAL, partner=EU27_2020",2026-08-06
CYP,2006,European Union,import share,59.9,% of total imports,"Eurostat, ext_lt_intratrd (Intra and Extra-EU trade by Member State and by product group), sitc06=TOTAL, partner=EU27_2020",2026-08-06
CYP,2007,European Union,import share,59.5,% of total imports,"Eurostat, ext_lt_intratrd (Intra and Extra-EU trade by Member State and by product group), sitc06=TOTAL, partner=EU27_2020",2026-08-06
CYP,2008,European Union,import share,59.3,% of total imports,"Eurostat, ext_lt_intratrd (Intra and Extra-EU trade by Member State and by product group), sitc06=TOTAL, partner=EU27_2020",2026-08-06
CYP,2009,European Union,import share,63.6,% of total imports,"Eurostat, ext_lt_intratrd (Intra and Extra-EU trade by Member State and by product group), sitc06=TOTAL, partner=EU27_2020",2026-08-06
CYP,2010,European Union,import share,62.2,% of total imports,"Eurostat, ext_lt_intratrd (Intra and Extra-EU trade by Member State and by product group), sitc06=TOTAL, partner=EU27_2020",2026-08-06
CYP,2011,European Union,import share,60.4,% of total imports,"Eurostat, ext_lt_intratrd (Intra and Extra-EU trade by Member State and by product group), sitc06=TOTAL, partner=EU27_2020",2026-08-06
CYP,2012,European Union,import share,61.8,% of total imports,"Eurostat, ext_lt_intratrd (Intra and Extra-EU trade by Member State and by product group), sitc06=TOTAL, partner=EU27_2020",2026-08-06
CYP,2013,European Union,import share,63.9,% of total imports,"Eurostat, ext_lt_intratrd (Intra and Extra-EU trade by Member State and by product group), sitc06=TOTAL, partner=EU27_2020",2026-08-06
CYP,2014,European Union,import share,58.2,% of total imports,"Eurostat, ext_lt_intratrd (Intra and Extra-EU trade by Member State and by product group), sitc06=TOTAL, partner=EU27_2020",2026-08-06
CYP,2015,European Union,import share,55.0,% of total imports,"Eurostat, ext_lt_intratrd (Intra and Extra-EU trade by Member State and by product group), sitc06=TOTAL, partner=EU27_2020",2026-08-06
CYP,2016,European Union,import share,60.7,% of total imports,"Eurostat, ext_lt_intratrd (Intra and Extra-EU trade by Member State and by product group), sitc06=TOTAL, partner=EU27_2020",2026-08-06
CYP,2017,European Union,import share,54.6,% of total imports,"Eurostat, ext_lt_intratrd (Intra and Extra-EU trade by Member State and by product group), sitc06=TOTAL, partner=EU27_2020",2026-08-06
CYP,2018,European Union,import share,51.0,% of total imports,"Eurostat, ext_lt_intratrd (Intra and Extra-EU trade by Member State and by product group), sitc06=TOTAL, partner=EU27_2020",2026-08-06
CYP,2019,European Union,import share,59.2,% of total imports,"Eurostat, ext_lt_intratrd (Intra and Extra-EU trade by Member State and by product group), sitc06=TOTAL, partner=EU27_2020",2026-08-06
CYP,2020,European Union,import share,57.8,% of total imports,"Eurostat, ext_lt_intratrd (Intra and Extra-EU trade by Member State and by product group), sitc06=TOTAL, partner=EU27_2020",2026-08-06
CYP,2021,European Union,import share,64.8,% of total imports,"Eurostat, ext_lt_intratrd (Intra and Extra-EU trade by Member State and by product group), sitc06=TOTAL, partner=EU27_2020",2026-08-06
CYP,2022,European Union,import share,60.5,% of total imports,"Eurostat, ext_lt_intratrd (Intra and Extra-EU trade by Member State and by product group), sitc06=TOTAL, partner=EU27_2020",2026-08-06
CYP,2023,European Union,import share,57.4,% of total imports,"Eurostat, ext_lt_intratrd (Intra and Extra-EU trade by Member State and by product group), sitc06=TOTAL, partner=EU27_2020",2026-08-06
CYP,2024,European Union,import share,59.6,% of total imports,"Eurostat, ext_lt_intratrd (Intra and Extra-EU trade by Member State and by product group), sitc06=TOTAL, partner=EU27_2020",2026-08-06
CYP,2025,European Union,import share,57.0,% of total imports,"Eurostat, ext_lt_intratrd (Intra and Extra-EU trade by Member State and by product group), sitc06=TOTAL, partner=EU27_2020",2026-08-06
CZE,2002,European Union,export share,80.5,% of total exports,"Eurostat, ext_lt_intratrd (Intra and Extra-EU trade by Member State and by product group), sitc06=TOTAL, partner=EU27_2020",2026-08-06
CZE,2003,European Union,export share,82.5,% of total exports,"Eurostat, ext_lt_intratrd (Intra and Extra-EU trade by Member State and by product group), sitc06=TOTAL, partner=EU27_2020",2026-08-06
CZE,2004,European Union,export share,83.1,% of total exports,"Eurostat, ext_lt_intratrd (Intra and Extra-EU trade by Member State and by product group), sitc06=TOTAL, partner=EU27_2020",2026-08-06
CZE,2005,European Union,export share,81.4,% of total exports,"Eurostat, ext_lt_intratrd (Intra and Extra-EU trade by Member State and by product group), sitc06=TOTAL, partner=EU27_2020",2026-08-06
CZE,2006,European Union,export share,81.4,% of total exports,"Eurostat, ext_lt_intratrd (Intra and Extra-EU trade by Member State and by product group), sitc06=TOTAL, partner=EU27_2020",2026-08-06
CZE,2007,European Union,export share,80.7,% of total exports,"Eurostat, ext_lt_intratrd (Intra and Extra-EU trade by Member State and by product group), sitc06=TOTAL, partner=EU27_2020",2026-08-06
CZE,2008,European Union,export share,80.6,% of total exports,"Eurostat, ext_lt_intratrd (Intra and Extra-EU trade by Member State and by product group), sitc06=TOTAL, partner=EU27_2020",2026-08-06
CZE,2009,European Union,export share,80.2,% of total exports,"Eurostat, ext_lt_intratrd (Intra and Extra-EU trade by Member State and by product group), sitc06=TOTAL, partner=EU27_2020",2026-08-06
CZE,2010,European Union,export share,79.4,% of total exports,"Eurostat, ext_lt_intratrd (Intra and Extra-EU trade by Member State and by product group), sitc06=TOTAL, partner=EU27_2020",2026-08-06
CZE,2011,European Union,export share,78.8,% of total exports,"Eurostat, ext_lt_intratrd (Intra and Extra-EU trade by Member State and by product group), sitc06=TOTAL, partner=EU27_2020",2026-08-06
CZE,2012,European Union,export share,76.5,% of total exports,"Eurostat, ext_lt_intratrd (Intra and Extra-EU trade by Member State and by product group), sitc06=TOTAL, partner=EU27_2020",2026-08-06
CZE,2013,European Union,export share,76.3,% of total exports,"Eurostat, ext_lt_intratrd (Intra and Extra-EU trade by Member State and by product group), sitc06=TOTAL, partner=EU27_2020",2026-08-06
CZE,2014,European Union,export share,77.2,% of total exports,"Eurostat, ext_lt_intratrd (Intra and Extra-EU trade by Member State and by product group), sitc06=TOTAL, partner=EU27_2020",2026-08-06
CZE,2015,European Union,export share,78.0,% of total exports,"Eurostat, ext_lt_intratrd (Intra and Extra-EU trade by Member State and by product group), sitc06=TOTAL, partner=EU27_2020",2026-08-06
CZE,2016,European Union,export share,78.4,% of total exports,"Eurostat, ext_lt_intratrd (Intra and Extra-EU trade by Member State and by product group), sitc06=TOTAL, partner=EU27_2020",2026-08-06
CZE,2017,European Union,export share,78.9,% of total exports,"Eurostat, ext_lt_intratrd (Intra and Extra-EU trade by Member State and by product group), sitc06=TOTAL, partner=EU27_2020",2026-08-06
CZE,2018,European Union,export share,79.7,% of total exports,"Eurostat, ext_lt_intratrd (Intra and Extra-EU trade by Member State and by product group), sitc06=TOTAL, partner=EU27_2020",2026-08-06
CZE,2019,European Union,export share,79.4,% of total exports,"Eurostat, ext_lt_intratrd (Intra and Extra-EU trade by Member State and by product group), sitc06=TOTAL, partner=EU27_2020",2026-08-06
CZE,2020,European Union,export share,79.7,% of total exports,"Eurostat, ext_lt_intratrd (Intra and Extra-EU trade by Member State and by product group), sitc06=TOTAL, partner=EU27_2020",2026-08-06
CZE,2021,European Union,export share,80.4,% of total exports,"Eurostat, ext_lt_intratrd (Intra and Extra-EU trade by Member State and by product group), sitc06=TOTAL, partner=EU27_2020",2026-08-06
CZE,2022,European Union,export share,81.6,% of total exports,"Eurostat, ext_lt_intratrd (Intra and Extra-EU trade by Member State and by product group), sitc06=TOTAL, partner=EU27_2020",2026-08-06
CZE,2023,European Union,export share,81.5,% of total exports,"Eurostat, ext_lt_intratrd (Intra and Extra-EU trade by Member State and by product group), sitc06=TOTAL, partner=EU27_2020",2026-08-06
CZE,2024,European Union,export share,79.3,% of total exports,"Eurostat, ext_lt_intratrd (Intra and Extra-EU trade by Member State and by product group), sitc06=TOTAL, partner=EU27_2020",2026-08-06
CZE,2025,European Union,export share,78.8,% of total exports,"Eurostat, ext_lt_intratrd (Intra and Extra-EU trade by Member State and by product group), sitc06=TOTAL, partner=EU27_2020",2026-08-06
CZE,2002,European Union,import share,69.5,% of total imports,"Eurostat, ext_lt_intratrd (Intra and Extra-EU trade by Member State and by product group), sitc06=TOTAL, partner=EU27_2020",2026-08-06
CZE,2003,European Union,import share,68.8,% of total imports,"Eurostat, ext_lt_intratrd (Intra and Extra-EU trade by Member State and by product group), sitc06=TOTAL, partner=EU27_2020",2026-08-06
CZE,2004,European Union,import share,77.5,% of total imports,"Eurostat, ext_lt_intratrd (Intra and Extra-EU trade by Member State and by product group), sitc06=TOTAL, partner=EU27_2020",2026-08-06
CZE,2005,European Union,import share,78.9,% of total imports,"Eurostat, ext_lt_intratrd (Intra and Extra-EU trade by Member State and by product group), sitc06=TOTAL, partner=EU27_2020",2026-08-06
CZE,2006,European Union,import share,77.8,% of total imports,"Eurostat, ext_lt_intratrd (Intra and Extra-EU trade by Member State and by product group), sitc06=TOTAL, partner=EU27_2020",2026-08-06
CZE,2007,European Union,import share,77.5,% of total imports,"Eurostat, ext_lt_intratrd (Intra and Extra-EU trade by Member State and by product group), sitc06=TOTAL, partner=EU27_2020",2026-08-06
CZE,2008,European Union,import share,74.2,% of total imports,"Eurostat, ext_lt_intratrd (Intra and Extra-EU trade by Member State and by product group), sitc06=TOTAL, partner=EU27_2020",2026-08-06
CZE,2009,European Union,import share,75.4,% of total imports,"Eurostat, ext_lt_intratrd (Intra and Extra-EU trade by Member State and by product group), sitc06=TOTAL, partner=EU27_2020",2026-08-06
CZE,2010,European Union,import share,72.2,% of total imports,"Eurostat, ext_lt_intratrd (Intra and Extra-EU trade by Member State and by product group), sitc06=TOTAL, partner=EU27_2020",2026-08-06
CZE,2011,European Union,import share,72.3,% of total imports,"Eurostat, ext_lt_intratrd (Intra and Extra-EU trade by Member State and by product group), sitc06=TOTAL, partner=EU27_2020",2026-08-06
CZE,2012,European Union,import share,73.0,% of total imports,"Eurostat, ext_lt_intratrd (Intra and Extra-EU trade by Member State and by product group), sitc06=TOTAL, partner=EU27_2020",2026-08-06
CZE,2013,European Union,import share,74.4,% of total imports,"Eurostat, ext_lt_intratrd (Intra and Extra-EU trade by Member State and by product group), sitc06=TOTAL, partner=EU27_2020",2026-08-06
CZE,2014,European Union,import share,74.9,% of total imports,"Eurostat, ext_lt_intratrd (Intra and Extra-EU trade by Member State and by product group), sitc06=TOTAL, partner=EU27_2020",2026-08-06
CZE,2015,European Union,import share,74.7,% of total imports,"Eurostat, ext_lt_intratrd (Intra and Extra-EU trade by Member State and by product group), sitc06=TOTAL, partner=EU27_2020",2026-08-06
CZE,2016,European Union,import share,75.9,% of total imports,"Eurostat, ext_lt_intratrd (Intra and Extra-EU trade by Member State and by product group), sitc06=TOTAL, partner=EU27_2020",2026-08-06
CZE,2017,European Union,import share,75.2,% of total imports,"Eurostat, ext_lt_intratrd (Intra and Extra-EU trade by Member State and by product group), sitc06=TOTAL, partner=EU27_2020",2026-08-06
CZE,2018,European Union,import share,74.3,% of total imports,"Eurostat, ext_lt_intratrd (Intra and Extra-EU trade by Member State and by product group), sitc06=TOTAL, partner=EU27_2020",2026-08-06
CZE,2019,European Union,import share,74.0,% of total imports,"Eurostat, ext_lt_intratrd (Intra and Extra-EU trade by Member State and by product group), sitc06=TOTAL, partner=EU27_2020",2026-08-06
CZE,2020,European Union,import share,72.9,% of total imports,"Eurostat, ext_lt_intratrd (Intra and Extra-EU trade by Member State and by product group), sitc06=TOTAL, partner=EU27_2020",2026-08-06
CZE,2021,European Union,import share,73.7,% of total imports,"Eurostat, ext_lt_intratrd (Intra and Extra-EU trade by Member State and by product group), sitc06=TOTAL, partner=EU27_2020",2026-08-06
CZE,2022,European Union,import share,72.0,% of total imports,"Eurostat, ext_lt_intratrd (Intra and Extra-EU trade by Member State and by product group), sitc06=TOTAL, partner=EU27_2020",2026-08-06
CZE,2023,European Union,import share,72.8,% of total imports,"Eurostat, ext_lt_intratrd (Intra and Extra-EU trade by Member State and by product group), sitc06=TOTAL, partner=EU27_2020",2026-08-06
CZE,2024,European Union,import share,71.6,% of total imports,"Eurostat, ext_lt_intratrd (Intra and Extra-EU trade by Member State and by product group), sitc06=TOTAL, partner=EU27_2020",2026-08-06
CZE,2025,European Union,import share,72.3,% of total imports,"Eurostat, ext_lt_intratrd (Intra and Extra-EU trade by Member State and by product group), sitc06=TOTAL, partner=EU27_2020",2026-08-06
DEU,2002,European Union,export share,55.4,% of total exports,"Eurostat, ext_lt_intratrd (Intra and Extra-EU trade by Member State and by product group), sitc06=TOTAL, partner=EU27_2020",2026-08-06
DEU,2003,European Union,export share,56.8,% of total exports,"Eurostat, ext_lt_intratrd (Intra and Extra-EU trade by Member State and by product group), sitc06=TOTAL, partner=EU27_2020",2026-08-06
DEU,2004,European Union,export share,56.7,% of total exports,"Eurostat, ext_lt_intratrd (Intra and Extra-EU trade by Member State and by product group), sitc06=TOTAL, partner=EU27_2020",2026-08-06
DEU,2005,European Union,export share,56.9,% of total exports,"Eurostat, ext_lt_intratrd (Intra and Extra-EU trade by Member State and by product group), sitc06=TOTAL, partner=EU27_2020",2026-08-06
DEU,2006,European Union,export share,56.6,% of total exports,"Eurostat, ext_lt_intratrd (Intra and Extra-EU trade by Member State and by product group), sitc06=TOTAL, partner=EU27_2020",2026-08-06
DEU,2007,European Union,export share,57.8,% of total exports,"Eurostat, ext_lt_intratrd (Intra and Extra-EU trade by Member State and by product group), sitc06=TOTAL, partner=EU27_2020",2026-08-06
DEU,2008,European Union,export share,57.1,% of total exports,"Eurostat, ext_lt_intratrd (Intra and Extra-EU trade by Member State and by product group), sitc06=TOTAL, partner=EU27_2020",2026-08-06
DEU,2009,European Union,export share,56.0,% of total exports,"Eurostat, ext_lt_intratrd (Intra and Extra-EU trade by Member State and by product group), sitc06=TOTAL, partner=EU27_2020",2026-08-06
DEU,2010,European Union,export share,54.2,% of total exports,"Eurostat, ext_lt_intratrd (Intra and Extra-EU trade by Member State and by product group), sitc06=TOTAL, partner=EU27_2020",2026-08-06
DEU,2011,European Union,export share,53.3,% of total exports,"Eurostat, ext_lt_intratrd (Intra and Extra-EU trade by Member State and by product group), sitc06=TOTAL, partner=EU27_2020",2026-08-06
DEU,2012,European Union,export share,50.3,% of total exports,"Eurostat, ext_lt_intratrd (Intra and Extra-EU trade by Member State and by product group), sitc06=TOTAL, partner=EU27_2020",2026-08-06
DEU,2013,European Union,export share,50.3,% of total exports,"Eurostat, ext_lt_intratrd (Intra and Extra-EU trade by Member State and by product group), sitc06=TOTAL, partner=EU27_2020",2026-08-06
DEU,2014,European Union,export share,50.6,% of total exports,"Eurostat, ext_lt_intratrd (Intra and Extra-EU trade by Member State and by product group), sitc06=TOTAL, partner=EU27_2020",2026-08-06
DEU,2015,European Union,export share,50.5,% of total exports,"Eurostat, ext_lt_intratrd (Intra and Extra-EU trade by Member State and by product group), sitc06=TOTAL, partner=EU27_2020",2026-08-06
DEU,2016,European Union,export share,51.4,% of total exports,"Eurostat, ext_lt_intratrd (Intra and Extra-EU trade by Member State and by product group), sitc06=TOTAL, partner=EU27_2020",2026-08-06
DEU,2017,European Union,export share,51.8,% of total exports,"Eurostat, ext_lt_intratrd (Intra and Extra-EU trade by Member State and by product group), sitc06=TOTAL, partner=EU27_2020",2026-08-06
DEU,2018,European Union,export share,52.7,% of total exports,"Eurostat, ext_lt_intratrd (Intra and Extra-EU trade by Member State and by product group), sitc06=TOTAL, partner=EU27_2020",2026-08-06
DEU,2019,European Union,export share,52.5,% of total exports,"Eurostat, ext_lt_intratrd (Intra and Extra-EU trade by Member State and by product group), sitc06=TOTAL, partner=EU27_2020",2026-08-06
DEU,2020,European Union,export share,52.6,% of total exports,"Eurostat, ext_lt_intratrd (Intra and Extra-EU trade by Member State and by product group), sitc06=TOTAL, partner=EU27_2020",2026-08-06
DEU,2021,European Union,export share,54.0,% of total exports,"Eurostat, ext_lt_intratrd (Intra and Extra-EU trade by Member State and by product group), sitc06=TOTAL, partner=EU27_2020",2026-08-06
DEU,2022,European Union,export share,55.2,% of total exports,"Eurostat, ext_lt_intratrd (Intra and Extra-EU trade by Member State and by product group), sitc06=TOTAL, partner=EU27_2020",2026-08-06
DEU,2023,European Union,export share,54.6,% of total exports,"Eurostat, ext_lt_intratrd (Intra and Extra-EU trade by Member State and by product group), sitc06=TOTAL, partner=EU27_2020",2026-08-06
DEU,2024,European Union,export share,54.2,% of total exports,"Eurostat, ext_lt_intratrd (Intra and Extra-EU trade by Member State and by product group), sitc06=TOTAL, partner=EU27_2020",2026-08-06
DEU,2025,European Union,export share,55.9,% of total exports,"Eurostat, ext_lt_intratrd (Intra and Extra-EU trade by Member State and by product group), sitc06=TOTAL, partner=EU27_2020",2026-08-06
DEU,2002,European Union,import share,59.3,% of total imports,"Eurostat, ext_lt_intratrd (Intra and Extra-EU trade by Member State and by product group), sitc06=TOTAL, partner=EU27_2020",2026-08-06
DEU,2003,European Union,import share,60.2,% of total imports,"Eurostat, ext_lt_intratrd (Intra and Extra-EU trade by Member State and by product group), sitc06=TOTAL, partner=EU27_2020",2026-08-06
DEU,2004,European Union,import share,59.7,% of total imports,"Eurostat, ext_lt_intratrd (Intra and Extra-EU trade by Member State and by product group), sitc06=TOTAL, partner=EU27_2020",2026-08-06
DEU,2005,European Union,import share,58.3,% of total imports,"Eurostat, ext_lt_intratrd (Intra and Extra-EU trade by Member State and by product group), sitc06=TOTAL, partner=EU27_2020",2026-08-06
DEU,2006,European Union,import share,58.1,% of total imports,"Eurostat, ext_lt_intratrd (Intra and Extra-EU trade by Member State and by product group), sitc06=TOTAL, partner=EU27_2020",2026-08-06
DEU,2007,European Union,import share,59.2,% of total imports,"Eurostat, ext_lt_intratrd (Intra and Extra-EU trade by Member State and by product group), sitc06=TOTAL, partner=EU27_2020",2026-08-06
DEU,2008,European Union,import share,58.6,% of total imports,"Eurostat, ext_lt_intratrd (Intra and Extra-EU trade by Member State and by product group), sitc06=TOTAL, partner=EU27_2020",2026-08-06
DEU,2009,European Union,import share,60.0,% of total imports,"Eurostat, ext_lt_intratrd (Intra and Extra-EU trade by Member State and by product group), sitc06=TOTAL, partner=EU27_2020",2026-08-06
DEU,2010,European Union,import share,58.7,% of total imports,"Eurostat, ext_lt_intratrd (Intra and Extra-EU trade by Member State and by product group), sitc06=TOTAL, partner=EU27_2020",2026-08-06
DEU,2011,European Union,import share,58.8,% of total imports,"Eurostat, ext_lt_intratrd (Intra and Extra-EU trade by Member State and by product group), sitc06=TOTAL, partner=EU27_2020",2026-08-06
DEU,2012,European Union,import share,58.9,% of total imports,"Eurostat, ext_lt_intratrd (Intra and Extra-EU trade by Member State and by product group), sitc06=TOTAL, partner=EU27_2020",2026-08-06
DEU,2013,European Union,import share,60.1,% of total imports,"Eurostat, ext_lt_intratrd (Intra and Extra-EU trade by Member State and by product group), sitc06=TOTAL, partner=EU27_2020",2026-08-06
DEU,2014,European Union,import share,61.1,% of total imports,"Eurostat, ext_lt_intratrd (Intra and Extra-EU trade by Member State and by product group), sitc06=TOTAL, partner=EU27_2020",2026-08-06
DEU,2015,European Union,import share,61.3,% of total imports,"Eurostat, ext_lt_intratrd (Intra and Extra-EU trade by Member State and by product group), sitc06=TOTAL, partner=EU27_2020",2026-08-06
DEU,2016,European Union,import share,62.2,% of total imports,"Eurostat, ext_lt_intratrd (Intra and Extra-EU trade by Member State and by product group), sitc06=TOTAL, partner=EU27_2020",2026-08-06
DEU,2017,European Union,import share,62.2,% of total imports,"Eurostat, ext_lt_intratrd (Intra and Extra-EU trade by Member State and by product group), sitc06=TOTAL, partner=EU27_2020",2026-08-06
DEU,2018,European Union,import share,62.7,% of total imports,"Eurostat, ext_lt_intratrd (Intra and Extra-EU trade by Member State and by product group), sitc06=TOTAL, partner=EU27_2020",2026-08-06
DEU,2019,European Union,import share,63.1,% of total imports,"Eurostat, ext_lt_intratrd (Intra and Extra-EU trade by Member State and by product group), sitc06=TOTAL, partner=EU27_2020",2026-08-06
DEU,2020,European Union,import share,63.1,% of total imports,"Eurostat, ext_lt_intratrd (Intra and Extra-EU trade by Member State and by product group), sitc06=TOTAL, partner=EU27_2020",2026-08-06
DEU,2021,European Union,import share,63.4,% of total imports,"Eurostat, ext_lt_intratrd (Intra and Extra-EU trade by Member State and by product group), sitc06=TOTAL, partner=EU27_2020",2026-08-06
DEU,2022,European Union,import share,60.9,% of total imports,"Eurostat, ext_lt_intratrd (Intra and Extra-EU trade by Member State and by product group), sitc06=TOTAL, partner=EU27_2020",2026-08-06
DEU,2023,European Union,import share,65.1,% of total imports,"Eurostat, ext_lt_intratrd (Intra and Extra-EU trade by Member State and by product group), sitc06=TOTAL, partner=EU27_2020",2026-08-06
DEU,2024,European Union,import share,65.4,% of total imports,"Eurostat, ext_lt_intratrd (Intra and Extra-EU trade by Member State and by product group), sitc06=TOTAL, partner=EU27_2020",2026-08-06
DEU,2025,European Union,import share,65.2,% of total imports,"Eurostat, ext_lt_intratrd (Intra and Extra-EU trade by Member State and by product group), sitc06=TOTAL, partner=EU27_2020",2026-08-06
DNK,2002,European Union,export share,60.1,% of total exports,"Eurostat, ext_lt_intratrd (Intra and Extra-EU trade by Member State and by product group), sitc06=TOTAL, partner=EU27_2020",2026-08-06
DNK,2003,European Union,export share,61.9,% of total exports,"Eurostat, ext_lt_intratrd (Intra and Extra-EU trade by Member State and by product group), sitc06=TOTAL, partner=EU27_2020",2026-08-06
DNK,2004,European Union,export share,62.1,% of total exports,"Eurostat, ext_lt_intratrd (Intra and Extra-EU trade by Member State and by product group), sitc06=TOTAL, partner=EU27_2020",2026-08-06
DNK,2005,European Union,export share,62.1,% of total exports,"Eurostat, ext_lt_intratrd (Intra and Extra-EU trade by Member State and by product group), sitc06=TOTAL, partner=EU27_2020",2026-08-06
DNK,2006,European Union,export share,62.5,% of total exports,"Eurostat, ext_lt_intratrd (Intra and Extra-EU trade by Member State and by product group), sitc06=TOTAL, partner=EU27_2020",2026-08-06
DNK,2007,European Union,export share,62.3,% of total exports,"Eurostat, ext_lt_intratrd (Intra and Extra-EU trade by Member State and by product group), sitc06=TOTAL, partner=EU27_2020",2026-08-06
DNK,2008,European Union,export share,61.7,% of total exports,"Eurostat, ext_lt_intratrd (Intra and Extra-EU trade by Member State and by product group), sitc06=TOTAL, partner=EU27_2020",2026-08-06
DNK,2009,European Union,export share,59.0,% of total exports,"Eurostat, ext_lt_intratrd (Intra and Extra-EU trade by Member State and by product group), sitc06=TOTAL, partner=EU27_2020",2026-08-06
DNK,2010,European Union,export share,57.6,% of total exports,"Eurostat, ext_lt_intratrd (Intra and Extra-EU trade by Member State and by product group), sitc06=TOTAL, partner=EU27_2020",2026-08-06
DNK,2011,European Union,export share,56.0,% of total exports,"Eurostat, ext_lt_intratrd (Intra and Extra-EU trade by Member State and by product group), sitc06=TOTAL, partner=EU27_2020",2026-08-06
DNK,2012,European Union,export share,53.8,% of total exports,"Eurostat, ext_lt_intratrd (Intra and Extra-EU trade by Member State and by product group), sitc06=TOTAL, partner=EU27_2020",2026-08-06
DNK,2013,European Union,export share,55.1,% of total exports,"Eurostat, ext_lt_intratrd (Intra and Extra-EU trade by Member State and by product group), sitc06=TOTAL, partner=EU27_2020",2026-08-06
DNK,2014,European Union,export share,55.9,% of total exports,"Eurostat, ext_lt_intratrd (Intra and Extra-EU trade by Member State and by product group), sitc06=TOTAL, partner=EU27_2020",2026-08-06
DNK,2015,European Union,export share,55.0,% of total exports,"Eurostat, ext_lt_intratrd (Intra and Extra-EU trade by Member State and by product group), sitc06=TOTAL, partner=EU27_2020",2026-08-06
DNK,2016,European Union,export share,55.2,% of total exports,"Eurostat, ext_lt_intratrd (Intra and Extra-EU trade by Member State and by product group), sitc06=TOTAL, partner=EU27_2020",2026-08-06
DNK,2017,European Union,export share,53.6,% of total exports,"Eurostat, ext_lt_intratrd (Intra and Extra-EU trade by Member State and by product group), sitc06=TOTAL, partner=EU27_2020",2026-08-06
DNK,2018,European Union,export share,54.3,% of total exports,"Eurostat, ext_lt_intratrd (Intra and Extra-EU trade by Member State and by product group), sitc06=TOTAL, partner=EU27_2020",2026-08-06
DNK,2019,European Union,export share,52.6,% of total exports,"Eurostat, ext_lt_intratrd (Intra and Extra-EU trade by Member State and by product group), sitc06=TOTAL, partner=EU27_2020",2026-08-06
DNK,2020,European Union,export share,51.8,% of total exports,"Eurostat, ext_lt_intratrd (Intra and Extra-EU trade by Member State and by product group), sitc06=TOTAL, partner=EU27_2020",2026-08-06
DNK,2021,European Union,export share,53.0,% of total exports,"Eurostat, ext_lt_intratrd (Intra and Extra-EU trade by Member State and by product group), sitc06=TOTAL, partner=EU27_2020",2026-08-06
DNK,2022,European Union,export share,55.2,% of total exports,"Eurostat, ext_lt_intratrd (Intra and Extra-EU trade by Member State and by product group), sitc06=TOTAL, partner=EU27_2020",2026-08-06
DNK,2023,European Union,export share,55.1,% of total exports,"Eurostat, ext_lt_intratrd (Intra and Extra-EU trade by Member State and by product group), sitc06=TOTAL, partner=EU27_2020",2026-08-06
DNK,2024,European Union,export share,54.6,% of total exports,"Eurostat, ext_lt_intratrd (Intra and Extra-EU trade by Member State and by product group), sitc06=TOTAL, partner=EU27_2020",2026-08-06
DNK,2025,European Union,export share,54.3,% of total exports,"Eurostat, ext_lt_intratrd (Intra and Extra-EU trade by Member State and by product group), sitc06=TOTAL, partner=EU27_2020",2026-08-06
DNK,2002,European Union,import share,66.1,% of total imports,"Eurostat, ext_lt_intratrd (Intra and Extra-EU trade by Member State and by product group), sitc06=TOTAL, partner=EU27_2020",2026-08-06
DNK,2003,European Union,import share,66.5,% of total imports,"Eurostat, ext_lt_intratrd (Intra and Extra-EU trade by Member State and by product group), sitc06=TOTAL, partner=EU27_2020",2026-08-06
DNK,2004,European Union,import share,64.9,% of total imports,"Eurostat, ext_lt_intratrd (Intra and Extra-EU trade by Member State and by product group), sitc06=TOTAL, partner=EU27_2020",2026-08-06
DNK,2005,European Union,import share,65.1,% of total imports,"Eurostat, ext_lt_intratrd (Intra and Extra-EU trade by Member State and by product group), sitc06=TOTAL, partner=EU27_2020",2026-08-06
DNK,2006,European Union,import share,66.5,% of total imports,"Eurostat, ext_lt_intratrd (Intra and Extra-EU trade by Member State and by product group), sitc06=TOTAL, partner=EU27_2020",2026-08-06
DNK,2007,European Union,import share,67.8,% of total imports,"Eurostat, ext_lt_intratrd (Intra and Extra-EU trade by Member State and by product group), sitc06=TOTAL, partner=EU27_2020",2026-08-06
DNK,2008,European Union,import share,66.6,% of total imports,"Eurostat, ext_lt_intratrd (Intra and Extra-EU trade by Member State and by product group), sitc06=TOTAL, partner=EU27_2020",2026-08-06
DNK,2009,European Union,import share,64.3,% of total imports,"Eurostat, ext_lt_intratrd (Intra and Extra-EU trade by Member State and by product group), sitc06=TOTAL, partner=EU27_2020",2026-08-06
DNK,2010,European Union,import share,63.9,% of total imports,"Eurostat, ext_lt_intratrd (Intra and Extra-EU trade by Member State and by product group), sitc06=TOTAL, partner=EU27_2020",2026-08-06
DNK,2011,European Union,import share,64.3,% of total imports,"Eurostat, ext_lt_intratrd (Intra and Extra-EU trade by Member State and by product group), sitc06=TOTAL, partner=EU27_2020",2026-08-06
DNK,2012,European Union,import share,64.8,% of total imports,"Eurostat, ext_lt_intratrd (Intra and Extra-EU trade by Member State and by product group), sitc06=TOTAL, partner=EU27_2020",2026-08-06
DNK,2013,European Union,import share,64.8,% of total imports,"Eurostat, ext_lt_intratrd (Intra and Extra-EU trade by Member State and by product group), sitc06=TOTAL, partner=EU27_2020",2026-08-06
DNK,2014,European Union,import share,64.7,% of total imports,"Eurostat, ext_lt_intratrd (Intra and Extra-EU trade by Member State and by product group), sitc06=TOTAL, partner=EU27_2020",2026-08-06
DNK,2015,European Union,import share,65.0,% of total imports,"Eurostat, ext_lt_intratrd (Intra and Extra-EU trade by Member State and by product group), sitc06=TOTAL, partner=EU27_2020",2026-08-06
DNK,2016,European Union,import share,67.2,% of total imports,"Eurostat, ext_lt_intratrd (Intra and Extra-EU trade by Member State and by product group), sitc06=TOTAL, partner=EU27_2020",2026-08-06
DNK,2017,European Union,import share,65.8,% of total imports,"Eurostat, ext_lt_intratrd (Intra and Extra-EU trade by Member State and by product group), sitc06=TOTAL, partner=EU27_2020",2026-08-06
DNK,2018,European Union,import share,66.3,% of total imports,"Eurostat, ext_lt_intratrd (Intra and Extra-EU trade by Member State and by product group), sitc06=TOTAL, partner=EU27_2020",2026-08-06
DNK,2019,European Union,import share,66.7,% of total imports,"Eurostat, ext_lt_intratrd (Intra and Extra-EU trade by Member State and by product group), sitc06=TOTAL, partner=EU27_2020",2026-08-06
DNK,2020,European Union,import share,69.0,% of total imports,"Eurostat, ext_lt_intratrd (Intra and Extra-EU trade by Member State and by product group), sitc06=TOTAL, partner=EU27_2020",2026-08-06
DNK,2021,European Union,import share,68.0,% of total imports,"Eurostat, ext_lt_intratrd (Intra and Extra-EU trade by Member State and by product group), sitc06=TOTAL, partner=EU27_2020",2026-08-06
DNK,2022,European Union,import share,66.4,% of total imports,"Eurostat, ext_lt_intratrd (Intra and Extra-EU trade by Member State and by product group), sitc06=TOTAL, partner=EU27_2020",2026-08-06
DNK,2023,European Union,import share,68.1,% of total imports,"Eurostat, ext_lt_intratrd (Intra and Extra-EU trade by Member State and by product group), sitc06=TOTAL, partner=EU27_2020",2026-08-06
DNK,2024,European Union,import share,66.3,% of total imports,"Eurostat, ext_lt_intratrd (Intra and Extra-EU trade by Member State and by product group), sitc06=TOTAL, partner=EU27_2020",2026-08-06
DNK,2025,European Union,import share,67.1,% of total imports,"Eurostat, ext_lt_intratrd (Intra and Extra-EU trade by Member State and by product group), sitc06=TOTAL, partner=EU27_2020",2026-08-06
ESP,2002,European Union,export share,65.2,% of total exports,"Eurostat, ext_lt_intratrd (Intra and Extra-EU trade by Member State and by product group), sitc06=TOTAL, partner=EU27_2020",2026-08-06
ESP,2003,European Union,export share,66.1,% of total exports,"Eurostat, ext_lt_intratrd (Intra and Extra-EU trade by Member State and by product group), sitc06=TOTAL, partner=EU27_2020",2026-08-06
ESP,2004,European Union,export share,65.5,% of total exports,"Eurostat, ext_lt_intratrd (Intra and Extra-EU trade by Member State and by product group), sitc06=TOTAL, partner=EU27_2020",2026-08-06
ESP,2005,European Union,export share,64.1,% of total exports,"Eurostat, ext_lt_intratrd (Intra and Extra-EU trade by Member State and by product group), sitc06=TOTAL, partner=EU27_2020",2026-08-06
ESP,2006,European Union,export share,63.3,% of total exports,"Eurostat, ext_lt_intratrd (Intra and Extra-EU trade by Member State and by product group), sitc06=TOTAL, partner=EU27_2020",2026-08-06
ESP,2007,European Union,export share,63.2,% of total exports,"Eurostat, ext_lt_intratrd (Intra and Extra-EU trade by Member State and by product group), sitc06=TOTAL, partner=EU27_2020",2026-08-06
ESP,2008,European Union,export share,62.6,% of total exports,"Eurostat, ext_lt_intratrd (Intra and Extra-EU trade by Member State and by product group), sitc06=TOTAL, partner=EU27_2020",2026-08-06
ESP,2009,European Union,export share,63.6,% of total exports,"Eurostat, ext_lt_intratrd (Intra and Extra-EU trade by Member State and by product group), sitc06=TOTAL, partner=EU27_2020",2026-08-06
ESP,2010,European Union,export share,62.5,% of total exports,"Eurostat, ext_lt_intratrd (Intra and Extra-EU trade by Member State and by product group), sitc06=TOTAL, partner=EU27_2020",2026-08-06
ESP,2011,European Union,export share,60.1,% of total exports,"Eurostat, ext_lt_intratrd (Intra and Extra-EU trade by Member State and by product group), sitc06=TOTAL, partner=EU27_2020",2026-08-06
ESP,2012,European Union,export share,57.3,% of total exports,"Eurostat, ext_lt_intratrd (Intra and Extra-EU trade by Member State and by product group), sitc06=TOTAL, partner=EU27_2020",2026-08-06
ESP,2013,European Union,export share,56.0,% of total exports,"Eurostat, ext_lt_intratrd (Intra and Extra-EU trade by Member State and by product group), sitc06=TOTAL, partner=EU27_2020",2026-08-06
ESP,2014,European Union,export share,56.8,% of total exports,"Eurostat, ext_lt_intratrd (Intra and Extra-EU trade by Member State and by product group), sitc06=TOTAL, partner=EU27_2020",2026-08-06
ESP,2015,European Union,export share,57.7,% of total exports,"Eurostat, ext_lt_intratrd (Intra and Extra-EU trade by Member State and by product group), sitc06=TOTAL, partner=EU27_2020",2026-08-06
ESP,2016,European Union,export share,58.9,% of total exports,"Eurostat, ext_lt_intratrd (Intra and Extra-EU trade by Member State and by product group), sitc06=TOTAL, partner=EU27_2020",2026-08-06
ESP,2017,European Union,export share,59.4,% of total exports,"Eurostat, ext_lt_intratrd (Intra and Extra-EU trade by Member State and by product group), sitc06=TOTAL, partner=EU27_2020",2026-08-06
ESP,2018,European Union,export share,59.8,% of total exports,"Eurostat, ext_lt_intratrd (Intra and Extra-EU trade by Member State and by product group), sitc06=TOTAL, partner=EU27_2020",2026-08-06
ESP,2019,European Union,export share,59.8,% of total exports,"Eurostat, ext_lt_intratrd (Intra and Extra-EU trade by Member State and by product group), sitc06=TOTAL, partner=EU27_2020",2026-08-06
ESP,2020,European Union,export share,61.3,% of total exports,"Eurostat, ext_lt_intratrd (Intra and Extra-EU trade by Member State and by product group), sitc06=TOTAL, partner=EU27_2020",2026-08-06
ESP,2021,European Union,export share,62.1,% of total exports,"Eurostat, ext_lt_intratrd (Intra and Extra-EU trade by Member State and by product group), sitc06=TOTAL, partner=EU27_2020",2026-08-06
ESP,2022,European Union,export share,63.3,% of total exports,"Eurostat, ext_lt_intratrd (Intra and Extra-EU trade by Member State and by product group), sitc06=TOTAL, partner=EU27_2020",2026-08-06
ESP,2023,European Union,export share,63.1,% of total exports,"Eurostat, ext_lt_intratrd (Intra and Extra-EU trade by Member State and by product group), sitc06=TOTAL, partner=EU27_2020",2026-08-06
ESP,2024,European Union,export share,62.1,% of total exports,"Eurostat, ext_lt_intratrd (Intra and Extra-EU trade by Member State and by product group), sitc06=TOTAL, partner=EU27_2020",2026-08-06
ESP,2025,European Union,export share,61.8,% of total exports,"Eurostat, ext_lt_intratrd (Intra and Extra-EU trade by Member State and by product group), sitc06=TOTAL, partner=EU27_2020",2026-08-06
ESP,2002,European Union,import share,62.5,% of total imports,"Eurostat, ext_lt_intratrd (Intra and Extra-EU trade by Member State and by product group), sitc06=TOTAL, partner=EU27_2020",2026-08-06
ESP,2003,European Union,import share,62.7,% of total imports,"Eurostat, ext_lt_intratrd (Intra and Extra-EU trade by Member State and by product group), sitc06=TOTAL, partner=EU27_2020",2026-08-06
ESP,2004,European Union,import share,61.6,% of total imports,"Eurostat, ext_lt_intratrd (Intra and Extra-EU trade by Member State and by product group), sitc06=TOTAL, partner=EU27_2020",2026-08-06
ESP,2005,European Union,import share,58.4,% of total imports,"Eurostat, ext_lt_intratrd (Intra and Extra-EU trade by Member State and by product group), sitc06=TOTAL, partner=EU27_2020",2026-08-06
ESP,2006,European Union,import share,56.6,% of total imports,"Eurostat, ext_lt_intratrd (Intra and Extra-EU trade by Member State and by product group), sitc06=TOTAL, partner=EU27_2020",2026-08-06
ESP,2007,European Union,import share,58.0,% of total imports,"Eurostat, ext_lt_intratrd (Intra and Extra-EU trade by Member State and by product group), sitc06=TOTAL, partner=EU27_2020",2026-08-06
ESP,2008,European Union,import share,54.6,% of total imports,"Eurostat, ext_lt_intratrd (Intra and Extra-EU trade by Member State and by product group), sitc06=TOTAL, partner=EU27_2020",2026-08-06
ESP,2009,European Union,import share,57.4,% of total imports,"Eurostat, ext_lt_intratrd (Intra and Extra-EU trade by Member State and by product group), sitc06=TOTAL, partner=EU27_2020",2026-08-06
ESP,2010,European Union,import share,54.1,% of total imports,"Eurostat, ext_lt_intratrd (Intra and Extra-EU trade by Member State and by product group), sitc06=TOTAL, partner=EU27_2020",2026-08-06
ESP,2011,European Union,import share,52.4,% of total imports,"Eurostat, ext_lt_intratrd (Intra and Extra-EU trade by Member State and by product group), sitc06=TOTAL, partner=EU27_2020",2026-08-06
ESP,2012,European Union,import share,50.1,% of total imports,"Eurostat, ext_lt_intratrd (Intra and Extra-EU trade by Member State and by product group), sitc06=TOTAL, partner=EU27_2020",2026-08-06
ESP,2013,European Union,import share,51.2,% of total imports,"Eurostat, ext_lt_intratrd (Intra and Extra-EU trade by Member State and by product group), sitc06=TOTAL, partner=EU27_2020",2026-08-06
ESP,2014,European Union,import share,52.9,% of total imports,"Eurostat, ext_lt_intratrd (Intra and Extra-EU trade by Member State and by product group), sitc06=TOTAL, partner=EU27_2020",2026-08-06
ESP,2015,European Union,import share,55.8,% of total imports,"Eurostat, ext_lt_intratrd (Intra and Extra-EU trade by Member State and by product group), sitc06=TOTAL, partner=EU27_2020",2026-08-06
ESP,2016,European Union,import share,57.5,% of total imports,"Eurostat, ext_lt_intratrd (Intra and Extra-EU trade by Member State and by product group), sitc06=TOTAL, partner=EU27_2020",2026-08-06
ESP,2017,European Union,import share,55.7,% of total imports,"Eurostat, ext_lt_intratrd (Intra and Extra-EU trade by Member State and by product group), sitc06=TOTAL, partner=EU27_2020",2026-08-06
ESP,2018,European Union,import share,55.0,% of total imports,"Eurostat, ext_lt_intratrd (Intra and Extra-EU trade by Member State and by product group), sitc06=TOTAL, partner=EU27_2020",2026-08-06
ESP,2019,European Union,import share,54.6,% of total imports,"Eurostat, ext_lt_intratrd (Intra and Extra-EU trade by Member State and by product group), sitc06=TOTAL, partner=EU27_2020",2026-08-06
ESP,2020,European Union,import share,56.7,% of total imports,"Eurostat, ext_lt_intratrd (Intra and Extra-EU trade by Member State and by product group), sitc06=TOTAL, partner=EU27_2020",2026-08-06
ESP,2021,European Union,import share,54.6,% of total imports,"Eurostat, ext_lt_intratrd (Intra and Extra-EU trade by Member State and by product group), sitc06=TOTAL, partner=EU27_2020",2026-08-06
ESP,2022,European Union,import share,50.5,% of total imports,"Eurostat, ext_lt_intratrd (Intra and Extra-EU trade by Member State and by product group), sitc06=TOTAL, partner=EU27_2020",2026-08-06
ESP,2023,European Union,import share,55.5,% of total imports,"Eurostat, ext_lt_intratrd (Intra and Extra-EU trade by Member State and by product group), sitc06=TOTAL, partner=EU27_2020",2026-08-06
ESP,2024,European Union,import share,55.5,% of total imports,"Eurostat, ext_lt_intratrd (Intra and Extra-EU trade by Member State and by product group), sitc06=TOTAL, partner=EU27_2020",2026-08-06
ESP,2025,European Union,import share,56.1,% of total imports,"Eurostat, ext_lt_intratrd (Intra and Extra-EU trade by Member State and by product group), sitc06=TOTAL, partner=EU27_2020",2026-08-06
EST,2002,European Union,export share,76.9,% of total exports,"Eurostat, ext_lt_intratrd (Intra and Extra-EU trade by Member State and by product group), sitc06=TOTAL, partner=EU27_2020",2026-08-06
EST,2003,European Union,export share,78.3,% of total exports,"Eurostat, ext_lt_intratrd (Intra and Extra-EU trade by Member State and by product group), sitc06=TOTAL, partner=EU27_2020",2026-08-06
EST,2004,European Union,export share,76.6,% of total exports,"Eurostat, ext_lt_intratrd (Intra and Extra-EU trade by Member State and by product group), sitc06=TOTAL, partner=EU27_2020",2026-08-06
EST,2005,European Union,export share,74.7,% of total exports,"Eurostat, ext_lt_intratrd (Intra and Extra-EU trade by Member State and by product group), sitc06=TOTAL, partner=EU27_2020",2026-08-06
EST,2006,European Union,export share,63.2,% of total exports,"Eurostat, ext_lt_intratrd (Intra and Extra-EU trade by Member State and by product group), sitc06=TOTAL, partner=EU27_2020",2026-08-06
EST,2007,European Union,export share,67.5,% of total exports,"Eurostat, ext_lt_intratrd (Intra and Extra-EU trade by Member State and by product group), sitc06=TOTAL, partner=EU27_2020",2026-08-06
EST,2008,European Union,export share,67.4,% of total exports,"Eurostat, ext_lt_intratrd (Intra and Extra-EU trade by Member State and by product group), sitc06=TOTAL, partner=EU27_2020",2026-08-06
EST,2009,European Union,export share,67.5,% of total exports,"Eurostat, ext_lt_intratrd (Intra and Extra-EU trade by Member State and by product group), sitc06=TOTAL, partner=EU27_2020",2026-08-06
EST,2010,European Union,export share,66.6,% of total exports,"Eurostat, ext_lt_intratrd (Intra and Extra-EU trade by Member State and by product group), sitc06=TOTAL, partner=EU27_2020",2026-08-06
EST,2011,European Union,export share,64.3,% of total exports,"Eurostat, ext_lt_intratrd (Intra and Extra-EU trade by Member State and by product group), sitc06=TOTAL, partner=EU27_2020",2026-08-06
EST,2012,European Union,export share,63.9,% of total exports,"Eurostat, ext_lt_intratrd (Intra and Extra-EU trade by Member State and by product group), sitc06=TOTAL, partner=EU27_2020",2026-08-06
EST,2013,European Union,export share,68.6,% of total exports,"Eurostat, ext_lt_intratrd (Intra and Extra-EU trade by Member State and by product group), sitc06=TOTAL, partner=EU27_2020",2026-08-06
EST,2014,European Union,export share,69.9,% of total exports,"Eurostat, ext_lt_intratrd (Intra and Extra-EU trade by Member State and by product group), sitc06=TOTAL, partner=EU27_2020",2026-08-06
EST,2015,European Union,export share,72.3,% of total exports,"Eurostat, ext_lt_intratrd (Intra and Extra-EU trade by Member State and by product group), sitc06=TOTAL, partner=EU27_2020",2026-08-06
EST,2016,European Union,export share,71.5,% of total exports,"Eurostat, ext_lt_intratrd (Intra and Extra-EU trade by Member State and by product group), sitc06=TOTAL, partner=EU27_2020",2026-08-06
EST,2017,European Union,export share,69.6,% of total exports,"Eurostat, ext_lt_intratrd (Intra and Extra-EU trade by Member State and by product group), sitc06=TOTAL, partner=EU27_2020",2026-08-06
EST,2018,European Union,export share,65.8,% of total exports,"Eurostat, ext_lt_intratrd (Intra and Extra-EU trade by Member State and by product group), sitc06=TOTAL, partner=EU27_2020",2026-08-06
EST,2019,European Union,export share,68.6,% of total exports,"Eurostat, ext_lt_intratrd (Intra and Extra-EU trade by Member State and by product group), sitc06=TOTAL, partner=EU27_2020",2026-08-06
EST,2020,European Union,export share,66.2,% of total exports,"Eurostat, ext_lt_intratrd (Intra and Extra-EU trade by Member State and by product group), sitc06=TOTAL, partner=EU27_2020",2026-08-06
EST,2021,European Union,export share,67.1,% of total exports,"Eurostat, ext_lt_intratrd (Intra and Extra-EU trade by Member State and by product group), sitc06=TOTAL, partner=EU27_2020",2026-08-06
EST,2022,European Union,export share,70.4,% of total exports,"Eurostat, ext_lt_intratrd (Intra and Extra-EU trade by Member State and by product group), sitc06=TOTAL, partner=EU27_2020",2026-08-06
EST,2023,European Union,export share,74.0,% of total exports,"Eurostat, ext_lt_intratrd (Intra and Extra-EU trade by Member State and by product group), sitc06=TOTAL, partner=EU27_2020",2026-08-06
EST,2024,European Union,export share,72.9,% of total exports,"Eurostat, ext_lt_intratrd (Intra and Extra-EU trade by Member State and by product group), sitc06=TOTAL, partner=EU27_2020",2026-08-06
EST,2025,European Union,export share,74.9,% of total exports,"Eurostat, ext_lt_intratrd (Intra and Extra-EU trade by Member State and by product group), sitc06=TOTAL, partner=EU27_2020",2026-08-06
EST,2002,European Union,import share,66.4,% of total imports,"Eurostat, ext_lt_intratrd (Intra and Extra-EU trade by Member State and by product group), sitc06=TOTAL, partner=EU27_2020",2026-08-06
EST,2003,European Union,import share,62.7,% of total imports,"Eurostat, ext_lt_intratrd (Intra and Extra-EU trade by Member State and by product group), sitc06=TOTAL, partner=EU27_2020",2026-08-06
EST,2004,European Union,import share,71.5,% of total imports,"Eurostat, ext_lt_intratrd (Intra and Extra-EU trade by Member State and by product group), sitc06=TOTAL, partner=EU27_2020",2026-08-06
EST,2005,European Union,import share,74.0,% of total imports,"Eurostat, ext_lt_intratrd (Intra and Extra-EU trade by Member State and by product group), sitc06=TOTAL, partner=EU27_2020",2026-08-06
EST,2006,European Union,import share,72.4,% of total imports,"Eurostat, ext_lt_intratrd (Intra and Extra-EU trade by Member State and by product group), sitc06=TOTAL, partner=EU27_2020",2026-08-06
EST,2007,European Union,import share,75.3,% of total imports,"Eurostat, ext_lt_intratrd (Intra and Extra-EU trade by Member State and by product group), sitc06=TOTAL, partner=EU27_2020",2026-08-06
EST,2008,European Union,import share,76.9,% of total imports,"Eurostat, ext_lt_intratrd (Intra and Extra-EU trade by Member State and by product group), sitc06=TOTAL, partner=EU27_2020",2026-08-06
EST,2009,European Union,import share,78.2,% of total imports,"Eurostat, ext_lt_intratrd (Intra and Extra-EU trade by Member State and by product group), sitc06=TOTAL, partner=EU27_2020",2026-08-06
EST,2010,European Union,import share,77.7,% of total imports,"Eurostat, ext_lt_intratrd (Intra and Extra-EU trade by Member State and by product group), sitc06=TOTAL, partner=EU27_2020",2026-08-06
EST,2011,European Union,import share,73.1,% of total imports,"Eurostat, ext_lt_intratrd (Intra and Extra-EU trade by Member State and by product group), sitc06=TOTAL, partner=EU27_2020",2026-08-06
EST,2012,European Union,import share,73.9,% of total imports,"Eurostat, ext_lt_intratrd (Intra and Extra-EU trade by Member State and by product group), sitc06=TOTAL, partner=EU27_2020",2026-08-06
EST,2013,European Union,import share,77.9,% of total imports,"Eurostat, ext_lt_intratrd (Intra and Extra-EU trade by Member State and by product group), sitc06=TOTAL, partner=EU27_2020",2026-08-06
EST,2014,European Union,import share,78.6,% of total imports,"Eurostat, ext_lt_intratrd (Intra and Extra-EU trade by Member State and by product group), sitc06=TOTAL, partner=EU27_2020",2026-08-06
EST,2015,European Union,import share,78.9,% of total imports,"Eurostat, ext_lt_intratrd (Intra and Extra-EU trade by Member State and by product group), sitc06=TOTAL, partner=EU27_2020",2026-08-06
EST,2016,European Union,import share,79.3,% of total imports,"Eurostat, ext_lt_intratrd (Intra and Extra-EU trade by Member State and by product group), sitc06=TOTAL, partner=EU27_2020",2026-08-06
EST,2017,European Union,import share,78.5,% of total imports,"Eurostat, ext_lt_intratrd (Intra and Extra-EU trade by Member State and by product group), sitc06=TOTAL, partner=EU27_2020",2026-08-06
EST,2018,European Union,import share,74.0,% of total imports,"Eurostat, ext_lt_intratrd (Intra and Extra-EU trade by Member State and by product group), sitc06=TOTAL, partner=EU27_2020",2026-08-06
EST,2019,European Union,import share,75.8,% of total imports,"Eurostat, ext_lt_intratrd (Intra and Extra-EU trade by Member State and by product group), sitc06=TOTAL, partner=EU27_2020",2026-08-06
EST,2020,European Union,import share,75.2,% of total imports,"Eurostat, ext_lt_intratrd (Intra and Extra-EU trade by Member State and by product group), sitc06=TOTAL, partner=EU27_2020",2026-08-06
EST,2021,European Union,import share,72.1,% of total imports,"Eurostat, ext_lt_intratrd (Intra and Extra-EU trade by Member State and by product group), sitc06=TOTAL, partner=EU27_2020",2026-08-06
EST,2022,European Union,import share,78.3,% of total imports,"Eurostat, ext_lt_intratrd (Intra and Extra-EU trade by Member State and by product group), sitc06=TOTAL, partner=EU27_2020",2026-08-06
EST,2023,European Union,import share,85.1,% of total imports,"Eurostat, ext_lt_intratrd (Intra and Extra-EU trade by Member State and by product group), sitc06=TOTAL, partner=EU27_2020",2026-08-06
EST,2024,European Union,import share,84.3,% of total imports,"Eurostat, ext_lt_intratrd (Intra and Extra-EU trade by Member State and by product group), sitc06=TOTAL, partner=EU27_2020",2026-08-06
EST,2025,European Union,import share,82.2,% of total imports,"Eurostat, ext_lt_intratrd (Intra and Extra-EU trade by Member State and by product group), sitc06=TOTAL, partner=EU27_2020",2026-08-06
EU27,2002,Africa,export share,6.3,% of extra-EU exports,"Eurostat, ext_lt_maineu (Extra-EU trade by partner), geo=EU27_2020, sitc06=TOTAL, indic_et=PC_EXP_PART; partner=AFR",2026-08-06
EU27,2003,Africa,export share,6.5,% of extra-EU exports,"Eurostat, ext_lt_maineu (Extra-EU trade by partner), geo=EU27_2020, sitc06=TOTAL, indic_et=PC_EXP_PART; partner=AFR",2026-08-06
EU27,2004,Africa,export share,6.5,% of extra-EU exports,"Eurostat, ext_lt_maineu (Extra-EU trade by partner), geo=EU27_2020, sitc06=TOTAL, indic_et=PC_EXP_PART; partner=AFR",2026-08-06
EU27,2005,Africa,export share,6.9,% of extra-EU exports,"Eurostat, ext_lt_maineu (Extra-EU trade by partner), geo=EU27_2020, sitc06=TOTAL, indic_et=PC_EXP_PART; partner=AFR",2026-08-06
EU27,2006,Africa,export share,6.6,% of extra-EU exports,"Eurostat, ext_lt_maineu (Extra-EU trade by partner), geo=EU27_2020, sitc06=TOTAL, indic_et=PC_EXP_PART; partner=AFR",2026-08-06
EU27,2007,Africa,export share,7.0,% of extra-EU exports,"Eurostat, ext_lt_maineu (Extra-EU trade by partner), geo=EU27_2020, sitc06=TOTAL, indic_et=PC_EXP_PART; partner=AFR",2026-08-06
EU27,2008,Africa,export share,7.7,% of extra-EU exports,"Eurostat, ext_lt_maineu (Extra-EU trade by partner), geo=EU27_2020, sitc06=TOTAL, indic_et=PC_EXP_PART; partner=AFR",2026-08-06
EU27,2009,Africa,export share,8.5,% of extra-EU exports,"Eurostat, ext_lt_maineu (Extra-EU trade by partner), geo=EU27_2020, sitc06=TOTAL, indic_et=PC_EXP_PART; partner=AFR",2026-08-06
EU27,2010,Africa,export share,8.1,% of extra-EU exports,"Eurostat, ext_lt_maineu (Extra-EU trade by partner), geo=EU27_2020, sitc06=TOTAL, indic_et=PC_EXP_PART; partner=AFR",2026-08-06
EU27,2011,Africa,export share,7.7,% of extra-EU exports,"Eurostat, ext_lt_maineu (Extra-EU trade by partner), geo=EU27_2020, sitc06=TOTAL, indic_et=PC_EXP_PART; partner=AFR",2026-08-06
EU27,2012,Africa,export share,7.8,% of extra-EU exports,"Eurostat, ext_lt_maineu (Extra-EU trade by partner), geo=EU27_2020, sitc06=TOTAL, indic_et=PC_EXP_PART; partner=AFR",2026-08-06
EU27,2013,Africa,export share,8.0,% of extra-EU exports,"Eurostat, ext_lt_maineu (Extra-EU trade by partner), geo=EU27_2020, sitc06=TOTAL, indic_et=PC_EXP_PART; partner=AFR",2026-08-06
EU27,2014,Africa,export share,8.0,% of extra-EU exports,"Eurostat, ext_lt_maineu (Extra-EU trade by partner), geo=EU27_2020, sitc06=TOTAL, indic_et=PC_EXP_PART; partner=AFR",2026-08-06
EU27,2015,Africa,export share,7.7,% of extra-EU exports,"Eurostat, ext_lt_maineu (Extra-EU trade by partner), geo=EU27_2020, sitc06=TOTAL, indic_et=PC_EXP_PART; partner=AFR",2026-08-06
EU27,2016,Africa,export share,7.2,% of extra-EU exports,"Eurostat, ext_lt_maineu (Extra-EU trade by partner), geo=EU27_2020, sitc06=TOTAL, indic_et=PC_EXP_PART; partner=AFR",2026-08-06
EU27,2017,Africa,export share,7.0,% of extra-EU exports,"Eurostat, ext_lt_maineu (Extra-EU trade by partner), geo=EU27_2020, sitc06=TOTAL, indic_et=PC_EXP_PART; partner=AFR",2026-08-06
EU27,2018,Africa,export share,7.0,% of extra-EU exports,"Eurostat, ext_lt_maineu (Extra-EU trade by partner), geo=EU27_2020, sitc06=TOTAL, indic_et=PC_EXP_PART; partner=AFR",2026-08-06
EU27,2019,Africa,export share,6.8,% of extra-EU exports,"Eurostat, ext_lt_maineu (Extra-EU trade by partner), geo=EU27_2020, sitc06=TOTAL, indic_et=PC_EXP_PART; partner=AFR",2026-08-06
EU27,2020,Africa,export share,6.5,% of extra-EU exports,"Eurostat, ext_lt_maineu (Extra-EU trade by partner), geo=EU27_2020, sitc06=TOTAL, indic_et=PC_EXP_PART; partner=AFR",2026-08-06
EU27,2021,Africa,export share,6.7,% of extra-EU exports,"Eurostat, ext_lt_maineu (Extra-EU trade by partner), geo=EU27_2020, sitc06=TOTAL, indic_et=PC_EXP_PART; partner=AFR",2026-08-06
EU27,2022,Africa,export share,7.0,% of extra-EU exports,"Eurostat, ext_lt_maineu (Extra-EU trade by partner), geo=EU27_2020, sitc06=TOTAL, indic_et=PC_EXP_PART; partner=AFR",2026-08-06
EU27,2023,Africa,export share,6.7,% of extra-EU exports,"Eurostat, ext_lt_maineu (Extra-EU trade by partner), geo=EU27_2020, sitc06=TOTAL, indic_et=PC_EXP_PART; partner=AFR",2026-08-06
EU27,2024,Africa,export share,6.4,% of extra-EU exports,"Eurostat, ext_lt_maineu (Extra-EU trade by partner), geo=EU27_2020, sitc06=TOTAL, indic_et=PC_EXP_PART; partner=AFR",2026-08-06
EU27,2025,Africa,export share,6.3,% of extra-EU exports,"Eurostat, ext_lt_maineu (Extra-EU trade by partner), geo=EU27_2020, sitc06=TOTAL, indic_et=PC_EXP_PART; partner=AFR",2026-08-06
EU27,2002,America,export share,27.6,% of extra-EU exports,"Eurostat, ext_lt_maineu (Extra-EU trade by partner), geo=EU27_2020, sitc06=TOTAL, indic_et=PC_EXP_PART; partner=AME",2026-08-06
EU27,2003,America,export share,26.0,% of extra-EU exports,"Eurostat, ext_lt_maineu (Extra-EU trade by partner), geo=EU27_2020, sitc06=TOTAL, indic_et=PC_EXP_PART; partner=AME",2026-08-06
EU27,2004,America,export share,24.9,% of extra-EU exports,"Eurostat, ext_lt_maineu (Extra-EU trade by partner), geo=EU27_2020, sitc06=TOTAL, indic_et=PC_EXP_PART; partner=AME",2026-08-06
EU27,2005,America,export share,25.0,% of extra-EU exports,"Eurostat, ext_lt_maineu (Extra-EU trade by partner), geo=EU27_2020, sitc06=TOTAL, indic_et=PC_EXP_PART; partner=AME",2026-08-06
EU27,2006,America,export share,24.6,% of extra-EU exports,"Eurostat, ext_lt_maineu (Extra-EU trade by partner), geo=EU27_2020, sitc06=TOTAL, indic_et=PC_EXP_PART; partner=AME",2026-08-06
EU27,2007,America,export share,22.9,% of extra-EU exports,"Eurostat, ext_lt_maineu (Extra-EU trade by partner), geo=EU27_2020, sitc06=TOTAL, indic_et=PC_EXP_PART; partner=AME",2026-08-06
EU27,2008,America,export share,21.9,% of extra-EU exports,"Eurostat, ext_lt_maineu (Extra-EU trade by partner), geo=EU27_2020, sitc06=TOTAL, indic_et=PC_EXP_PART; partner=AME",2026-08-06
EU27,2009,America,export share,21.2,% of extra-EU exports,"Eurostat, ext_lt_maineu (Extra-EU trade by partner), geo=EU27_2020, sitc06=TOTAL, indic_et=PC_EXP_PART; partner=AME",2026-08-06
EU27,2010,America,export share,21.7,% of extra-EU exports,"Eurostat, ext_lt_maineu (Extra-EU trade by partner), geo=EU27_2020, sitc06=TOTAL, indic_et=PC_EXP_PART; partner=AME",2026-08-06
EU27,2011,America,export share,21.2,% of extra-EU exports,"Eurostat, ext_lt_maineu (Extra-EU trade by partner), geo=EU27_2020, sitc06=TOTAL, indic_et=PC_EXP_PART; partner=AME",2026-08-06
EU27,2012,America,export share,21.8,% of extra-EU exports,"Eurostat, ext_lt_maineu (Extra-EU trade by partner), geo=EU27_2020, sitc06=TOTAL, indic_et=PC_EXP_PART; partner=AME",2026-08-06
EU27,2013,America,export share,21.6,% of extra-EU exports,"Eurostat, ext_lt_maineu (Extra-EU trade by partner), geo=EU27_2020, sitc06=TOTAL, indic_et=PC_EXP_PART; partner=AME",2026-08-06
EU27,2014,America,export share,22.2,% of extra-EU exports,"Eurostat, ext_lt_maineu (Extra-EU trade by partner), geo=EU27_2020, sitc06=TOTAL, indic_et=PC_EXP_PART; partner=AME",2026-08-06
EU27,2015,America,export share,24.2,% of extra-EU exports,"Eurostat, ext_lt_maineu (Extra-EU trade by partner), geo=EU27_2020, sitc06=TOTAL, indic_et=PC_EXP_PART; partner=AME",2026-08-06
EU27,2016,America,export share,23.9,% of extra-EU exports,"Eurostat, ext_lt_maineu (Extra-EU trade by partner), geo=EU27_2020, sitc06=TOTAL, indic_et=PC_EXP_PART; partner=AME",2026-08-06
EU27,2017,America,export share,23.6,% of extra-EU exports,"Eurostat, ext_lt_maineu (Extra-EU trade by partner), geo=EU27_2020, sitc06=TOTAL, indic_et=PC_EXP_PART; partner=AME",2026-08-06
EU27,2018,America,export share,24.6,% of extra-EU exports,"Eurostat, ext_lt_maineu (Extra-EU trade by partner), geo=EU27_2020, sitc06=TOTAL, indic_et=PC_EXP_PART; partner=AME",2026-08-06
EU27,2019,America,export share,25.5,% of extra-EU exports,"Eurostat, ext_lt_maineu (Extra-EU trade by partner), geo=EU27_2020, sitc06=TOTAL, indic_et=PC_EXP_PART; partner=AME",2026-08-06
EU27,2020,America,export share,25.1,% of extra-EU exports,"Eurostat, ext_lt_maineu (Extra-EU trade by partner), geo=EU27_2020, sitc06=TOTAL, indic_et=PC_EXP_PART; partner=AME",2026-08-06
EU27,2021,America,export share,25.7,% of extra-EU exports,"Eurostat, ext_lt_maineu (Extra-EU trade by partner), geo=EU27_2020, sitc06=TOTAL, indic_et=PC_EXP_PART; partner=AME",2026-08-06
EU27,2022,America,export share,27.6,% of extra-EU exports,"Eurostat, ext_lt_maineu (Extra-EU trade by partner), geo=EU27_2020, sitc06=TOTAL, indic_et=PC_EXP_PART; partner=AME",2026-08-06
EU27,2023,America,export share,28.0,% of extra-EU exports,"Eurostat, ext_lt_maineu (Extra-EU trade by partner), geo=EU27_2020, sitc06=TOTAL, indic_et=PC_EXP_PART; partner=AME",2026-08-06
EU27,2024,America,export share,28.7,% of extra-EU exports,"Eurostat, ext_lt_maineu (Extra-EU trade by partner), geo=EU27_2020, sitc06=TOTAL, indic_et=PC_EXP_PART; partner=AME",2026-08-06
EU27,2025,America,export share,28.8,% of extra-EU exports,"Eurostat, ext_lt_maineu (Extra-EU trade by partner), geo=EU27_2020, sitc06=TOTAL, indic_et=PC_EXP_PART; partner=AME",2026-08-06
EU27,2002,Asia,export share,22.6,% of extra-EU exports,"Eurostat, ext_lt_maineu (Extra-EU trade by partner), geo=EU27_2020, sitc06=TOTAL, indic_et=PC_EXP_PART; partner=ASI",2026-08-06
EU27,2003,Asia,export share,23.2,% of extra-EU exports,"Eurostat, ext_lt_maineu (Extra-EU trade by partner), geo=EU27_2020, sitc06=TOTAL, indic_et=PC_EXP_PART; partner=ASI",2026-08-06
EU27,2004,Asia,export share,23.7,% of extra-EU exports,"Eurostat, ext_lt_maineu (Extra-EU trade by partner), geo=EU27_2020, sitc06=TOTAL, indic_et=PC_EXP_PART; partner=ASI",2026-08-06
EU27,2005,Asia,export share,23.8,% of extra-EU exports,"Eurostat, ext_lt_maineu (Extra-EU trade by partner), geo=EU27_2020, sitc06=TOTAL, indic_et=PC_EXP_PART; partner=ASI",2026-08-06
EU27,2006,Asia,export share,24.0,% of extra-EU exports,"Eurostat, ext_lt_maineu (Extra-EU trade by partner), geo=EU27_2020, sitc06=TOTAL, indic_et=PC_EXP_PART; partner=ASI",2026-08-06
EU27,2007,Asia,export share,24.2,% of extra-EU exports,"Eurostat, ext_lt_maineu (Extra-EU trade by partner), geo=EU27_2020, sitc06=TOTAL, indic_et=PC_EXP_PART; partner=ASI",2026-08-06
EU27,2008,Asia,export share,24.5,% of extra-EU exports,"Eurostat, ext_lt_maineu (Extra-EU trade by partner), geo=EU27_2020, sitc06=TOTAL, indic_et=PC_EXP_PART; partner=ASI",2026-08-06
EU27,2009,Asia,export share,27.0,% of extra-EU exports,"Eurostat, ext_lt_maineu (Extra-EU trade by partner), geo=EU27_2020, sitc06=TOTAL, indic_et=PC_EXP_PART; partner=ASI",2026-08-06
EU27,2010,Asia,export share,28.0,% of extra-EU exports,"Eurostat, ext_lt_maineu (Extra-EU trade by partner), geo=EU27_2020, sitc06=TOTAL, indic_et=PC_EXP_PART; partner=ASI",2026-08-06
EU27,2011,Asia,export share,28.2,% of extra-EU exports,"Eurostat, ext_lt_maineu (Extra-EU trade by partner), geo=EU27_2020, sitc06=TOTAL, indic_et=PC_EXP_PART; partner=ASI",2026-08-06
EU27,2012,Asia,export share,27.8,% of extra-EU exports,"Eurostat, ext_lt_maineu (Extra-EU trade by partner), geo=EU27_2020, sitc06=TOTAL, indic_et=PC_EXP_PART; partner=ASI",2026-08-06
EU27,2013,Asia,export share,27.9,% of extra-EU exports,"Eurostat, ext_lt_maineu (Extra-EU trade by partner), geo=EU27_2020, sitc06=TOTAL, indic_et=PC_EXP_PART; partner=ASI",2026-08-06
EU27,2014,Asia,export share,28.6,% of extra-EU exports,"Eurostat, ext_lt_maineu (Extra-EU trade by partner), geo=EU27_2020, sitc06=TOTAL, indic_et=PC_EXP_PART; partner=ASI",2026-08-06
EU27,2015,Asia,export share,28.8,% of extra-EU exports,"Eurostat, ext_lt_maineu (Extra-EU trade by partner), geo=EU27_2020, sitc06=TOTAL, indic_et=PC_EXP_PART; partner=ASI",2026-08-06
EU27,2016,Asia,export share,29.2,% of extra-EU exports,"Eurostat, ext_lt_maineu (Extra-EU trade by partner), geo=EU27_2020, sitc06=TOTAL, indic_et=PC_EXP_PART; partner=ASI",2026-08-06
EU27,2017,Asia,export share,29.7,% of extra-EU exports,"Eurostat, ext_lt_maineu (Extra-EU trade by partner), geo=EU27_2020, sitc06=TOTAL, indic_et=PC_EXP_PART; partner=ASI",2026-08-06
EU27,2018,Asia,export share,29.4,% of extra-EU exports,"Eurostat, ext_lt_maineu (Extra-EU trade by partner), geo=EU27_2020, sitc06=TOTAL, indic_et=PC_EXP_PART; partner=ASI",2026-08-06
EU27,2019,Asia,export share,29.1,% of extra-EU exports,"Eurostat, ext_lt_maineu (Extra-EU trade by partner), geo=EU27_2020, sitc06=TOTAL, indic_et=PC_EXP_PART; partner=ASI",2026-08-06
EU27,2020,Asia,export share,29.8,% of extra-EU exports,"Eurostat, ext_lt_maineu (Extra-EU trade by partner), geo=EU27_2020, sitc06=TOTAL, indic_et=PC_EXP_PART; partner=ASI",2026-08-06
EU27,2021,Asia,export share,29.8,% of extra-EU exports,"Eurostat, ext_lt_maineu (Extra-EU trade by partner), geo=EU27_2020, sitc06=TOTAL, indic_et=PC_EXP_PART; partner=ASI",2026-08-06
EU27,2022,Asia,export share,28.6,% of extra-EU exports,"Eurostat, ext_lt_maineu (Extra-EU trade by partner), geo=EU27_2020, sitc06=TOTAL, indic_et=PC_EXP_PART; partner=ASI",2026-08-06
EU27,2023,Asia,export share,28.2,% of extra-EU exports,"Eurostat, ext_lt_maineu (Extra-EU trade by partner), geo=EU27_2020, sitc06=TOTAL, indic_et=PC_EXP_PART; partner=ASI",2026-08-06
EU27,2024,Asia,export share,27.6,% of extra-EU exports,"Eurostat, ext_lt_maineu (Extra-EU trade by partner), geo=EU27_2020, sitc06=TOTAL, indic_et=PC_EXP_PART; partner=ASI",2026-08-06
EU27,2025,Asia,export share,27.0,% of extra-EU exports,"Eurostat, ext_lt_maineu (Extra-EU trade by partner), geo=EU27_2020, sitc06=TOTAL, indic_et=PC_EXP_PART; partner=ASI",2026-08-06
EU27,2002,Latin America,export share,4.7,% of extra-EU exports,"Eurostat, ext_lt_maineu (Extra-EU trade by partner), geo=EU27_2020, sitc06=TOTAL, indic_et=PC_EXP_PART; partner=AME_LAT",2026-08-06
EU27,2003,Latin America,export share,4.2,% of extra-EU exports,"Eurostat, ext_lt_maineu (Extra-EU trade by partner), geo=EU27_2020, sitc06=TOTAL, indic_et=PC_EXP_PART; partner=AME_LAT",2026-08-06
EU27,2004,Latin America,export share,4.2,% of extra-EU exports,"Eurostat, ext_lt_maineu (Extra-EU trade by partner), geo=EU27_2020, sitc06=TOTAL, indic_et=PC_EXP_PART; partner=AME_LAT",2026-08-06
EU27,2005,Latin America,export share,4.5,% of extra-EU exports,"Eurostat, ext_lt_maineu (Extra-EU trade by partner), geo=EU27_2020, sitc06=TOTAL, indic_et=PC_EXP_PART; partner=AME_LAT",2026-08-06
EU27,2006,Latin America,export share,4.7,% of extra-EU exports,"Eurostat, ext_lt_maineu (Extra-EU trade by partner), geo=EU27_2020, sitc06=TOTAL, indic_et=PC_EXP_PART; partner=AME_LAT",2026-08-06
EU27,2007,Latin America,export share,4.9,% of extra-EU exports,"Eurostat, ext_lt_maineu (Extra-EU trade by partner), geo=EU27_2020, sitc06=TOTAL, indic_et=PC_EXP_PART; partner=AME_LAT",2026-08-06
EU27,2008,Latin America,export share,5.3,% of extra-EU exports,"Eurostat, ext_lt_maineu (Extra-EU trade by partner), geo=EU27_2020, sitc06=TOTAL, indic_et=PC_EXP_PART; partner=AME_LAT",2026-08-06
EU27,2009,Latin America,export share,5.0,% of extra-EU exports,"Eurostat, ext_lt_maineu (Extra-EU trade by partner), geo=EU27_2020, sitc06=TOTAL, indic_et=PC_EXP_PART; partner=AME_LAT",2026-08-06
EU27,2010,Latin America,export share,5.6,% of extra-EU exports,"Eurostat, ext_lt_maineu (Extra-EU trade by partner), geo=EU27_2020, sitc06=TOTAL, indic_et=PC_EXP_PART; partner=AME_LAT",2026-08-06
EU27,2011,Latin America,export share,5.7,% of extra-EU exports,"Eurostat, ext_lt_maineu (Extra-EU trade by partner), geo=EU27_2020, sitc06=TOTAL, indic_et=PC_EXP_PART; partner=AME_LAT",2026-08-06
EU27,2012,Latin America,export share,6.0,% of extra-EU exports,"Eurostat, ext_lt_maineu (Extra-EU trade by partner), geo=EU27_2020, sitc06=TOTAL, indic_et=PC_EXP_PART; partner=AME_LAT",2026-08-06
EU27,2013,Latin America,export share,6.0,% of extra-EU exports,"Eurostat, ext_lt_maineu (Extra-EU trade by partner), geo=EU27_2020, sitc06=TOTAL, indic_et=PC_EXP_PART; partner=AME_LAT",2026-08-06
EU27,2014,Latin America,export share,5.6,% of extra-EU exports,"Eurostat, ext_lt_maineu (Extra-EU trade by partner), geo=EU27_2020, sitc06=TOTAL, indic_et=PC_EXP_PART; partner=AME_LAT",2026-08-06
EU27,2015,Latin America,export share,5.7,% of extra-EU exports,"Eurostat, ext_lt_maineu (Extra-EU trade by partner), geo=EU27_2020, sitc06=TOTAL, indic_et=PC_EXP_PART; partner=AME_LAT",2026-08-06
EU27,2016,Latin America,export share,5.4,% of extra-EU exports,"Eurostat, ext_lt_maineu (Extra-EU trade by partner), geo=EU27_2020, sitc06=TOTAL, indic_et=PC_EXP_PART; partner=AME_LAT",2026-08-06
EU27,2017,Latin America,export share,5.4,% of extra-EU exports,"Eurostat, ext_lt_maineu (Extra-EU trade by partner), geo=EU27_2020, sitc06=TOTAL, indic_et=PC_EXP_PART; partner=AME_LAT",2026-08-06
EU27,2018,Latin America,export share,5.4,% of extra-EU exports,"Eurostat, ext_lt_maineu (Extra-EU trade by partner), geo=EU27_2020, sitc06=TOTAL, indic_et=PC_EXP_PART; partner=AME_LAT",2026-08-06
EU27,2019,Latin America,export share,5.3,% of extra-EU exports,"Eurostat, ext_lt_maineu (Extra-EU trade by partner), geo=EU27_2020, sitc06=TOTAL, indic_et=PC_EXP_PART; partner=AME_LAT",2026-08-06
EU27,2020,Latin America,export share,4.8,% of extra-EU exports,"Eurostat, ext_lt_maineu (Extra-EU trade by partner), geo=EU27_2020, sitc06=TOTAL, indic_et=PC_EXP_PART; partner=AME_LAT",2026-08-06
EU27,2021,Latin America,export share,5.3,% of extra-EU exports,"Eurostat, ext_lt_maineu (Extra-EU trade by partner), geo=EU27_2020, sitc06=TOTAL, indic_et=PC_EXP_PART; partner=AME_LAT",2026-08-06
EU27,2022,Latin America,export share,5.6,% of extra-EU exports,"Eurostat, ext_lt_maineu (Extra-EU trade by partner), geo=EU27_2020, sitc06=TOTAL, indic_et=PC_EXP_PART; partner=AME_LAT",2026-08-06
EU27,2023,Latin America,export share,6.0,% of extra-EU exports,"Eurostat, ext_lt_maineu (Extra-EU trade by partner), geo=EU27_2020, sitc06=TOTAL, indic_et=PC_EXP_PART; partner=AME_LAT",2026-08-06
EU27,2024,Latin America,export share,5.8,% of extra-EU exports,"Eurostat, ext_lt_maineu (Extra-EU trade by partner), geo=EU27_2020, sitc06=TOTAL, indic_et=PC_EXP_PART; partner=AME_LAT",2026-08-06
EU27,2025,Latin America,export share,5.7,% of extra-EU exports,"Eurostat, ext_lt_maineu (Extra-EU trade by partner), geo=EU27_2020, sitc06=TOTAL, indic_et=PC_EXP_PART; partner=AME_LAT",2026-08-06
EU27,2002,North America (USMCA),export share,23.6,% of extra-EU exports,"Eurostat, ext_lt_maineu (Extra-EU trade by partner), geo=EU27_2020, sitc06=TOTAL, indic_et=PC_EXP_PART; partner=USMCA",2026-08-06
EU27,2003,North America (USMCA),export share,22.4,% of extra-EU exports,"Eurostat, ext_lt_maineu (Extra-EU trade by partner), geo=EU27_2020, sitc06=TOTAL, indic_et=PC_EXP_PART; partner=USMCA",2026-08-06
EU27,2004,North America (USMCA),export share,21.3,% of extra-EU exports,"Eurostat, ext_lt_maineu (Extra-EU trade by partner), geo=EU27_2020, sitc06=TOTAL, indic_et=PC_EXP_PART; partner=USMCA",2026-08-06
EU27,2005,North America (USMCA),export share,21.3,% of extra-EU exports,"Eurostat, ext_lt_maineu (Extra-EU trade by partner), geo=EU27_2020, sitc06=TOTAL, indic_et=PC_EXP_PART; partner=USMCA",2026-08-06
EU27,2006,North America (USMCA),export share,20.7,% of extra-EU exports,"Eurostat, ext_lt_maineu (Extra-EU trade by partner), geo=EU27_2020, sitc06=TOTAL, indic_et=PC_EXP_PART; partner=USMCA",2026-08-06
EU27,2007,North America (USMCA),export share,18.9,% of extra-EU exports,"Eurostat, ext_lt_maineu (Extra-EU trade by partner), geo=EU27_2020, sitc06=TOTAL, indic_et=PC_EXP_PART; partner=USMCA",2026-08-06
EU27,2008,North America (USMCA),export share,17.6,% of extra-EU exports,"Eurostat, ext_lt_maineu (Extra-EU trade by partner), geo=EU27_2020, sitc06=TOTAL, indic_et=PC_EXP_PART; partner=USMCA",2026-08-06
EU27,2009,North America (USMCA),export share,17.1,% of extra-EU exports,"Eurostat, ext_lt_maineu (Extra-EU trade by partner), geo=EU27_2020, sitc06=TOTAL, indic_et=PC_EXP_PART; partner=USMCA",2026-08-06
EU27,2010,North America (USMCA),export share,17.1,% of extra-EU exports,"Eurostat, ext_lt_maineu (Extra-EU trade by partner), geo=EU27_2020, sitc06=TOTAL, indic_et=PC_EXP_PART; partner=USMCA",2026-08-06
EU27,2011,North America (USMCA),export share,16.6,% of extra-EU exports,"Eurostat, ext_lt_maineu (Extra-EU trade by partner), geo=EU27_2020, sitc06=TOTAL, indic_et=PC_EXP_PART; partner=USMCA",2026-08-06
EU27,2012,North America (USMCA),export share,17.0,% of extra-EU exports,"Eurostat, ext_lt_maineu (Extra-EU trade by partner), geo=EU27_2020, sitc06=TOTAL, indic_et=PC_EXP_PART; partner=USMCA",2026-08-06
EU27,2013,North America (USMCA),export share,16.8,% of extra-EU exports,"Eurostat, ext_lt_maineu (Extra-EU trade by partner), geo=EU27_2020, sitc06=TOTAL, indic_et=PC_EXP_PART; partner=USMCA",2026-08-06
EU27,2014,North America (USMCA),export share,17.8,% of extra-EU exports,"Eurostat, ext_lt_maineu (Extra-EU trade by partner), geo=EU27_2020, sitc06=TOTAL, indic_et=PC_EXP_PART; partner=USMCA",2026-08-06
EU27,2015,North America (USMCA),export share,19.9,% of extra-EU exports,"Eurostat, ext_lt_maineu (Extra-EU trade by partner), geo=EU27_2020, sitc06=TOTAL, indic_et=PC_EXP_PART; partner=USMCA",2026-08-06
EU27,2016,North America (USMCA),export share,19.9,% of extra-EU exports,"Eurostat, ext_lt_maineu (Extra-EU trade by partner), geo=EU27_2020, sitc06=TOTAL, indic_et=PC_EXP_PART; partner=USMCA",2026-08-06
EU27,2017,North America (USMCA),export share,19.7,% of extra-EU exports,"Eurostat, ext_lt_maineu (Extra-EU trade by partner), geo=EU27_2020, sitc06=TOTAL, indic_et=PC_EXP_PART; partner=USMCA",2026-08-06
EU27,2018,North America (USMCA),export share,20.6,% of extra-EU exports,"Eurostat, ext_lt_maineu (Extra-EU trade by partner), geo=EU27_2020, sitc06=TOTAL, indic_et=PC_EXP_PART; partner=USMCA",2026-08-06
EU27,2019,North America (USMCA),export share,21.6,% of extra-EU exports,"Eurostat, ext_lt_maineu (Extra-EU trade by partner), geo=EU27_2020, sitc06=TOTAL, indic_et=PC_EXP_PART; partner=USMCA",2026-08-06
EU27,2020,North America (USMCA),export share,21.6,% of extra-EU exports,"Eurostat, ext_lt_maineu (Extra-EU trade by partner), geo=EU27_2020, sitc06=TOTAL, indic_et=PC_EXP_PART; partner=USMCA",2026-08-06
EU27,2021,North America (USMCA),export share,21.8,% of extra-EU exports,"Eurostat, ext_lt_maineu (Extra-EU trade by partner), geo=EU27_2020, sitc06=TOTAL, indic_et=PC_EXP_PART; partner=USMCA",2026-08-06
EU27,2022,North America (USMCA),export share,23.5,% of extra-EU exports,"Eurostat, ext_lt_maineu (Extra-EU trade by partner), geo=EU27_2020, sitc06=TOTAL, indic_et=PC_EXP_PART; partner=USMCA",2026-08-06
EU27,2023,North America (USMCA),export share,23.7,% of extra-EU exports,"Eurostat, ext_lt_maineu (Extra-EU trade by partner), geo=EU27_2020, sitc06=TOTAL, indic_et=PC_EXP_PART; partner=USMCA",2026-08-06
EU27,2024,North America (USMCA),export share,24.6,% of extra-EU exports,"Eurostat, ext_lt_maineu (Extra-EU trade by partner), geo=EU27_2020, sitc06=TOTAL, indic_et=PC_EXP_PART; partner=USMCA",2026-08-06
EU27,2025,North America (USMCA),export share,24.8,% of extra-EU exports,"Eurostat, ext_lt_maineu (Extra-EU trade by partner), geo=EU27_2020, sitc06=TOTAL, indic_et=PC_EXP_PART; partner=USMCA",2026-08-06
EU27,2002,Oceania & polar regions,export share,1.8,% of extra-EU exports,"Eurostat, ext_lt_maineu (Extra-EU trade by partner), geo=EU27_2020, sitc06=TOTAL, indic_et=PC_EXP_PART; partner=OCE_PLR",2026-08-06
EU27,2003,Oceania & polar regions,export share,1.9,% of extra-EU exports,"Eurostat, ext_lt_maineu (Extra-EU trade by partner), geo=EU27_2020, sitc06=TOTAL, indic_et=PC_EXP_PART; partner=OCE_PLR",2026-08-06
EU27,2004,Oceania & polar regions,export share,1.9,% of extra-EU exports,"Eurostat, ext_lt_maineu (Extra-EU trade by partner), geo=EU27_2020, sitc06=TOTAL, indic_et=PC_EXP_PART; partner=OCE_PLR",2026-08-06
EU27,2005,Oceania & polar regions,export share,1.9,% of extra-EU exports,"Eurostat, ext_lt_maineu (Extra-EU trade by partner), geo=EU27_2020, sitc06=TOTAL, indic_et=PC_EXP_PART; partner=OCE_PLR",2026-08-06
EU27,2006,Oceania & polar regions,export share,1.7,% of extra-EU exports,"Eurostat, ext_lt_maineu (Extra-EU trade by partner), geo=EU27_2020, sitc06=TOTAL, indic_et=PC_EXP_PART; partner=OCE_PLR",2026-08-06
EU27,2007,Oceania & polar regions,export share,1.8,% of extra-EU exports,"Eurostat, ext_lt_maineu (Extra-EU trade by partner), geo=EU27_2020, sitc06=TOTAL, indic_et=PC_EXP_PART; partner=OCE_PLR",2026-08-06
EU27,2008,Oceania & polar regions,export share,1.9,% of extra-EU exports,"Eurostat, ext_lt_maineu (Extra-EU trade by partner), geo=EU27_2020, sitc06=TOTAL, indic_et=PC_EXP_PART; partner=OCE_PLR",2026-08-06
EU27,2009,Oceania & polar regions,export share,1.9,% of extra-EU exports,"Eurostat, ext_lt_maineu (Extra-EU trade by partner), geo=EU27_2020, sitc06=TOTAL, indic_et=PC_EXP_PART; partner=OCE_PLR",2026-08-06
EU27,2010,Oceania & polar regions,export share,1.9,% of extra-EU exports,"Eurostat, ext_lt_maineu (Extra-EU trade by partner), geo=EU27_2020, sitc06=TOTAL, indic_et=PC_EXP_PART; partner=OCE_PLR",2026-08-06
EU27,2011,Oceania & polar regions,export share,2.0,% of extra-EU exports,"Eurostat, ext_lt_maineu (Extra-EU trade by partner), geo=EU27_2020, sitc06=TOTAL, indic_et=PC_EXP_PART; partner=OCE_PLR",2026-08-06
EU27,2012,Oceania & polar regions,export share,1.9,% of extra-EU exports,"Eurostat, ext_lt_maineu (Extra-EU trade by partner), geo=EU27_2020, sitc06=TOTAL, indic_et=PC_EXP_PART; partner=OCE_PLR",2026-08-06
EU27,2013,Oceania & polar regions,export share,1.9,% of extra-EU exports,"Eurostat, ext_lt_maineu (Extra-EU trade by partner), geo=EU27_2020, sitc06=TOTAL, indic_et=PC_EXP_PART; partner=OCE_PLR",2026-08-06
EU27,2014,Oceania & polar regions,export share,1.8,% of extra-EU exports,"Eurostat, ext_lt_maineu (Extra-EU trade by partner), geo=EU27_2020, sitc06=TOTAL, indic_et=PC_EXP_PART; partner=OCE_PLR",2026-08-06
EU27,2015,Oceania & polar regions,export share,1.8,% of extra-EU exports,"Eurostat, ext_lt_maineu (Extra-EU trade by partner), geo=EU27_2020, sitc06=TOTAL, indic_et=PC_EXP_PART; partner=OCE_PLR",2026-08-06
EU27,2016,Oceania & polar regions,export share,1.9,% of extra-EU exports,"Eurostat, ext_lt_maineu (Extra-EU trade by partner), geo=EU27_2020, sitc06=TOTAL, indic_et=PC_EXP_PART; partner=OCE_PLR",2026-08-06
EU27,2017,Oceania & polar regions,export share,1.9,% of extra-EU exports,"Eurostat, ext_lt_maineu (Extra-EU trade by partner), geo=EU27_2020, sitc06=TOTAL, indic_et=PC_EXP_PART; partner=OCE_PLR",2026-08-06
EU27,2018,Oceania & polar regions,export share,1.9,% of extra-EU exports,"Eurostat, ext_lt_maineu (Extra-EU trade by partner), geo=EU27_2020, sitc06=TOTAL, indic_et=PC_EXP_PART; partner=OCE_PLR",2026-08-06
EU27,2019,Oceania & polar regions,export share,1.9,% of extra-EU exports,"Eurostat, ext_lt_maineu (Extra-EU trade by partner), geo=EU27_2020, sitc06=TOTAL, indic_et=PC_EXP_PART; partner=OCE_PLR",2026-08-06
EU27,2020,Oceania & polar regions,export share,1.9,% of extra-EU exports,"Eurostat, ext_lt_maineu (Extra-EU trade by partner), geo=EU27_2020, sitc06=TOTAL, indic_et=PC_EXP_PART; partner=OCE_PLR",2026-08-06
EU27,2021,Oceania & polar regions,export share,1.9,% of extra-EU exports,"Eurostat, ext_lt_maineu (Extra-EU trade by partner), geo=EU27_2020, sitc06=TOTAL, indic_et=PC_EXP_PART; partner=OCE_PLR",2026-08-06
EU27,2022,Oceania & polar regions,export share,1.8,% of extra-EU exports,"Eurostat, ext_lt_maineu (Extra-EU trade by partner), geo=EU27_2020, sitc06=TOTAL, indic_et=PC_EXP_PART; partner=OCE_PLR",2026-08-06
EU27,2023,Oceania & polar regions,export share,1.7,% of extra-EU exports,"Eurostat, ext_lt_maineu (Extra-EU trade by partner), geo=EU27_2020, sitc06=TOTAL, indic_et=PC_EXP_PART; partner=OCE_PLR",2026-08-06
EU27,2024,Oceania & polar regions,export share,1.8,% of extra-EU exports,"Eurostat, ext_lt_maineu (Extra-EU trade by partner), geo=EU27_2020, sitc06=TOTAL, indic_et=PC_EXP_PART; partner=OCE_PLR",2026-08-06
EU27,2025,Oceania & polar regions,export share,1.9,% of extra-EU exports,"Eurostat, ext_lt_maineu (Extra-EU trade by partner), geo=EU27_2020, sitc06=TOTAL, indic_et=PC_EXP_PART; partner=OCE_PLR",2026-08-06
EU27,2002,Rest of Europe (non-EU27),export share,40.0,% of extra-EU exports,"Eurostat, ext_lt_maineu (Extra-EU trade by partner), geo=EU27_2020, sitc06=TOTAL, indic_et=PC_EXP_PART; partner=EUR_NEU27_2020",2026-08-06
EU27,2003,Rest of Europe (non-EU27),export share,40.7,% of extra-EU exports,"Eurostat, ext_lt_maineu (Extra-EU trade by partner), geo=EU27_2020, sitc06=TOTAL, indic_et=PC_EXP_PART; partner=EUR_NEU27_2020",2026-08-06
EU27,2004,Rest of Europe (non-EU27),export share,41.1,% of extra-EU exports,"Eurostat, ext_lt_maineu (Extra-EU trade by partner), geo=EU27_2020, sitc06=TOTAL, indic_et=PC_EXP_PART; partner=EUR_NEU27_2020",2026-08-06
EU27,2005,Rest of Europe (non-EU27),export share,40.7,% of extra-EU exports,"Eurostat, ext_lt_maineu (Extra-EU trade by partner), geo=EU27_2020, sitc06=TOTAL, indic_et=PC_EXP_PART; partner=EUR_NEU27_2020",2026-08-06
EU27,2006,Rest of Europe (non-EU27),export share,41.6,% of extra-EU exports,"Eurostat, ext_lt_maineu (Extra-EU trade by partner), geo=EU27_2020, sitc06=TOTAL, indic_et=PC_EXP_PART; partner=EUR_NEU27_2020",2026-08-06
EU27,2007,Rest of Europe (non-EU27),export share,42.6,% of extra-EU exports,"Eurostat, ext_lt_maineu (Extra-EU trade by partner), geo=EU27_2020, sitc06=TOTAL, indic_et=PC_EXP_PART; partner=EUR_NEU27_2020",2026-08-06
EU27,2008,Rest of Europe (non-EU27),export share,42.2,% of extra-EU exports,"Eurostat, ext_lt_maineu (Extra-EU trade by partner), geo=EU27_2020, sitc06=TOTAL, indic_et=PC_EXP_PART; partner=EUR_NEU27_2020",2026-08-06
EU27,2009,Rest of Europe (non-EU27),export share,39.8,% of extra-EU exports,"Eurostat, ext_lt_maineu (Extra-EU trade by partner), geo=EU27_2020, sitc06=TOTAL, indic_et=PC_EXP_PART; partner=EUR_NEU27_2020",2026-08-06
EU27,2010,Rest of Europe (non-EU27),export share,39.0,% of extra-EU exports,"Eurostat, ext_lt_maineu (Extra-EU trade by partner), geo=EU27_2020, sitc06=TOTAL, indic_et=PC_EXP_PART; partner=EUR_NEU27_2020",2026-08-06
EU27,2011,Rest of Europe (non-EU27),export share,39.7,% of extra-EU exports,"Eurostat, ext_lt_maineu (Extra-EU trade by partner), geo=EU27_2020, sitc06=TOTAL, indic_et=PC_EXP_PART; partner=EUR_NEU27_2020",2026-08-06
EU27,2012,Rest of Europe (non-EU27),export share,39.2,% of extra-EU exports,"Eurostat, ext_lt_maineu (Extra-EU trade by partner), geo=EU27_2020, sitc06=TOTAL, indic_et=PC_EXP_PART; partner=EUR_NEU27_2020",2026-08-06
EU27,2013,Rest of Europe (non-EU27),export share,38.9,% of extra-EU exports,"Eurostat, ext_lt_maineu (Extra-EU trade by partner), geo=EU27_2020, sitc06=TOTAL, indic_et=PC_EXP_PART; partner=EUR_NEU27_2020",2026-08-06
EU27,2014,Rest of Europe (non-EU27),export share,37.9,% of extra-EU exports,"Eurostat, ext_lt_maineu (Extra-EU trade by partner), geo=EU27_2020, sitc06=TOTAL, indic_et=PC_EXP_PART; partner=EUR_NEU27_2020",2026-08-06
EU27,2015,Rest of Europe (non-EU27),export share,36.3,% of extra-EU exports,"Eurostat, ext_lt_maineu (Extra-EU trade by partner), geo=EU27_2020, sitc06=TOTAL, indic_et=PC_EXP_PART; partner=EUR_NEU27_2020",2026-08-06
EU27,2016,Rest of Europe (non-EU27),export share,36.7,% of extra-EU exports,"Eurostat, ext_lt_maineu (Extra-EU trade by partner), geo=EU27_2020, sitc06=TOTAL, indic_et=PC_EXP_PART; partner=EUR_NEU27_2020",2026-08-06
EU27,2017,Rest of Europe (non-EU27),export share,36.5,% of extra-EU exports,"Eurostat, ext_lt_maineu (Extra-EU trade by partner), geo=EU27_2020, sitc06=TOTAL, indic_et=PC_EXP_PART; partner=EUR_NEU27_2020",2026-08-06
EU27,2018,Rest of Europe (non-EU27),export share,35.4,% of extra-EU exports,"Eurostat, ext_lt_maineu (Extra-EU trade by partner), geo=EU27_2020, sitc06=TOTAL, indic_et=PC_EXP_PART; partner=EUR_NEU27_2020",2026-08-06
EU27,2019,Rest of Europe (non-EU27),export share,35.2,% of extra-EU exports,"Eurostat, ext_lt_maineu (Extra-EU trade by partner), geo=EU27_2020, sitc06=TOTAL, indic_et=PC_EXP_PART; partner=EUR_NEU27_2020",2026-08-06
EU27,2020,Rest of Europe (non-EU27),export share,35.7,% of extra-EU exports,"Eurostat, ext_lt_maineu (Extra-EU trade by partner), geo=EU27_2020, sitc06=TOTAL, indic_et=PC_EXP_PART; partner=EUR_NEU27_2020",2026-08-06
EU27,2021,Rest of Europe (non-EU27),export share,34.5,% of extra-EU exports,"Eurostat, ext_lt_maineu (Extra-EU trade by partner), geo=EU27_2020, sitc06=TOTAL, indic_et=PC_EXP_PART; partner=EUR_NEU27_2020",2026-08-06
EU27,2022,Rest of Europe (non-EU27),export share,32.9,% of extra-EU exports,"Eurostat, ext_lt_maineu (Extra-EU trade by partner), geo=EU27_2020, sitc06=TOTAL, indic_et=PC_EXP_PART; partner=EUR_NEU27_2020",2026-08-06
EU27,2023,Rest of Europe (non-EU27),export share,33.3,% of extra-EU exports,"Eurostat, ext_lt_maineu (Extra-EU trade by partner), geo=EU27_2020, sitc06=TOTAL, indic_et=PC_EXP_PART; partner=EUR_NEU27_2020",2026-08-06
EU27,2024,Rest of Europe (non-EU27),export share,33.4,% of extra-EU exports,"Eurostat, ext_lt_maineu (Extra-EU trade by partner), geo=EU27_2020, sitc06=TOTAL, indic_et=PC_EXP_PART; partner=EUR_NEU27_2020",2026-08-06
EU27,2025,Rest of Europe (non-EU27),export share,34.0,% of extra-EU exports,"Eurostat, ext_lt_maineu (Extra-EU trade by partner), geo=EU27_2020, sitc06=TOTAL, indic_et=PC_EXP_PART; partner=EUR_NEU27_2020",2026-08-06
FIN,2002,European Union,export share,51.6,% of total exports,"Eurostat, ext_lt_intratrd (Intra and Extra-EU trade by Member State and by product group), sitc06=TOTAL, partner=EU27_2020",2026-08-06
FIN,2003,European Union,export share,52.3,% of total exports,"Eurostat, ext_lt_intratrd (Intra and Extra-EU trade by Member State and by product group), sitc06=TOTAL, partner=EU27_2020",2026-08-06
FIN,2004,European Union,export share,51.1,% of total exports,"Eurostat, ext_lt_intratrd (Intra and Extra-EU trade by Member State and by product group), sitc06=TOTAL, partner=EU27_2020",2026-08-06
FIN,2005,European Union,export share,50.2,% of total exports,"Eurostat, ext_lt_intratrd (Intra and Extra-EU trade by Member State and by product group), sitc06=TOTAL, partner=EU27_2020",2026-08-06
FIN,2006,European Union,export share,50.8,% of total exports,"Eurostat, ext_lt_intratrd (Intra and Extra-EU trade by Member State and by product group), sitc06=TOTAL, partner=EU27_2020",2026-08-06
FIN,2007,European Union,export share,51.1,% of total exports,"Eurostat, ext_lt_intratrd (Intra and Extra-EU trade by Member State and by product group), sitc06=TOTAL, partner=EU27_2020",2026-08-06
FIN,2008,European Union,export share,50.5,% of total exports,"Eurostat, ext_lt_intratrd (Intra and Extra-EU trade by Member State and by product group), sitc06=TOTAL, partner=EU27_2020",2026-08-06
FIN,2009,European Union,export share,50.5,% of total exports,"Eurostat, ext_lt_intratrd (Intra and Extra-EU trade by Member State and by product group), sitc06=TOTAL, partner=EU27_2020",2026-08-06
FIN,2010,European Union,export share,49.8,% of total exports,"Eurostat, ext_lt_intratrd (Intra and Extra-EU trade by Member State and by product group), sitc06=TOTAL, partner=EU27_2020",2026-08-06
FIN,2011,European Union,export share,50.7,% of total exports,"Eurostat, ext_lt_intratrd (Intra and Extra-EU trade by Member State and by product group), sitc06=TOTAL, partner=EU27_2020",2026-08-06
FIN,2012,European Union,export share,48.6,% of total exports,"Eurostat, ext_lt_intratrd (Intra and Extra-EU trade by Member State and by product group), sitc06=TOTAL, partner=EU27_2020",2026-08-06
FIN,2013,European Union,export share,50.1,% of total exports,"Eurostat, ext_lt_intratrd (Intra and Extra-EU trade by Member State and by product group), sitc06=TOTAL, partner=EU27_2020",2026-08-06
FIN,2014,European Union,export share,51.9,% of total exports,"Eurostat, ext_lt_intratrd (Intra and Extra-EU trade by Member State and by product group), sitc06=TOTAL, partner=EU27_2020",2026-08-06
FIN,2015,European Union,export share,53.8,% of total exports,"Eurostat, ext_lt_intratrd (Intra and Extra-EU trade by Member State and by product group), sitc06=TOTAL, partner=EU27_2020",2026-08-06
FIN,2016,European Union,export share,53.9,% of total exports,"Eurostat, ext_lt_intratrd (Intra and Extra-EU trade by Member State and by product group), sitc06=TOTAL, partner=EU27_2020",2026-08-06
FIN,2017,European Union,export share,55.1,% of total exports,"Eurostat, ext_lt_intratrd (Intra and Extra-EU trade by Member State and by product group), sitc06=TOTAL, partner=EU27_2020",2026-08-06
FIN,2018,European Union,export share,54.5,% of total exports,"Eurostat, ext_lt_intratrd (Intra and Extra-EU trade by Member State and by product group), sitc06=TOTAL, partner=EU27_2020",2026-08-06
FIN,2019,European Union,export share,54.7,% of total exports,"Eurostat, ext_lt_intratrd (Intra and Extra-EU trade by Member State and by product group), sitc06=TOTAL, partner=EU27_2020",2026-08-06
FIN,2020,European Union,export share,54.2,% of total exports,"Eurostat, ext_lt_intratrd (Intra and Extra-EU trade by Member State and by product group), sitc06=TOTAL, partner=EU27_2020",2026-08-06
FIN,2021,European Union,export share,56.2,% of total exports,"Eurostat, ext_lt_intratrd (Intra and Extra-EU trade by Member State and by product group), sitc06=TOTAL, partner=EU27_2020",2026-08-06
FIN,2022,European Union,export share,56.3,% of total exports,"Eurostat, ext_lt_intratrd (Intra and Extra-EU trade by Member State and by product group), sitc06=TOTAL, partner=EU27_2020",2026-08-06
FIN,2023,European Union,export share,56.6,% of total exports,"Eurostat, ext_lt_intratrd (Intra and Extra-EU trade by Member State and by product group), sitc06=TOTAL, partner=EU27_2020",2026-08-06
FIN,2024,European Union,export share,58.1,% of total exports,"Eurostat, ext_lt_intratrd (Intra and Extra-EU trade by Member State and by product group), sitc06=TOTAL, partner=EU27_2020",2026-08-06
FIN,2025,European Union,export share,56.5,% of total exports,"Eurostat, ext_lt_intratrd (Intra and Extra-EU trade by Member State and by product group), sitc06=TOTAL, partner=EU27_2020",2026-08-06
FIN,2002,European Union,import share,64.0,% of total imports,"Eurostat, ext_lt_intratrd (Intra and Extra-EU trade by Member State and by product group), sitc06=TOTAL, partner=EU27_2020",2026-08-06
FIN,2003,European Union,import share,63.0,% of total imports,"Eurostat, ext_lt_intratrd (Intra and Extra-EU trade by Member State and by product group), sitc06=TOTAL, partner=EU27_2020",2026-08-06
FIN,2004,European Union,import share,62.8,% of total imports,"Eurostat, ext_lt_intratrd (Intra and Extra-EU trade by Member State and by product group), sitc06=TOTAL, partner=EU27_2020",2026-08-06
FIN,2005,European Union,import share,62.4,% of total imports,"Eurostat, ext_lt_intratrd (Intra and Extra-EU trade by Member State and by product group), sitc06=TOTAL, partner=EU27_2020",2026-08-06
FIN,2006,European Union,import share,59.3,% of total imports,"Eurostat, ext_lt_intratrd (Intra and Extra-EU trade by Member State and by product group), sitc06=TOTAL, partner=EU27_2020",2026-08-06
FIN,2007,European Union,import share,59.1,% of total imports,"Eurostat, ext_lt_intratrd (Intra and Extra-EU trade by Member State and by product group), sitc06=TOTAL, partner=EU27_2020",2026-08-06
FIN,2008,European Union,import share,57.9,% of total imports,"Eurostat, ext_lt_intratrd (Intra and Extra-EU trade by Member State and by product group), sitc06=TOTAL, partner=EU27_2020",2026-08-06
FIN,2009,European Union,import share,61.9,% of total imports,"Eurostat, ext_lt_intratrd (Intra and Extra-EU trade by Member State and by product group), sitc06=TOTAL, partner=EU27_2020",2026-08-06
FIN,2010,European Union,import share,61.0,% of total imports,"Eurostat, ext_lt_intratrd (Intra and Extra-EU trade by Member State and by product group), sitc06=TOTAL, partner=EU27_2020",2026-08-06
FIN,2011,European Union,import share,58.5,% of total imports,"Eurostat, ext_lt_intratrd (Intra and Extra-EU trade by Member State and by product group), sitc06=TOTAL, partner=EU27_2020",2026-08-06
FIN,2012,European Union,import share,59.7,% of total imports,"Eurostat, ext_lt_intratrd (Intra and Extra-EU trade by Member State and by product group), sitc06=TOTAL, partner=EU27_2020",2026-08-06
FIN,2013,European Union,import share,63.1,% of total imports,"Eurostat, ext_lt_intratrd (Intra and Extra-EU trade by Member State and by product group), sitc06=TOTAL, partner=EU27_2020",2026-08-06
FIN,2014,European Union,import share,65.0,% of total imports,"Eurostat, ext_lt_intratrd (Intra and Extra-EU trade by Member State and by product group), sitc06=TOTAL, partner=EU27_2020",2026-08-06
FIN,2015,European Union,import share,69.7,% of total imports,"Eurostat, ext_lt_intratrd (Intra and Extra-EU trade by Member State and by product group), sitc06=TOTAL, partner=EU27_2020",2026-08-06
FIN,2016,European Union,import share,69.9,% of total imports,"Eurostat, ext_lt_intratrd (Intra and Extra-EU trade by Member State and by product group), sitc06=TOTAL, partner=EU27_2020",2026-08-06
FIN,2017,European Union,import share,68.9,% of total imports,"Eurostat, ext_lt_intratrd (Intra and Extra-EU trade by Member State and by product group), sitc06=TOTAL, partner=EU27_2020",2026-08-06
FIN,2018,European Union,import share,67.6,% of total imports,"Eurostat, ext_lt_intratrd (Intra and Extra-EU trade by Member State and by product group), sitc06=TOTAL, partner=EU27_2020",2026-08-06
FIN,2019,European Union,import share,68.9,% of total imports,"Eurostat, ext_lt_intratrd (Intra and Extra-EU trade by Member State and by product group), sitc06=TOTAL, partner=EU27_2020",2026-08-06
FIN,2020,European Union,import share,71.6,% of total imports,"Eurostat, ext_lt_intratrd (Intra and Extra-EU trade by Member State and by product group), sitc06=TOTAL, partner=EU27_2020",2026-08-06
FIN,2021,European Union,import share,69.7,% of total imports,"Eurostat, ext_lt_intratrd (Intra and Extra-EU trade by Member State and by product group), sitc06=TOTAL, partner=EU27_2020",2026-08-06
FIN,2022,European Union,import share,65.9,% of total imports,"Eurostat, ext_lt_intratrd (Intra and Extra-EU trade by Member State and by product group), sitc06=TOTAL, partner=EU27_2020",2026-08-06
FIN,2023,European Union,import share,70.4,% of total imports,"Eurostat, ext_lt_intratrd (Intra and Extra-EU trade by Member State and by product group), sitc06=TOTAL, partner=EU27_2020",2026-08-06
FIN,2024,European Union,import share,71.0,% of total imports,"Eurostat, ext_lt_intratrd (Intra and Extra-EU trade by Member State and by product group), sitc06=TOTAL, partner=EU27_2020",2026-08-06
FIN,2025,European Union,import share,72.0,% of total imports,"Eurostat, ext_lt_intratrd (Intra and Extra-EU trade by Member State and by product group), sitc06=TOTAL, partner=EU27_2020",2026-08-06
FRA,2002,European Union,export share,55.4,% of total exports,"Eurostat, ext_lt_intratrd (Intra and Extra-EU trade by Member State and by product group), sitc06=TOTAL, partner=EU27_2020",2026-08-06
FRA,2003,European Union,export share,57.4,% of total exports,"Eurostat, ext_lt_intratrd (Intra and Extra-EU trade by Member State and by product group), sitc06=TOTAL, partner=EU27_2020",2026-08-06
FRA,2004,European Union,export share,56.7,% of total exports,"Eurostat, ext_lt_intratrd (Intra and Extra-EU trade by Member State and by product group), sitc06=TOTAL, partner=EU27_2020",2026-08-06
FRA,2005,European Union,export share,55.3,% of total exports,"Eurostat, ext_lt_intratrd (Intra and Extra-EU trade by Member State and by product group), sitc06=TOTAL, partner=EU27_2020",2026-08-06
FRA,2006,European Union,export share,57.3,% of total exports,"Eurostat, ext_lt_intratrd (Intra and Extra-EU trade by Member State and by product group), sitc06=TOTAL, partner=EU27_2020",2026-08-06
FRA,2007,European Union,export share,57.5,% of total exports,"Eurostat, ext_lt_intratrd (Intra and Extra-EU trade by Member State and by product group), sitc06=TOTAL, partner=EU27_2020",2026-08-06
FRA,2008,European Union,export share,56.4,% of total exports,"Eurostat, ext_lt_intratrd (Intra and Extra-EU trade by Member State and by product group), sitc06=TOTAL, partner=EU27_2020",2026-08-06
FRA,2009,European Union,export share,55.5,% of total exports,"Eurostat, ext_lt_intratrd (Intra and Extra-EU trade by Member State and by product group), sitc06=TOTAL, partner=EU27_2020",2026-08-06
FRA,2010,European Union,export share,54.3,% of total exports,"Eurostat, ext_lt_intratrd (Intra and Extra-EU trade by Member State and by product group), sitc06=TOTAL, partner=EU27_2020",2026-08-06
FRA,2011,European Union,export share,54.4,% of total exports,"Eurostat, ext_lt_intratrd (Intra and Extra-EU trade by Member State and by product group), sitc06=TOTAL, partner=EU27_2020",2026-08-06
FRA,2012,European Union,export share,52.2,% of total exports,"Eurostat, ext_lt_intratrd (Intra and Extra-EU trade by Member State and by product group), sitc06=TOTAL, partner=EU27_2020",2026-08-06
FRA,2013,European Union,export share,52.5,% of total exports,"Eurostat, ext_lt_intratrd (Intra and Extra-EU trade by Member State and by product group), sitc06=TOTAL, partner=EU27_2020",2026-08-06
FRA,2014,European Union,export share,53.1,% of total exports,"Eurostat, ext_lt_intratrd (Intra and Extra-EU trade by Member State and by product group), sitc06=TOTAL, partner=EU27_2020",2026-08-06
FRA,2015,European Union,export share,51.8,% of total exports,"Eurostat, ext_lt_intratrd (Intra and Extra-EU trade by Member State and by product group), sitc06=TOTAL, partner=EU27_2020",2026-08-06
FRA,2016,European Union,export share,52.4,% of total exports,"Eurostat, ext_lt_intratrd (Intra and Extra-EU trade by Member State and by product group), sitc06=TOTAL, partner=EU27_2020",2026-08-06
FRA,2017,European Union,export share,52.1,% of total exports,"Eurostat, ext_lt_intratrd (Intra and Extra-EU trade by Member State and by product group), sitc06=TOTAL, partner=EU27_2020",2026-08-06
FRA,2018,European Union,export share,52.3,% of total exports,"Eurostat, ext_lt_intratrd (Intra and Extra-EU trade by Member State and by product group), sitc06=TOTAL, partner=EU27_2020",2026-08-06
FRA,2019,European Union,export share,51.4,% of total exports,"Eurostat, ext_lt_intratrd (Intra and Extra-EU trade by Member State and by product group), sitc06=TOTAL, partner=EU27_2020",2026-08-06
FRA,2020,European Union,export share,53.6,% of total exports,"Eurostat, ext_lt_intratrd (Intra and Extra-EU trade by Member State and by product group), sitc06=TOTAL, partner=EU27_2020",2026-08-06
FRA,2021,European Union,export share,54.6,% of total exports,"Eurostat, ext_lt_intratrd (Intra and Extra-EU trade by Member State and by product group), sitc06=TOTAL, partner=EU27_2020",2026-08-06
FRA,2022,European Union,export share,56.0,% of total exports,"Eurostat, ext_lt_intratrd (Intra and Extra-EU trade by Member State and by product group), sitc06=TOTAL, partner=EU27_2020",2026-08-06
FRA,2023,European Union,export share,55.4,% of total exports,"Eurostat, ext_lt_intratrd (Intra and Extra-EU trade by Member State and by product group), sitc06=TOTAL, partner=EU27_2020",2026-08-06
FRA,2024,European Union,export share,54.0,% of total exports,"Eurostat, ext_lt_intratrd (Intra and Extra-EU trade by Member State and by product group), sitc06=TOTAL, partner=EU27_2020",2026-08-06
FRA,2025,European Union,export share,53.7,% of total exports,"Eurostat, ext_lt_intratrd (Intra and Extra-EU trade by Member State and by product group), sitc06=TOTAL, partner=EU27_2020",2026-08-06
FRA,2002,European Union,import share,61.3,% of total imports,"Eurostat, ext_lt_intratrd (Intra and Extra-EU trade by Member State and by product group), sitc06=TOTAL, partner=EU27_2020",2026-08-06
FRA,2003,European Union,import share,63.3,% of total imports,"Eurostat, ext_lt_intratrd (Intra and Extra-EU trade by Member State and by product group), sitc06=TOTAL, partner=EU27_2020",2026-08-06
FRA,2004,European Union,import share,62.7,% of total imports,"Eurostat, ext_lt_intratrd (Intra and Extra-EU trade by Member State and by product group), sitc06=TOTAL, partner=EU27_2020",2026-08-06
FRA,2005,European Union,import share,61.7,% of total imports,"Eurostat, ext_lt_intratrd (Intra and Extra-EU trade by Member State and by product group), sitc06=TOTAL, partner=EU27_2020",2026-08-06
FRA,2006,European Union,import share,62.6,% of total imports,"Eurostat, ext_lt_intratrd (Intra and Extra-EU trade by Member State and by product group), sitc06=TOTAL, partner=EU27_2020",2026-08-06
FRA,2007,European Union,import share,63.9,% of total imports,"Eurostat, ext_lt_intratrd (Intra and Extra-EU trade by Member State and by product group), sitc06=TOTAL, partner=EU27_2020",2026-08-06
FRA,2008,European Union,import share,63.2,% of total imports,"Eurostat, ext_lt_intratrd (Intra and Extra-EU trade by Member State and by product group), sitc06=TOTAL, partner=EU27_2020",2026-08-06
FRA,2009,European Union,import share,64.5,% of total imports,"Eurostat, ext_lt_intratrd (Intra and Extra-EU trade by Member State and by product group), sitc06=TOTAL, partner=EU27_2020",2026-08-06
FRA,2010,European Union,import share,63.5,% of total imports,"Eurostat, ext_lt_intratrd (Intra and Extra-EU trade by Member State and by product group), sitc06=TOTAL, partner=EU27_2020",2026-08-06
FRA,2011,European Union,import share,62.4,% of total imports,"Eurostat, ext_lt_intratrd (Intra and Extra-EU trade by Member State and by product group), sitc06=TOTAL, partner=EU27_2020",2026-08-06
FRA,2012,European Union,import share,62.1,% of total imports,"Eurostat, ext_lt_intratrd (Intra and Extra-EU trade by Member State and by product group), sitc06=TOTAL, partner=EU27_2020",2026-08-06
FRA,2013,European Union,import share,63.0,% of total imports,"Eurostat, ext_lt_intratrd (Intra and Extra-EU trade by Member State and by product group), sitc06=TOTAL, partner=EU27_2020",2026-08-06
FRA,2014,European Union,import share,63.8,% of total imports,"Eurostat, ext_lt_intratrd (Intra and Extra-EU trade by Member State and by product group), sitc06=TOTAL, partner=EU27_2020",2026-08-06
FRA,2015,European Union,import share,64.6,% of total imports,"Eurostat, ext_lt_intratrd (Intra and Extra-EU trade by Member State and by product group), sitc06=TOTAL, partner=EU27_2020",2026-08-06
FRA,2016,European Union,import share,65.4,% of total imports,"Eurostat, ext_lt_intratrd (Intra and Extra-EU trade by Member State and by product group), sitc06=TOTAL, partner=EU27_2020",2026-08-06
FRA,2017,European Union,import share,65.1,% of total imports,"Eurostat, ext_lt_intratrd (Intra and Extra-EU trade by Member State and by product group), sitc06=TOTAL, partner=EU27_2020",2026-08-06
FRA,2018,European Union,import share,64.5,% of total imports,"Eurostat, ext_lt_intratrd (Intra and Extra-EU trade by Member State and by product group), sitc06=TOTAL, partner=EU27_2020",2026-08-06
FRA,2019,European Union,import share,63.7,% of total imports,"Eurostat, ext_lt_intratrd (Intra and Extra-EU trade by Member State and by product group), sitc06=TOTAL, partner=EU27_2020",2026-08-06
FRA,2020,European Union,import share,66.1,% of total imports,"Eurostat, ext_lt_intratrd (Intra and Extra-EU trade by Member State and by product group), sitc06=TOTAL, partner=EU27_2020",2026-08-06
FRA,2021,European Union,import share,66.0,% of total imports,"Eurostat, ext_lt_intratrd (Intra and Extra-EU trade by Member State and by product group), sitc06=TOTAL, partner=EU27_2020",2026-08-06
FRA,2022,European Union,import share,61.5,% of total imports,"Eurostat, ext_lt_intratrd (Intra and Extra-EU trade by Member State and by product group), sitc06=TOTAL, partner=EU27_2020",2026-08-06
FRA,2023,European Union,import share,64.7,% of total imports,"Eurostat, ext_lt_intratrd (Intra and Extra-EU trade by Member State and by product group), sitc06=TOTAL, partner=EU27_2020",2026-08-06
FRA,2024,European Union,import share,63.7,% of total imports,"Eurostat, ext_lt_intratrd (Intra and Extra-EU trade by Member State and by product group), sitc06=TOTAL, partner=EU27_2020",2026-08-06
FRA,2025,European Union,import share,62.7,% of total imports,"Eurostat, ext_lt_intratrd (Intra and Extra-EU trade by Member State and by product group), sitc06=TOTAL, partner=EU27_2020",2026-08-06
GRC,2002,European Union,export share,56.8,% of total exports,"Eurostat, ext_lt_intratrd (Intra and Extra-EU trade by Member State and by product group), sitc06=TOTAL, partner=EU27_2020",2026-08-06
GRC,2003,European Union,export share,59.2,% of total exports,"Eurostat, ext_lt_intratrd (Intra and Extra-EU trade by Member State and by product group), sitc06=TOTAL, partner=EU27_2020",2026-08-06
GRC,2004,European Union,export share,59.1,% of total exports,"Eurostat, ext_lt_intratrd (Intra and Extra-EU trade by Member State and by product group), sitc06=TOTAL, partner=EU27_2020",2026-08-06
GRC,2005,European Union,export share,57.1,% of total exports,"Eurostat, ext_lt_intratrd (Intra and Extra-EU trade by Member State and by product group), sitc06=TOTAL, partner=EU27_2020",2026-08-06
GRC,2006,European Union,export share,60.5,% of total exports,"Eurostat, ext_lt_intratrd (Intra and Extra-EU trade by Member State and by product group), sitc06=TOTAL, partner=EU27_2020",2026-08-06
GRC,2007,European Union,export share,58.6,% of total exports,"Eurostat, ext_lt_intratrd (Intra and Extra-EU trade by Member State and by product group), sitc06=TOTAL, partner=EU27_2020",2026-08-06
GRC,2008,European Union,export share,56.2,% of total exports,"Eurostat, ext_lt_intratrd (Intra and Extra-EU trade by Member State and by product group), sitc06=TOTAL, partner=EU27_2020",2026-08-06
GRC,2009,European Union,export share,52.7,% of total exports,"Eurostat, ext_lt_intratrd (Intra and Extra-EU trade by Member State and by product group), sitc06=TOTAL, partner=EU27_2020",2026-08-06
GRC,2010,European Union,export share,50.2,% of total exports,"Eurostat, ext_lt_intratrd (Intra and Extra-EU trade by Member State and by product group), sitc06=TOTAL, partner=EU27_2020",2026-08-06
GRC,2011,European Union,export share,48.0,% of total exports,"Eurostat, ext_lt_intratrd (Intra and Extra-EU trade by Member State and by product group), sitc06=TOTAL, partner=EU27_2020",2026-08-06
GRC,2012,European Union,export share,41.4,% of total exports,"Eurostat, ext_lt_intratrd (Intra and Extra-EU trade by Member State and by product group), sitc06=TOTAL, partner=EU27_2020",2026-08-06
GRC,2013,European Union,export share,43.5,% of total exports,"Eurostat, ext_lt_intratrd (Intra and Extra-EU trade by Member State and by product group), sitc06=TOTAL, partner=EU27_2020",2026-08-06
GRC,2014,European Union,export share,44.8,% of total exports,"Eurostat, ext_lt_intratrd (Intra and Extra-EU trade by Member State and by product group), sitc06=TOTAL, partner=EU27_2020",2026-08-06
GRC,2015,European Union,export share,50.2,% of total exports,"Eurostat, ext_lt_intratrd (Intra and Extra-EU trade by Member State and by product group), sitc06=TOTAL, partner=EU27_2020",2026-08-06
GRC,2016,European Union,export share,52.1,% of total exports,"Eurostat, ext_lt_intratrd (Intra and Extra-EU trade by Member State and by product group), sitc06=TOTAL, partner=EU27_2020",2026-08-06
GRC,2017,European Union,export share,49.8,% of total exports,"Eurostat, ext_lt_intratrd (Intra and Extra-EU trade by Member State and by product group), sitc06=TOTAL, partner=EU27_2020",2026-08-06
GRC,2018,European Union,export share,49.2,% of total exports,"Eurostat, ext_lt_intratrd (Intra and Extra-EU trade by Member State and by product group), sitc06=TOTAL, partner=EU27_2020",2026-08-06
GRC,2019,European Union,export share,52.4,% of total exports,"Eurostat, ext_lt_intratrd (Intra and Extra-EU trade by Member State and by product group), sitc06=TOTAL, partner=EU27_2020",2026-08-06
GRC,2020,European Union,export share,57.5,% of total exports,"Eurostat, ext_lt_intratrd (Intra and Extra-EU trade by Member State and by product group), sitc06=TOTAL, partner=EU27_2020",2026-08-06
GRC,2021,European Union,export share,53.8,% of total exports,"Eurostat, ext_lt_intratrd (Intra and Extra-EU trade by Member State and by product group), sitc06=TOTAL, partner=EU27_2020",2026-08-06
GRC,2022,European Union,export share,55.9,% of total exports,"Eurostat, ext_lt_intratrd (Intra and Extra-EU trade by Member State and by product group), sitc06=TOTAL, partner=EU27_2020",2026-08-06
GRC,2023,European Union,export share,57.1,% of total exports,"Eurostat, ext_lt_intratrd (Intra and Extra-EU trade by Member State and by product group), sitc06=TOTAL, partner=EU27_2020",2026-08-06
GRC,2024,European Union,export share,55.0,% of total exports,"Eurostat, ext_lt_intratrd (Intra and Extra-EU trade by Member State and by product group), sitc06=TOTAL, partner=EU27_2020",2026-08-06
GRC,2025,European Union,export share,57.1,% of total exports,"Eurostat, ext_lt_intratrd (Intra and Extra-EU trade by Member State and by product group), sitc06=TOTAL, partner=EU27_2020",2026-08-06
GRC,2002,European Union,import share,57.0,% of total imports,"Eurostat, ext_lt_intratrd (Intra and Extra-EU trade by Member State and by product group), sitc06=TOTAL, partner=EU27_2020",2026-08-06
GRC,2003,European Union,import share,56.2,% of total imports,"Eurostat, ext_lt_intratrd (Intra and Extra-EU trade by Member State and by product group), sitc06=TOTAL, partner=EU27_2020",2026-08-06
GRC,2004,European Union,import share,59.3,% of total imports,"Eurostat, ext_lt_intratrd (Intra and Extra-EU trade by Member State and by product group), sitc06=TOTAL, partner=EU27_2020",2026-08-06
GRC,2005,European Union,import share,57.7,% of total imports,"Eurostat, ext_lt_intratrd (Intra and Extra-EU trade by Member State and by product group), sitc06=TOTAL, partner=EU27_2020",2026-08-06
GRC,2006,European Union,import share,55.4,% of total imports,"Eurostat, ext_lt_intratrd (Intra and Extra-EU trade by Member State and by product group), sitc06=TOTAL, partner=EU27_2020",2026-08-06
GRC,2007,European Union,import share,54.9,% of total imports,"Eurostat, ext_lt_intratrd (Intra and Extra-EU trade by Member State and by product group), sitc06=TOTAL, partner=EU27_2020",2026-08-06
GRC,2008,European Union,import share,52.8,% of total imports,"Eurostat, ext_lt_intratrd (Intra and Extra-EU trade by Member State and by product group), sitc06=TOTAL, partner=EU27_2020",2026-08-06
GRC,2009,European Union,import share,53.8,% of total imports,"Eurostat, ext_lt_intratrd (Intra and Extra-EU trade by Member State and by product group), sitc06=TOTAL, partner=EU27_2020",2026-08-06
GRC,2010,European Union,import share,52.2,% of total imports,"Eurostat, ext_lt_intratrd (Intra and Extra-EU trade by Member State and by product group), sitc06=TOTAL, partner=EU27_2020",2026-08-06
GRC,2011,European Union,import share,49.8,% of total imports,"Eurostat, ext_lt_intratrd (Intra and Extra-EU trade by Member State and by product group), sitc06=TOTAL, partner=EU27_2020",2026-08-06
GRC,2012,European Union,import share,45.1,% of total imports,"Eurostat, ext_lt_intratrd (Intra and Extra-EU trade by Member State and by product group), sitc06=TOTAL, partner=EU27_2020",2026-08-06
GRC,2013,European Union,import share,45.9,% of total imports,"Eurostat, ext_lt_intratrd (Intra and Extra-EU trade by Member State and by product group), sitc06=TOTAL, partner=EU27_2020",2026-08-06
GRC,2014,European Union,import share,47.2,% of total imports,"Eurostat, ext_lt_intratrd (Intra and Extra-EU trade by Member State and by product group), sitc06=TOTAL, partner=EU27_2020",2026-08-06
GRC,2015,European Union,import share,51.8,% of total imports,"Eurostat, ext_lt_intratrd (Intra and Extra-EU trade by Member State and by product group), sitc06=TOTAL, partner=EU27_2020",2026-08-06
GRC,2016,European Union,import share,54.2,% of total imports,"Eurostat, ext_lt_intratrd (Intra and Extra-EU trade by Member State and by product group), sitc06=TOTAL, partner=EU27_2020",2026-08-06
GRC,2017,European Union,import share,52.8,% of total imports,"Eurostat, ext_lt_intratrd (Intra and Extra-EU trade by Member State and by product group), sitc06=TOTAL, partner=EU27_2020",2026-08-06
GRC,2018,European Union,import share,50.1,% of total imports,"Eurostat, ext_lt_intratrd (Intra and Extra-EU trade by Member State and by product group), sitc06=TOTAL, partner=EU27_2020",2026-08-06
GRC,2019,European Union,import share,51.3,% of total imports,"Eurostat, ext_lt_intratrd (Intra and Extra-EU trade by Member State and by product group), sitc06=TOTAL, partner=EU27_2020",2026-08-06
GRC,2020,European Union,import share,57.1,% of total imports,"Eurostat, ext_lt_intratrd (Intra and Extra-EU trade by Member State and by product group), sitc06=TOTAL, partner=EU27_2020",2026-08-06
GRC,2021,European Union,import share,51.6,% of total imports,"Eurostat, ext_lt_intratrd (Intra and Extra-EU trade by Member State and by product group), sitc06=TOTAL, partner=EU27_2020",2026-08-06
GRC,2022,European Union,import share,43.7,% of total imports,"Eurostat, ext_lt_intratrd (Intra and Extra-EU trade by Member State and by product group), sitc06=TOTAL, partner=EU27_2020",2026-08-06
GRC,2023,European Union,import share,50.8,% of total imports,"Eurostat, ext_lt_intratrd (Intra and Extra-EU trade by Member State and by product group), sitc06=TOTAL, partner=EU27_2020",2026-08-06
GRC,2024,European Union,import share,51.7,% of total imports,"Eurostat, ext_lt_intratrd (Intra and Extra-EU trade by Member State and by product group), sitc06=TOTAL, partner=EU27_2020",2026-08-06
GRC,2025,European Union,import share,55.6,% of total imports,"Eurostat, ext_lt_intratrd (Intra and Extra-EU trade by Member State and by product group), sitc06=TOTAL, partner=EU27_2020",2026-08-06
HRV,2002,European Union,export share,64.8,% of total exports,"Eurostat, ext_lt_intratrd (Intra and Extra-EU trade by Member State and by product group), sitc06=TOTAL, partner=EU27_2020",2026-08-06
HRV,2003,European Union,export share,67.2,% of total exports,"Eurostat, ext_lt_intratrd (Intra and Extra-EU trade by Member State and by product group), sitc06=TOTAL, partner=EU27_2020",2026-08-06
HRV,2004,European Union,export share,64.6,% of total exports,"Eurostat, ext_lt_intratrd (Intra and Extra-EU trade by Member State and by product group), sitc06=TOTAL, partner=EU27_2020",2026-08-06
HRV,2005,European Union,export share,61.9,% of total exports,"Eurostat, ext_lt_intratrd (Intra and Extra-EU trade by Member State and by product group), sitc06=TOTAL, partner=EU27_2020",2026-08-06
HRV,2006,European Union,export share,62.5,% of total exports,"Eurostat, ext_lt_intratrd (Intra and Extra-EU trade by Member State and by product group), sitc06=TOTAL, partner=EU27_2020",2026-08-06
HRV,2007,European Union,export share,58.4,% of total exports,"Eurostat, ext_lt_intratrd (Intra and Extra-EU trade by Member State and by product group), sitc06=TOTAL, partner=EU27_2020",2026-08-06
HRV,2008,European Union,export share,58.6,% of total exports,"Eurostat, ext_lt_intratrd (Intra and Extra-EU trade by Member State and by product group), sitc06=TOTAL, partner=EU27_2020",2026-08-06
HRV,2009,European Union,export share,58.4,% of total exports,"Eurostat, ext_lt_intratrd (Intra and Extra-EU trade by Member State and by product group), sitc06=TOTAL, partner=EU27_2020",2026-08-06
HRV,2010,European Union,export share,59.6,% of total exports,"Eurostat, ext_lt_intratrd (Intra and Extra-EU trade by Member State and by product group), sitc06=TOTAL, partner=EU27_2020",2026-08-06
HRV,2011,European Union,export share,58.4,% of total exports,"Eurostat, ext_lt_intratrd (Intra and Extra-EU trade by Member State and by product group), sitc06=TOTAL, partner=EU27_2020",2026-08-06
HRV,2012,European Union,export share,56.6,% of total exports,"Eurostat, ext_lt_intratrd (Intra and Extra-EU trade by Member State and by product group), sitc06=TOTAL, partner=EU27_2020",2026-08-06
HRV,2013,European Union,export share,59.7,% of total exports,"Eurostat, ext_lt_intratrd (Intra and Extra-EU trade by Member State and by product group), sitc06=TOTAL, partner=EU27_2020",2026-08-06
HRV,2014,European Union,export share,62.0,% of total exports,"Eurostat, ext_lt_intratrd (Intra and Extra-EU trade by Member State and by product group), sitc06=TOTAL, partner=EU27_2020",2026-08-06
HRV,2015,European Union,export share,64.2,% of total exports,"Eurostat, ext_lt_intratrd (Intra and Extra-EU trade by Member State and by product group), sitc06=TOTAL, partner=EU27_2020",2026-08-06
HRV,2016,European Union,export share,64.1,% of total exports,"Eurostat, ext_lt_intratrd (Intra and Extra-EU trade by Member State and by product group), sitc06=TOTAL, partner=EU27_2020",2026-08-06
HRV,2017,European Union,export share,62.5,% of total exports,"Eurostat, ext_lt_intratrd (Intra and Extra-EU trade by Member State and by product group), sitc06=TOTAL, partner=EU27_2020",2026-08-06
HRV,2018,European Union,export share,66.3,% of total exports,"Eurostat, ext_lt_intratrd (Intra and Extra-EU trade by Member State and by product group), sitc06=TOTAL, partner=EU27_2020",2026-08-06
HRV,2019,European Union,export share,66.2,% of total exports,"Eurostat, ext_lt_intratrd (Intra and Extra-EU trade by Member State and by product group), sitc06=TOTAL, partner=EU27_2020",2026-08-06
HRV,2020,European Union,export share,67.3,% of total exports,"Eurostat, ext_lt_intratrd (Intra and Extra-EU trade by Member State and by product group), sitc06=TOTAL, partner=EU27_2020",2026-08-06
HRV,2021,European Union,export share,67.4,% of total exports,"Eurostat, ext_lt_intratrd (Intra and Extra-EU trade by Member State and by product group), sitc06=TOTAL, partner=EU27_2020",2026-08-06
HRV,2022,European Union,export share,68.3,% of total exports,"Eurostat, ext_lt_intratrd (Intra and Extra-EU trade by Member State and by product group), sitc06=TOTAL, partner=EU27_2020",2026-08-06
HRV,2023,European Union,export share,67.4,% of total exports,"Eurostat, ext_lt_intratrd (Intra and Extra-EU trade by Member State and by product group), sitc06=TOTAL, partner=EU27_2020",2026-08-06
HRV,2024,European Union,export share,65.3,% of total exports,"Eurostat, ext_lt_intratrd (Intra and Extra-EU trade by Member State and by product group), sitc06=TOTAL, partner=EU27_2020",2026-08-06
HRV,2025,European Union,export share,66.5,% of total exports,"Eurostat, ext_lt_intratrd (Intra and Extra-EU trade by Member State and by product group), sitc06=TOTAL, partner=EU27_2020",2026-08-06
HRV,2002,European Union,import share,69.9,% of total imports,"Eurostat, ext_lt_intratrd (Intra and Extra-EU trade by Member State and by product group), sitc06=TOTAL, partner=EU27_2020",2026-08-06
HRV,2003,European Union,import share,71.1,% of total imports,"Eurostat, ext_lt_intratrd (Intra and Extra-EU trade by Member State and by product group), sitc06=TOTAL, partner=EU27_2020",2026-08-06
HRV,2004,European Union,import share,69.1,% of total imports,"Eurostat, ext_lt_intratrd (Intra and Extra-EU trade by Member State and by product group), sitc06=TOTAL, partner=EU27_2020",2026-08-06
HRV,2005,European Union,import share,66.0,% of total imports,"Eurostat, ext_lt_intratrd (Intra and Extra-EU trade by Member State and by product group), sitc06=TOTAL, partner=EU27_2020",2026-08-06
HRV,2006,European Union,import share,65.3,% of total imports,"Eurostat, ext_lt_intratrd (Intra and Extra-EU trade by Member State and by product group), sitc06=TOTAL, partner=EU27_2020",2026-08-06
HRV,2007,European Union,import share,63.0,% of total imports,"Eurostat, ext_lt_intratrd (Intra and Extra-EU trade by Member State and by product group), sitc06=TOTAL, partner=EU27_2020",2026-08-06
HRV,2008,European Union,import share,62.2,% of total imports,"Eurostat, ext_lt_intratrd (Intra and Extra-EU trade by Member State and by product group), sitc06=TOTAL, partner=EU27_2020",2026-08-06
HRV,2009,European Union,import share,61.0,% of total imports,"Eurostat, ext_lt_intratrd (Intra and Extra-EU trade by Member State and by product group), sitc06=TOTAL, partner=EU27_2020",2026-08-06
HRV,2010,European Union,import share,58.6,% of total imports,"Eurostat, ext_lt_intratrd (Intra and Extra-EU trade by Member State and by product group), sitc06=TOTAL, partner=EU27_2020",2026-08-06
HRV,2011,European Union,import share,60.3,% of total imports,"Eurostat, ext_lt_intratrd (Intra and Extra-EU trade by Member State and by product group), sitc06=TOTAL, partner=EU27_2020",2026-08-06
HRV,2012,European Union,import share,61.0,% of total imports,"Eurostat, ext_lt_intratrd (Intra and Extra-EU trade by Member State and by product group), sitc06=TOTAL, partner=EU27_2020",2026-08-06
HRV,2013,European Union,import share,65.6,% of total imports,"Eurostat, ext_lt_intratrd (Intra and Extra-EU trade by Member State and by product group), sitc06=TOTAL, partner=EU27_2020",2026-08-06
HRV,2014,European Union,import share,74.9,% of total imports,"Eurostat, ext_lt_intratrd (Intra and Extra-EU trade by Member State and by product group), sitc06=TOTAL, partner=EU27_2020",2026-08-06
HRV,2015,European Union,import share,76.6,% of total imports,"Eurostat, ext_lt_intratrd (Intra and Extra-EU trade by Member State and by product group), sitc06=TOTAL, partner=EU27_2020",2026-08-06
HRV,2016,European Union,import share,75.9,% of total imports,"Eurostat, ext_lt_intratrd (Intra and Extra-EU trade by Member State and by product group), sitc06=TOTAL, partner=EU27_2020",2026-08-06
HRV,2017,European Union,import share,76.5,% of total imports,"Eurostat, ext_lt_intratrd (Intra and Extra-EU trade by Member State and by product group), sitc06=TOTAL, partner=EU27_2020",2026-08-06
HRV,2018,European Union,import share,76.4,% of total imports,"Eurostat, ext_lt_intratrd (Intra and Extra-EU trade by Member State and by product group), sitc06=TOTAL, partner=EU27_2020",2026-08-06
HRV,2019,European Union,import share,78.7,% of total imports,"Eurostat, ext_lt_intratrd (Intra and Extra-EU trade by Member State and by product group), sitc06=TOTAL, partner=EU27_2020",2026-08-06
HRV,2020,European Union,import share,77.1,% of total imports,"Eurostat, ext_lt_intratrd (Intra and Extra-EU trade by Member State and by product group), sitc06=TOTAL, partner=EU27_2020",2026-08-06
HRV,2021,European Union,import share,74.3,% of total imports,"Eurostat, ext_lt_intratrd (Intra and Extra-EU trade by Member State and by product group), sitc06=TOTAL, partner=EU27_2020",2026-08-06
HRV,2022,European Union,import share,69.6,% of total imports,"Eurostat, ext_lt_intratrd (Intra and Extra-EU trade by Member State and by product group), sitc06=TOTAL, partner=EU27_2020",2026-08-06
HRV,2023,European Union,import share,75.8,% of total imports,"Eurostat, ext_lt_intratrd (Intra and Extra-EU trade by Member State and by product group), sitc06=TOTAL, partner=EU27_2020",2026-08-06
HRV,2024,European Union,import share,77.6,% of total imports,"Eurostat, ext_lt_intratrd (Intra and Extra-EU trade by Member State and by product group), sitc06=TOTAL, partner=EU27_2020",2026-08-06
HRV,2025,European Union,import share,76.5,% of total imports,"Eurostat, ext_lt_intratrd (Intra and Extra-EU trade by Member State and by product group), sitc06=TOTAL, partner=EU27_2020",2026-08-06
HUN,2002,European Union,export share,80.7,% of total exports,"Eurostat, ext_lt_intratrd (Intra and Extra-EU trade by Member State and by product group), sitc06=TOTAL, partner=EU27_2020",2026-08-06
HUN,2003,European Union,export share,80.6,% of total exports,"Eurostat, ext_lt_intratrd (Intra and Extra-EU trade by Member State and by product group), sitc06=TOTAL, partner=EU27_2020",2026-08-06
HUN,2004,European Union,export share,78.8,% of total exports,"Eurostat, ext_lt_intratrd (Intra and Extra-EU trade by Member State and by product group), sitc06=TOTAL, partner=EU27_2020",2026-08-06
HUN,2005,European Union,export share,77.3,% of total exports,"Eurostat, ext_lt_intratrd (Intra and Extra-EU trade by Member State and by product group), sitc06=TOTAL, partner=EU27_2020",2026-08-06
HUN,2006,European Union,export share,76.3,% of total exports,"Eurostat, ext_lt_intratrd (Intra and Extra-EU trade by Member State and by product group), sitc06=TOTAL, partner=EU27_2020",2026-08-06
HUN,2007,European Union,export share,76.0,% of total exports,"Eurostat, ext_lt_intratrd (Intra and Extra-EU trade by Member State and by product group), sitc06=TOTAL, partner=EU27_2020",2026-08-06
HUN,2008,European Union,export share,75.1,% of total exports,"Eurostat, ext_lt_intratrd (Intra and Extra-EU trade by Member State and by product group), sitc06=TOTAL, partner=EU27_2020",2026-08-06
HUN,2009,European Union,export share,74.9,% of total exports,"Eurostat, ext_lt_intratrd (Intra and Extra-EU trade by Member State and by product group), sitc06=TOTAL, partner=EU27_2020",2026-08-06
HUN,2010,European Union,export share,73.0,% of total exports,"Eurostat, ext_lt_intratrd (Intra and Extra-EU trade by Member State and by product group), sitc06=TOTAL, partner=EU27_2020",2026-08-06
HUN,2011,European Union,export share,72.9,% of total exports,"Eurostat, ext_lt_intratrd (Intra and Extra-EU trade by Member State and by product group), sitc06=TOTAL, partner=EU27_2020",2026-08-06
HUN,2012,European Union,export share,73.3,% of total exports,"Eurostat, ext_lt_intratrd (Intra and Extra-EU trade by Member State and by product group), sitc06=TOTAL, partner=EU27_2020",2026-08-06
HUN,2013,European Union,export share,73.9,% of total exports,"Eurostat, ext_lt_intratrd (Intra and Extra-EU trade by Member State and by product group), sitc06=TOTAL, partner=EU27_2020",2026-08-06
HUN,2014,European Union,export share,76.3,% of total exports,"Eurostat, ext_lt_intratrd (Intra and Extra-EU trade by Member State and by product group), sitc06=TOTAL, partner=EU27_2020",2026-08-06
HUN,2015,European Union,export share,77.3,% of total exports,"Eurostat, ext_lt_intratrd (Intra and Extra-EU trade by Member State and by product group), sitc06=TOTAL, partner=EU27_2020",2026-08-06
HUN,2016,European Union,export share,77.4,% of total exports,"Eurostat, ext_lt_intratrd (Intra and Extra-EU trade by Member State and by product group), sitc06=TOTAL, partner=EU27_2020",2026-08-06
HUN,2017,European Union,export share,77.7,% of total exports,"Eurostat, ext_lt_intratrd (Intra and Extra-EU trade by Member State and by product group), sitc06=TOTAL, partner=EU27_2020",2026-08-06
HUN,2018,European Union,export share,78.0,% of total exports,"Eurostat, ext_lt_intratrd (Intra and Extra-EU trade by Member State and by product group), sitc06=TOTAL, partner=EU27_2020",2026-08-06
HUN,2019,European Union,export share,78.5,% of total exports,"Eurostat, ext_lt_intratrd (Intra and Extra-EU trade by Member State and by product group), sitc06=TOTAL, partner=EU27_2020",2026-08-06
HUN,2020,European Union,export share,78.4,% of total exports,"Eurostat, ext_lt_intratrd (Intra and Extra-EU trade by Member State and by product group), sitc06=TOTAL, partner=EU27_2020",2026-08-06
HUN,2021,European Union,export share,78.1,% of total exports,"Eurostat, ext_lt_intratrd (Intra and Extra-EU trade by Member State and by product group), sitc06=TOTAL, partner=EU27_2020",2026-08-06
HUN,2022,European Union,export share,76.4,% of total exports,"Eurostat, ext_lt_intratrd (Intra and Extra-EU trade by Member State and by product group), sitc06=TOTAL, partner=EU27_2020",2026-08-06
HUN,2023,European Union,export share,76.6,% of total exports,"Eurostat, ext_lt_intratrd (Intra and Extra-EU trade by Member State and by product group), sitc06=TOTAL, partner=EU27_2020",2026-08-06
HUN,2024,European Union,export share,76.0,% of total exports,"Eurostat, ext_lt_intratrd (Intra and Extra-EU trade by Member State and by product group), sitc06=TOTAL, partner=EU27_2020",2026-08-06
HUN,2025,European Union,export share,75.1,% of total exports,"Eurostat, ext_lt_intratrd (Intra and Extra-EU trade by Member State and by product group), sitc06=TOTAL, partner=EU27_2020",2026-08-06
HUN,2002,European Union,import share,62.3,% of total imports,"Eurostat, ext_lt_intratrd (Intra and Extra-EU trade by Member State and by product group), sitc06=TOTAL, partner=EU27_2020",2026-08-06
HUN,2003,European Union,import share,61.9,% of total imports,"Eurostat, ext_lt_intratrd (Intra and Extra-EU trade by Member State and by product group), sitc06=TOTAL, partner=EU27_2020",2026-08-06
HUN,2004,European Union,import share,66.1,% of total imports,"Eurostat, ext_lt_intratrd (Intra and Extra-EU trade by Member State and by product group), sitc06=TOTAL, partner=EU27_2020",2026-08-06
HUN,2005,European Union,import share,67.6,% of total imports,"Eurostat, ext_lt_intratrd (Intra and Extra-EU trade by Member State and by product group), sitc06=TOTAL, partner=EU27_2020",2026-08-06
HUN,2006,European Union,import share,68.0,% of total imports,"Eurostat, ext_lt_intratrd (Intra and Extra-EU trade by Member State and by product group), sitc06=TOTAL, partner=EU27_2020",2026-08-06
HUN,2007,European Union,import share,67.3,% of total imports,"Eurostat, ext_lt_intratrd (Intra and Extra-EU trade by Member State and by product group), sitc06=TOTAL, partner=EU27_2020",2026-08-06
HUN,2008,European Union,import share,66.6,% of total imports,"Eurostat, ext_lt_intratrd (Intra and Extra-EU trade by Member State and by product group), sitc06=TOTAL, partner=EU27_2020",2026-08-06
HUN,2009,European Union,import share,67.0,% of total imports,"Eurostat, ext_lt_intratrd (Intra and Extra-EU trade by Member State and by product group), sitc06=TOTAL, partner=EU27_2020",2026-08-06
HUN,2010,European Union,import share,66.2,% of total imports,"Eurostat, ext_lt_intratrd (Intra and Extra-EU trade by Member State and by product group), sitc06=TOTAL, partner=EU27_2020",2026-08-06
HUN,2011,European Union,import share,67.7,% of total imports,"Eurostat, ext_lt_intratrd (Intra and Extra-EU trade by Member State and by product group), sitc06=TOTAL, partner=EU27_2020",2026-08-06
HUN,2012,European Union,import share,68.8,% of total imports,"Eurostat, ext_lt_intratrd (Intra and Extra-EU trade by Member State and by product group), sitc06=TOTAL, partner=EU27_2020",2026-08-06
HUN,2013,European Union,import share,69.9,% of total imports,"Eurostat, ext_lt_intratrd (Intra and Extra-EU trade by Member State and by product group), sitc06=TOTAL, partner=EU27_2020",2026-08-06
HUN,2014,European Union,import share,73.4,% of total imports,"Eurostat, ext_lt_intratrd (Intra and Extra-EU trade by Member State and by product group), sitc06=TOTAL, partner=EU27_2020",2026-08-06
HUN,2015,European Union,import share,74.7,% of total imports,"Eurostat, ext_lt_intratrd (Intra and Extra-EU trade by Member State and by product group), sitc06=TOTAL, partner=EU27_2020",2026-08-06
HUN,2016,European Union,import share,75.7,% of total imports,"Eurostat, ext_lt_intratrd (Intra and Extra-EU trade by Member State and by product group), sitc06=TOTAL, partner=EU27_2020",2026-08-06
HUN,2017,European Union,import share,74.1,% of total imports,"Eurostat, ext_lt_intratrd (Intra and Extra-EU trade by Member State and by product group), sitc06=TOTAL, partner=EU27_2020",2026-08-06
HUN,2018,European Union,import share,72.8,% of total imports,"Eurostat, ext_lt_intratrd (Intra and Extra-EU trade by Member State and by product group), sitc06=TOTAL, partner=EU27_2020",2026-08-06
HUN,2019,European Union,import share,71.9,% of total imports,"Eurostat, ext_lt_intratrd (Intra and Extra-EU trade by Member State and by product group), sitc06=TOTAL, partner=EU27_2020",2026-08-06
HUN,2020,European Union,import share,70.6,% of total imports,"Eurostat, ext_lt_intratrd (Intra and Extra-EU trade by Member State and by product group), sitc06=TOTAL, partner=EU27_2020",2026-08-06
HUN,2021,European Union,import share,71.2,% of total imports,"Eurostat, ext_lt_intratrd (Intra and Extra-EU trade by Member State and by product group), sitc06=TOTAL, partner=EU27_2020",2026-08-06
HUN,2022,European Union,import share,68.2,% of total imports,"Eurostat, ext_lt_intratrd (Intra and Extra-EU trade by Member State and by product group), sitc06=TOTAL, partner=EU27_2020",2026-08-06
HUN,2023,European Union,import share,69.2,% of total imports,"Eurostat, ext_lt_intratrd (Intra and Extra-EU trade by Member State and by product group), sitc06=TOTAL, partner=EU27_2020",2026-08-06
HUN,2024,European Union,import share,70.6,% of total imports,"Eurostat, ext_lt_intratrd (Intra and Extra-EU trade by Member State and by product group), sitc06=TOTAL, partner=EU27_2020",2026-08-06
HUN,2025,European Union,import share,70.5,% of total imports,"Eurostat, ext_lt_intratrd (Intra and Extra-EU trade by Member State and by product group), sitc06=TOTAL, partner=EU27_2020",2026-08-06
IRL,2002,European Union,export share,41.9,% of total exports,"Eurostat, ext_lt_intratrd (Intra and Extra-EU trade by Member State and by product group), sitc06=TOTAL, partner=EU27_2020",2026-08-06
IRL,2003,European Union,export share,44.3,% of total exports,"Eurostat, ext_lt_intratrd (Intra and Extra-EU trade by Member State and by product group), sitc06=TOTAL, partner=EU27_2020",2026-08-06
IRL,2004,European Union,export share,45.0,% of total exports,"Eurostat, ext_lt_intratrd (Intra and Extra-EU trade by Member State and by product group), sitc06=TOTAL, partner=EU27_2020",2026-08-06
IRL,2005,European Union,export share,46.4,% of total exports,"Eurostat, ext_lt_intratrd (Intra and Extra-EU trade by Member State and by product group), sitc06=TOTAL, partner=EU27_2020",2026-08-06
IRL,2006,European Union,export share,45.4,% of total exports,"Eurostat, ext_lt_intratrd (Intra and Extra-EU trade by Member State and by product group), sitc06=TOTAL, partner=EU27_2020",2026-08-06
IRL,2007,European Union,export share,44.7,% of total exports,"Eurostat, ext_lt_intratrd (Intra and Extra-EU trade by Member State and by product group), sitc06=TOTAL, partner=EU27_2020",2026-08-06
IRL,2008,European Union,export share,44.5,% of total exports,"Eurostat, ext_lt_intratrd (Intra and Extra-EU trade by Member State and by product group), sitc06=TOTAL, partner=EU27_2020",2026-08-06
IRL,2009,European Union,export share,45.2,% of total exports,"Eurostat, ext_lt_intratrd (Intra and Extra-EU trade by Member State and by product group), sitc06=TOTAL, partner=EU27_2020",2026-08-06
IRL,2010,European Union,export share,42.3,% of total exports,"Eurostat, ext_lt_intratrd (Intra and Extra-EU trade by Member State and by product group), sitc06=TOTAL, partner=EU27_2020",2026-08-06
IRL,2011,European Union,export share,42.6,% of total exports,"Eurostat, ext_lt_intratrd (Intra and Extra-EU trade by Member State and by product group), sitc06=TOTAL, partner=EU27_2020",2026-08-06
IRL,2012,European Union,export share,42.9,% of total exports,"Eurostat, ext_lt_intratrd (Intra and Extra-EU trade by Member State and by product group), sitc06=TOTAL, partner=EU27_2020",2026-08-06
IRL,2013,European Union,export share,41.3,% of total exports,"Eurostat, ext_lt_intratrd (Intra and Extra-EU trade by Member State and by product group), sitc06=TOTAL, partner=EU27_2020",2026-08-06
IRL,2014,European Union,export share,40.0,% of total exports,"Eurostat, ext_lt_intratrd (Intra and Extra-EU trade by Member State and by product group), sitc06=TOTAL, partner=EU27_2020",2026-08-06
IRL,2015,European Union,export share,39.2,% of total exports,"Eurostat, ext_lt_intratrd (Intra and Extra-EU trade by Member State and by product group), sitc06=TOTAL, partner=EU27_2020",2026-08-06
IRL,2016,European Union,export share,37.6,% of total exports,"Eurostat, ext_lt_intratrd (Intra and Extra-EU trade by Member State and by product group), sitc06=TOTAL, partner=EU27_2020",2026-08-06
IRL,2017,European Union,export share,37.9,% of total exports,"Eurostat, ext_lt_intratrd (Intra and Extra-EU trade by Member State and by product group), sitc06=TOTAL, partner=EU27_2020",2026-08-06
IRL,2018,European Union,export share,38.8,% of total exports,"Eurostat, ext_lt_intratrd (Intra and Extra-EU trade by Member State and by product group), sitc06=TOTAL, partner=EU27_2020",2026-08-06
IRL,2019,European Union,export share,37.0,% of total exports,"Eurostat, ext_lt_intratrd (Intra and Extra-EU trade by Member State and by product group), sitc06=TOTAL, partner=EU27_2020",2026-08-06
IRL,2020,European Union,export share,40.5,% of total exports,"Eurostat, ext_lt_intratrd (Intra and Extra-EU trade by Member State and by product group), sitc06=TOTAL, partner=EU27_2020",2026-08-06
IRL,2021,European Union,export share,38.1,% of total exports,"Eurostat, ext_lt_intratrd (Intra and Extra-EU trade by Member State and by product group), sitc06=TOTAL, partner=EU27_2020",2026-08-06
IRL,2022,European Union,export share,39.5,% of total exports,"Eurostat, ext_lt_intratrd (Intra and Extra-EU trade by Member State and by product group), sitc06=TOTAL, partner=EU27_2020",2026-08-06
IRL,2023,European Union,export share,42.1,% of total exports,"Eurostat, ext_lt_intratrd (Intra and Extra-EU trade by Member State and by product group), sitc06=TOTAL, partner=EU27_2020",2026-08-06
IRL,2024,European Union,export share,39.6,% of total exports,"Eurostat, ext_lt_intratrd (Intra and Extra-EU trade by Member State and by product group), sitc06=TOTAL, partner=EU27_2020",2026-08-06
IRL,2025,European Union,export share,33.4,% of total exports,"Eurostat, ext_lt_intratrd (Intra and Extra-EU trade by Member State and by product group), sitc06=TOTAL, partner=EU27_2020",2026-08-06
IRL,2002,European Union,import share,25.2,% of total imports,"Eurostat, ext_lt_intratrd (Intra and Extra-EU trade by Member State and by product group), sitc06=TOTAL, partner=EU27_2020",2026-08-06
IRL,2003,European Union,import share,28.1,% of total imports,"Eurostat, ext_lt_intratrd (Intra and Extra-EU trade by Member State and by product group), sitc06=TOTAL, partner=EU27_2020",2026-08-06
IRL,2004,European Union,import share,29.8,% of total imports,"Eurostat, ext_lt_intratrd (Intra and Extra-EU trade by Member State and by product group), sitc06=TOTAL, partner=EU27_2020",2026-08-06
IRL,2005,European Union,import share,29.5,% of total imports,"Eurostat, ext_lt_intratrd (Intra and Extra-EU trade by Member State and by product group), sitc06=TOTAL, partner=EU27_2020",2026-08-06
IRL,2006,European Union,import share,31.0,% of total imports,"Eurostat, ext_lt_intratrd (Intra and Extra-EU trade by Member State and by product group), sitc06=TOTAL, partner=EU27_2020",2026-08-06
IRL,2007,European Union,import share,31.4,% of total imports,"Eurostat, ext_lt_intratrd (Intra and Extra-EU trade by Member State and by product group), sitc06=TOTAL, partner=EU27_2020",2026-08-06
IRL,2008,European Union,import share,32.2,% of total imports,"Eurostat, ext_lt_intratrd (Intra and Extra-EU trade by Member State and by product group), sitc06=TOTAL, partner=EU27_2020",2026-08-06
IRL,2009,European Union,import share,30.3,% of total imports,"Eurostat, ext_lt_intratrd (Intra and Extra-EU trade by Member State and by product group), sitc06=TOTAL, partner=EU27_2020",2026-08-06
IRL,2010,European Union,import share,30.2,% of total imports,"Eurostat, ext_lt_intratrd (Intra and Extra-EU trade by Member State and by product group), sitc06=TOTAL, partner=EU27_2020",2026-08-06
IRL,2011,European Union,import share,30.2,% of total imports,"Eurostat, ext_lt_intratrd (Intra and Extra-EU trade by Member State and by product group), sitc06=TOTAL, partner=EU27_2020",2026-08-06
IRL,2012,European Union,import share,29.8,% of total imports,"Eurostat, ext_lt_intratrd (Intra and Extra-EU trade by Member State and by product group), sitc06=TOTAL, partner=EU27_2020",2026-08-06
IRL,2013,European Union,import share,32.1,% of total imports,"Eurostat, ext_lt_intratrd (Intra and Extra-EU trade by Member State and by product group), sitc06=TOTAL, partner=EU27_2020",2026-08-06
IRL,2014,European Union,import share,33.6,% of total imports,"Eurostat, ext_lt_intratrd (Intra and Extra-EU trade by Member State and by product group), sitc06=TOTAL, partner=EU27_2020",2026-08-06
IRL,2015,European Union,import share,34.6,% of total imports,"Eurostat, ext_lt_intratrd (Intra and Extra-EU trade by Member State and by product group), sitc06=TOTAL, partner=EU27_2020",2026-08-06
IRL,2016,European Union,import share,37.4,% of total imports,"Eurostat, ext_lt_intratrd (Intra and Extra-EU trade by Member State and by product group), sitc06=TOTAL, partner=EU27_2020",2026-08-06
IRL,2017,European Union,import share,38.4,% of total imports,"Eurostat, ext_lt_intratrd (Intra and Extra-EU trade by Member State and by product group), sitc06=TOTAL, partner=EU27_2020",2026-08-06
IRL,2018,European Union,import share,38.0,% of total imports,"Eurostat, ext_lt_intratrd (Intra and Extra-EU trade by Member State and by product group), sitc06=TOTAL, partner=EU27_2020",2026-08-06
IRL,2019,European Union,import share,38.1,% of total imports,"Eurostat, ext_lt_intratrd (Intra and Extra-EU trade by Member State and by product group), sitc06=TOTAL, partner=EU27_2020",2026-08-06
IRL,2020,European Union,import share,37.9,% of total imports,"Eurostat, ext_lt_intratrd (Intra and Extra-EU trade by Member State and by product group), sitc06=TOTAL, partner=EU27_2020",2026-08-06
IRL,2021,European Union,import share,38.0,% of total imports,"Eurostat, ext_lt_intratrd (Intra and Extra-EU trade by Member State and by product group), sitc06=TOTAL, partner=EU27_2020",2026-08-06
IRL,2022,European Union,import share,34.7,% of total imports,"Eurostat, ext_lt_intratrd (Intra and Extra-EU trade by Member State and by product group), sitc06=TOTAL, partner=EU27_2020",2026-08-06
IRL,2023,European Union,import share,39.1,% of total imports,"Eurostat, ext_lt_intratrd (Intra and Extra-EU trade by Member State and by product group), sitc06=TOTAL, partner=EU27_2020",2026-08-06
IRL,2024,European Union,import share,42.0,% of total imports,"Eurostat, ext_lt_intratrd (Intra and Extra-EU trade by Member State and by product group), sitc06=TOTAL, partner=EU27_2020",2026-08-06
IRL,2025,European Union,import share,41.4,% of total imports,"Eurostat, ext_lt_intratrd (Intra and Extra-EU trade by Member State and by product group), sitc06=TOTAL, partner=EU27_2020",2026-08-06
ISL,2015,European Union,export share,61.8,% of total exports,"Eurostat COMEXT ds-059331 (International trade of EU and non-EU countries since 2002 by SITC); derived = (WORLD 4278335211 - EXT_EU27_2020 1632863268) / WORLD 4278335211; product=TOTAL, flow=export, indicators=VALUE_EUR",2026-08-06
ISL,2023,European Union,export share,63.2,% of total exports,"Eurostat COMEXT ds-059331 (International trade of EU and non-EU countries since 2002 by SITC); derived = (WORLD 6288547567 - EXT_EU27_2020 2316685203) / WORLD 6288547567; product=TOTAL, flow=export, indicators=VALUE_EUR",2026-08-06
ITA,2002,European Union,export share,54.7,% of total exports,"Eurostat, ext_lt_intratrd (Intra and Extra-EU trade by Member State and by product group), sitc06=TOTAL, partner=EU27_2020",2026-08-06
ITA,2003,European Union,export share,56.1,% of total exports,"Eurostat, ext_lt_intratrd (Intra and Extra-EU trade by Member State and by product group), sitc06=TOTAL, partner=EU27_2020",2026-08-06
ITA,2004,European Union,export share,55.6,% of total exports,"Eurostat, ext_lt_intratrd (Intra and Extra-EU trade by Member State and by product group), sitc06=TOTAL, partner=EU27_2020",2026-08-06
ITA,2005,European Union,export share,55.4,% of total exports,"Eurostat, ext_lt_intratrd (Intra and Extra-EU trade by Member State and by product group), sitc06=TOTAL, partner=EU27_2020",2026-08-06
ITA,2006,European Union,export share,55.9,% of total exports,"Eurostat, ext_lt_intratrd (Intra and Extra-EU trade by Member State and by product group), sitc06=TOTAL, partner=EU27_2020",2026-08-06
ITA,2007,European Union,export share,55.9,% of total exports,"Eurostat, ext_lt_intratrd (Intra and Extra-EU trade by Member State and by product group), sitc06=TOTAL, partner=EU27_2020",2026-08-06
ITA,2008,European Union,export share,54.5,% of total exports,"Eurostat, ext_lt_intratrd (Intra and Extra-EU trade by Member State and by product group), sitc06=TOTAL, partner=EU27_2020",2026-08-06
ITA,2009,European Union,export share,53.3,% of total exports,"Eurostat, ext_lt_intratrd (Intra and Extra-EU trade by Member State and by product group), sitc06=TOTAL, partner=EU27_2020",2026-08-06
ITA,2010,European Union,export share,52.7,% of total exports,"Eurostat, ext_lt_intratrd (Intra and Extra-EU trade by Member State and by product group), sitc06=TOTAL, partner=EU27_2020",2026-08-06
ITA,2011,European Union,export share,52.0,% of total exports,"Eurostat, ext_lt_intratrd (Intra and Extra-EU trade by Member State and by product group), sitc06=TOTAL, partner=EU27_2020",2026-08-06
ITA,2012,European Union,export share,49.4,% of total exports,"Eurostat, ext_lt_intratrd (Intra and Extra-EU trade by Member State and by product group), sitc06=TOTAL, partner=EU27_2020",2026-08-06
ITA,2013,European Union,export share,48.7,% of total exports,"Eurostat, ext_lt_intratrd (Intra and Extra-EU trade by Member State and by product group), sitc06=TOTAL, partner=EU27_2020",2026-08-06
ITA,2014,European Union,export share,49.6,% of total exports,"Eurostat, ext_lt_intratrd (Intra and Extra-EU trade by Member State and by product group), sitc06=TOTAL, partner=EU27_2020",2026-08-06
ITA,2015,European Union,export share,49.4,% of total exports,"Eurostat, ext_lt_intratrd (Intra and Extra-EU trade by Member State and by product group), sitc06=TOTAL, partner=EU27_2020",2026-08-06
ITA,2016,European Union,export share,50.6,% of total exports,"Eurostat, ext_lt_intratrd (Intra and Extra-EU trade by Member State and by product group), sitc06=TOTAL, partner=EU27_2020",2026-08-06
ITA,2017,European Union,export share,50.6,% of total exports,"Eurostat, ext_lt_intratrd (Intra and Extra-EU trade by Member State and by product group), sitc06=TOTAL, partner=EU27_2020",2026-08-06
ITA,2018,European Union,export share,51.4,% of total exports,"Eurostat, ext_lt_intratrd (Intra and Extra-EU trade by Member State and by product group), sitc06=TOTAL, partner=EU27_2020",2026-08-06
ITA,2019,European Union,export share,51.1,% of total exports,"Eurostat, ext_lt_intratrd (Intra and Extra-EU trade by Member State and by product group), sitc06=TOTAL, partner=EU27_2020",2026-08-06
ITA,2020,European Union,export share,51.5,% of total exports,"Eurostat, ext_lt_intratrd (Intra and Extra-EU trade by Member State and by product group), sitc06=TOTAL, partner=EU27_2020",2026-08-06
ITA,2021,European Union,export share,52.7,% of total exports,"Eurostat, ext_lt_intratrd (Intra and Extra-EU trade by Member State and by product group), sitc06=TOTAL, partner=EU27_2020",2026-08-06
ITA,2022,European Union,export share,52.8,% of total exports,"Eurostat, ext_lt_intratrd (Intra and Extra-EU trade by Member State and by product group), sitc06=TOTAL, partner=EU27_2020",2026-08-06
ITA,2023,European Union,export share,51.8,% of total exports,"Eurostat, ext_lt_intratrd (Intra and Extra-EU trade by Member State and by product group), sitc06=TOTAL, partner=EU27_2020",2026-08-06
ITA,2024,European Union,export share,50.9,% of total exports,"Eurostat, ext_lt_intratrd (Intra and Extra-EU trade by Member State and by product group), sitc06=TOTAL, partner=EU27_2020",2026-08-06
ITA,2025,European Union,export share,51.3,% of total exports,"Eurostat, ext_lt_intratrd (Intra and Extra-EU trade by Member State and by product group), sitc06=TOTAL, partner=EU27_2020",2026-08-06
ITA,2002,European Union,import share,58.1,% of total imports,"Eurostat, ext_lt_intratrd (Intra and Extra-EU trade by Member State and by product group), sitc06=TOTAL, partner=EU27_2020",2026-08-06
ITA,2003,European Union,import share,58.9,% of total imports,"Eurostat, ext_lt_intratrd (Intra and Extra-EU trade by Member State and by product group), sitc06=TOTAL, partner=EU27_2020",2026-08-06
ITA,2004,European Union,import share,58.3,% of total imports,"Eurostat, ext_lt_intratrd (Intra and Extra-EU trade by Member State and by product group), sitc06=TOTAL, partner=EU27_2020",2026-08-06
ITA,2005,European Union,import share,55.8,% of total imports,"Eurostat, ext_lt_intratrd (Intra and Extra-EU trade by Member State and by product group), sitc06=TOTAL, partner=EU27_2020",2026-08-06
ITA,2006,European Union,import share,54.4,% of total imports,"Eurostat, ext_lt_intratrd (Intra and Extra-EU trade by Member State and by product group), sitc06=TOTAL, partner=EU27_2020",2026-08-06
ITA,2007,European Union,import share,54.7,% of total imports,"Eurostat, ext_lt_intratrd (Intra and Extra-EU trade by Member State and by product group), sitc06=TOTAL, partner=EU27_2020",2026-08-06
ITA,2008,European Union,import share,51.9,% of total imports,"Eurostat, ext_lt_intratrd (Intra and Extra-EU trade by Member State and by product group), sitc06=TOTAL, partner=EU27_2020",2026-08-06
ITA,2009,European Union,import share,54.6,% of total imports,"Eurostat, ext_lt_intratrd (Intra and Extra-EU trade by Member State and by product group), sitc06=TOTAL, partner=EU27_2020",2026-08-06
ITA,2010,European Union,import share,52.5,% of total imports,"Eurostat, ext_lt_intratrd (Intra and Extra-EU trade by Member State and by product group), sitc06=TOTAL, partner=EU27_2020",2026-08-06
ITA,2011,European Union,import share,51.4,% of total imports,"Eurostat, ext_lt_intratrd (Intra and Extra-EU trade by Member State and by product group), sitc06=TOTAL, partner=EU27_2020",2026-08-06
ITA,2012,European Union,import share,50.8,% of total imports,"Eurostat, ext_lt_intratrd (Intra and Extra-EU trade by Member State and by product group), sitc06=TOTAL, partner=EU27_2020",2026-08-06
ITA,2013,European Union,import share,52.8,% of total imports,"Eurostat, ext_lt_intratrd (Intra and Extra-EU trade by Member State and by product group), sitc06=TOTAL, partner=EU27_2020",2026-08-06
ITA,2014,European Union,import share,54.2,% of total imports,"Eurostat, ext_lt_intratrd (Intra and Extra-EU trade by Member State and by product group), sitc06=TOTAL, partner=EU27_2020",2026-08-06
ITA,2015,European Union,import share,55.7,% of total imports,"Eurostat, ext_lt_intratrd (Intra and Extra-EU trade by Member State and by product group), sitc06=TOTAL, partner=EU27_2020",2026-08-06
ITA,2016,European Union,import share,57.7,% of total imports,"Eurostat, ext_lt_intratrd (Intra and Extra-EU trade by Member State and by product group), sitc06=TOTAL, partner=EU27_2020",2026-08-06
ITA,2017,European Union,import share,57.3,% of total imports,"Eurostat, ext_lt_intratrd (Intra and Extra-EU trade by Member State and by product group), sitc06=TOTAL, partner=EU27_2020",2026-08-06
ITA,2018,European Union,import share,56.2,% of total imports,"Eurostat, ext_lt_intratrd (Intra and Extra-EU trade by Member State and by product group), sitc06=TOTAL, partner=EU27_2020",2026-08-06
ITA,2019,European Union,import share,57.0,% of total imports,"Eurostat, ext_lt_intratrd (Intra and Extra-EU trade by Member State and by product group), sitc06=TOTAL, partner=EU27_2020",2026-08-06
ITA,2020,European Union,import share,58.3,% of total imports,"Eurostat, ext_lt_intratrd (Intra and Extra-EU trade by Member State and by product group), sitc06=TOTAL, partner=EU27_2020",2026-08-06
ITA,2021,European Union,import share,56.7,% of total imports,"Eurostat, ext_lt_intratrd (Intra and Extra-EU trade by Member State and by product group), sitc06=TOTAL, partner=EU27_2020",2026-08-06
ITA,2022,European Union,import share,51.3,% of total imports,"Eurostat, ext_lt_intratrd (Intra and Extra-EU trade by Member State and by product group), sitc06=TOTAL, partner=EU27_2020",2026-08-06
ITA,2023,European Union,import share,56.7,% of total imports,"Eurostat, ext_lt_intratrd (Intra and Extra-EU trade by Member State and by product group), sitc06=TOTAL, partner=EU27_2020",2026-08-06
ITA,2024,European Union,import share,56.8,% of total imports,"Eurostat, ext_lt_intratrd (Intra and Extra-EU trade by Member State and by product group), sitc06=TOTAL, partner=EU27_2020",2026-08-06
ITA,2025,European Union,import share,56.7,% of total imports,"Eurostat, ext_lt_intratrd (Intra and Extra-EU trade by Member State and by product group), sitc06=TOTAL, partner=EU27_2020",2026-08-06
LTU,2002,European Union,export share,55.2,% of total exports,"Eurostat, ext_lt_intratrd (Intra and Extra-EU trade by Member State and by product group), sitc06=TOTAL, partner=EU27_2020",2026-08-06
LTU,2003,European Union,export share,56.3,% of total exports,"Eurostat, ext_lt_intratrd (Intra and Extra-EU trade by Member State and by product group), sitc06=TOTAL, partner=EU27_2020",2026-08-06
LTU,2004,European Union,export share,61.9,% of total exports,"Eurostat, ext_lt_intratrd (Intra and Extra-EU trade by Member State and by product group), sitc06=TOTAL, partner=EU27_2020",2026-08-06
LTU,2005,European Union,export share,61.0,% of total exports,"Eurostat, ext_lt_intratrd (Intra and Extra-EU trade by Member State and by product group), sitc06=TOTAL, partner=EU27_2020",2026-08-06
LTU,2006,European Union,export share,59.3,% of total exports,"Eurostat, ext_lt_intratrd (Intra and Extra-EU trade by Member State and by product group), sitc06=TOTAL, partner=EU27_2020",2026-08-06
LTU,2007,European Union,export share,60.3,% of total exports,"Eurostat, ext_lt_intratrd (Intra and Extra-EU trade by Member State and by product group), sitc06=TOTAL, partner=EU27_2020",2026-08-06
LTU,2008,European Union,export share,55.7,% of total exports,"Eurostat, ext_lt_intratrd (Intra and Extra-EU trade by Member State and by product group), sitc06=TOTAL, partner=EU27_2020",2026-08-06
LTU,2009,European Union,export share,60.0,% of total exports,"Eurostat, ext_lt_intratrd (Intra and Extra-EU trade by Member State and by product group), sitc06=TOTAL, partner=EU27_2020",2026-08-06
LTU,2010,European Union,export share,56.1,% of total exports,"Eurostat, ext_lt_intratrd (Intra and Extra-EU trade by Member State and by product group), sitc06=TOTAL, partner=EU27_2020",2026-08-06
LTU,2011,European Union,export share,57.4,% of total exports,"Eurostat, ext_lt_intratrd (Intra and Extra-EU trade by Member State and by product group), sitc06=TOTAL, partner=EU27_2020",2026-08-06
LTU,2012,European Union,export share,54.2,% of total exports,"Eurostat, ext_lt_intratrd (Intra and Extra-EU trade by Member State and by product group), sitc06=TOTAL, partner=EU27_2020",2026-08-06
LTU,2013,European Union,export share,50.5,% of total exports,"Eurostat, ext_lt_intratrd (Intra and Extra-EU trade by Member State and by product group), sitc06=TOTAL, partner=EU27_2020",2026-08-06
LTU,2014,European Union,export share,51.1,% of total exports,"Eurostat, ext_lt_intratrd (Intra and Extra-EU trade by Member State and by product group), sitc06=TOTAL, partner=EU27_2020",2026-08-06
LTU,2015,European Union,export share,56.9,% of total exports,"Eurostat, ext_lt_intratrd (Intra and Extra-EU trade by Member State and by product group), sitc06=TOTAL, partner=EU27_2020",2026-08-06
LTU,2016,European Union,export share,56.4,% of total exports,"Eurostat, ext_lt_intratrd (Intra and Extra-EU trade by Member State and by product group), sitc06=TOTAL, partner=EU27_2020",2026-08-06
LTU,2017,European Union,export share,54.8,% of total exports,"Eurostat, ext_lt_intratrd (Intra and Extra-EU trade by Member State and by product group), sitc06=TOTAL, partner=EU27_2020",2026-08-06
LTU,2018,European Union,export share,55.0,% of total exports,"Eurostat, ext_lt_intratrd (Intra and Extra-EU trade by Member State and by product group), sitc06=TOTAL, partner=EU27_2020",2026-08-06
LTU,2019,European Union,export share,55.0,% of total exports,"Eurostat, ext_lt_intratrd (Intra and Extra-EU trade by Member State and by product group), sitc06=TOTAL, partner=EU27_2020",2026-08-06
LTU,2020,European Union,export share,56.0,% of total exports,"Eurostat, ext_lt_intratrd (Intra and Extra-EU trade by Member State and by product group), sitc06=TOTAL, partner=EU27_2020",2026-08-06
LTU,2021,European Union,export share,57.6,% of total exports,"Eurostat, ext_lt_intratrd (Intra and Extra-EU trade by Member State and by product group), sitc06=TOTAL, partner=EU27_2020",2026-08-06
LTU,2022,European Union,export share,62.2,% of total exports,"Eurostat, ext_lt_intratrd (Intra and Extra-EU trade by Member State and by product group), sitc06=TOTAL, partner=EU27_2020",2026-08-06
LTU,2023,European Union,export share,61.0,% of total exports,"Eurostat, ext_lt_intratrd (Intra and Extra-EU trade by Member State and by product group), sitc06=TOTAL, partner=EU27_2020",2026-08-06
LTU,2024,European Union,export share,67.0,% of total exports,"Eurostat, ext_lt_intratrd (Intra and Extra-EU trade by Member State and by product group), sitc06=TOTAL, partner=EU27_2020",2026-08-06
LTU,2025,European Union,export share,69.3,% of total exports,"Eurostat, ext_lt_intratrd (Intra and Extra-EU trade by Member State and by product group), sitc06=TOTAL, partner=EU27_2020",2026-08-06
LTU,2002,European Union,import share,53.5,% of total imports,"Eurostat, ext_lt_intratrd (Intra and Extra-EU trade by Member State and by product group), sitc06=TOTAL, partner=EU27_2020",2026-08-06
LTU,2003,European Union,import share,52.8,% of total imports,"Eurostat, ext_lt_intratrd (Intra and Extra-EU trade by Member State and by product group), sitc06=TOTAL, partner=EU27_2020",2026-08-06
LTU,2004,European Union,import share,61.2,% of total imports,"Eurostat, ext_lt_intratrd (Intra and Extra-EU trade by Member State and by product group), sitc06=TOTAL, partner=EU27_2020",2026-08-06
LTU,2005,European Union,import share,57.3,% of total imports,"Eurostat, ext_lt_intratrd (Intra and Extra-EU trade by Member State and by product group), sitc06=TOTAL, partner=EU27_2020",2026-08-06
LTU,2006,European Union,import share,60.1,% of total imports,"Eurostat, ext_lt_intratrd (Intra and Extra-EU trade by Member State and by product group), sitc06=TOTAL, partner=EU27_2020",2026-08-06
LTU,2007,European Union,import share,65.6,% of total imports,"Eurostat, ext_lt_intratrd (Intra and Extra-EU trade by Member State and by product group), sitc06=TOTAL, partner=EU27_2020",2026-08-06
LTU,2008,European Union,import share,55.7,% of total imports,"Eurostat, ext_lt_intratrd (Intra and Extra-EU trade by Member State and by product group), sitc06=TOTAL, partner=EU27_2020",2026-08-06
LTU,2009,European Union,import share,57.5,% of total imports,"Eurostat, ext_lt_intratrd (Intra and Extra-EU trade by Member State and by product group), sitc06=TOTAL, partner=EU27_2020",2026-08-06
LTU,2010,European Union,import share,55.0,% of total imports,"Eurostat, ext_lt_intratrd (Intra and Extra-EU trade by Member State and by product group), sitc06=TOTAL, partner=EU27_2020",2026-08-06
LTU,2011,European Union,import share,55.1,% of total imports,"Eurostat, ext_lt_intratrd (Intra and Extra-EU trade by Member State and by product group), sitc06=TOTAL, partner=EU27_2020",2026-08-06
LTU,2012,European Union,import share,55.4,% of total imports,"Eurostat, ext_lt_intratrd (Intra and Extra-EU trade by Member State and by product group), sitc06=TOTAL, partner=EU27_2020",2026-08-06
LTU,2013,European Union,import share,58.0,% of total imports,"Eurostat, ext_lt_intratrd (Intra and Extra-EU trade by Member State and by product group), sitc06=TOTAL, partner=EU27_2020",2026-08-06
LTU,2014,European Union,import share,61.4,% of total imports,"Eurostat, ext_lt_intratrd (Intra and Extra-EU trade by Member State and by product group), sitc06=TOTAL, partner=EU27_2020",2026-08-06
LTU,2015,European Union,import share,64.8,% of total imports,"Eurostat, ext_lt_intratrd (Intra and Extra-EU trade by Member State and by product group), sitc06=TOTAL, partner=EU27_2020",2026-08-06
LTU,2016,European Union,import share,68.3,% of total imports,"Eurostat, ext_lt_intratrd (Intra and Extra-EU trade by Member State and by product group), sitc06=TOTAL, partner=EU27_2020",2026-08-06
LTU,2017,European Union,import share,67.4,% of total imports,"Eurostat, ext_lt_intratrd (Intra and Extra-EU trade by Member State and by product group), sitc06=TOTAL, partner=EU27_2020",2026-08-06
LTU,2018,European Union,import share,66.1,% of total imports,"Eurostat, ext_lt_intratrd (Intra and Extra-EU trade by Member State and by product group), sitc06=TOTAL, partner=EU27_2020",2026-08-06
LTU,2019,European Union,import share,66.4,% of total imports,"Eurostat, ext_lt_intratrd (Intra and Extra-EU trade by Member State and by product group), sitc06=TOTAL, partner=EU27_2020",2026-08-06
LTU,2020,European Union,import share,70.8,% of total imports,"Eurostat, ext_lt_intratrd (Intra and Extra-EU trade by Member State and by product group), sitc06=TOTAL, partner=EU27_2020",2026-08-06
LTU,2021,European Union,import share,68.5,% of total imports,"Eurostat, ext_lt_intratrd (Intra and Extra-EU trade by Member State and by product group), sitc06=TOTAL, partner=EU27_2020",2026-08-06
LTU,2022,European Union,import share,63.3,% of total imports,"Eurostat, ext_lt_intratrd (Intra and Extra-EU trade by Member State and by product group), sitc06=TOTAL, partner=EU27_2020",2026-08-06
LTU,2023,European Union,import share,70.4,% of total imports,"Eurostat, ext_lt_intratrd (Intra and Extra-EU trade by Member State and by product group), sitc06=TOTAL, partner=EU27_2020",2026-08-06
LTU,2024,European Union,import share,68.7,% of total imports,"Eurostat, ext_lt_intratrd (Intra and Extra-EU trade by Member State and by product group), sitc06=TOTAL, partner=EU27_2020",2026-08-06
LTU,2025,European Union,import share,68.8,% of total imports,"Eurostat, ext_lt_intratrd (Intra and Extra-EU trade by Member State and by product group), sitc06=TOTAL, partner=EU27_2020",2026-08-06
LUX,2002,European Union,export share,79.6,% of total exports,"Eurostat, ext_lt_intratrd (Intra and Extra-EU trade by Member State and by product group), sitc06=TOTAL, partner=EU27_2020",2026-08-06
LUX,2003,European Union,export share,80.3,% of total exports,"Eurostat, ext_lt_intratrd (Intra and Extra-EU trade by Member State and by product group), sitc06=TOTAL, partner=EU27_2020",2026-08-06
LUX,2004,European Union,export share,81.8,% of total exports,"Eurostat, ext_lt_intratrd (Intra and Extra-EU trade by Member State and by product group), sitc06=TOTAL, partner=EU27_2020",2026-08-06
LUX,2005,European Union,export share,80.9,% of total exports,"Eurostat, ext_lt_intratrd (Intra and Extra-EU trade by Member State and by product group), sitc06=TOTAL, partner=EU27_2020",2026-08-06
LUX,2006,European Union,export share,80.4,% of total exports,"Eurostat, ext_lt_intratrd (Intra and Extra-EU trade by Member State and by product group), sitc06=TOTAL, partner=EU27_2020",2026-08-06
LUX,2007,European Union,export share,80.7,% of total exports,"Eurostat, ext_lt_intratrd (Intra and Extra-EU trade by Member State and by product group), sitc06=TOTAL, partner=EU27_2020",2026-08-06
LUX,2008,European Union,export share,81.9,% of total exports,"Eurostat, ext_lt_intratrd (Intra and Extra-EU trade by Member State and by product group), sitc06=TOTAL, partner=EU27_2020",2026-08-06
LUX,2009,European Union,export share,79.3,% of total exports,"Eurostat, ext_lt_intratrd (Intra and Extra-EU trade by Member State and by product group), sitc06=TOTAL, partner=EU27_2020",2026-08-06
LUX,2010,European Union,export share,73.8,% of total exports,"Eurostat, ext_lt_intratrd (Intra and Extra-EU trade by Member State and by product group), sitc06=TOTAL, partner=EU27_2020",2026-08-06
LUX,2011,European Union,export share,73.0,% of total exports,"Eurostat, ext_lt_intratrd (Intra and Extra-EU trade by Member State and by product group), sitc06=TOTAL, partner=EU27_2020",2026-08-06
LUX,2012,European Union,export share,73.6,% of total exports,"Eurostat, ext_lt_intratrd (Intra and Extra-EU trade by Member State and by product group), sitc06=TOTAL, partner=EU27_2020",2026-08-06
LUX,2013,European Union,export share,78.2,% of total exports,"Eurostat, ext_lt_intratrd (Intra and Extra-EU trade by Member State and by product group), sitc06=TOTAL, partner=EU27_2020",2026-08-06
LUX,2014,European Union,export share,79.3,% of total exports,"Eurostat, ext_lt_intratrd (Intra and Extra-EU trade by Member State and by product group), sitc06=TOTAL, partner=EU27_2020",2026-08-06
LUX,2015,European Union,export share,79.2,% of total exports,"Eurostat, ext_lt_intratrd (Intra and Extra-EU trade by Member State and by product group), sitc06=TOTAL, partner=EU27_2020",2026-08-06
LUX,2016,European Union,export share,79.0,% of total exports,"Eurostat, ext_lt_intratrd (Intra and Extra-EU trade by Member State and by product group), sitc06=TOTAL, partner=EU27_2020",2026-08-06
LUX,2017,European Union,export share,80.3,% of total exports,"Eurostat, ext_lt_intratrd (Intra and Extra-EU trade by Member State and by product group), sitc06=TOTAL, partner=EU27_2020",2026-08-06
LUX,2018,European Union,export share,81.0,% of total exports,"Eurostat, ext_lt_intratrd (Intra and Extra-EU trade by Member State and by product group), sitc06=TOTAL, partner=EU27_2020",2026-08-06
LUX,2019,European Union,export share,79.9,% of total exports,"Eurostat, ext_lt_intratrd (Intra and Extra-EU trade by Member State and by product group), sitc06=TOTAL, partner=EU27_2020",2026-08-06
LUX,2020,European Union,export share,80.4,% of total exports,"Eurostat, ext_lt_intratrd (Intra and Extra-EU trade by Member State and by product group), sitc06=TOTAL, partner=EU27_2020",2026-08-06
LUX,2021,European Union,export share,80.8,% of total exports,"Eurostat, ext_lt_intratrd (Intra and Extra-EU trade by Member State and by product group), sitc06=TOTAL, partner=EU27_2020",2026-08-06
LUX,2022,European Union,export share,80.4,% of total exports,"Eurostat, ext_lt_intratrd (Intra and Extra-EU trade by Member State and by product group), sitc06=TOTAL, partner=EU27_2020",2026-08-06
LUX,2023,European Union,export share,79.5,% of total exports,"Eurostat, ext_lt_intratrd (Intra and Extra-EU trade by Member State and by product group), sitc06=TOTAL, partner=EU27_2020",2026-08-06
LUX,2024,European Union,export share,81.0,% of total exports,"Eurostat, ext_lt_intratrd (Intra and Extra-EU trade by Member State and by product group), sitc06=TOTAL, partner=EU27_2020",2026-08-06
LUX,2025,European Union,export share,83.1,% of total exports,"Eurostat, ext_lt_intratrd (Intra and Extra-EU trade by Member State and by product group), sitc06=TOTAL, partner=EU27_2020",2026-08-06
LUX,2002,European Union,import share,79.8,% of total imports,"Eurostat, ext_lt_intratrd (Intra and Extra-EU trade by Member State and by product group), sitc06=TOTAL, partner=EU27_2020",2026-08-06
LUX,2003,European Union,import share,75.1,% of total imports,"Eurostat, ext_lt_intratrd (Intra and Extra-EU trade by Member State and by product group), sitc06=TOTAL, partner=EU27_2020",2026-08-06
LUX,2004,European Union,import share,74.6,% of total imports,"Eurostat, ext_lt_intratrd (Intra and Extra-EU trade by Member State and by product group), sitc06=TOTAL, partner=EU27_2020",2026-08-06
LUX,2005,European Union,import share,70.3,% of total imports,"Eurostat, ext_lt_intratrd (Intra and Extra-EU trade by Member State and by product group), sitc06=TOTAL, partner=EU27_2020",2026-08-06
LUX,2006,European Union,import share,64.9,% of total imports,"Eurostat, ext_lt_intratrd (Intra and Extra-EU trade by Member State and by product group), sitc06=TOTAL, partner=EU27_2020",2026-08-06
LUX,2007,European Union,import share,72.0,% of total imports,"Eurostat, ext_lt_intratrd (Intra and Extra-EU trade by Member State and by product group), sitc06=TOTAL, partner=EU27_2020",2026-08-06
LUX,2008,European Union,import share,73.3,% of total imports,"Eurostat, ext_lt_intratrd (Intra and Extra-EU trade by Member State and by product group), sitc06=TOTAL, partner=EU27_2020",2026-08-06
LUX,2009,European Union,import share,70.0,% of total imports,"Eurostat, ext_lt_intratrd (Intra and Extra-EU trade by Member State and by product group), sitc06=TOTAL, partner=EU27_2020",2026-08-06
LUX,2010,European Union,import share,79.1,% of total imports,"Eurostat, ext_lt_intratrd (Intra and Extra-EU trade by Member State and by product group), sitc06=TOTAL, partner=EU27_2020",2026-08-06
LUX,2011,European Union,import share,80.2,% of total imports,"Eurostat, ext_lt_intratrd (Intra and Extra-EU trade by Member State and by product group), sitc06=TOTAL, partner=EU27_2020",2026-08-06
LUX,2012,European Union,import share,75.8,% of total imports,"Eurostat, ext_lt_intratrd (Intra and Extra-EU trade by Member State and by product group), sitc06=TOTAL, partner=EU27_2020",2026-08-06
LUX,2013,European Union,import share,77.8,% of total imports,"Eurostat, ext_lt_intratrd (Intra and Extra-EU trade by Member State and by product group), sitc06=TOTAL, partner=EU27_2020",2026-08-06
LUX,2014,European Union,import share,78.8,% of total imports,"Eurostat, ext_lt_intratrd (Intra and Extra-EU trade by Member State and by product group), sitc06=TOTAL, partner=EU27_2020",2026-08-06
LUX,2015,European Union,import share,71.1,% of total imports,"Eurostat, ext_lt_intratrd (Intra and Extra-EU trade by Member State and by product group), sitc06=TOTAL, partner=EU27_2020",2026-08-06
LUX,2016,European Union,import share,76.3,% of total imports,"Eurostat, ext_lt_intratrd (Intra and Extra-EU trade by Member State and by product group), sitc06=TOTAL, partner=EU27_2020",2026-08-06
LUX,2017,European Union,import share,81.8,% of total imports,"Eurostat, ext_lt_intratrd (Intra and Extra-EU trade by Member State and by product group), sitc06=TOTAL, partner=EU27_2020",2026-08-06
LUX,2018,European Union,import share,86.6,% of total imports,"Eurostat, ext_lt_intratrd (Intra and Extra-EU trade by Member State and by product group), sitc06=TOTAL, partner=EU27_2020",2026-08-06
LUX,2019,European Union,import share,83.5,% of total imports,"Eurostat, ext_lt_intratrd (Intra and Extra-EU trade by Member State and by product group), sitc06=TOTAL, partner=EU27_2020",2026-08-06
LUX,2020,European Union,import share,89.0,% of total imports,"Eurostat, ext_lt_intratrd (Intra and Extra-EU trade by Member State and by product group), sitc06=TOTAL, partner=EU27_2020",2026-08-06
LUX,2021,European Union,import share,88.7,% of total imports,"Eurostat, ext_lt_intratrd (Intra and Extra-EU trade by Member State and by product group), sitc06=TOTAL, partner=EU27_2020",2026-08-06
LUX,2022,European Union,import share,90.8,% of total imports,"Eurostat, ext_lt_intratrd (Intra and Extra-EU trade by Member State and by product group), sitc06=TOTAL, partner=EU27_2020",2026-08-06
LUX,2023,European Union,import share,90.7,% of total imports,"Eurostat, ext_lt_intratrd (Intra and Extra-EU trade by Member State and by product group), sitc06=TOTAL, partner=EU27_2020",2026-08-06
LUX,2024,European Union,import share,91.5,% of total imports,"Eurostat, ext_lt_intratrd (Intra and Extra-EU trade by Member State and by product group), sitc06=TOTAL, partner=EU27_2020",2026-08-06
LUX,2025,European Union,import share,86.6,% of total imports,"Eurostat, ext_lt_intratrd (Intra and Extra-EU trade by Member State and by product group), sitc06=TOTAL, partner=EU27_2020",2026-08-06
LVA,2002,European Union,export share,63.2,% of total exports,"Eurostat, ext_lt_intratrd (Intra and Extra-EU trade by Member State and by product group), sitc06=TOTAL, partner=EU27_2020",2026-08-06
LVA,2003,European Union,export share,63.9,% of total exports,"Eurostat, ext_lt_intratrd (Intra and Extra-EU trade by Member State and by product group), sitc06=TOTAL, partner=EU27_2020",2026-08-06
LVA,2004,European Union,export share,64.7,% of total exports,"Eurostat, ext_lt_intratrd (Intra and Extra-EU trade by Member State and by product group), sitc06=TOTAL, partner=EU27_2020",2026-08-06
LVA,2005,European Union,export share,66.5,% of total exports,"Eurostat, ext_lt_intratrd (Intra and Extra-EU trade by Member State and by product group), sitc06=TOTAL, partner=EU27_2020",2026-08-06
LVA,2006,European Union,export share,65.0,% of total exports,"Eurostat, ext_lt_intratrd (Intra and Extra-EU trade by Member State and by product group), sitc06=TOTAL, partner=EU27_2020",2026-08-06
LVA,2007,European Union,export share,66.0,% of total exports,"Eurostat, ext_lt_intratrd (Intra and Extra-EU trade by Member State and by product group), sitc06=TOTAL, partner=EU27_2020",2026-08-06
LVA,2008,European Union,export share,65.2,% of total exports,"Eurostat, ext_lt_intratrd (Intra and Extra-EU trade by Member State and by product group), sitc06=TOTAL, partner=EU27_2020",2026-08-06
LVA,2009,European Union,export share,64.7,% of total exports,"Eurostat, ext_lt_intratrd (Intra and Extra-EU trade by Member State and by product group), sitc06=TOTAL, partner=EU27_2020",2026-08-06
LVA,2010,European Union,export share,64.1,% of total exports,"Eurostat, ext_lt_intratrd (Intra and Extra-EU trade by Member State and by product group), sitc06=TOTAL, partner=EU27_2020",2026-08-06
LVA,2011,European Union,export share,63.3,% of total exports,"Eurostat, ext_lt_intratrd (Intra and Extra-EU trade by Member State and by product group), sitc06=TOTAL, partner=EU27_2020",2026-08-06
LVA,2012,European Union,export share,60.6,% of total exports,"Eurostat, ext_lt_intratrd (Intra and Extra-EU trade by Member State and by product group), sitc06=TOTAL, partner=EU27_2020",2026-08-06
LVA,2013,European Union,export share,63.0,% of total exports,"Eurostat, ext_lt_intratrd (Intra and Extra-EU trade by Member State and by product group), sitc06=TOTAL, partner=EU27_2020",2026-08-06
LVA,2014,European Union,export share,64.3,% of total exports,"Eurostat, ext_lt_intratrd (Intra and Extra-EU trade by Member State and by product group), sitc06=TOTAL, partner=EU27_2020",2026-08-06
LVA,2015,European Union,export share,64.7,% of total exports,"Eurostat, ext_lt_intratrd (Intra and Extra-EU trade by Member State and by product group), sitc06=TOTAL, partner=EU27_2020",2026-08-06
LVA,2016,European Union,export share,64.8,% of total exports,"Eurostat, ext_lt_intratrd (Intra and Extra-EU trade by Member State and by product group), sitc06=TOTAL, partner=EU27_2020",2026-08-06
LVA,2017,European Union,export share,62.2,% of total exports,"Eurostat, ext_lt_intratrd (Intra and Extra-EU trade by Member State and by product group), sitc06=TOTAL, partner=EU27_2020",2026-08-06
LVA,2018,European Union,export share,63.0,% of total exports,"Eurostat, ext_lt_intratrd (Intra and Extra-EU trade by Member State and by product group), sitc06=TOTAL, partner=EU27_2020",2026-08-06
LVA,2019,European Union,export share,62.1,% of total exports,"Eurostat, ext_lt_intratrd (Intra and Extra-EU trade by Member State and by product group), sitc06=TOTAL, partner=EU27_2020",2026-08-06
LVA,2020,European Union,export share,61.8,% of total exports,"Eurostat, ext_lt_intratrd (Intra and Extra-EU trade by Member State and by product group), sitc06=TOTAL, partner=EU27_2020",2026-08-06
LVA,2021,European Union,export share,63.7,% of total exports,"Eurostat, ext_lt_intratrd (Intra and Extra-EU trade by Member State and by product group), sitc06=TOTAL, partner=EU27_2020",2026-08-06
LVA,2022,European Union,export share,65.5,% of total exports,"Eurostat, ext_lt_intratrd (Intra and Extra-EU trade by Member State and by product group), sitc06=TOTAL, partner=EU27_2020",2026-08-06
LVA,2023,European Union,export share,63.7,% of total exports,"Eurostat, ext_lt_intratrd (Intra and Extra-EU trade by Member State and by product group), sitc06=TOTAL, partner=EU27_2020",2026-08-06
LVA,2024,European Union,export share,69.1,% of total exports,"Eurostat, ext_lt_intratrd (Intra and Extra-EU trade by Member State and by product group), sitc06=TOTAL, partner=EU27_2020",2026-08-06
LVA,2025,European Union,export share,69.3,% of total exports,"Eurostat, ext_lt_intratrd (Intra and Extra-EU trade by Member State and by product group), sitc06=TOTAL, partner=EU27_2020",2026-08-06
LVA,2002,European Union,import share,75.2,% of total imports,"Eurostat, ext_lt_intratrd (Intra and Extra-EU trade by Member State and by product group), sitc06=TOTAL, partner=EU27_2020",2026-08-06
LVA,2003,European Union,import share,73.3,% of total imports,"Eurostat, ext_lt_intratrd (Intra and Extra-EU trade by Member State and by product group), sitc06=TOTAL, partner=EU27_2020",2026-08-06
LVA,2004,European Union,import share,73.7,% of total imports,"Eurostat, ext_lt_intratrd (Intra and Extra-EU trade by Member State and by product group), sitc06=TOTAL, partner=EU27_2020",2026-08-06
LVA,2005,European Union,import share,73.5,% of total imports,"Eurostat, ext_lt_intratrd (Intra and Extra-EU trade by Member State and by product group), sitc06=TOTAL, partner=EU27_2020",2026-08-06
LVA,2006,European Union,import share,74.6,% of total imports,"Eurostat, ext_lt_intratrd (Intra and Extra-EU trade by Member State and by product group), sitc06=TOTAL, partner=EU27_2020",2026-08-06
LVA,2007,European Union,import share,75.9,% of total imports,"Eurostat, ext_lt_intratrd (Intra and Extra-EU trade by Member State and by product group), sitc06=TOTAL, partner=EU27_2020",2026-08-06
LVA,2008,European Union,import share,74.0,% of total imports,"Eurostat, ext_lt_intratrd (Intra and Extra-EU trade by Member State and by product group), sitc06=TOTAL, partner=EU27_2020",2026-08-06
LVA,2009,European Union,import share,73.7,% of total imports,"Eurostat, ext_lt_intratrd (Intra and Extra-EU trade by Member State and by product group), sitc06=TOTAL, partner=EU27_2020",2026-08-06
LVA,2010,European Union,import share,74.3,% of total imports,"Eurostat, ext_lt_intratrd (Intra and Extra-EU trade by Member State and by product group), sitc06=TOTAL, partner=EU27_2020",2026-08-06
LVA,2011,European Union,import share,74.4,% of total imports,"Eurostat, ext_lt_intratrd (Intra and Extra-EU trade by Member State and by product group), sitc06=TOTAL, partner=EU27_2020",2026-08-06
LVA,2012,European Union,import share,75.9,% of total imports,"Eurostat, ext_lt_intratrd (Intra and Extra-EU trade by Member State and by product group), sitc06=TOTAL, partner=EU27_2020",2026-08-06
LVA,2013,European Union,import share,77.9,% of total imports,"Eurostat, ext_lt_intratrd (Intra and Extra-EU trade by Member State and by product group), sitc06=TOTAL, partner=EU27_2020",2026-08-06
LVA,2014,European Union,import share,78.0,% of total imports,"Eurostat, ext_lt_intratrd (Intra and Extra-EU trade by Member State and by product group), sitc06=TOTAL, partner=EU27_2020",2026-08-06
LVA,2015,European Union,import share,76.8,% of total imports,"Eurostat, ext_lt_intratrd (Intra and Extra-EU trade by Member State and by product group), sitc06=TOTAL, partner=EU27_2020",2026-08-06
LVA,2016,European Union,import share,78.1,% of total imports,"Eurostat, ext_lt_intratrd (Intra and Extra-EU trade by Member State and by product group), sitc06=TOTAL, partner=EU27_2020",2026-08-06
LVA,2017,European Union,import share,76.3,% of total imports,"Eurostat, ext_lt_intratrd (Intra and Extra-EU trade by Member State and by product group), sitc06=TOTAL, partner=EU27_2020",2026-08-06
LVA,2018,European Union,import share,75.7,% of total imports,"Eurostat, ext_lt_intratrd (Intra and Extra-EU trade by Member State and by product group), sitc06=TOTAL, partner=EU27_2020",2026-08-06
LVA,2019,European Union,import share,77.4,% of total imports,"Eurostat, ext_lt_intratrd (Intra and Extra-EU trade by Member State and by product group), sitc06=TOTAL, partner=EU27_2020",2026-08-06
LVA,2020,European Union,import share,77.3,% of total imports,"Eurostat, ext_lt_intratrd (Intra and Extra-EU trade by Member State and by product group), sitc06=TOTAL, partner=EU27_2020",2026-08-06
LVA,2021,European Union,import share,75.3,% of total imports,"Eurostat, ext_lt_intratrd (Intra and Extra-EU trade by Member State and by product group), sitc06=TOTAL, partner=EU27_2020",2026-08-06
LVA,2022,European Union,import share,79.9,% of total imports,"Eurostat, ext_lt_intratrd (Intra and Extra-EU trade by Member State and by product group), sitc06=TOTAL, partner=EU27_2020",2026-08-06
LVA,2023,European Union,import share,83.2,% of total imports,"Eurostat, ext_lt_intratrd (Intra and Extra-EU trade by Member State and by product group), sitc06=TOTAL, partner=EU27_2020",2026-08-06
LVA,2024,European Union,import share,82.7,% of total imports,"Eurostat, ext_lt_intratrd (Intra and Extra-EU trade by Member State and by product group), sitc06=TOTAL, partner=EU27_2020",2026-08-06
LVA,2025,European Union,import share,83.7,% of total imports,"Eurostat, ext_lt_intratrd (Intra and Extra-EU trade by Member State and by product group), sitc06=TOTAL, partner=EU27_2020",2026-08-06
MLT,2002,European Union,export share,36.1,% of total exports,"Eurostat, ext_lt_intratrd (Intra and Extra-EU trade by Member State and by product group), sitc06=TOTAL, partner=EU27_2020",2026-08-06
MLT,2003,European Union,export share,37.4,% of total exports,"Eurostat, ext_lt_intratrd (Intra and Extra-EU trade by Member State and by product group), sitc06=TOTAL, partner=EU27_2020",2026-08-06
MLT,2004,European Union,export share,38.1,% of total exports,"Eurostat, ext_lt_intratrd (Intra and Extra-EU trade by Member State and by product group), sitc06=TOTAL, partner=EU27_2020",2026-08-06
MLT,2005,European Union,export share,41.0,% of total exports,"Eurostat, ext_lt_intratrd (Intra and Extra-EU trade by Member State and by product group), sitc06=TOTAL, partner=EU27_2020",2026-08-06
MLT,2006,European Union,export share,42.3,% of total exports,"Eurostat, ext_lt_intratrd (Intra and Extra-EU trade by Member State and by product group), sitc06=TOTAL, partner=EU27_2020",2026-08-06
MLT,2007,European Union,export share,35.4,% of total exports,"Eurostat, ext_lt_intratrd (Intra and Extra-EU trade by Member State and by product group), sitc06=TOTAL, partner=EU27_2020",2026-08-06
MLT,2008,European Union,export share,33.4,% of total exports,"Eurostat, ext_lt_intratrd (Intra and Extra-EU trade by Member State and by product group), sitc06=TOTAL, partner=EU27_2020",2026-08-06
MLT,2009,European Union,export share,35.2,% of total exports,"Eurostat, ext_lt_intratrd (Intra and Extra-EU trade by Member State and by product group), sitc06=TOTAL, partner=EU27_2020",2026-08-06
MLT,2010,European Union,export share,36.5,% of total exports,"Eurostat, ext_lt_intratrd (Intra and Extra-EU trade by Member State and by product group), sitc06=TOTAL, partner=EU27_2020",2026-08-06
MLT,2011,European Union,export share,36.5,% of total exports,"Eurostat, ext_lt_intratrd (Intra and Extra-EU trade by Member State and by product group), sitc06=TOTAL, partner=EU27_2020",2026-08-06
MLT,2012,European Union,export share,35.3,% of total exports,"Eurostat, ext_lt_intratrd (Intra and Extra-EU trade by Member State and by product group), sitc06=TOTAL, partner=EU27_2020",2026-08-06
MLT,2013,European Union,export share,41.3,% of total exports,"Eurostat, ext_lt_intratrd (Intra and Extra-EU trade by Member State and by product group), sitc06=TOTAL, partner=EU27_2020",2026-08-06
MLT,2014,European Union,export share,45.6,% of total exports,"Eurostat, ext_lt_intratrd (Intra and Extra-EU trade by Member State and by product group), sitc06=TOTAL, partner=EU27_2020",2026-08-06
MLT,2015,European Union,export share,40.5,% of total exports,"Eurostat, ext_lt_intratrd (Intra and Extra-EU trade by Member State and by product group), sitc06=TOTAL, partner=EU27_2020",2026-08-06
MLT,2016,European Union,export share,38.7,% of total exports,"Eurostat, ext_lt_intratrd (Intra and Extra-EU trade by Member State and by product group), sitc06=TOTAL, partner=EU27_2020",2026-08-06
MLT,2017,European Union,export share,53.3,% of total exports,"Eurostat, ext_lt_intratrd (Intra and Extra-EU trade by Member State and by product group), sitc06=TOTAL, partner=EU27_2020",2026-08-06
MLT,2018,European Union,export share,53.2,% of total exports,"Eurostat, ext_lt_intratrd (Intra and Extra-EU trade by Member State and by product group), sitc06=TOTAL, partner=EU27_2020",2026-08-06
MLT,2019,European Union,export share,55.3,% of total exports,"Eurostat, ext_lt_intratrd (Intra and Extra-EU trade by Member State and by product group), sitc06=TOTAL, partner=EU27_2020",2026-08-06
MLT,2020,European Union,export share,50.6,% of total exports,"Eurostat, ext_lt_intratrd (Intra and Extra-EU trade by Member State and by product group), sitc06=TOTAL, partner=EU27_2020",2026-08-06
MLT,2021,European Union,export share,48.1,% of total exports,"Eurostat, ext_lt_intratrd (Intra and Extra-EU trade by Member State and by product group), sitc06=TOTAL, partner=EU27_2020",2026-08-06
MLT,2022,European Union,export share,47.8,% of total exports,"Eurostat, ext_lt_intratrd (Intra and Extra-EU trade by Member State and by product group), sitc06=TOTAL, partner=EU27_2020",2026-08-06
MLT,2023,European Union,export share,53.2,% of total exports,"Eurostat, ext_lt_intratrd (Intra and Extra-EU trade by Member State and by product group), sitc06=TOTAL, partner=EU27_2020",2026-08-06
MLT,2024,European Union,export share,50.0,% of total exports,"Eurostat, ext_lt_intratrd (Intra and Extra-EU trade by Member State and by product group), sitc06=TOTAL, partner=EU27_2020",2026-08-06
MLT,2025,European Union,export share,51.9,% of total exports,"Eurostat, ext_lt_intratrd (Intra and Extra-EU trade by Member State and by product group), sitc06=TOTAL, partner=EU27_2020",2026-08-06
MLT,2002,European Union,import share,57.5,% of total imports,"Eurostat, ext_lt_intratrd (Intra and Extra-EU trade by Member State and by product group), sitc06=TOTAL, partner=EU27_2020",2026-08-06
MLT,2003,European Union,import share,58.7,% of total imports,"Eurostat, ext_lt_intratrd (Intra and Extra-EU trade by Member State and by product group), sitc06=TOTAL, partner=EU27_2020",2026-08-06
MLT,2004,European Union,import share,61.5,% of total imports,"Eurostat, ext_lt_intratrd (Intra and Extra-EU trade by Member State and by product group), sitc06=TOTAL, partner=EU27_2020",2026-08-06
MLT,2005,European Union,import share,64.6,% of total imports,"Eurostat, ext_lt_intratrd (Intra and Extra-EU trade by Member State and by product group), sitc06=TOTAL, partner=EU27_2020",2026-08-06
MLT,2006,European Union,import share,60.7,% of total imports,"Eurostat, ext_lt_intratrd (Intra and Extra-EU trade by Member State and by product group), sitc06=TOTAL, partner=EU27_2020",2026-08-06
MLT,2007,European Union,import share,59.7,% of total imports,"Eurostat, ext_lt_intratrd (Intra and Extra-EU trade by Member State and by product group), sitc06=TOTAL, partner=EU27_2020",2026-08-06
MLT,2008,European Union,import share,63.7,% of total imports,"Eurostat, ext_lt_intratrd (Intra and Extra-EU trade by Member State and by product group), sitc06=TOTAL, partner=EU27_2020",2026-08-06
MLT,2009,European Union,import share,63.3,% of total imports,"Eurostat, ext_lt_intratrd (Intra and Extra-EU trade by Member State and by product group), sitc06=TOTAL, partner=EU27_2020",2026-08-06
MLT,2010,European Union,import share,60.8,% of total imports,"Eurostat, ext_lt_intratrd (Intra and Extra-EU trade by Member State and by product group), sitc06=TOTAL, partner=EU27_2020",2026-08-06
MLT,2011,European Union,import share,65.9,% of total imports,"Eurostat, ext_lt_intratrd (Intra and Extra-EU trade by Member State and by product group), sitc06=TOTAL, partner=EU27_2020",2026-08-06
MLT,2012,European Union,import share,69.9,% of total imports,"Eurostat, ext_lt_intratrd (Intra and Extra-EU trade by Member State and by product group), sitc06=TOTAL, partner=EU27_2020",2026-08-06
MLT,2013,European Union,import share,64.4,% of total imports,"Eurostat, ext_lt_intratrd (Intra and Extra-EU trade by Member State and by product group), sitc06=TOTAL, partner=EU27_2020",2026-08-06
MLT,2014,European Union,import share,55.1,% of total imports,"Eurostat, ext_lt_intratrd (Intra and Extra-EU trade by Member State and by product group), sitc06=TOTAL, partner=EU27_2020",2026-08-06
MLT,2015,European Union,import share,59.1,% of total imports,"Eurostat, ext_lt_intratrd (Intra and Extra-EU trade by Member State and by product group), sitc06=TOTAL, partner=EU27_2020",2026-08-06
MLT,2016,European Union,import share,49.5,% of total imports,"Eurostat, ext_lt_intratrd (Intra and Extra-EU trade by Member State and by product group), sitc06=TOTAL, partner=EU27_2020",2026-08-06
MLT,2017,European Union,import share,54.6,% of total imports,"Eurostat, ext_lt_intratrd (Intra and Extra-EU trade by Member State and by product group), sitc06=TOTAL, partner=EU27_2020",2026-08-06
MLT,2018,European Union,import share,63.1,% of total imports,"Eurostat, ext_lt_intratrd (Intra and Extra-EU trade by Member State and by product group), sitc06=TOTAL, partner=EU27_2020",2026-08-06
MLT,2019,European Union,import share,53.9,% of total imports,"Eurostat, ext_lt_intratrd (Intra and Extra-EU trade by Member State and by product group), sitc06=TOTAL, partner=EU27_2020",2026-08-06
MLT,2020,European Union,import share,60.4,% of total imports,"Eurostat, ext_lt_intratrd (Intra and Extra-EU trade by Member State and by product group), sitc06=TOTAL, partner=EU27_2020",2026-08-06
MLT,2021,European Union,import share,59.7,% of total imports,"Eurostat, ext_lt_intratrd (Intra and Extra-EU trade by Member State and by product group), sitc06=TOTAL, partner=EU27_2020",2026-08-06
MLT,2022,European Union,import share,58.4,% of total imports,"Eurostat, ext_lt_intratrd (Intra and Extra-EU trade by Member State and by product group), sitc06=TOTAL, partner=EU27_2020",2026-08-06
MLT,2023,European Union,import share,62.7,% of total imports,"Eurostat, ext_lt_intratrd (Intra and Extra-EU trade by Member State and by product group), sitc06=TOTAL, partner=EU27_2020",2026-08-06
MLT,2024,European Union,import share,65.0,% of total imports,"Eurostat, ext_lt_intratrd (Intra and Extra-EU trade by Member State and by product group), sitc06=TOTAL, partner=EU27_2020",2026-08-06
MLT,2025,European Union,import share,68.2,% of total imports,"Eurostat, ext_lt_intratrd (Intra and Extra-EU trade by Member State and by product group), sitc06=TOTAL, partner=EU27_2020",2026-08-06
NLD,2002,European Union,export share,69.7,% of total exports,"Eurostat, ext_lt_intratrd (Intra and Extra-EU trade by Member State and by product group), sitc06=TOTAL, partner=EU27_2020",2026-08-06
NLD,2003,European Union,export share,70.4,% of total exports,"Eurostat, ext_lt_intratrd (Intra and Extra-EU trade by Member State and by product group), sitc06=TOTAL, partner=EU27_2020",2026-08-06
NLD,2004,European Union,export share,69.9,% of total exports,"Eurostat, ext_lt_intratrd (Intra and Extra-EU trade by Member State and by product group), sitc06=TOTAL, partner=EU27_2020",2026-08-06
NLD,2005,European Union,export share,70.8,% of total exports,"Eurostat, ext_lt_intratrd (Intra and Extra-EU trade by Member State and by product group), sitc06=TOTAL, partner=EU27_2020",2026-08-06
NLD,2006,European Union,export share,69.9,% of total exports,"Eurostat, ext_lt_intratrd (Intra and Extra-EU trade by Member State and by product group), sitc06=TOTAL, partner=EU27_2020",2026-08-06
NLD,2007,European Union,export share,69.0,% of total exports,"Eurostat, ext_lt_intratrd (Intra and Extra-EU trade by Member State and by product group), sitc06=TOTAL, partner=EU27_2020",2026-08-06
NLD,2008,European Union,export share,70.2,% of total exports,"Eurostat, ext_lt_intratrd (Intra and Extra-EU trade by Member State and by product group), sitc06=TOTAL, partner=EU27_2020",2026-08-06
NLD,2009,European Union,export share,69.4,% of total exports,"Eurostat, ext_lt_intratrd (Intra and Extra-EU trade by Member State and by product group), sitc06=TOTAL, partner=EU27_2020",2026-08-06
NLD,2010,European Union,export share,69.7,% of total exports,"Eurostat, ext_lt_intratrd (Intra and Extra-EU trade by Member State and by product group), sitc06=TOTAL, partner=EU27_2020",2026-08-06
NLD,2011,European Union,export share,69.6,% of total exports,"Eurostat, ext_lt_intratrd (Intra and Extra-EU trade by Member State and by product group), sitc06=TOTAL, partner=EU27_2020",2026-08-06
NLD,2012,European Union,export share,67.9,% of total exports,"Eurostat, ext_lt_intratrd (Intra and Extra-EU trade by Member State and by product group), sitc06=TOTAL, partner=EU27_2020",2026-08-06
NLD,2013,European Union,export share,67.3,% of total exports,"Eurostat, ext_lt_intratrd (Intra and Extra-EU trade by Member State and by product group), sitc06=TOTAL, partner=EU27_2020",2026-08-06
NLD,2014,European Union,export share,67.2,% of total exports,"Eurostat, ext_lt_intratrd (Intra and Extra-EU trade by Member State and by product group), sitc06=TOTAL, partner=EU27_2020",2026-08-06
NLD,2015,European Union,export share,66.5,% of total exports,"Eurostat, ext_lt_intratrd (Intra and Extra-EU trade by Member State and by product group), sitc06=TOTAL, partner=EU27_2020",2026-08-06
NLD,2016,European Union,export share,66.4,% of total exports,"Eurostat, ext_lt_intratrd (Intra and Extra-EU trade by Member State and by product group), sitc06=TOTAL, partner=EU27_2020",2026-08-06
NLD,2017,European Union,export share,66.4,% of total exports,"Eurostat, ext_lt_intratrd (Intra and Extra-EU trade by Member State and by product group), sitc06=TOTAL, partner=EU27_2020",2026-08-06
NLD,2018,European Union,export share,66.0,% of total exports,"Eurostat, ext_lt_intratrd (Intra and Extra-EU trade by Member State and by product group), sitc06=TOTAL, partner=EU27_2020",2026-08-06
NLD,2019,European Union,export share,65.3,% of total exports,"Eurostat, ext_lt_intratrd (Intra and Extra-EU trade by Member State and by product group), sitc06=TOTAL, partner=EU27_2020",2026-08-06
NLD,2020,European Union,export share,65.8,% of total exports,"Eurostat, ext_lt_intratrd (Intra and Extra-EU trade by Member State and by product group), sitc06=TOTAL, partner=EU27_2020",2026-08-06
NLD,2021,European Union,export share,69.4,% of total exports,"Eurostat, ext_lt_intratrd (Intra and Extra-EU trade by Member State and by product group), sitc06=TOTAL, partner=EU27_2020",2026-08-06
NLD,2022,European Union,export share,71.3,% of total exports,"Eurostat, ext_lt_intratrd (Intra and Extra-EU trade by Member State and by product group), sitc06=TOTAL, partner=EU27_2020",2026-08-06
NLD,2023,European Union,export share,69.8,% of total exports,"Eurostat, ext_lt_intratrd (Intra and Extra-EU trade by Member State and by product group), sitc06=TOTAL, partner=EU27_2020",2026-08-06
NLD,2024,European Union,export share,69.1,% of total exports,"Eurostat, ext_lt_intratrd (Intra and Extra-EU trade by Member State and by product group), sitc06=TOTAL, partner=EU27_2020",2026-08-06
NLD,2025,European Union,export share,69.1,% of total exports,"Eurostat, ext_lt_intratrd (Intra and Extra-EU trade by Member State and by product group), sitc06=TOTAL, partner=EU27_2020",2026-08-06
NLD,2002,European Union,import share,47.2,% of total imports,"Eurostat, ext_lt_intratrd (Intra and Extra-EU trade by Member State and by product group), sitc06=TOTAL, partner=EU27_2020",2026-08-06
NLD,2003,European Union,import share,47.5,% of total imports,"Eurostat, ext_lt_intratrd (Intra and Extra-EU trade by Member State and by product group), sitc06=TOTAL, partner=EU27_2020",2026-08-06
NLD,2004,European Union,import share,46.8,% of total imports,"Eurostat, ext_lt_intratrd (Intra and Extra-EU trade by Member State and by product group), sitc06=TOTAL, partner=EU27_2020",2026-08-06
NLD,2005,European Union,import share,43.6,% of total imports,"Eurostat, ext_lt_intratrd (Intra and Extra-EU trade by Member State and by product group), sitc06=TOTAL, partner=EU27_2020",2026-08-06
NLD,2006,European Union,import share,42.6,% of total imports,"Eurostat, ext_lt_intratrd (Intra and Extra-EU trade by Member State and by product group), sitc06=TOTAL, partner=EU27_2020",2026-08-06
NLD,2007,European Union,import share,43.3,% of total imports,"Eurostat, ext_lt_intratrd (Intra and Extra-EU trade by Member State and by product group), sitc06=TOTAL, partner=EU27_2020",2026-08-06
NLD,2008,European Union,import share,42.3,% of total imports,"Eurostat, ext_lt_intratrd (Intra and Extra-EU trade by Member State and by product group), sitc06=TOTAL, partner=EU27_2020",2026-08-06
NLD,2009,European Union,import share,43.1,% of total imports,"Eurostat, ext_lt_intratrd (Intra and Extra-EU trade by Member State and by product group), sitc06=TOTAL, partner=EU27_2020",2026-08-06
NLD,2010,European Union,import share,40.8,% of total imports,"Eurostat, ext_lt_intratrd (Intra and Extra-EU trade by Member State and by product group), sitc06=TOTAL, partner=EU27_2020",2026-08-06
NLD,2011,European Union,import share,40.6,% of total imports,"Eurostat, ext_lt_intratrd (Intra and Extra-EU trade by Member State and by product group), sitc06=TOTAL, partner=EU27_2020",2026-08-06
NLD,2012,European Union,import share,38.8,% of total imports,"Eurostat, ext_lt_intratrd (Intra and Extra-EU trade by Member State and by product group), sitc06=TOTAL, partner=EU27_2020",2026-08-06
NLD,2013,European Union,import share,39.8,% of total imports,"Eurostat, ext_lt_intratrd (Intra and Extra-EU trade by Member State and by product group), sitc06=TOTAL, partner=EU27_2020",2026-08-06
NLD,2014,European Union,import share,39.8,% of total imports,"Eurostat, ext_lt_intratrd (Intra and Extra-EU trade by Member State and by product group), sitc06=TOTAL, partner=EU27_2020",2026-08-06
NLD,2015,European Union,import share,40.8,% of total imports,"Eurostat, ext_lt_intratrd (Intra and Extra-EU trade by Member State and by product group), sitc06=TOTAL, partner=EU27_2020",2026-08-06
NLD,2016,European Union,import share,41.6,% of total imports,"Eurostat, ext_lt_intratrd (Intra and Extra-EU trade by Member State and by product group), sitc06=TOTAL, partner=EU27_2020",2026-08-06
NLD,2017,European Union,import share,40.9,% of total imports,"Eurostat, ext_lt_intratrd (Intra and Extra-EU trade by Member State and by product group), sitc06=TOTAL, partner=EU27_2020",2026-08-06
NLD,2018,European Union,import share,40.2,% of total imports,"Eurostat, ext_lt_intratrd (Intra and Extra-EU trade by Member State and by product group), sitc06=TOTAL, partner=EU27_2020",2026-08-06
NLD,2019,European Union,import share,40.3,% of total imports,"Eurostat, ext_lt_intratrd (Intra and Extra-EU trade by Member State and by product group), sitc06=TOTAL, partner=EU27_2020",2026-08-06
NLD,2020,European Union,import share,41.7,% of total imports,"Eurostat, ext_lt_intratrd (Intra and Extra-EU trade by Member State and by product group), sitc06=TOTAL, partner=EU27_2020",2026-08-06
NLD,2021,European Union,import share,41.2,% of total imports,"Eurostat, ext_lt_intratrd (Intra and Extra-EU trade by Member State and by product group), sitc06=TOTAL, partner=EU27_2020",2026-08-06
NLD,2022,European Union,import share,38.7,% of total imports,"Eurostat, ext_lt_intratrd (Intra and Extra-EU trade by Member State and by product group), sitc06=TOTAL, partner=EU27_2020",2026-08-06
NLD,2023,European Union,import share,41.1,% of total imports,"Eurostat, ext_lt_intratrd (Intra and Extra-EU trade by Member State and by product group), sitc06=TOTAL, partner=EU27_2020",2026-08-06
NLD,2024,European Union,import share,42.4,% of total imports,"Eurostat, ext_lt_intratrd (Intra and Extra-EU trade by Member State and by product group), sitc06=TOTAL, partner=EU27_2020",2026-08-06
NLD,2025,European Union,import share,42.3,% of total imports,"Eurostat, ext_lt_intratrd (Intra and Extra-EU trade by Member State and by product group), sitc06=TOTAL, partner=EU27_2020",2026-08-06
NOR,2015,European Union,export share,59.2,% of total exports,"Eurostat COMEXT ds-059331 (International trade of EU and non-EU countries since 2002 by SITC); derived = (WORLD 93565850915 - EXT_EU27_2020 38188178938) / WORLD 93565850915; product=TOTAL, flow=export, indicators=VALUE_EUR",2026-08-06
NOR,2023,European Union,export share,67.5,% of total exports,"Eurostat COMEXT ds-059331 (International trade of EU and non-EU countries since 2002 by SITC); derived = (WORLD 165004553311 - EXT_EU27_2020 53586803858) / WORLD 165004553311; product=TOTAL, flow=export, indicators=VALUE_EUR",2026-08-06
POL,2002,European Union,export share,76.3,% of total exports,"Eurostat, ext_lt_intratrd (Intra and Extra-EU trade by Member State and by product group), sitc06=TOTAL, partner=EU27_2020",2026-08-06
POL,2003,European Union,export share,77.2,% of total exports,"Eurostat, ext_lt_intratrd (Intra and Extra-EU trade by Member State and by product group), sitc06=TOTAL, partner=EU27_2020",2026-08-06
POL,2004,European Union,export share,75.2,% of total exports,"Eurostat, ext_lt_intratrd (Intra and Extra-EU trade by Member State and by product group), sitc06=TOTAL, partner=EU27_2020",2026-08-06
POL,2005,European Union,export share,73.3,% of total exports,"Eurostat, ext_lt_intratrd (Intra and Extra-EU trade by Member State and by product group), sitc06=TOTAL, partner=EU27_2020",2026-08-06
POL,2006,European Union,export share,73.6,% of total exports,"Eurostat, ext_lt_intratrd (Intra and Extra-EU trade by Member State and by product group), sitc06=TOTAL, partner=EU27_2020",2026-08-06
POL,2007,European Union,export share,73.3,% of total exports,"Eurostat, ext_lt_intratrd (Intra and Extra-EU trade by Member State and by product group), sitc06=TOTAL, partner=EU27_2020",2026-08-06
POL,2008,European Union,export share,72.4,% of total exports,"Eurostat, ext_lt_intratrd (Intra and Extra-EU trade by Member State and by product group), sitc06=TOTAL, partner=EU27_2020",2026-08-06
POL,2009,European Union,export share,73.5,% of total exports,"Eurostat, ext_lt_intratrd (Intra and Extra-EU trade by Member State and by product group), sitc06=TOTAL, partner=EU27_2020",2026-08-06
POL,2010,European Union,export share,73.1,% of total exports,"Eurostat, ext_lt_intratrd (Intra and Extra-EU trade by Member State and by product group), sitc06=TOTAL, partner=EU27_2020",2026-08-06
POL,2011,European Union,export share,71.8,% of total exports,"Eurostat, ext_lt_intratrd (Intra and Extra-EU trade by Member State and by product group), sitc06=TOTAL, partner=EU27_2020",2026-08-06
POL,2012,European Union,export share,69.4,% of total exports,"Eurostat, ext_lt_intratrd (Intra and Extra-EU trade by Member State and by product group), sitc06=TOTAL, partner=EU27_2020",2026-08-06
POL,2013,European Union,export share,68.5,% of total exports,"Eurostat, ext_lt_intratrd (Intra and Extra-EU trade by Member State and by product group), sitc06=TOTAL, partner=EU27_2020",2026-08-06
POL,2014,European Union,export share,71.0,% of total exports,"Eurostat, ext_lt_intratrd (Intra and Extra-EU trade by Member State and by product group), sitc06=TOTAL, partner=EU27_2020",2026-08-06
POL,2015,European Union,export share,72.6,% of total exports,"Eurostat, ext_lt_intratrd (Intra and Extra-EU trade by Member State and by product group), sitc06=TOTAL, partner=EU27_2020",2026-08-06
POL,2016,European Union,export share,73.1,% of total exports,"Eurostat, ext_lt_intratrd (Intra and Extra-EU trade by Member State and by product group), sitc06=TOTAL, partner=EU27_2020",2026-08-06
POL,2017,European Union,export share,73.5,% of total exports,"Eurostat, ext_lt_intratrd (Intra and Extra-EU trade by Member State and by product group), sitc06=TOTAL, partner=EU27_2020",2026-08-06
POL,2018,European Union,export share,74.3,% of total exports,"Eurostat, ext_lt_intratrd (Intra and Extra-EU trade by Member State and by product group), sitc06=TOTAL, partner=EU27_2020",2026-08-06
POL,2019,European Union,export share,74.0,% of total exports,"Eurostat, ext_lt_intratrd (Intra and Extra-EU trade by Member State and by product group), sitc06=TOTAL, partner=EU27_2020",2026-08-06
POL,2020,European Union,export share,74.0,% of total exports,"Eurostat, ext_lt_intratrd (Intra and Extra-EU trade by Member State and by product group), sitc06=TOTAL, partner=EU27_2020",2026-08-06
POL,2021,European Union,export share,75.0,% of total exports,"Eurostat, ext_lt_intratrd (Intra and Extra-EU trade by Member State and by product group), sitc06=TOTAL, partner=EU27_2020",2026-08-06
POL,2022,European Union,export share,75.5,% of total exports,"Eurostat, ext_lt_intratrd (Intra and Extra-EU trade by Member State and by product group), sitc06=TOTAL, partner=EU27_2020",2026-08-06
POL,2023,European Union,export share,74.6,% of total exports,"Eurostat, ext_lt_intratrd (Intra and Extra-EU trade by Member State and by product group), sitc06=TOTAL, partner=EU27_2020",2026-08-06
POL,2024,European Union,export share,74.2,% of total exports,"Eurostat, ext_lt_intratrd (Intra and Extra-EU trade by Member State and by product group), sitc06=TOTAL, partner=EU27_2020",2026-08-06
POL,2025,European Union,export share,74.8,% of total exports,"Eurostat, ext_lt_intratrd (Intra and Extra-EU trade by Member State and by product group), sitc06=TOTAL, partner=EU27_2020",2026-08-06
POL,2002,European Union,import share,65.9,% of total imports,"Eurostat, ext_lt_intratrd (Intra and Extra-EU trade by Member State and by product group), sitc06=TOTAL, partner=EU27_2020",2026-08-06
POL,2003,European Union,import share,65.9,% of total imports,"Eurostat, ext_lt_intratrd (Intra and Extra-EU trade by Member State and by product group), sitc06=TOTAL, partner=EU27_2020",2026-08-06
POL,2004,European Union,import share,72.0,% of total imports,"Eurostat, ext_lt_intratrd (Intra and Extra-EU trade by Member State and by product group), sitc06=TOTAL, partner=EU27_2020",2026-08-06
POL,2005,European Union,import share,72.3,% of total imports,"Eurostat, ext_lt_intratrd (Intra and Extra-EU trade by Member State and by product group), sitc06=TOTAL, partner=EU27_2020",2026-08-06
POL,2006,European Union,import share,70.1,% of total imports,"Eurostat, ext_lt_intratrd (Intra and Extra-EU trade by Member State and by product group), sitc06=TOTAL, partner=EU27_2020",2026-08-06
POL,2007,European Union,import share,70.3,% of total imports,"Eurostat, ext_lt_intratrd (Intra and Extra-EU trade by Member State and by product group), sitc06=TOTAL, partner=EU27_2020",2026-08-06
POL,2008,European Union,import share,69.1,% of total imports,"Eurostat, ext_lt_intratrd (Intra and Extra-EU trade by Member State and by product group), sitc06=TOTAL, partner=EU27_2020",2026-08-06
POL,2009,European Union,import share,69.5,% of total imports,"Eurostat, ext_lt_intratrd (Intra and Extra-EU trade by Member State and by product group), sitc06=TOTAL, partner=EU27_2020",2026-08-06
POL,2010,European Union,import share,67.9,% of total imports,"Eurostat, ext_lt_intratrd (Intra and Extra-EU trade by Member State and by product group), sitc06=TOTAL, partner=EU27_2020",2026-08-06
POL,2011,European Union,import share,67.3,% of total imports,"Eurostat, ext_lt_intratrd (Intra and Extra-EU trade by Member State and by product group), sitc06=TOTAL, partner=EU27_2020",2026-08-06
POL,2012,European Union,import share,65.2,% of total imports,"Eurostat, ext_lt_intratrd (Intra and Extra-EU trade by Member State and by product group), sitc06=TOTAL, partner=EU27_2020",2026-08-06
POL,2013,European Union,import share,66.2,% of total imports,"Eurostat, ext_lt_intratrd (Intra and Extra-EU trade by Member State and by product group), sitc06=TOTAL, partner=EU27_2020",2026-08-06
POL,2014,European Union,import share,66.9,% of total imports,"Eurostat, ext_lt_intratrd (Intra and Extra-EU trade by Member State and by product group), sitc06=TOTAL, partner=EU27_2020",2026-08-06
POL,2015,European Union,import share,67.8,% of total imports,"Eurostat, ext_lt_intratrd (Intra and Extra-EU trade by Member State and by product group), sitc06=TOTAL, partner=EU27_2020",2026-08-06
POL,2016,European Union,import share,69.6,% of total imports,"Eurostat, ext_lt_intratrd (Intra and Extra-EU trade by Member State and by product group), sitc06=TOTAL, partner=EU27_2020",2026-08-06
POL,2017,European Union,import share,69.0,% of total imports,"Eurostat, ext_lt_intratrd (Intra and Extra-EU trade by Member State and by product group), sitc06=TOTAL, partner=EU27_2020",2026-08-06
POL,2018,European Union,import share,67.4,% of total imports,"Eurostat, ext_lt_intratrd (Intra and Extra-EU trade by Member State and by product group), sitc06=TOTAL, partner=EU27_2020",2026-08-06
POL,2019,European Union,import share,66.5,% of total imports,"Eurostat, ext_lt_intratrd (Intra and Extra-EU trade by Member State and by product group), sitc06=TOTAL, partner=EU27_2020",2026-08-06
POL,2020,European Union,import share,67.7,% of total imports,"Eurostat, ext_lt_intratrd (Intra and Extra-EU trade by Member State and by product group), sitc06=TOTAL, partner=EU27_2020",2026-08-06
POL,2021,European Union,import share,66.4,% of total imports,"Eurostat, ext_lt_intratrd (Intra and Extra-EU trade by Member State and by product group), sitc06=TOTAL, partner=EU27_2020",2026-08-06
POL,2022,European Union,import share,63.8,% of total imports,"Eurostat, ext_lt_intratrd (Intra and Extra-EU trade by Member State and by product group), sitc06=TOTAL, partner=EU27_2020",2026-08-06
POL,2023,European Union,import share,67.5,% of total imports,"Eurostat, ext_lt_intratrd (Intra and Extra-EU trade by Member State and by product group), sitc06=TOTAL, partner=EU27_2020",2026-08-06
POL,2024,European Union,import share,67.6,% of total imports,"Eurostat, ext_lt_intratrd (Intra and Extra-EU trade by Member State and by product group), sitc06=TOTAL, partner=EU27_2020",2026-08-06
POL,2025,European Union,import share,67.8,% of total imports,"Eurostat, ext_lt_intratrd (Intra and Extra-EU trade by Member State and by product group), sitc06=TOTAL, partner=EU27_2020",2026-08-06
PRT,2002,European Union,export share,71.0,% of total exports,"Eurostat, ext_lt_intratrd (Intra and Extra-EU trade by Member State and by product group), sitc06=TOTAL, partner=EU27_2020",2026-08-06
PRT,2003,European Union,export share,70.8,% of total exports,"Eurostat, ext_lt_intratrd (Intra and Extra-EU trade by Member State and by product group), sitc06=TOTAL, partner=EU27_2020",2026-08-06
PRT,2004,European Union,export share,70.5,% of total exports,"Eurostat, ext_lt_intratrd (Intra and Extra-EU trade by Member State and by product group), sitc06=TOTAL, partner=EU27_2020",2026-08-06
PRT,2005,European Union,export share,72.0,% of total exports,"Eurostat, ext_lt_intratrd (Intra and Extra-EU trade by Member State and by product group), sitc06=TOTAL, partner=EU27_2020",2026-08-06
PRT,2006,European Union,export share,71.3,% of total exports,"Eurostat, ext_lt_intratrd (Intra and Extra-EU trade by Member State and by product group), sitc06=TOTAL, partner=EU27_2020",2026-08-06
PRT,2007,European Union,export share,71.1,% of total exports,"Eurostat, ext_lt_intratrd (Intra and Extra-EU trade by Member State and by product group), sitc06=TOTAL, partner=EU27_2020",2026-08-06
PRT,2008,European Union,export share,69.0,% of total exports,"Eurostat, ext_lt_intratrd (Intra and Extra-EU trade by Member State and by product group), sitc06=TOTAL, partner=EU27_2020",2026-08-06
PRT,2009,European Union,export share,69.8,% of total exports,"Eurostat, ext_lt_intratrd (Intra and Extra-EU trade by Member State and by product group), sitc06=TOTAL, partner=EU27_2020",2026-08-06
PRT,2010,European Union,export share,70.0,% of total exports,"Eurostat, ext_lt_intratrd (Intra and Extra-EU trade by Member State and by product group), sitc06=TOTAL, partner=EU27_2020",2026-08-06
PRT,2011,European Union,export share,69.2,% of total exports,"Eurostat, ext_lt_intratrd (Intra and Extra-EU trade by Member State and by product group), sitc06=TOTAL, partner=EU27_2020",2026-08-06
PRT,2012,European Union,export share,65.8,% of total exports,"Eurostat, ext_lt_intratrd (Intra and Extra-EU trade by Member State and by product group), sitc06=TOTAL, partner=EU27_2020",2026-08-06
PRT,2013,European Union,export share,64.8,% of total exports,"Eurostat, ext_lt_intratrd (Intra and Extra-EU trade by Member State and by product group), sitc06=TOTAL, partner=EU27_2020",2026-08-06
PRT,2014,European Union,export share,64.7,% of total exports,"Eurostat, ext_lt_intratrd (Intra and Extra-EU trade by Member State and by product group), sitc06=TOTAL, partner=EU27_2020",2026-08-06
PRT,2015,European Union,export share,65.9,% of total exports,"Eurostat, ext_lt_intratrd (Intra and Extra-EU trade by Member State and by product group), sitc06=TOTAL, partner=EU27_2020",2026-08-06
PRT,2016,European Union,export share,68.0,% of total exports,"Eurostat, ext_lt_intratrd (Intra and Extra-EU trade by Member State and by product group), sitc06=TOTAL, partner=EU27_2020",2026-08-06
PRT,2017,European Union,export share,67.5,% of total exports,"Eurostat, ext_lt_intratrd (Intra and Extra-EU trade by Member State and by product group), sitc06=TOTAL, partner=EU27_2020",2026-08-06
PRT,2018,European Union,export share,69.8,% of total exports,"Eurostat, ext_lt_intratrd (Intra and Extra-EU trade by Member State and by product group), sitc06=TOTAL, partner=EU27_2020",2026-08-06
PRT,2019,European Union,export share,70.7,% of total exports,"Eurostat, ext_lt_intratrd (Intra and Extra-EU trade by Member State and by product group), sitc06=TOTAL, partner=EU27_2020",2026-08-06
PRT,2020,European Union,export share,71.4,% of total exports,"Eurostat, ext_lt_intratrd (Intra and Extra-EU trade by Member State and by product group), sitc06=TOTAL, partner=EU27_2020",2026-08-06
PRT,2021,European Union,export share,71.5,% of total exports,"Eurostat, ext_lt_intratrd (Intra and Extra-EU trade by Member State and by product group), sitc06=TOTAL, partner=EU27_2020",2026-08-06
PRT,2022,European Union,export share,70.5,% of total exports,"Eurostat, ext_lt_intratrd (Intra and Extra-EU trade by Member State and by product group), sitc06=TOTAL, partner=EU27_2020",2026-08-06
PRT,2023,European Union,export share,70.1,% of total exports,"Eurostat, ext_lt_intratrd (Intra and Extra-EU trade by Member State and by product group), sitc06=TOTAL, partner=EU27_2020",2026-08-06
PRT,2024,European Union,export share,71.0,% of total exports,"Eurostat, ext_lt_intratrd (Intra and Extra-EU trade by Member State and by product group), sitc06=TOTAL, partner=EU27_2020",2026-08-06
PRT,2025,European Union,export share,72.3,% of total exports,"Eurostat, ext_lt_intratrd (Intra and Extra-EU trade by Member State and by product group), sitc06=TOTAL, partner=EU27_2020",2026-08-06
PRT,2002,European Union,import share,74.7,% of total imports,"Eurostat, ext_lt_intratrd (Intra and Extra-EU trade by Member State and by product group), sitc06=TOTAL, partner=EU27_2020",2026-08-06
PRT,2003,European Union,import share,74.6,% of total imports,"Eurostat, ext_lt_intratrd (Intra and Extra-EU trade by Member State and by product group), sitc06=TOTAL, partner=EU27_2020",2026-08-06
PRT,2004,European Union,import share,72.5,% of total imports,"Eurostat, ext_lt_intratrd (Intra and Extra-EU trade by Member State and by product group), sitc06=TOTAL, partner=EU27_2020",2026-08-06
PRT,2005,European Union,import share,73.3,% of total imports,"Eurostat, ext_lt_intratrd (Intra and Extra-EU trade by Member State and by product group), sitc06=TOTAL, partner=EU27_2020",2026-08-06
PRT,2006,European Union,import share,72.9,% of total imports,"Eurostat, ext_lt_intratrd (Intra and Extra-EU trade by Member State and by product group), sitc06=TOTAL, partner=EU27_2020",2026-08-06
PRT,2007,European Union,import share,72.9,% of total imports,"Eurostat, ext_lt_intratrd (Intra and Extra-EU trade by Member State and by product group), sitc06=TOTAL, partner=EU27_2020",2026-08-06
PRT,2008,European Union,import share,71.5,% of total imports,"Eurostat, ext_lt_intratrd (Intra and Extra-EU trade by Member State and by product group), sitc06=TOTAL, partner=EU27_2020",2026-08-06
PRT,2009,European Union,import share,75.3,% of total imports,"Eurostat, ext_lt_intratrd (Intra and Extra-EU trade by Member State and by product group), sitc06=TOTAL, partner=EU27_2020",2026-08-06
PRT,2010,European Union,import share,72.6,% of total imports,"Eurostat, ext_lt_intratrd (Intra and Extra-EU trade by Member State and by product group), sitc06=TOTAL, partner=EU27_2020",2026-08-06
PRT,2011,European Union,import share,70.0,% of total imports,"Eurostat, ext_lt_intratrd (Intra and Extra-EU trade by Member State and by product group), sitc06=TOTAL, partner=EU27_2020",2026-08-06
PRT,2012,European Union,import share,68.5,% of total imports,"Eurostat, ext_lt_intratrd (Intra and Extra-EU trade by Member State and by product group), sitc06=TOTAL, partner=EU27_2020",2026-08-06
PRT,2013,European Union,import share,69.1,% of total imports,"Eurostat, ext_lt_intratrd (Intra and Extra-EU trade by Member State and by product group), sitc06=TOTAL, partner=EU27_2020",2026-08-06
PRT,2014,European Union,import share,71.7,% of total imports,"Eurostat, ext_lt_intratrd (Intra and Extra-EU trade by Member State and by product group), sitc06=TOTAL, partner=EU27_2020",2026-08-06
PRT,2015,European Union,import share,73.4,% of total imports,"Eurostat, ext_lt_intratrd (Intra and Extra-EU trade by Member State and by product group), sitc06=TOTAL, partner=EU27_2020",2026-08-06
PRT,2016,European Union,import share,74.9,% of total imports,"Eurostat, ext_lt_intratrd (Intra and Extra-EU trade by Member State and by product group), sitc06=TOTAL, partner=EU27_2020",2026-08-06
PRT,2017,European Union,import share,73.7,% of total imports,"Eurostat, ext_lt_intratrd (Intra and Extra-EU trade by Member State and by product group), sitc06=TOTAL, partner=EU27_2020",2026-08-06
PRT,2018,European Union,import share,73.4,% of total imports,"Eurostat, ext_lt_intratrd (Intra and Extra-EU trade by Member State and by product group), sitc06=TOTAL, partner=EU27_2020",2026-08-06
PRT,2019,European Union,import share,73.8,% of total imports,"Eurostat, ext_lt_intratrd (Intra and Extra-EU trade by Member State and by product group), sitc06=TOTAL, partner=EU27_2020",2026-08-06
PRT,2020,European Union,import share,74.7,% of total imports,"Eurostat, ext_lt_intratrd (Intra and Extra-EU trade by Member State and by product group), sitc06=TOTAL, partner=EU27_2020",2026-08-06
PRT,2021,European Union,import share,73.6,% of total imports,"Eurostat, ext_lt_intratrd (Intra and Extra-EU trade by Member State and by product group), sitc06=TOTAL, partner=EU27_2020",2026-08-06
PRT,2022,European Union,import share,69.5,% of total imports,"Eurostat, ext_lt_intratrd (Intra and Extra-EU trade by Member State and by product group), sitc06=TOTAL, partner=EU27_2020",2026-08-06
PRT,2023,European Union,import share,74.6,% of total imports,"Eurostat, ext_lt_intratrd (Intra and Extra-EU trade by Member State and by product group), sitc06=TOTAL, partner=EU27_2020",2026-08-06
PRT,2024,European Union,import share,74.5,% of total imports,"Eurostat, ext_lt_intratrd (Intra and Extra-EU trade by Member State and by product group), sitc06=TOTAL, partner=EU27_2020",2026-08-06
PRT,2025,European Union,import share,76.5,% of total imports,"Eurostat, ext_lt_intratrd (Intra and Extra-EU trade by Member State and by product group), sitc06=TOTAL, partner=EU27_2020",2026-08-06
ROU,2002,European Union,export share,68.3,% of total exports,"Eurostat, ext_lt_intratrd (Intra and Extra-EU trade by Member State and by product group), sitc06=TOTAL, partner=EU27_2020",2026-08-06
ROU,2003,European Union,export share,69.3,% of total exports,"Eurostat, ext_lt_intratrd (Intra and Extra-EU trade by Member State and by product group), sitc06=TOTAL, partner=EU27_2020",2026-08-06
ROU,2004,European Union,export share,68.8,% of total exports,"Eurostat, ext_lt_intratrd (Intra and Extra-EU trade by Member State and by product group), sitc06=TOTAL, partner=EU27_2020",2026-08-06
ROU,2005,European Union,export share,65.5,% of total exports,"Eurostat, ext_lt_intratrd (Intra and Extra-EU trade by Member State and by product group), sitc06=TOTAL, partner=EU27_2020",2026-08-06
ROU,2006,European Union,export share,66.0,% of total exports,"Eurostat, ext_lt_intratrd (Intra and Extra-EU trade by Member State and by product group), sitc06=TOTAL, partner=EU27_2020",2026-08-06
ROU,2007,European Union,export share,68.3,% of total exports,"Eurostat, ext_lt_intratrd (Intra and Extra-EU trade by Member State and by product group), sitc06=TOTAL, partner=EU27_2020",2026-08-06
ROU,2008,European Union,export share,67.6,% of total exports,"Eurostat, ext_lt_intratrd (Intra and Extra-EU trade by Member State and by product group), sitc06=TOTAL, partner=EU27_2020",2026-08-06
ROU,2009,European Union,export share,71.2,% of total exports,"Eurostat, ext_lt_intratrd (Intra and Extra-EU trade by Member State and by product group), sitc06=TOTAL, partner=EU27_2020",2026-08-06
ROU,2010,European Union,export share,68.8,% of total exports,"Eurostat, ext_lt_intratrd (Intra and Extra-EU trade by Member State and by product group), sitc06=TOTAL, partner=EU27_2020",2026-08-06
ROU,2011,European Union,export share,68.1,% of total exports,"Eurostat, ext_lt_intratrd (Intra and Extra-EU trade by Member State and by product group), sitc06=TOTAL, partner=EU27_2020",2026-08-06
ROU,2012,European Union,export share,66.8,% of total exports,"Eurostat, ext_lt_intratrd (Intra and Extra-EU trade by Member State and by product group), sitc06=TOTAL, partner=EU27_2020",2026-08-06
ROU,2013,European Union,export share,65.5,% of total exports,"Eurostat, ext_lt_intratrd (Intra and Extra-EU trade by Member State and by product group), sitc06=TOTAL, partner=EU27_2020",2026-08-06
ROU,2014,European Union,export share,67.0,% of total exports,"Eurostat, ext_lt_intratrd (Intra and Extra-EU trade by Member State and by product group), sitc06=TOTAL, partner=EU27_2020",2026-08-06
ROU,2015,European Union,export share,69.3,% of total exports,"Eurostat, ext_lt_intratrd (Intra and Extra-EU trade by Member State and by product group), sitc06=TOTAL, partner=EU27_2020",2026-08-06
ROU,2016,European Union,export share,70.7,% of total exports,"Eurostat, ext_lt_intratrd (Intra and Extra-EU trade by Member State and by product group), sitc06=TOTAL, partner=EU27_2020",2026-08-06
ROU,2017,European Union,export share,71.7,% of total exports,"Eurostat, ext_lt_intratrd (Intra and Extra-EU trade by Member State and by product group), sitc06=TOTAL, partner=EU27_2020",2026-08-06
ROU,2018,European Union,export share,72.8,% of total exports,"Eurostat, ext_lt_intratrd (Intra and Extra-EU trade by Member State and by product group), sitc06=TOTAL, partner=EU27_2020",2026-08-06
ROU,2019,European Union,export share,73.2,% of total exports,"Eurostat, ext_lt_intratrd (Intra and Extra-EU trade by Member State and by product group), sitc06=TOTAL, partner=EU27_2020",2026-08-06
ROU,2020,European Union,export share,74.1,% of total exports,"Eurostat, ext_lt_intratrd (Intra and Extra-EU trade by Member State and by product group), sitc06=TOTAL, partner=EU27_2020",2026-08-06
ROU,2021,European Union,export share,73.2,% of total exports,"Eurostat, ext_lt_intratrd (Intra and Extra-EU trade by Member State and by product group), sitc06=TOTAL, partner=EU27_2020",2026-08-06
ROU,2022,European Union,export share,72.3,% of total exports,"Eurostat, ext_lt_intratrd (Intra and Extra-EU trade by Member State and by product group), sitc06=TOTAL, partner=EU27_2020",2026-08-06
ROU,2023,European Union,export share,72.6,% of total exports,"Eurostat, ext_lt_intratrd (Intra and Extra-EU trade by Member State and by product group), sitc06=TOTAL, partner=EU27_2020",2026-08-06
ROU,2024,European Union,export share,72.0,% of total exports,"Eurostat, ext_lt_intratrd (Intra and Extra-EU trade by Member State and by product group), sitc06=TOTAL, partner=EU27_2020",2026-08-06
ROU,2025,European Union,export share,71.4,% of total exports,"Eurostat, ext_lt_intratrd (Intra and Extra-EU trade by Member State and by product group), sitc06=TOTAL, partner=EU27_2020",2026-08-06
ROU,2002,European Union,import share,64.4,% of total imports,"Eurostat, ext_lt_intratrd (Intra and Extra-EU trade by Member State and by product group), sitc06=TOTAL, partner=EU27_2020",2026-08-06
ROU,2003,European Union,import share,64.9,% of total imports,"Eurostat, ext_lt_intratrd (Intra and Extra-EU trade by Member State and by product group), sitc06=TOTAL, partner=EU27_2020",2026-08-06
ROU,2004,European Union,import share,62.8,% of total imports,"Eurostat, ext_lt_intratrd (Intra and Extra-EU trade by Member State and by product group), sitc06=TOTAL, partner=EU27_2020",2026-08-06
ROU,2005,European Union,import share,60.3,% of total imports,"Eurostat, ext_lt_intratrd (Intra and Extra-EU trade by Member State and by product group), sitc06=TOTAL, partner=EU27_2020",2026-08-06
ROU,2006,European Union,import share,61.0,% of total imports,"Eurostat, ext_lt_intratrd (Intra and Extra-EU trade by Member State and by product group), sitc06=TOTAL, partner=EU27_2020",2026-08-06
ROU,2007,European Union,import share,69.5,% of total imports,"Eurostat, ext_lt_intratrd (Intra and Extra-EU trade by Member State and by product group), sitc06=TOTAL, partner=EU27_2020",2026-08-06
ROU,2008,European Union,import share,67.9,% of total imports,"Eurostat, ext_lt_intratrd (Intra and Extra-EU trade by Member State and by product group), sitc06=TOTAL, partner=EU27_2020",2026-08-06
ROU,2009,European Union,import share,71.0,% of total imports,"Eurostat, ext_lt_intratrd (Intra and Extra-EU trade by Member State and by product group), sitc06=TOTAL, partner=EU27_2020",2026-08-06
ROU,2010,European Union,import share,70.3,% of total imports,"Eurostat, ext_lt_intratrd (Intra and Extra-EU trade by Member State and by product group), sitc06=TOTAL, partner=EU27_2020",2026-08-06
ROU,2011,European Union,import share,70.5,% of total imports,"Eurostat, ext_lt_intratrd (Intra and Extra-EU trade by Member State and by product group), sitc06=TOTAL, partner=EU27_2020",2026-08-06
ROU,2012,European Union,import share,71.3,% of total imports,"Eurostat, ext_lt_intratrd (Intra and Extra-EU trade by Member State and by product group), sitc06=TOTAL, partner=EU27_2020",2026-08-06
ROU,2013,European Union,import share,73.5,% of total imports,"Eurostat, ext_lt_intratrd (Intra and Extra-EU trade by Member State and by product group), sitc06=TOTAL, partner=EU27_2020",2026-08-06
ROU,2014,European Union,import share,73.1,% of total imports,"Eurostat, ext_lt_intratrd (Intra and Extra-EU trade by Member State and by product group), sitc06=TOTAL, partner=EU27_2020",2026-08-06
ROU,2015,European Union,import share,74.7,% of total imports,"Eurostat, ext_lt_intratrd (Intra and Extra-EU trade by Member State and by product group), sitc06=TOTAL, partner=EU27_2020",2026-08-06
ROU,2016,European Union,import share,74.8,% of total imports,"Eurostat, ext_lt_intratrd (Intra and Extra-EU trade by Member State and by product group), sitc06=TOTAL, partner=EU27_2020",2026-08-06
ROU,2017,European Union,import share,73.6,% of total imports,"Eurostat, ext_lt_intratrd (Intra and Extra-EU trade by Member State and by product group), sitc06=TOTAL, partner=EU27_2020",2026-08-06
ROU,2018,European Union,import share,72.6,% of total imports,"Eurostat, ext_lt_intratrd (Intra and Extra-EU trade by Member State and by product group), sitc06=TOTAL, partner=EU27_2020",2026-08-06
ROU,2019,European Union,import share,72.7,% of total imports,"Eurostat, ext_lt_intratrd (Intra and Extra-EU trade by Member State and by product group), sitc06=TOTAL, partner=EU27_2020",2026-08-06
ROU,2020,European Union,import share,73.6,% of total imports,"Eurostat, ext_lt_intratrd (Intra and Extra-EU trade by Member State and by product group), sitc06=TOTAL, partner=EU27_2020",2026-08-06
ROU,2021,European Union,import share,72.5,% of total imports,"Eurostat, ext_lt_intratrd (Intra and Extra-EU trade by Member State and by product group), sitc06=TOTAL, partner=EU27_2020",2026-08-06
ROU,2022,European Union,import share,70.9,% of total imports,"Eurostat, ext_lt_intratrd (Intra and Extra-EU trade by Member State and by product group), sitc06=TOTAL, partner=EU27_2020",2026-08-06
ROU,2023,European Union,import share,73.3,% of total imports,"Eurostat, ext_lt_intratrd (Intra and Extra-EU trade by Member State and by product group), sitc06=TOTAL, partner=EU27_2020",2026-08-06
ROU,2024,European Union,import share,72.1,% of total imports,"Eurostat, ext_lt_intratrd (Intra and Extra-EU trade by Member State and by product group), sitc06=TOTAL, partner=EU27_2020",2026-08-06
ROU,2025,European Union,import share,72.1,% of total imports,"Eurostat, ext_lt_intratrd (Intra and Extra-EU trade by Member State and by product group), sitc06=TOTAL, partner=EU27_2020",2026-08-06
SVK,2002,European Union,export share,87.7,% of total exports,"Eurostat, ext_lt_intratrd (Intra and Extra-EU trade by Member State and by product group), sitc06=TOTAL, partner=EU27_2020",2026-08-06
SVK,2003,European Union,export share,84.4,% of total exports,"Eurostat, ext_lt_intratrd (Intra and Extra-EU trade by Member State and by product group), sitc06=TOTAL, partner=EU27_2020",2026-08-06
SVK,2004,European Union,export share,84.3,% of total exports,"Eurostat, ext_lt_intratrd (Intra and Extra-EU trade by Member State and by product group), sitc06=TOTAL, partner=EU27_2020",2026-08-06
SVK,2005,European Union,export share,84.5,% of total exports,"Eurostat, ext_lt_intratrd (Intra and Extra-EU trade by Member State and by product group), sitc06=TOTAL, partner=EU27_2020",2026-08-06
SVK,2006,European Union,export share,83.4,% of total exports,"Eurostat, ext_lt_intratrd (Intra and Extra-EU trade by Member State and by product group), sitc06=TOTAL, partner=EU27_2020",2026-08-06
SVK,2007,European Union,export share,82.4,% of total exports,"Eurostat, ext_lt_intratrd (Intra and Extra-EU trade by Member State and by product group), sitc06=TOTAL, partner=EU27_2020",2026-08-06
SVK,2008,European Union,export share,81.2,% of total exports,"Eurostat, ext_lt_intratrd (Intra and Extra-EU trade by Member State and by product group), sitc06=TOTAL, partner=EU27_2020",2026-08-06
SVK,2009,European Union,export share,81.8,% of total exports,"Eurostat, ext_lt_intratrd (Intra and Extra-EU trade by Member State and by product group), sitc06=TOTAL, partner=EU27_2020",2026-08-06
SVK,2010,European Union,export share,81.3,% of total exports,"Eurostat, ext_lt_intratrd (Intra and Extra-EU trade by Member State and by product group), sitc06=TOTAL, partner=EU27_2020",2026-08-06
SVK,2011,European Union,export share,81.5,% of total exports,"Eurostat, ext_lt_intratrd (Intra and Extra-EU trade by Member State and by product group), sitc06=TOTAL, partner=EU27_2020",2026-08-06
SVK,2012,European Union,export share,80.1,% of total exports,"Eurostat, ext_lt_intratrd (Intra and Extra-EU trade by Member State and by product group), sitc06=TOTAL, partner=EU27_2020",2026-08-06
SVK,2013,European Union,export share,78.5,% of total exports,"Eurostat, ext_lt_intratrd (Intra and Extra-EU trade by Member State and by product group), sitc06=TOTAL, partner=EU27_2020",2026-08-06
SVK,2014,European Union,export share,79.3,% of total exports,"Eurostat, ext_lt_intratrd (Intra and Extra-EU trade by Member State and by product group), sitc06=TOTAL, partner=EU27_2020",2026-08-06
SVK,2015,European Union,export share,80.1,% of total exports,"Eurostat, ext_lt_intratrd (Intra and Extra-EU trade by Member State and by product group), sitc06=TOTAL, partner=EU27_2020",2026-08-06
SVK,2016,European Union,export share,80.0,% of total exports,"Eurostat, ext_lt_intratrd (Intra and Extra-EU trade by Member State and by product group), sitc06=TOTAL, partner=EU27_2020",2026-08-06
SVK,2017,European Union,export share,80.7,% of total exports,"Eurostat, ext_lt_intratrd (Intra and Extra-EU trade by Member State and by product group), sitc06=TOTAL, partner=EU27_2020",2026-08-06
SVK,2018,European Union,export share,81.0,% of total exports,"Eurostat, ext_lt_intratrd (Intra and Extra-EU trade by Member State and by product group), sitc06=TOTAL, partner=EU27_2020",2026-08-06
SVK,2019,European Union,export share,80.0,% of total exports,"Eurostat, ext_lt_intratrd (Intra and Extra-EU trade by Member State and by product group), sitc06=TOTAL, partner=EU27_2020",2026-08-06
SVK,2020,European Union,export share,79.0,% of total exports,"Eurostat, ext_lt_intratrd (Intra and Extra-EU trade by Member State and by product group), sitc06=TOTAL, partner=EU27_2020",2026-08-06
SVK,2021,European Union,export share,80.5,% of total exports,"Eurostat, ext_lt_intratrd (Intra and Extra-EU trade by Member State and by product group), sitc06=TOTAL, partner=EU27_2020",2026-08-06
SVK,2022,European Union,export share,80.1,% of total exports,"Eurostat, ext_lt_intratrd (Intra and Extra-EU trade by Member State and by product group), sitc06=TOTAL, partner=EU27_2020",2026-08-06
SVK,2023,European Union,export share,77.4,% of total exports,"Eurostat, ext_lt_intratrd (Intra and Extra-EU trade by Member State and by product group), sitc06=TOTAL, partner=EU27_2020",2026-08-06
SVK,2024,European Union,export share,77.8,% of total exports,"Eurostat, ext_lt_intratrd (Intra and Extra-EU trade by Member State and by product group), sitc06=TOTAL, partner=EU27_2020",2026-08-06
SVK,2025,European Union,export share,78.3,% of total exports,"Eurostat, ext_lt_intratrd (Intra and Extra-EU trade by Member State and by product group), sitc06=TOTAL, partner=EU27_2020",2026-08-06
SVK,2002,European Union,import share,70.6,% of total imports,"Eurostat, ext_lt_intratrd (Intra and Extra-EU trade by Member State and by product group), sitc06=TOTAL, partner=EU27_2020",2026-08-06
SVK,2003,European Union,import share,72.4,% of total imports,"Eurostat, ext_lt_intratrd (Intra and Extra-EU trade by Member State and by product group), sitc06=TOTAL, partner=EU27_2020",2026-08-06
SVK,2004,European Union,import share,77.3,% of total imports,"Eurostat, ext_lt_intratrd (Intra and Extra-EU trade by Member State and by product group), sitc06=TOTAL, partner=EU27_2020",2026-08-06
SVK,2005,European Union,import share,76.4,% of total imports,"Eurostat, ext_lt_intratrd (Intra and Extra-EU trade by Member State and by product group), sitc06=TOTAL, partner=EU27_2020",2026-08-06
SVK,2006,European Union,import share,74.0,% of total imports,"Eurostat, ext_lt_intratrd (Intra and Extra-EU trade by Member State and by product group), sitc06=TOTAL, partner=EU27_2020",2026-08-06
SVK,2007,European Union,import share,73.5,% of total imports,"Eurostat, ext_lt_intratrd (Intra and Extra-EU trade by Member State and by product group), sitc06=TOTAL, partner=EU27_2020",2026-08-06
SVK,2008,European Union,import share,71.8,% of total imports,"Eurostat, ext_lt_intratrd (Intra and Extra-EU trade by Member State and by product group), sitc06=TOTAL, partner=EU27_2020",2026-08-06
SVK,2009,European Union,import share,72.5,% of total imports,"Eurostat, ext_lt_intratrd (Intra and Extra-EU trade by Member State and by product group), sitc06=TOTAL, partner=EU27_2020",2026-08-06
SVK,2010,European Union,import share,70.6,% of total imports,"Eurostat, ext_lt_intratrd (Intra and Extra-EU trade by Member State and by product group), sitc06=TOTAL, partner=EU27_2020",2026-08-06
SVK,2011,European Union,import share,72.0,% of total imports,"Eurostat, ext_lt_intratrd (Intra and Extra-EU trade by Member State and by product group), sitc06=TOTAL, partner=EU27_2020",2026-08-06
SVK,2012,European Union,import share,72.5,% of total imports,"Eurostat, ext_lt_intratrd (Intra and Extra-EU trade by Member State and by product group), sitc06=TOTAL, partner=EU27_2020",2026-08-06
SVK,2013,European Union,import share,72.9,% of total imports,"Eurostat, ext_lt_intratrd (Intra and Extra-EU trade by Member State and by product group), sitc06=TOTAL, partner=EU27_2020",2026-08-06
SVK,2014,European Union,import share,75.3,% of total imports,"Eurostat, ext_lt_intratrd (Intra and Extra-EU trade by Member State and by product group), sitc06=TOTAL, partner=EU27_2020",2026-08-06
SVK,2015,European Union,import share,77.5,% of total imports,"Eurostat, ext_lt_intratrd (Intra and Extra-EU trade by Member State and by product group), sitc06=TOTAL, partner=EU27_2020",2026-08-06
SVK,2016,European Union,import share,78.8,% of total imports,"Eurostat, ext_lt_intratrd (Intra and Extra-EU trade by Member State and by product group), sitc06=TOTAL, partner=EU27_2020",2026-08-06
SVK,2017,European Union,import share,78.6,% of total imports,"Eurostat, ext_lt_intratrd (Intra and Extra-EU trade by Member State and by product group), sitc06=TOTAL, partner=EU27_2020",2026-08-06
SVK,2018,European Union,import share,78.5,% of total imports,"Eurostat, ext_lt_intratrd (Intra and Extra-EU trade by Member State and by product group), sitc06=TOTAL, partner=EU27_2020",2026-08-06
SVK,2019,European Union,import share,78.9,% of total imports,"Eurostat, ext_lt_intratrd (Intra and Extra-EU trade by Member State and by product group), sitc06=TOTAL, partner=EU27_2020",2026-08-06
SVK,2020,European Union,import share,80.3,% of total imports,"Eurostat, ext_lt_intratrd (Intra and Extra-EU trade by Member State and by product group), sitc06=TOTAL, partner=EU27_2020",2026-08-06
SVK,2021,European Union,import share,78.2,% of total imports,"Eurostat, ext_lt_intratrd (Intra and Extra-EU trade by Member State and by product group), sitc06=TOTAL, partner=EU27_2020",2026-08-06
SVK,2022,European Union,import share,76.8,% of total imports,"Eurostat, ext_lt_intratrd (Intra and Extra-EU trade by Member State and by product group), sitc06=TOTAL, partner=EU27_2020",2026-08-06
SVK,2023,European Union,import share,79.4,% of total imports,"Eurostat, ext_lt_intratrd (Intra and Extra-EU trade by Member State and by product group), sitc06=TOTAL, partner=EU27_2020",2026-08-06
SVK,2024,European Union,import share,80.0,% of total imports,"Eurostat, ext_lt_intratrd (Intra and Extra-EU trade by Member State and by product group), sitc06=TOTAL, partner=EU27_2020",2026-08-06
SVK,2025,European Union,import share,80.7,% of total imports,"Eurostat, ext_lt_intratrd (Intra and Extra-EU trade by Member State and by product group), sitc06=TOTAL, partner=EU27_2020",2026-08-06
SVN,2002,European Union,export share,74.9,% of total exports,"Eurostat, ext_lt_intratrd (Intra and Extra-EU trade by Member State and by product group), sitc06=TOTAL, partner=EU27_2020",2026-08-06
SVN,2003,European Union,export share,74.9,% of total exports,"Eurostat, ext_lt_intratrd (Intra and Extra-EU trade by Member State and by product group), sitc06=TOTAL, partner=EU27_2020",2026-08-06
SVN,2004,European Union,export share,74.5,% of total exports,"Eurostat, ext_lt_intratrd (Intra and Extra-EU trade by Member State and by product group), sitc06=TOTAL, partner=EU27_2020",2026-08-06
SVN,2005,European Union,export share,74.9,% of total exports,"Eurostat, ext_lt_intratrd (Intra and Extra-EU trade by Member State and by product group), sitc06=TOTAL, partner=EU27_2020",2026-08-06
SVN,2006,European Union,export share,74.6,% of total exports,"Eurostat, ext_lt_intratrd (Intra and Extra-EU trade by Member State and by product group), sitc06=TOTAL, partner=EU27_2020",2026-08-06
SVN,2007,European Union,export share,74.9,% of total exports,"Eurostat, ext_lt_intratrd (Intra and Extra-EU trade by Member State and by product group), sitc06=TOTAL, partner=EU27_2020",2026-08-06
SVN,2008,European Union,export share,74.3,% of total exports,"Eurostat, ext_lt_intratrd (Intra and Extra-EU trade by Member State and by product group), sitc06=TOTAL, partner=EU27_2020",2026-08-06
SVN,2009,European Union,export share,74.9,% of total exports,"Eurostat, ext_lt_intratrd (Intra and Extra-EU trade by Member State and by product group), sitc06=TOTAL, partner=EU27_2020",2026-08-06
SVN,2010,European Union,export share,75.5,% of total exports,"Eurostat, ext_lt_intratrd (Intra and Extra-EU trade by Member State and by product group), sitc06=TOTAL, partner=EU27_2020",2026-08-06
SVN,2011,European Union,export share,75.3,% of total exports,"Eurostat, ext_lt_intratrd (Intra and Extra-EU trade by Member State and by product group), sitc06=TOTAL, partner=EU27_2020",2026-08-06
SVN,2012,European Union,export share,73.2,% of total exports,"Eurostat, ext_lt_intratrd (Intra and Extra-EU trade by Member State and by product group), sitc06=TOTAL, partner=EU27_2020",2026-08-06
SVN,2013,European Union,export share,73.1,% of total exports,"Eurostat, ext_lt_intratrd (Intra and Extra-EU trade by Member State and by product group), sitc06=TOTAL, partner=EU27_2020",2026-08-06
SVN,2014,European Union,export share,73.5,% of total exports,"Eurostat, ext_lt_intratrd (Intra and Extra-EU trade by Member State and by product group), sitc06=TOTAL, partner=EU27_2020",2026-08-06
SVN,2015,European Union,export share,74.1,% of total exports,"Eurostat, ext_lt_intratrd (Intra and Extra-EU trade by Member State and by product group), sitc06=TOTAL, partner=EU27_2020",2026-08-06
SVN,2016,European Union,export share,73.4,% of total exports,"Eurostat, ext_lt_intratrd (Intra and Extra-EU trade by Member State and by product group), sitc06=TOTAL, partner=EU27_2020",2026-08-06
SVN,2017,European Union,export share,74.0,% of total exports,"Eurostat, ext_lt_intratrd (Intra and Extra-EU trade by Member State and by product group), sitc06=TOTAL, partner=EU27_2020",2026-08-06
SVN,2018,European Union,export share,74.6,% of total exports,"Eurostat, ext_lt_intratrd (Intra and Extra-EU trade by Member State and by product group), sitc06=TOTAL, partner=EU27_2020",2026-08-06
SVN,2019,European Union,export share,72.0,% of total exports,"Eurostat, ext_lt_intratrd (Intra and Extra-EU trade by Member State and by product group), sitc06=TOTAL, partner=EU27_2020",2026-08-06
SVN,2020,European Union,export share,67.3,% of total exports,"Eurostat, ext_lt_intratrd (Intra and Extra-EU trade by Member State and by product group), sitc06=TOTAL, partner=EU27_2020",2026-08-06
SVN,2021,European Union,export share,67.7,% of total exports,"Eurostat, ext_lt_intratrd (Intra and Extra-EU trade by Member State and by product group), sitc06=TOTAL, partner=EU27_2020",2026-08-06
SVN,2022,European Union,export share,62.9,% of total exports,"Eurostat, ext_lt_intratrd (Intra and Extra-EU trade by Member State and by product group), sitc06=TOTAL, partner=EU27_2020",2026-08-06
SVN,2023,European Union,export share,58.8,% of total exports,"Eurostat, ext_lt_intratrd (Intra and Extra-EU trade by Member State and by product group), sitc06=TOTAL, partner=EU27_2020",2026-08-06
SVN,2024,European Union,export share,55.5,% of total exports,"Eurostat, ext_lt_intratrd (Intra and Extra-EU trade by Member State and by product group), sitc06=TOTAL, partner=EU27_2020",2026-08-06
SVN,2025,European Union,export share,49.2,% of total exports,"Eurostat, ext_lt_intratrd (Intra and Extra-EU trade by Member State and by product group), sitc06=TOTAL, partner=EU27_2020",2026-08-06
SVN,2002,European Union,import share,78.7,% of total imports,"Eurostat, ext_lt_intratrd (Intra and Extra-EU trade by Member State and by product group), sitc06=TOTAL, partner=EU27_2020",2026-08-06
SVN,2003,European Union,import share,78.1,% of total imports,"Eurostat, ext_lt_intratrd (Intra and Extra-EU trade by Member State and by product group), sitc06=TOTAL, partner=EU27_2020",2026-08-06
SVN,2004,European Union,import share,84.0,% of total imports,"Eurostat, ext_lt_intratrd (Intra and Extra-EU trade by Member State and by product group), sitc06=TOTAL, partner=EU27_2020",2026-08-06
SVN,2005,European Union,import share,82.1,% of total imports,"Eurostat, ext_lt_intratrd (Intra and Extra-EU trade by Member State and by product group), sitc06=TOTAL, partner=EU27_2020",2026-08-06
SVN,2006,European Union,import share,80.8,% of total imports,"Eurostat, ext_lt_intratrd (Intra and Extra-EU trade by Member State and by product group), sitc06=TOTAL, partner=EU27_2020",2026-08-06
SVN,2007,European Union,import share,76.9,% of total imports,"Eurostat, ext_lt_intratrd (Intra and Extra-EU trade by Member State and by product group), sitc06=TOTAL, partner=EU27_2020",2026-08-06
SVN,2008,European Union,import share,74.1,% of total imports,"Eurostat, ext_lt_intratrd (Intra and Extra-EU trade by Member State and by product group), sitc06=TOTAL, partner=EU27_2020",2026-08-06
SVN,2009,European Union,import share,74.1,% of total imports,"Eurostat, ext_lt_intratrd (Intra and Extra-EU trade by Member State and by product group), sitc06=TOTAL, partner=EU27_2020",2026-08-06
SVN,2010,European Union,import share,71.4,% of total imports,"Eurostat, ext_lt_intratrd (Intra and Extra-EU trade by Member State and by product group), sitc06=TOTAL, partner=EU27_2020",2026-08-06
SVN,2011,European Union,import share,70.8,% of total imports,"Eurostat, ext_lt_intratrd (Intra and Extra-EU trade by Member State and by product group), sitc06=TOTAL, partner=EU27_2020",2026-08-06
SVN,2012,European Union,import share,70.8,% of total imports,"Eurostat, ext_lt_intratrd (Intra and Extra-EU trade by Member State and by product group), sitc06=TOTAL, partner=EU27_2020",2026-08-06
SVN,2013,European Union,import share,68.5,% of total imports,"Eurostat, ext_lt_intratrd (Intra and Extra-EU trade by Member State and by product group), sitc06=TOTAL, partner=EU27_2020",2026-08-06
SVN,2014,European Union,import share,67.9,% of total imports,"Eurostat, ext_lt_intratrd (Intra and Extra-EU trade by Member State and by product group), sitc06=TOTAL, partner=EU27_2020",2026-08-06
SVN,2015,European Union,import share,68.7,% of total imports,"Eurostat, ext_lt_intratrd (Intra and Extra-EU trade by Member State and by product group), sitc06=TOTAL, partner=EU27_2020",2026-08-06
SVN,2016,European Union,import share,69.6,% of total imports,"Eurostat, ext_lt_intratrd (Intra and Extra-EU trade by Member State and by product group), sitc06=TOTAL, partner=EU27_2020",2026-08-06
SVN,2017,European Union,import share,68.2,% of total imports,"Eurostat, ext_lt_intratrd (Intra and Extra-EU trade by Member State and by product group), sitc06=TOTAL, partner=EU27_2020",2026-08-06
SVN,2018,European Union,import share,66.0,% of total imports,"Eurostat, ext_lt_intratrd (Intra and Extra-EU trade by Member State and by product group), sitc06=TOTAL, partner=EU27_2020",2026-08-06
SVN,2019,European Union,import share,62.2,% of total imports,"Eurostat, ext_lt_intratrd (Intra and Extra-EU trade by Member State and by product group), sitc06=TOTAL, partner=EU27_2020",2026-08-06
SVN,2020,European Union,import share,58.7,% of total imports,"Eurostat, ext_lt_intratrd (Intra and Extra-EU trade by Member State and by product group), sitc06=TOTAL, partner=EU27_2020",2026-08-06
SVN,2021,European Union,import share,56.0,% of total imports,"Eurostat, ext_lt_intratrd (Intra and Extra-EU trade by Member State and by product group), sitc06=TOTAL, partner=EU27_2020",2026-08-06
SVN,2022,European Union,import share,51.9,% of total imports,"Eurostat, ext_lt_intratrd (Intra and Extra-EU trade by Member State and by product group), sitc06=TOTAL, partner=EU27_2020",2026-08-06
SVN,2023,European Union,import share,48.7,% of total imports,"Eurostat, ext_lt_intratrd (Intra and Extra-EU trade by Member State and by product group), sitc06=TOTAL, partner=EU27_2020",2026-08-06
SVN,2024,European Union,import share,41.6,% of total imports,"Eurostat, ext_lt_intratrd (Intra and Extra-EU trade by Member State and by product group), sitc06=TOTAL, partner=EU27_2020",2026-08-06
SVN,2025,European Union,import share,41.6,% of total imports,"Eurostat, ext_lt_intratrd (Intra and Extra-EU trade by Member State and by product group), sitc06=TOTAL, partner=EU27_2020",2026-08-06
SWE,2002,European Union,export share,50.6,% of total exports,"Eurostat, ext_lt_intratrd (Intra and Extra-EU trade by Member State and by product group), sitc06=TOTAL, partner=EU27_2020",2026-08-06
SWE,2003,European Union,export share,51.2,% of total exports,"Eurostat, ext_lt_intratrd (Intra and Extra-EU trade by Member State and by product group), sitc06=TOTAL, partner=EU27_2020",2026-08-06
SWE,2004,European Union,export share,51.5,% of total exports,"Eurostat, ext_lt_intratrd (Intra and Extra-EU trade by Member State and by product group), sitc06=TOTAL, partner=EU27_2020",2026-08-06
SWE,2005,European Union,export share,51.4,% of total exports,"Eurostat, ext_lt_intratrd (Intra and Extra-EU trade by Member State and by product group), sitc06=TOTAL, partner=EU27_2020",2026-08-06
SWE,2006,European Union,export share,53.1,% of total exports,"Eurostat, ext_lt_intratrd (Intra and Extra-EU trade by Member State and by product group), sitc06=TOTAL, partner=EU27_2020",2026-08-06
SWE,2007,European Union,export share,54.1,% of total exports,"Eurostat, ext_lt_intratrd (Intra and Extra-EU trade by Member State and by product group), sitc06=TOTAL, partner=EU27_2020",2026-08-06
SWE,2008,European Union,export share,52.8,% of total exports,"Eurostat, ext_lt_intratrd (Intra and Extra-EU trade by Member State and by product group), sitc06=TOTAL, partner=EU27_2020",2026-08-06
SWE,2009,European Union,export share,51.1,% of total exports,"Eurostat, ext_lt_intratrd (Intra and Extra-EU trade by Member State and by product group), sitc06=TOTAL, partner=EU27_2020",2026-08-06
SWE,2010,European Union,export share,49.8,% of total exports,"Eurostat, ext_lt_intratrd (Intra and Extra-EU trade by Member State and by product group), sitc06=TOTAL, partner=EU27_2020",2026-08-06
SWE,2011,European Union,export share,49.1,% of total exports,"Eurostat, ext_lt_intratrd (Intra and Extra-EU trade by Member State and by product group), sitc06=TOTAL, partner=EU27_2020",2026-08-06
SWE,2012,European Union,export share,49.3,% of total exports,"Eurostat, ext_lt_intratrd (Intra and Extra-EU trade by Member State and by product group), sitc06=TOTAL, partner=EU27_2020",2026-08-06
SWE,2013,European Union,export share,51.2,% of total exports,"Eurostat, ext_lt_intratrd (Intra and Extra-EU trade by Member State and by product group), sitc06=TOTAL, partner=EU27_2020",2026-08-06
SWE,2014,European Union,export share,51.3,% of total exports,"Eurostat, ext_lt_intratrd (Intra and Extra-EU trade by Member State and by product group), sitc06=TOTAL, partner=EU27_2020",2026-08-06
SWE,2015,European Union,export share,51.3,% of total exports,"Eurostat, ext_lt_intratrd (Intra and Extra-EU trade by Member State and by product group), sitc06=TOTAL, partner=EU27_2020",2026-08-06
SWE,2016,European Union,export share,53.1,% of total exports,"Eurostat, ext_lt_intratrd (Intra and Extra-EU trade by Member State and by product group), sitc06=TOTAL, partner=EU27_2020",2026-08-06
SWE,2017,European Union,export share,52.9,% of total exports,"Eurostat, ext_lt_intratrd (Intra and Extra-EU trade by Member State and by product group), sitc06=TOTAL, partner=EU27_2020",2026-08-06
SWE,2018,European Union,export share,53.8,% of total exports,"Eurostat, ext_lt_intratrd (Intra and Extra-EU trade by Member State and by product group), sitc06=TOTAL, partner=EU27_2020",2026-08-06
SWE,2019,European Union,export share,52.5,% of total exports,"Eurostat, ext_lt_intratrd (Intra and Extra-EU trade by Member State and by product group), sitc06=TOTAL, partner=EU27_2020",2026-08-06
SWE,2020,European Union,export share,52.2,% of total exports,"Eurostat, ext_lt_intratrd (Intra and Extra-EU trade by Member State and by product group), sitc06=TOTAL, partner=EU27_2020",2026-08-06
SWE,2021,European Union,export share,53.7,% of total exports,"Eurostat, ext_lt_intratrd (Intra and Extra-EU trade by Member State and by product group), sitc06=TOTAL, partner=EU27_2020",2026-08-06
SWE,2022,European Union,export share,54.0,% of total exports,"Eurostat, ext_lt_intratrd (Intra and Extra-EU trade by Member State and by product group), sitc06=TOTAL, partner=EU27_2020",2026-08-06
SWE,2023,European Union,export share,55.0,% of total exports,"Eurostat, ext_lt_intratrd (Intra and Extra-EU trade by Member State and by product group), sitc06=TOTAL, partner=EU27_2020",2026-08-06
SWE,2024,European Union,export share,54.0,% of total exports,"Eurostat, ext_lt_intratrd (Intra and Extra-EU trade by Member State and by product group), sitc06=TOTAL, partner=EU27_2020",2026-08-06
SWE,2025,European Union,export share,54.4,% of total exports,"Eurostat, ext_lt_intratrd (Intra and Extra-EU trade by Member State and by product group), sitc06=TOTAL, partner=EU27_2020",2026-08-06
SWE,2002,European Union,import share,63.0,% of total imports,"Eurostat, ext_lt_intratrd (Intra and Extra-EU trade by Member State and by product group), sitc06=TOTAL, partner=EU27_2020",2026-08-06
SWE,2003,European Union,import share,64.3,% of total imports,"Eurostat, ext_lt_intratrd (Intra and Extra-EU trade by Member State and by product group), sitc06=TOTAL, partner=EU27_2020",2026-08-06
SWE,2004,European Union,import share,65.1,% of total imports,"Eurostat, ext_lt_intratrd (Intra and Extra-EU trade by Member State and by product group), sitc06=TOTAL, partner=EU27_2020",2026-08-06
SWE,2005,European Union,import share,63.6,% of total imports,"Eurostat, ext_lt_intratrd (Intra and Extra-EU trade by Member State and by product group), sitc06=TOTAL, partner=EU27_2020",2026-08-06
SWE,2006,European Union,import share,63.3,% of total imports,"Eurostat, ext_lt_intratrd (Intra and Extra-EU trade by Member State and by product group), sitc06=TOTAL, partner=EU27_2020",2026-08-06
SWE,2007,European Union,import share,63.8,% of total imports,"Eurostat, ext_lt_intratrd (Intra and Extra-EU trade by Member State and by product group), sitc06=TOTAL, partner=EU27_2020",2026-08-06
SWE,2008,European Union,import share,62.9,% of total imports,"Eurostat, ext_lt_intratrd (Intra and Extra-EU trade by Member State and by product group), sitc06=TOTAL, partner=EU27_2020",2026-08-06
SWE,2009,European Union,import share,62.4,% of total imports,"Eurostat, ext_lt_intratrd (Intra and Extra-EU trade by Member State and by product group), sitc06=TOTAL, partner=EU27_2020",2026-08-06
SWE,2010,European Union,import share,61.5,% of total imports,"Eurostat, ext_lt_intratrd (Intra and Extra-EU trade by Member State and by product group), sitc06=TOTAL, partner=EU27_2020",2026-08-06
SWE,2011,European Union,import share,62.4,% of total imports,"Eurostat, ext_lt_intratrd (Intra and Extra-EU trade by Member State and by product group), sitc06=TOTAL, partner=EU27_2020",2026-08-06
SWE,2012,European Union,import share,60.8,% of total imports,"Eurostat, ext_lt_intratrd (Intra and Extra-EU trade by Member State and by product group), sitc06=TOTAL, partner=EU27_2020",2026-08-06
SWE,2013,European Union,import share,62.9,% of total imports,"Eurostat, ext_lt_intratrd (Intra and Extra-EU trade by Member State and by product group), sitc06=TOTAL, partner=EU27_2020",2026-08-06
SWE,2014,European Union,import share,62.6,% of total imports,"Eurostat, ext_lt_intratrd (Intra and Extra-EU trade by Member State and by product group), sitc06=TOTAL, partner=EU27_2020",2026-08-06
SWE,2015,European Union,import share,64.5,% of total imports,"Eurostat, ext_lt_intratrd (Intra and Extra-EU trade by Member State and by product group), sitc06=TOTAL, partner=EU27_2020",2026-08-06
SWE,2016,European Union,import share,65.9,% of total imports,"Eurostat, ext_lt_intratrd (Intra and Extra-EU trade by Member State and by product group), sitc06=TOTAL, partner=EU27_2020",2026-08-06
SWE,2017,European Union,import share,66.4,% of total imports,"Eurostat, ext_lt_intratrd (Intra and Extra-EU trade by Member State and by product group), sitc06=TOTAL, partner=EU27_2020",2026-08-06
SWE,2018,European Union,import share,65.0,% of total imports,"Eurostat, ext_lt_intratrd (Intra and Extra-EU trade by Member State and by product group), sitc06=TOTAL, partner=EU27_2020",2026-08-06
SWE,2019,European Union,import share,65.5,% of total imports,"Eurostat, ext_lt_intratrd (Intra and Extra-EU trade by Member State and by product group), sitc06=TOTAL, partner=EU27_2020",2026-08-06
SWE,2020,European Union,import share,67.8,% of total imports,"Eurostat, ext_lt_intratrd (Intra and Extra-EU trade by Member State and by product group), sitc06=TOTAL, partner=EU27_2020",2026-08-06
SWE,2021,European Union,import share,66.4,% of total imports,"Eurostat, ext_lt_intratrd (Intra and Extra-EU trade by Member State and by product group), sitc06=TOTAL, partner=EU27_2020",2026-08-06
SWE,2022,European Union,import share,63.4,% of total imports,"Eurostat, ext_lt_intratrd (Intra and Extra-EU trade by Member State and by product group), sitc06=TOTAL, partner=EU27_2020",2026-08-06
SWE,2023,European Union,import share,67.3,% of total imports,"Eurostat, ext_lt_intratrd (Intra and Extra-EU trade by Member State and by product group), sitc06=TOTAL, partner=EU27_2020",2026-08-06
SWE,2024,European Union,import share,66.8,% of total imports,"Eurostat, ext_lt_intratrd (Intra and Extra-EU trade by Member State and by product group), sitc06=TOTAL, partner=EU27_2020",2026-08-06
SWE,2025,European Union,import share,67.4,% of total imports,"Eurostat, ext_lt_intratrd (Intra and Extra-EU trade by Member State and by product group), sitc06=TOTAL, partner=EU27_2020",2026-08-06
