iso3,country,indicator_code,indicator_name,unit,year,value,source,retrieved
AUT,Austria,EUROSTAT.EARN_NT_NET,"Annual net earnings, single person without children at 100% of average wage",EUR,2000,20525.86,Eurostat earn_nt_net,2026-08-02
AUT,Austria,EUROSTAT.EARN_NT_NET,"Annual net earnings, single person without children at 100% of average wage",EUR,2001,20773.99,Eurostat earn_nt_net,2026-08-02
AUT,Austria,EUROSTAT.EARN_NT_NET,"Annual net earnings, single person without children at 100% of average wage",EUR,2002,21179.51,Eurostat earn_nt_net,2026-08-02
AUT,Austria,EUROSTAT.EARN_NT_NET,"Annual net earnings, single person without children at 100% of average wage",EUR,2003,21956.82,Eurostat earn_nt_net,2026-08-02
AUT,Austria,EUROSTAT.EARN_NT_NET,"Annual net earnings, single person without children at 100% of average wage",EUR,2004,22004.46,Eurostat earn_nt_net,2026-08-02
AUT,Austria,EUROSTAT.EARN_NT_NET,"Annual net earnings, single person without children at 100% of average wage",EUR,2005,22783.76,Eurostat earn_nt_net,2026-08-02
AUT,Austria,EUROSTAT.EARN_NT_NET,"Annual net earnings, single person without children at 100% of average wage",EUR,2006,23391.46,Eurostat earn_nt_net,2026-08-02
AUT,Austria,EUROSTAT.EARN_NT_NET,"Annual net earnings, single person without children at 100% of average wage",EUR,2007,23970.23,Eurostat earn_nt_net,2026-08-02
AUT,Austria,EUROSTAT.EARN_NT_NET,"Annual net earnings, single person without children at 100% of average wage",EUR,2008,24492.09,Eurostat earn_nt_net,2026-08-02
AUT,Austria,EUROSTAT.EARN_NT_NET,"Annual net earnings, single person without children at 100% of average wage",EUR,2009,25427.88,Eurostat earn_nt_net,2026-08-02
AUT,Austria,EUROSTAT.EARN_NT_NET,"Annual net earnings, single person without children at 100% of average wage",EUR,2010,25770.16,Eurostat earn_nt_net,2026-08-02
AUT,Austria,EUROSTAT.EARN_NT_NET,"Annual net earnings, single person without children at 100% of average wage",EUR,2011,26375.67,Eurostat earn_nt_net,2026-08-02
AUT,Austria,EUROSTAT.EARN_NT_NET,"Annual net earnings, single person without children at 100% of average wage",EUR,2012,26893.06,Eurostat earn_nt_net,2026-08-02
AUT,Austria,EUROSTAT.EARN_NT_NET,"Annual net earnings, single person without children at 100% of average wage",EUR,2013,27520.54,Eurostat earn_nt_net,2026-08-02
AUT,Austria,EUROSTAT.EARN_NT_NET,"Annual net earnings, single person without children at 100% of average wage",EUR,2014,27965.34,Eurostat earn_nt_net,2026-08-02
AUT,Austria,EUROSTAT.EARN_NT_NET,"Annual net earnings, single person without children at 100% of average wage",EUR,2015,28524.14,Eurostat earn_nt_net,2026-08-02
AUT,Austria,EUROSTAT.EARN_NT_NET,"Annual net earnings, single person without children at 100% of average wage",EUR,2016,30601.53,Eurostat earn_nt_net,2026-08-02
AUT,Austria,EUROSTAT.EARN_NT_NET,"Annual net earnings, single person without children at 100% of average wage",EUR,2017,31083.14,Eurostat earn_nt_net,2026-08-02
AUT,Austria,EUROSTAT.EARN_NT_NET,"Annual net earnings, single person without children at 100% of average wage",EUR,2018,31640.93,Eurostat earn_nt_net,2026-08-02
AUT,Austria,EUROSTAT.EARN_NT_NET,"Annual net earnings, single person without children at 100% of average wage",EUR,2019,32325.12,Eurostat earn_nt_net,2026-08-02
AUT,Austria,EUROSTAT.EARN_NT_NET,"Annual net earnings, single person without children at 100% of average wage",EUR,2020,33032.37,Eurostat earn_nt_net,2026-08-02
AUT,Austria,EUROSTAT.EARN_NT_NET,"Annual net earnings, single person without children at 100% of average wage",EUR,2021,33712.20,Eurostat earn_nt_net,2026-08-02
AUT,Austria,EUROSTAT.EARN_NT_NET,"Annual net earnings, single person without children at 100% of average wage",EUR,2022,36075.61,Eurostat earn_nt_net,2026-08-02
AUT,Austria,EUROSTAT.EARN_NT_NET,"Annual net earnings, single person without children at 100% of average wage",EUR,2023,38375.91,Eurostat earn_nt_net,2026-08-02
AUT,Austria,EUROSTAT.EARN_NT_NET,"Annual net earnings, single person without children at 100% of average wage",EUR,2024,35823.61,Eurostat earn_nt_net,2026-08-02
AUT,Austria,EUROSTAT.EARN_NT_NET,"Annual net earnings, single person without children at 100% of average wage",EUR,2025,36797.90,Eurostat earn_nt_net,2026-08-02
BEL,Belgium,EUROSTAT.EARN_NT_NET,"Annual net earnings, single person without children at 100% of average wage",EUR,2000,18034.69,Eurostat earn_nt_net,2026-08-02
BEL,Belgium,EUROSTAT.EARN_NT_NET,"Annual net earnings, single person without children at 100% of average wage",EUR,2001,18884.08,Eurostat earn_nt_net,2026-08-02
BEL,Belgium,EUROSTAT.EARN_NT_NET,"Annual net earnings, single person without children at 100% of average wage",EUR,2002,19686.29,Eurostat earn_nt_net,2026-08-02
BEL,Belgium,EUROSTAT.EARN_NT_NET,"Annual net earnings, single person without children at 100% of average wage",EUR,2003,20097.88,Eurostat earn_nt_net,2026-08-02
BEL,Belgium,EUROSTAT.EARN_NT_NET,"Annual net earnings, single person without children at 100% of average wage",EUR,2004,20739.41,Eurostat earn_nt_net,2026-08-02
BEL,Belgium,EUROSTAT.EARN_NT_NET,"Annual net earnings, single person without children at 100% of average wage",EUR,2005,21273.34,Eurostat earn_nt_net,2026-08-02
BEL,Belgium,EUROSTAT.EARN_NT_NET,"Annual net earnings, single person without children at 100% of average wage",EUR,2006,21880.46,Eurostat earn_nt_net,2026-08-02
BEL,Belgium,EUROSTAT.EARN_NT_NET,"Annual net earnings, single person without children at 100% of average wage",EUR,2007,22396.96,Eurostat earn_nt_net,2026-08-02
BEL,Belgium,EUROSTAT.EARN_NT_NET,"Annual net earnings, single person without children at 100% of average wage",EUR,2008,23405.30,Eurostat earn_nt_net,2026-08-02
BEL,Belgium,EUROSTAT.EARN_NT_NET,"Annual net earnings, single person without children at 100% of average wage",EUR,2009,24323.59,Eurostat earn_nt_net,2026-08-02
BEL,Belgium,EUROSTAT.EARN_NT_NET,"Annual net earnings, single person without children at 100% of average wage",EUR,2010,24873.45,Eurostat earn_nt_net,2026-08-02
BEL,Belgium,EUROSTAT.EARN_NT_NET,"Annual net earnings, single person without children at 100% of average wage",EUR,2011,25519.86,Eurostat earn_nt_net,2026-08-02
BEL,Belgium,EUROSTAT.EARN_NT_NET,"Annual net earnings, single person without children at 100% of average wage",EUR,2012,26287.51,Eurostat earn_nt_net,2026-08-02
BEL,Belgium,EUROSTAT.EARN_NT_NET,"Annual net earnings, single person without children at 100% of average wage",EUR,2013,26609.37,Eurostat earn_nt_net,2026-08-02
BEL,Belgium,EUROSTAT.EARN_NT_NET,"Annual net earnings, single person without children at 100% of average wage",EUR,2014,26775.94,Eurostat earn_nt_net,2026-08-02
BEL,Belgium,EUROSTAT.EARN_NT_NET,"Annual net earnings, single person without children at 100% of average wage",EUR,2015,26953.59,Eurostat earn_nt_net,2026-08-02
BEL,Belgium,EUROSTAT.EARN_NT_NET,"Annual net earnings, single person without children at 100% of average wage",EUR,2016,27574.37,Eurostat earn_nt_net,2026-08-02
BEL,Belgium,EUROSTAT.EARN_NT_NET,"Annual net earnings, single person without children at 100% of average wage",EUR,2017,28238.77,Eurostat earn_nt_net,2026-08-02
BEL,Belgium,EUROSTAT.EARN_NT_NET,"Annual net earnings, single person without children at 100% of average wage",EUR,2018,29240.96,Eurostat earn_nt_net,2026-08-02
BEL,Belgium,EUROSTAT.EARN_NT_NET,"Annual net earnings, single person without children at 100% of average wage",EUR,2019,30188.71,Eurostat earn_nt_net,2026-08-02
BEL,Belgium,EUROSTAT.EARN_NT_NET,"Annual net earnings, single person without children at 100% of average wage",EUR,2020,30539.81,Eurostat earn_nt_net,2026-08-02
BEL,Belgium,EUROSTAT.EARN_NT_NET,"Annual net earnings, single person without children at 100% of average wage",EUR,2021,31063.95,Eurostat earn_nt_net,2026-08-02
BEL,Belgium,EUROSTAT.EARN_NT_NET,"Annual net earnings, single person without children at 100% of average wage",EUR,2022,32889.21,Eurostat earn_nt_net,2026-08-02
BEL,Belgium,EUROSTAT.EARN_NT_NET,"Annual net earnings, single person without children at 100% of average wage",EUR,2023,35438.98,Eurostat earn_nt_net,2026-08-02
BEL,Belgium,EUROSTAT.EARN_NT_NET,"Annual net earnings, single person without children at 100% of average wage",EUR,2024,33481.07,Eurostat earn_nt_net,2026-08-02
BEL,Belgium,EUROSTAT.EARN_NT_NET,"Annual net earnings, single person without children at 100% of average wage",EUR,2025,34642.30,Eurostat earn_nt_net,2026-08-02
BGR,Bulgaria,EUROSTAT.EARN_NT_NET,"Annual net earnings, single person without children at 100% of average wage",EUR,2008,2605.86,Eurostat earn_nt_net,2026-08-02
BGR,Bulgaria,EUROSTAT.EARN_NT_NET,"Annual net earnings, single person without children at 100% of average wage",EUR,2009,2951.32,Eurostat earn_nt_net,2026-08-02
BGR,Bulgaria,EUROSTAT.EARN_NT_NET,"Annual net earnings, single person without children at 100% of average wage",EUR,2010,3202.29,Eurostat earn_nt_net,2026-08-02
BGR,Bulgaria,EUROSTAT.EARN_NT_NET,"Annual net earnings, single person without children at 100% of average wage",EUR,2011,3396.39,Eurostat earn_nt_net,2026-08-02
BGR,Bulgaria,EUROSTAT.EARN_NT_NET,"Annual net earnings, single person without children at 100% of average wage",EUR,2012,3598.40,Eurostat earn_nt_net,2026-08-02
BGR,Bulgaria,EUROSTAT.EARN_NT_NET,"Annual net earnings, single person without children at 100% of average wage",EUR,2013,3798.00,Eurostat earn_nt_net,2026-08-02
BGR,Bulgaria,EUROSTAT.EARN_NT_NET,"Annual net earnings, single person without children at 100% of average wage",EUR,2014,4033.67,Eurostat earn_nt_net,2026-08-02
BGR,Bulgaria,EUROSTAT.EARN_NT_NET,"Annual net earnings, single person without children at 100% of average wage",EUR,2015,4339.08,Eurostat earn_nt_net,2026-08-02
BGR,Bulgaria,EUROSTAT.EARN_NT_NET,"Annual net earnings, single person without children at 100% of average wage",EUR,2016,4688.98,Eurostat earn_nt_net,2026-08-02
BGR,Bulgaria,EUROSTAT.EARN_NT_NET,"Annual net earnings, single person without children at 100% of average wage",EUR,2017,5132.66,Eurostat earn_nt_net,2026-08-02
BGR,Bulgaria,EUROSTAT.EARN_NT_NET,"Annual net earnings, single person without children at 100% of average wage",EUR,2018,5447.01,Eurostat earn_nt_net,2026-08-02
BGR,Bulgaria,EUROSTAT.EARN_NT_NET,"Annual net earnings, single person without children at 100% of average wage",EUR,2019,6092.92,Eurostat earn_nt_net,2026-08-02
BGR,Bulgaria,EUROSTAT.EARN_NT_NET,"Annual net earnings, single person without children at 100% of average wage",EUR,2020,6612.67,Eurostat earn_nt_net,2026-08-02
BGR,Bulgaria,EUROSTAT.EARN_NT_NET,"Annual net earnings, single person without children at 100% of average wage",EUR,2021,7456.56,Eurostat earn_nt_net,2026-08-02
BGR,Bulgaria,EUROSTAT.EARN_NT_NET,"Annual net earnings, single person without children at 100% of average wage",EUR,2022,8569.06,Eurostat earn_nt_net,2026-08-02
BGR,Bulgaria,EUROSTAT.EARN_NT_NET,"Annual net earnings, single person without children at 100% of average wage",EUR,2023,9890.24,Eurostat earn_nt_net,2026-08-02
BGR,Bulgaria,EUROSTAT.EARN_NT_NET,"Annual net earnings, single person without children at 100% of average wage",EUR,2024,11880.67,Eurostat earn_nt_net,2026-08-02
BGR,Bulgaria,EUROSTAT.EARN_NT_NET,"Annual net earnings, single person without children at 100% of average wage",EUR,2025,13016.65,Eurostat earn_nt_net,2026-08-02
CYP,Cyprus,EUROSTAT.EARN_NT_NET,"Annual net earnings, single person without children at 100% of average wage",EUR,2005,15591.75,Eurostat earn_nt_net,2026-08-02
CYP,Cyprus,EUROSTAT.EARN_NT_NET,"Annual net earnings, single person without children at 100% of average wage",EUR,2006,16657.98,Eurostat earn_nt_net,2026-08-02
CYP,Cyprus,EUROSTAT.EARN_NT_NET,"Annual net earnings, single person without children at 100% of average wage",EUR,2007,17572.13,Eurostat earn_nt_net,2026-08-02
CYP,Cyprus,EUROSTAT.EARN_NT_NET,"Annual net earnings, single person without children at 100% of average wage",EUR,2014,19096.46,Eurostat earn_nt_net,2026-08-02
CYP,Cyprus,EUROSTAT.EARN_NT_NET,"Annual net earnings, single person without children at 100% of average wage",EUR,2017,19531.22,Eurostat earn_nt_net,2026-08-02
CYP,Cyprus,EUROSTAT.EARN_NT_NET,"Annual net earnings, single person without children at 100% of average wage",EUR,2018,20026.89,Eurostat earn_nt_net,2026-08-02
CYP,Cyprus,EUROSTAT.EARN_NT_NET,"Annual net earnings, single person without children at 100% of average wage",EUR,2019,20282.76,Eurostat earn_nt_net,2026-08-02
CYP,Cyprus,EUROSTAT.EARN_NT_NET,"Annual net earnings, single person without children at 100% of average wage",EUR,2020,20056.80,Eurostat earn_nt_net,2026-08-02
CYP,Cyprus,EUROSTAT.EARN_NT_NET,"Annual net earnings, single person without children at 100% of average wage",EUR,2021,20459.03,Eurostat earn_nt_net,2026-08-02
CYP,Cyprus,EUROSTAT.EARN_NT_NET,"Annual net earnings, single person without children at 100% of average wage",EUR,2022,22006.36,Eurostat earn_nt_net,2026-08-02
CYP,Cyprus,EUROSTAT.EARN_NT_NET,"Annual net earnings, single person without children at 100% of average wage",EUR,2023,23476.75,Eurostat earn_nt_net,2026-08-02
CYP,Cyprus,EUROSTAT.EARN_NT_NET,"Annual net earnings, single person without children at 100% of average wage",EUR,2024,22844.12,Eurostat earn_nt_net,2026-08-02
CYP,Cyprus,EUROSTAT.EARN_NT_NET,"Annual net earnings, single person without children at 100% of average wage",EUR,2025,23524.01,Eurostat earn_nt_net,2026-08-02
CZE,Czechia,EUROSTAT.EARN_NT_NET,"Annual net earnings, single person without children at 100% of average wage",EUR,2000,3503.73,Eurostat earn_nt_net,2026-08-02
CZE,Czechia,EUROSTAT.EARN_NT_NET,"Annual net earnings, single person without children at 100% of average wage",EUR,2001,3960.76,Eurostat earn_nt_net,2026-08-02
CZE,Czechia,EUROSTAT.EARN_NT_NET,"Annual net earnings, single person without children at 100% of average wage",EUR,2002,4676.61,Eurostat earn_nt_net,2026-08-02
CZE,Czechia,EUROSTAT.EARN_NT_NET,"Annual net earnings, single person without children at 100% of average wage",EUR,2003,4721.51,Eurostat earn_nt_net,2026-08-02
CZE,Czechia,EUROSTAT.EARN_NT_NET,"Annual net earnings, single person without children at 100% of average wage",EUR,2004,4999.03,Eurostat earn_nt_net,2026-08-02
CZE,Czechia,EUROSTAT.EARN_NT_NET,"Annual net earnings, single person without children at 100% of average wage",EUR,2005,5587.37,Eurostat earn_nt_net,2026-08-02
CZE,Czechia,EUROSTAT.EARN_NT_NET,"Annual net earnings, single person without children at 100% of average wage",EUR,2006,6394.53,Eurostat earn_nt_net,2026-08-02
CZE,Czechia,EUROSTAT.EARN_NT_NET,"Annual net earnings, single person without children at 100% of average wage",EUR,2007,6962.34,Eurostat earn_nt_net,2026-08-02
CZE,Czechia,EUROSTAT.EARN_NT_NET,"Annual net earnings, single person without children at 100% of average wage",EUR,2008,8345.91,Eurostat earn_nt_net,2026-08-02
CZE,Czechia,EUROSTAT.EARN_NT_NET,"Annual net earnings, single person without children at 100% of average wage",EUR,2009,8240.09,Eurostat earn_nt_net,2026-08-02
CZE,Czechia,EUROSTAT.EARN_NT_NET,"Annual net earnings, single person without children at 100% of average wage",EUR,2010,8832.96,Eurostat earn_nt_net,2026-08-02
CZE,Czechia,EUROSTAT.EARN_NT_NET,"Annual net earnings, single person without children at 100% of average wage",EUR,2011,9257.22,Eurostat earn_nt_net,2026-08-02
CZE,Czechia,EUROSTAT.EARN_NT_NET,"Annual net earnings, single person without children at 100% of average wage",EUR,2012,9311.44,Eurostat earn_nt_net,2026-08-02
CZE,Czechia,EUROSTAT.EARN_NT_NET,"Annual net earnings, single person without children at 100% of average wage",EUR,2013,8973.79,Eurostat earn_nt_net,2026-08-02
CZE,Czechia,EUROSTAT.EARN_NT_NET,"Annual net earnings, single person without children at 100% of average wage",EUR,2014,8694.95,Eurostat earn_nt_net,2026-08-02
CZE,Czechia,EUROSTAT.EARN_NT_NET,"Annual net earnings, single person without children at 100% of average wage",EUR,2015,9017.25,Eurostat earn_nt_net,2026-08-02
CZE,Czechia,EUROSTAT.EARN_NT_NET,"Annual net earnings, single person without children at 100% of average wage",EUR,2016,9446.75,Eurostat earn_nt_net,2026-08-02
CZE,Czechia,EUROSTAT.EARN_NT_NET,"Annual net earnings, single person without children at 100% of average wage",EUR,2017,10263.30,Eurostat earn_nt_net,2026-08-02
CZE,Czechia,EUROSTAT.EARN_NT_NET,"Annual net earnings, single person without children at 100% of average wage",EUR,2018,11256.33,Eurostat earn_nt_net,2026-08-02
CZE,Czechia,EUROSTAT.EARN_NT_NET,"Annual net earnings, single person without children at 100% of average wage",EUR,2019,11992.68,Eurostat earn_nt_net,2026-08-02
CZE,Czechia,EUROSTAT.EARN_NT_NET,"Annual net earnings, single person without children at 100% of average wage",EUR,2020,11974.40,Eurostat earn_nt_net,2026-08-02
CZE,Czechia,EUROSTAT.EARN_NT_NET,"Annual net earnings, single person without children at 100% of average wage",EUR,2021,13969.74,Eurostat earn_nt_net,2026-08-02
CZE,Czechia,EUROSTAT.EARN_NT_NET,"Annual net earnings, single person without children at 100% of average wage",EUR,2022,15703.05,Eurostat earn_nt_net,2026-08-02
CZE,Czechia,EUROSTAT.EARN_NT_NET,"Annual net earnings, single person without children at 100% of average wage",EUR,2023,17265.60,Eurostat earn_nt_net,2026-08-02
CZE,Czechia,EUROSTAT.EARN_NT_NET,"Annual net earnings, single person without children at 100% of average wage",EUR,2024,18139.73,Eurostat earn_nt_net,2026-08-02
CZE,Czechia,EUROSTAT.EARN_NT_NET,"Annual net earnings, single person without children at 100% of average wage",EUR,2025,19568.67,Eurostat earn_nt_net,2026-08-02
DEU,Germany,EUROSTAT.EARN_NT_NET,"Annual net earnings, single person without children at 100% of average wage",EUR,2000,19538.92,Eurostat earn_nt_net,2026-08-02
DEU,Germany,EUROSTAT.EARN_NT_NET,"Annual net earnings, single person without children at 100% of average wage",EUR,2001,20406.53,Eurostat earn_nt_net,2026-08-02
DEU,Germany,EUROSTAT.EARN_NT_NET,"Annual net earnings, single person without children at 100% of average wage",EUR,2002,20871.73,Eurostat earn_nt_net,2026-08-02
DEU,Germany,EUROSTAT.EARN_NT_NET,"Annual net earnings, single person without children at 100% of average wage",EUR,2003,21067.21,Eurostat earn_nt_net,2026-08-02
DEU,Germany,EUROSTAT.EARN_NT_NET,"Annual net earnings, single person without children at 100% of average wage",EUR,2004,21992.56,Eurostat earn_nt_net,2026-08-02
DEU,Germany,EUROSTAT.EARN_NT_NET,"Annual net earnings, single person without children at 100% of average wage",EUR,2005,22363.10,Eurostat earn_nt_net,2026-08-02
DEU,Germany,EUROSTAT.EARN_NT_NET,"Annual net earnings, single person without children at 100% of average wage",EUR,2006,22504.85,Eurostat earn_nt_net,2026-08-02
DEU,Germany,EUROSTAT.EARN_NT_NET,"Annual net earnings, single person without children at 100% of average wage",EUR,2007,23194.68,Eurostat earn_nt_net,2026-08-02
DEU,Germany,EUROSTAT.EARN_NT_NET,"Annual net earnings, single person without children at 100% of average wage",EUR,2008,23841.50,Eurostat earn_nt_net,2026-08-02
DEU,Germany,EUROSTAT.EARN_NT_NET,"Annual net earnings, single person without children at 100% of average wage",EUR,2009,23870.65,Eurostat earn_nt_net,2026-08-02
DEU,Germany,EUROSTAT.EARN_NT_NET,"Annual net earnings, single person without children at 100% of average wage",EUR,2010,25374.06,Eurostat earn_nt_net,2026-08-02
DEU,Germany,EUROSTAT.EARN_NT_NET,"Annual net earnings, single person without children at 100% of average wage",EUR,2011,26088.04,Eurostat earn_nt_net,2026-08-02
DEU,Germany,EUROSTAT.EARN_NT_NET,"Annual net earnings, single person without children at 100% of average wage",EUR,2012,26729.62,Eurostat earn_nt_net,2026-08-02
DEU,Germany,EUROSTAT.EARN_NT_NET,"Annual net earnings, single person without children at 100% of average wage",EUR,2013,27171.02,Eurostat earn_nt_net,2026-08-02
DEU,Germany,EUROSTAT.EARN_NT_NET,"Annual net earnings, single person without children at 100% of average wage",EUR,2014,27791.42,Eurostat earn_nt_net,2026-08-02
DEU,Germany,EUROSTAT.EARN_NT_NET,"Annual net earnings, single person without children at 100% of average wage",EUR,2015,28410.71,Eurostat earn_nt_net,2026-08-02
DEU,Germany,EUROSTAT.EARN_NT_NET,"Annual net earnings, single person without children at 100% of average wage",EUR,2016,28986.32,Eurostat earn_nt_net,2026-08-02
DEU,Germany,EUROSTAT.EARN_NT_NET,"Annual net earnings, single person without children at 100% of average wage",EUR,2017,29468.63,Eurostat earn_nt_net,2026-08-02
DEU,Germany,EUROSTAT.EARN_NT_NET,"Annual net earnings, single person without children at 100% of average wage",EUR,2018,30419.87,Eurostat earn_nt_net,2026-08-02
DEU,Germany,EUROSTAT.EARN_NT_NET,"Annual net earnings, single person without children at 100% of average wage",EUR,2019,31486.26,Eurostat earn_nt_net,2026-08-02
DEU,Germany,EUROSTAT.EARN_NT_NET,"Annual net earnings, single person without children at 100% of average wage",EUR,2020,31292.95,Eurostat earn_nt_net,2026-08-02
DEU,Germany,EUROSTAT.EARN_NT_NET,"Annual net earnings, single person without children at 100% of average wage",EUR,2021,32850.20,Eurostat earn_nt_net,2026-08-02
DEU,Germany,EUROSTAT.EARN_NT_NET,"Annual net earnings, single person without children at 100% of average wage",EUR,2022,35596.73,Eurostat earn_nt_net,2026-08-02
DEU,Germany,EUROSTAT.EARN_NT_NET,"Annual net earnings, single person without children at 100% of average wage",EUR,2023,37908.41,Eurostat earn_nt_net,2026-08-02
DEU,Germany,EUROSTAT.EARN_NT_NET,"Annual net earnings, single person without children at 100% of average wage",EUR,2024,30145.27,Eurostat earn_nt_net,2026-08-02
DEU,Germany,EUROSTAT.EARN_NT_NET,"Annual net earnings, single person without children at 100% of average wage",EUR,2025,31000.48,Eurostat earn_nt_net,2026-08-02
DNK,Denmark,EUROSTAT.EARN_NT_NET,"Annual net earnings, single person without children at 100% of average wage",EUR,2000,22125.95,Eurostat earn_nt_net,2026-08-02
DNK,Denmark,EUROSTAT.EARN_NT_NET,"Annual net earnings, single person without children at 100% of average wage",EUR,2001,23268.35,Eurostat earn_nt_net,2026-08-02
DNK,Denmark,EUROSTAT.EARN_NT_NET,"Annual net earnings, single person without children at 100% of average wage",EUR,2002,24439.83,Eurostat earn_nt_net,2026-08-02
DNK,Denmark,EUROSTAT.EARN_NT_NET,"Annual net earnings, single person without children at 100% of average wage",EUR,2003,25154.00,Eurostat earn_nt_net,2026-08-02
DNK,Denmark,EUROSTAT.EARN_NT_NET,"Annual net earnings, single person without children at 100% of average wage",EUR,2004,26117.61,Eurostat earn_nt_net,2026-08-02
DNK,Denmark,EUROSTAT.EARN_NT_NET,"Annual net earnings, single person without children at 100% of average wage",EUR,2005,26440.34,Eurostat earn_nt_net,2026-08-02
DNK,Denmark,EUROSTAT.EARN_NT_NET,"Annual net earnings, single person without children at 100% of average wage",EUR,2006,27243.49,Eurostat earn_nt_net,2026-08-02
DNK,Denmark,EUROSTAT.EARN_NT_NET,"Annual net earnings, single person without children at 100% of average wage",EUR,2007,28469.57,Eurostat earn_nt_net,2026-08-02
DNK,Denmark,EUROSTAT.EARN_NT_NET,"Annual net earnings, single person without children at 100% of average wage",EUR,2008,29595.89,Eurostat earn_nt_net,2026-08-02
DNK,Denmark,EUROSTAT.EARN_NT_NET,"Annual net earnings, single person without children at 100% of average wage",EUR,2009,30962.07,Eurostat earn_nt_net,2026-08-02
DNK,Denmark,EUROSTAT.EARN_NT_NET,"Annual net earnings, single person without children at 100% of average wage",EUR,2010,32349.16,Eurostat earn_nt_net,2026-08-02
DNK,Denmark,EUROSTAT.EARN_NT_NET,"Annual net earnings, single person without children at 100% of average wage",EUR,2011,33153.43,Eurostat earn_nt_net,2026-08-02
DNK,Denmark,EUROSTAT.EARN_NT_NET,"Annual net earnings, single person without children at 100% of average wage",EUR,2012,33617.32,Eurostat earn_nt_net,2026-08-02
DNK,Denmark,EUROSTAT.EARN_NT_NET,"Annual net earnings, single person without children at 100% of average wage",EUR,2013,33873.44,Eurostat earn_nt_net,2026-08-02
DNK,Denmark,EUROSTAT.EARN_NT_NET,"Annual net earnings, single person without children at 100% of average wage",EUR,2014,34330.38,Eurostat earn_nt_net,2026-08-02
DNK,Denmark,EUROSTAT.EARN_NT_NET,"Annual net earnings, single person without children at 100% of average wage",EUR,2015,34689.46,Eurostat earn_nt_net,2026-08-02
DNK,Denmark,EUROSTAT.EARN_NT_NET,"Annual net earnings, single person without children at 100% of average wage",EUR,2016,35021.65,Eurostat earn_nt_net,2026-08-02
DNK,Denmark,EUROSTAT.EARN_NT_NET,"Annual net earnings, single person without children at 100% of average wage",EUR,2017,35558.92,Eurostat earn_nt_net,2026-08-02
DNK,Denmark,EUROSTAT.EARN_NT_NET,"Annual net earnings, single person without children at 100% of average wage",EUR,2018,36307.24,Eurostat earn_nt_net,2026-08-02
DNK,Denmark,EUROSTAT.EARN_NT_NET,"Annual net earnings, single person without children at 100% of average wage",EUR,2019,37133.59,Eurostat earn_nt_net,2026-08-02
DNK,Denmark,EUROSTAT.EARN_NT_NET,"Annual net earnings, single person without children at 100% of average wage",EUR,2020,37878.85,Eurostat earn_nt_net,2026-08-02
DNK,Denmark,EUROSTAT.EARN_NT_NET,"Annual net earnings, single person without children at 100% of average wage",EUR,2021,39315.61,Eurostat earn_nt_net,2026-08-02
DNK,Denmark,EUROSTAT.EARN_NT_NET,"Annual net earnings, single person without children at 100% of average wage",EUR,2022,40710.04,Eurostat earn_nt_net,2026-08-02
DNK,Denmark,EUROSTAT.EARN_NT_NET,"Annual net earnings, single person without children at 100% of average wage",EUR,2023,42357.77,Eurostat earn_nt_net,2026-08-02
DNK,Denmark,EUROSTAT.EARN_NT_NET,"Annual net earnings, single person without children at 100% of average wage",EUR,2024,40184.44,Eurostat earn_nt_net,2026-08-02
DNK,Denmark,EUROSTAT.EARN_NT_NET,"Annual net earnings, single person without children at 100% of average wage",EUR,2025,41981.24,Eurostat earn_nt_net,2026-08-02
ESP,Spain,EUROSTAT.EARN_NT_NET,"Annual net earnings, single person without children at 100% of average wage",EUR,2000,13881.61,Eurostat earn_nt_net,2026-08-02
ESP,Spain,EUROSTAT.EARN_NT_NET,"Annual net earnings, single person without children at 100% of average wage",EUR,2001,14308.82,Eurostat earn_nt_net,2026-08-02
ESP,Spain,EUROSTAT.EARN_NT_NET,"Annual net earnings, single person without children at 100% of average wage",EUR,2002,14793.85,Eurostat earn_nt_net,2026-08-02
ESP,Spain,EUROSTAT.EARN_NT_NET,"Annual net earnings, single person without children at 100% of average wage",EUR,2003,15548.87,Eurostat earn_nt_net,2026-08-02
ESP,Spain,EUROSTAT.EARN_NT_NET,"Annual net earnings, single person without children at 100% of average wage",EUR,2004,16019.09,Eurostat earn_nt_net,2026-08-02
ESP,Spain,EUROSTAT.EARN_NT_NET,"Annual net earnings, single person without children at 100% of average wage",EUR,2005,16432.64,Eurostat earn_nt_net,2026-08-02
ESP,Spain,EUROSTAT.EARN_NT_NET,"Annual net earnings, single person without children at 100% of average wage",EUR,2006,16832.53,Eurostat earn_nt_net,2026-08-02
ESP,Spain,EUROSTAT.EARN_NT_NET,"Annual net earnings, single person without children at 100% of average wage",EUR,2007,17461.33,Eurostat earn_nt_net,2026-08-02
ESP,Spain,EUROSTAT.EARN_NT_NET,"Annual net earnings, single person without children at 100% of average wage",EUR,2008,18765.37,Eurostat earn_nt_net,2026-08-02
ESP,Spain,EUROSTAT.EARN_NT_NET,"Annual net earnings, single person without children at 100% of average wage",EUR,2009,19380.50,Eurostat earn_nt_net,2026-08-02
ESP,Spain,EUROSTAT.EARN_NT_NET,"Annual net earnings, single person without children at 100% of average wage",EUR,2010,19399.72,Eurostat earn_nt_net,2026-08-02
ESP,Spain,EUROSTAT.EARN_NT_NET,"Annual net earnings, single person without children at 100% of average wage",EUR,2011,19891.57,Eurostat earn_nt_net,2026-08-02
ESP,Spain,EUROSTAT.EARN_NT_NET,"Annual net earnings, single person without children at 100% of average wage",EUR,2012,19975.06,Eurostat earn_nt_net,2026-08-02
ESP,Spain,EUROSTAT.EARN_NT_NET,"Annual net earnings, single person without children at 100% of average wage",EUR,2013,20061.89,Eurostat earn_nt_net,2026-08-02
ESP,Spain,EUROSTAT.EARN_NT_NET,"Annual net earnings, single person without children at 100% of average wage",EUR,2014,20169.47,Eurostat earn_nt_net,2026-08-02
ESP,Spain,EUROSTAT.EARN_NT_NET,"Annual net earnings, single person without children at 100% of average wage",EUR,2015,20844.88,Eurostat earn_nt_net,2026-08-02
ESP,Spain,EUROSTAT.EARN_NT_NET,"Annual net earnings, single person without children at 100% of average wage",EUR,2016,20827.52,Eurostat earn_nt_net,2026-08-02
ESP,Spain,EUROSTAT.EARN_NT_NET,"Annual net earnings, single person without children at 100% of average wage",EUR,2017,20948.65,Eurostat earn_nt_net,2026-08-02
ESP,Spain,EUROSTAT.EARN_NT_NET,"Annual net earnings, single person without children at 100% of average wage",EUR,2018,21198.42,Eurostat earn_nt_net,2026-08-02
ESP,Spain,EUROSTAT.EARN_NT_NET,"Annual net earnings, single person without children at 100% of average wage",EUR,2019,21481.84,Eurostat earn_nt_net,2026-08-02
ESP,Spain,EUROSTAT.EARN_NT_NET,"Annual net earnings, single person without children at 100% of average wage",EUR,2020,20632.83,Eurostat earn_nt_net,2026-08-02
ESP,Spain,EUROSTAT.EARN_NT_NET,"Annual net earnings, single person without children at 100% of average wage",EUR,2021,21668.52,Eurostat earn_nt_net,2026-08-02
ESP,Spain,EUROSTAT.EARN_NT_NET,"Annual net earnings, single person without children at 100% of average wage",EUR,2022,22577.60,Eurostat earn_nt_net,2026-08-02
ESP,Spain,EUROSTAT.EARN_NT_NET,"Annual net earnings, single person without children at 100% of average wage",EUR,2023,23597.08,Eurostat earn_nt_net,2026-08-02
ESP,Spain,EUROSTAT.EARN_NT_NET,"Annual net earnings, single person without children at 100% of average wage",EUR,2024,24541.18,Eurostat earn_nt_net,2026-08-02
ESP,Spain,EUROSTAT.EARN_NT_NET,"Annual net earnings, single person without children at 100% of average wage",EUR,2025,25262.74,Eurostat earn_nt_net,2026-08-02
EST,Estonia,EUROSTAT.EARN_NT_NET,"Annual net earnings, single person without children at 100% of average wage",EUR,2000,3068.14,Eurostat earn_nt_net,2026-08-02
EST,Estonia,EUROSTAT.EARN_NT_NET,"Annual net earnings, single person without children at 100% of average wage",EUR,2001,3465.43,Eurostat earn_nt_net,2026-08-02
EST,Estonia,EUROSTAT.EARN_NT_NET,"Annual net earnings, single person without children at 100% of average wage",EUR,2002,3804.81,Eurostat earn_nt_net,2026-08-02
EST,Estonia,EUROSTAT.EARN_NT_NET,"Annual net earnings, single person without children at 100% of average wage",EUR,2003,4105.69,Eurostat earn_nt_net,2026-08-02
EST,Estonia,EUROSTAT.EARN_NT_NET,"Annual net earnings, single person without children at 100% of average wage",EUR,2004,4470.88,Eurostat earn_nt_net,2026-08-02
EST,Estonia,EUROSTAT.EARN_NT_NET,"Annual net earnings, single person without children at 100% of average wage",EUR,2005,5056.23,Eurostat earn_nt_net,2026-08-02
EST,Estonia,EUROSTAT.EARN_NT_NET,"Annual net earnings, single person without children at 100% of average wage",EUR,2006,6059.12,Eurostat earn_nt_net,2026-08-02
EST,Estonia,EUROSTAT.EARN_NT_NET,"Annual net earnings, single person without children at 100% of average wage",EUR,2007,7268.34,Eurostat earn_nt_net,2026-08-02
EST,Estonia,EUROSTAT.EARN_NT_NET,"Annual net earnings, single person without children at 100% of average wage",EUR,2008,8249.98,Eurostat earn_nt_net,2026-08-02
EST,Estonia,EUROSTAT.EARN_NT_NET,"Annual net earnings, single person without children at 100% of average wage",EUR,2009,7729.45,Eurostat earn_nt_net,2026-08-02
EST,Estonia,EUROSTAT.EARN_NT_NET,"Annual net earnings, single person without children at 100% of average wage",EUR,2010,7820.19,Eurostat earn_nt_net,2026-08-02
EST,Estonia,EUROSTAT.EARN_NT_NET,"Annual net earnings, single person without children at 100% of average wage",EUR,2011,8324.26,Eurostat earn_nt_net,2026-08-02
EST,Estonia,EUROSTAT.EARN_NT_NET,"Annual net earnings, single person without children at 100% of average wage",EUR,2012,8812.65,Eurostat earn_nt_net,2026-08-02
EST,Estonia,EUROSTAT.EARN_NT_NET,"Annual net earnings, single person without children at 100% of average wage",EUR,2013,9445.70,Eurostat earn_nt_net,2026-08-02
EST,Estonia,EUROSTAT.EARN_NT_NET,"Annual net earnings, single person without children at 100% of average wage",EUR,2014,9914.95,Eurostat earn_nt_net,2026-08-02
EST,Estonia,EUROSTAT.EARN_NT_NET,"Annual net earnings, single person without children at 100% of average wage",EUR,2015,10638.42,Eurostat earn_nt_net,2026-08-02
EST,Estonia,EUROSTAT.EARN_NT_NET,"Annual net earnings, single person without children at 100% of average wage",EUR,2016,11454.71,Eurostat earn_nt_net,2026-08-02
EST,Estonia,EUROSTAT.EARN_NT_NET,"Annual net earnings, single person without children at 100% of average wage",EUR,2017,12233.44,Eurostat earn_nt_net,2026-08-02
EST,Estonia,EUROSTAT.EARN_NT_NET,"Annual net earnings, single person without children at 100% of average wage",EUR,2018,13437.69,Eurostat earn_nt_net,2026-08-02
EST,Estonia,EUROSTAT.EARN_NT_NET,"Annual net earnings, single person without children at 100% of average wage",EUR,2019,14169.60,Eurostat earn_nt_net,2026-08-02
EST,Estonia,EUROSTAT.EARN_NT_NET,"Annual net earnings, single person without children at 100% of average wage",EUR,2020,14444.62,Eurostat earn_nt_net,2026-08-02
EST,Estonia,EUROSTAT.EARN_NT_NET,"Annual net earnings, single person without children at 100% of average wage",EUR,2021,15300.44,Eurostat earn_nt_net,2026-08-02
EST,Estonia,EUROSTAT.EARN_NT_NET,"Annual net earnings, single person without children at 100% of average wage",EUR,2022,16472.09,Eurostat earn_nt_net,2026-08-02
EST,Estonia,EUROSTAT.EARN_NT_NET,"Annual net earnings, single person without children at 100% of average wage",EUR,2023,18141.98,Eurostat earn_nt_net,2026-08-02
EST,Estonia,EUROSTAT.EARN_NT_NET,"Annual net earnings, single person without children at 100% of average wage",EUR,2024,19702.96,Eurostat earn_nt_net,2026-08-02
EST,Estonia,EUROSTAT.EARN_NT_NET,"Annual net earnings, single person without children at 100% of average wage",EUR,2025,20044.71,Eurostat earn_nt_net,2026-08-02
FIN,Finland,EUROSTAT.EARN_NT_NET,"Annual net earnings, single person without children at 100% of average wage",EUR,2000,17430.51,Eurostat earn_nt_net,2026-08-02
FIN,Finland,EUROSTAT.EARN_NT_NET,"Annual net earnings, single person without children at 100% of average wage",EUR,2001,18511.05,Eurostat earn_nt_net,2026-08-02
FIN,Finland,EUROSTAT.EARN_NT_NET,"Annual net earnings, single person without children at 100% of average wage",EUR,2002,19585.21,Eurostat earn_nt_net,2026-08-02
FIN,Finland,EUROSTAT.EARN_NT_NET,"Annual net earnings, single person without children at 100% of average wage",EUR,2003,20290.01,Eurostat earn_nt_net,2026-08-02
FIN,Finland,EUROSTAT.EARN_NT_NET,"Annual net earnings, single person without children at 100% of average wage",EUR,2004,21262.64,Eurostat earn_nt_net,2026-08-02
FIN,Finland,EUROSTAT.EARN_NT_NET,"Annual net earnings, single person without children at 100% of average wage",EUR,2005,22124.75,Eurostat earn_nt_net,2026-08-02
FIN,Finland,EUROSTAT.EARN_NT_NET,"Annual net earnings, single person without children at 100% of average wage",EUR,2006,23282.87,Eurostat earn_nt_net,2026-08-02
FIN,Finland,EUROSTAT.EARN_NT_NET,"Annual net earnings, single person without children at 100% of average wage",EUR,2007,24744.36,Eurostat earn_nt_net,2026-08-02
FIN,Finland,EUROSTAT.EARN_NT_NET,"Annual net earnings, single person without children at 100% of average wage",EUR,2008,26026.18,Eurostat earn_nt_net,2026-08-02
FIN,Finland,EUROSTAT.EARN_NT_NET,"Annual net earnings, single person without children at 100% of average wage",EUR,2009,27191.47,Eurostat earn_nt_net,2026-08-02
FIN,Finland,EUROSTAT.EARN_NT_NET,"Annual net earnings, single person without children at 100% of average wage",EUR,2010,27803.54,Eurostat earn_nt_net,2026-08-02
FIN,Finland,EUROSTAT.EARN_NT_NET,"Annual net earnings, single person without children at 100% of average wage",EUR,2011,28421.92,Eurostat earn_nt_net,2026-08-02
FIN,Finland,EUROSTAT.EARN_NT_NET,"Annual net earnings, single person without children at 100% of average wage",EUR,2012,29246.92,Eurostat earn_nt_net,2026-08-02
FIN,Finland,EUROSTAT.EARN_NT_NET,"Annual net earnings, single person without children at 100% of average wage",EUR,2013,29654.15,Eurostat earn_nt_net,2026-08-02
FIN,Finland,EUROSTAT.EARN_NT_NET,"Annual net earnings, single person without children at 100% of average wage",EUR,2014,29641.38,Eurostat earn_nt_net,2026-08-02
FIN,Finland,EUROSTAT.EARN_NT_NET,"Annual net earnings, single person without children at 100% of average wage",EUR,2015,29918.29,Eurostat earn_nt_net,2026-08-02
FIN,Finland,EUROSTAT.EARN_NT_NET,"Annual net earnings, single person without children at 100% of average wage",EUR,2016,30306.38,Eurostat earn_nt_net,2026-08-02
FIN,Finland,EUROSTAT.EARN_NT_NET,"Annual net earnings, single person without children at 100% of average wage",EUR,2017,30805.85,Eurostat earn_nt_net,2026-08-02
FIN,Finland,EUROSTAT.EARN_NT_NET,"Annual net earnings, single person without children at 100% of average wage",EUR,2018,31400.22,Eurostat earn_nt_net,2026-08-02
FIN,Finland,EUROSTAT.EARN_NT_NET,"Annual net earnings, single person without children at 100% of average wage",EUR,2019,32135.14,Eurostat earn_nt_net,2026-08-02
FIN,Finland,EUROSTAT.EARN_NT_NET,"Annual net earnings, single person without children at 100% of average wage",EUR,2020,33191.98,Eurostat earn_nt_net,2026-08-02
FIN,Finland,EUROSTAT.EARN_NT_NET,"Annual net earnings, single person without children at 100% of average wage",EUR,2021,33906.14,Eurostat earn_nt_net,2026-08-02
FIN,Finland,EUROSTAT.EARN_NT_NET,"Annual net earnings, single person without children at 100% of average wage",EUR,2022,35001.16,Eurostat earn_nt_net,2026-08-02
FIN,Finland,EUROSTAT.EARN_NT_NET,"Annual net earnings, single person without children at 100% of average wage",EUR,2023,36266.13,Eurostat earn_nt_net,2026-08-02
FIN,Finland,EUROSTAT.EARN_NT_NET,"Annual net earnings, single person without children at 100% of average wage",EUR,2024,32957.13,Eurostat earn_nt_net,2026-08-02
FIN,Finland,EUROSTAT.EARN_NT_NET,"Annual net earnings, single person without children at 100% of average wage",EUR,2025,33641.04,Eurostat earn_nt_net,2026-08-02
FRA,France,EUROSTAT.EARN_NT_NET,"Annual net earnings, single person without children at 100% of average wage",EUR,2000,18923.39,Eurostat earn_nt_net,2026-08-02
FRA,France,EUROSTAT.EARN_NT_NET,"Annual net earnings, single person without children at 100% of average wage",EUR,2001,19510.12,Eurostat earn_nt_net,2026-08-02
FRA,France,EUROSTAT.EARN_NT_NET,"Annual net earnings, single person without children at 100% of average wage",EUR,2002,20169.96,Eurostat earn_nt_net,2026-08-02
FRA,France,EUROSTAT.EARN_NT_NET,"Annual net earnings, single person without children at 100% of average wage",EUR,2003,20612.84,Eurostat earn_nt_net,2026-08-02
FRA,France,EUROSTAT.EARN_NT_NET,"Annual net earnings, single person without children at 100% of average wage",EUR,2004,21131.59,Eurostat earn_nt_net,2026-08-02
FRA,France,EUROSTAT.EARN_NT_NET,"Annual net earnings, single person without children at 100% of average wage",EUR,2005,21709.55,Eurostat earn_nt_net,2026-08-02
FRA,France,EUROSTAT.EARN_NT_NET,"Annual net earnings, single person without children at 100% of average wage",EUR,2006,22675.17,Eurostat earn_nt_net,2026-08-02
FRA,France,EUROSTAT.EARN_NT_NET,"Annual net earnings, single person without children at 100% of average wage",EUR,2007,23415.09,Eurostat earn_nt_net,2026-08-02
FRA,France,EUROSTAT.EARN_NT_NET,"Annual net earnings, single person without children at 100% of average wage",EUR,2008,24249.73,Eurostat earn_nt_net,2026-08-02
FRA,France,EUROSTAT.EARN_NT_NET,"Annual net earnings, single person without children at 100% of average wage",EUR,2009,24627.90,Eurostat earn_nt_net,2026-08-02
FRA,France,EUROSTAT.EARN_NT_NET,"Annual net earnings, single person without children at 100% of average wage",EUR,2010,25031.80,Eurostat earn_nt_net,2026-08-02
FRA,France,EUROSTAT.EARN_NT_NET,"Annual net earnings, single person without children at 100% of average wage",EUR,2011,25576.25,Eurostat earn_nt_net,2026-08-02
FRA,France,EUROSTAT.EARN_NT_NET,"Annual net earnings, single person without children at 100% of average wage",EUR,2012,25978.92,Eurostat earn_nt_net,2026-08-02
FRA,France,EUROSTAT.EARN_NT_NET,"Annual net earnings, single person without children at 100% of average wage",EUR,2013,26269.14,Eurostat earn_nt_net,2026-08-02
FRA,France,EUROSTAT.EARN_NT_NET,"Annual net earnings, single person without children at 100% of average wage",EUR,2014,26578.46,Eurostat earn_nt_net,2026-08-02
FRA,France,EUROSTAT.EARN_NT_NET,"Annual net earnings, single person without children at 100% of average wage",EUR,2015,26958.75,Eurostat earn_nt_net,2026-08-02
FRA,France,EUROSTAT.EARN_NT_NET,"Annual net earnings, single person without children at 100% of average wage",EUR,2016,26880.70,Eurostat earn_nt_net,2026-08-02
FRA,France,EUROSTAT.EARN_NT_NET,"Annual net earnings, single person without children at 100% of average wage",EUR,2017,27022.48,Eurostat earn_nt_net,2026-08-02
FRA,France,EUROSTAT.EARN_NT_NET,"Annual net earnings, single person without children at 100% of average wage",EUR,2018,27662.94,Eurostat earn_nt_net,2026-08-02
FRA,France,EUROSTAT.EARN_NT_NET,"Annual net earnings, single person without children at 100% of average wage",EUR,2019,28153.78,Eurostat earn_nt_net,2026-08-02
FRA,France,EUROSTAT.EARN_NT_NET,"Annual net earnings, single person without children at 100% of average wage",EUR,2020,27472.33,Eurostat earn_nt_net,2026-08-02
FRA,France,EUROSTAT.EARN_NT_NET,"Annual net earnings, single person without children at 100% of average wage",EUR,2021,28649.83,Eurostat earn_nt_net,2026-08-02
FRA,France,EUROSTAT.EARN_NT_NET,"Annual net earnings, single person without children at 100% of average wage",EUR,2022,30241.44,Eurostat earn_nt_net,2026-08-02
FRA,France,EUROSTAT.EARN_NT_NET,"Annual net earnings, single person without children at 100% of average wage",EUR,2023,31573.51,Eurostat earn_nt_net,2026-08-02
FRA,France,EUROSTAT.EARN_NT_NET,"Annual net earnings, single person without children at 100% of average wage",EUR,2024,30124.11,Eurostat earn_nt_net,2026-08-02
FRA,France,EUROSTAT.EARN_NT_NET,"Annual net earnings, single person without children at 100% of average wage",EUR,2025,30831.60,Eurostat earn_nt_net,2026-08-02
GRC,Greece,EUROSTAT.EARN_NT_NET,"Annual net earnings, single person without children at 100% of average wage",EUR,2000,12120.36,Eurostat earn_nt_net,2026-08-02
GRC,Greece,EUROSTAT.EARN_NT_NET,"Annual net earnings, single person without children at 100% of average wage",EUR,2001,12441.84,Eurostat earn_nt_net,2026-08-02
GRC,Greece,EUROSTAT.EARN_NT_NET,"Annual net earnings, single person without children at 100% of average wage",EUR,2002,13516.99,Eurostat earn_nt_net,2026-08-02
GRC,Greece,EUROSTAT.EARN_NT_NET,"Annual net earnings, single person without children at 100% of average wage",EUR,2003,14856.58,Eurostat earn_nt_net,2026-08-02
GRC,Greece,EUROSTAT.EARN_NT_NET,"Annual net earnings, single person without children at 100% of average wage",EUR,2004,16167.61,Eurostat earn_nt_net,2026-08-02
GRC,Greece,EUROSTAT.EARN_NT_NET,"Annual net earnings, single person without children at 100% of average wage",EUR,2005,16572.85,Eurostat earn_nt_net,2026-08-02
GRC,Greece,EUROSTAT.EARN_NT_NET,"Annual net earnings, single person without children at 100% of average wage",EUR,2006,17630.36,Eurostat earn_nt_net,2026-08-02
GRC,Greece,EUROSTAT.EARN_NT_NET,"Annual net earnings, single person without children at 100% of average wage",EUR,2007,17790.09,Eurostat earn_nt_net,2026-08-02
GRC,Greece,EUROSTAT.EARN_NT_NET,"Annual net earnings, single person without children at 100% of average wage",EUR,2008,17897.36,Eurostat earn_nt_net,2026-08-02
GRC,Greece,EUROSTAT.EARN_NT_NET,"Annual net earnings, single person without children at 100% of average wage",EUR,2009,18510.86,Eurostat earn_nt_net,2026-08-02
GRC,Greece,EUROSTAT.EARN_NT_NET,"Annual net earnings, single person without children at 100% of average wage",EUR,2010,18567.44,Eurostat earn_nt_net,2026-08-02
GRC,Greece,EUROSTAT.EARN_NT_NET,"Annual net earnings, single person without children at 100% of average wage",EUR,2011,17545.08,Eurostat earn_nt_net,2026-08-02
GRC,Greece,EUROSTAT.EARN_NT_NET,"Annual net earnings, single person without children at 100% of average wage",EUR,2012,17117.04,Eurostat earn_nt_net,2026-08-02
GRC,Greece,EUROSTAT.EARN_NT_NET,"Annual net earnings, single person without children at 100% of average wage",EUR,2013,15810.81,Eurostat earn_nt_net,2026-08-02
GRC,Greece,EUROSTAT.EARN_NT_NET,"Annual net earnings, single person without children at 100% of average wage",EUR,2014,16070.17,Eurostat earn_nt_net,2026-08-02
GRC,Greece,EUROSTAT.EARN_NT_NET,"Annual net earnings, single person without children at 100% of average wage",EUR,2015,15601.94,Eurostat earn_nt_net,2026-08-02
GRC,Greece,EUROSTAT.EARN_NT_NET,"Annual net earnings, single person without children at 100% of average wage",EUR,2016,14979.79,Eurostat earn_nt_net,2026-08-02
GRC,Greece,EUROSTAT.EARN_NT_NET,"Annual net earnings, single person without children at 100% of average wage",EUR,2017,14863.67,Eurostat earn_nt_net,2026-08-02
GRC,Greece,EUROSTAT.EARN_NT_NET,"Annual net earnings, single person without children at 100% of average wage",EUR,2018,14850.01,Eurostat earn_nt_net,2026-08-02
GRC,Greece,EUROSTAT.EARN_NT_NET,"Annual net earnings, single person without children at 100% of average wage",EUR,2019,15112.49,Eurostat earn_nt_net,2026-08-02
GRC,Greece,EUROSTAT.EARN_NT_NET,"Annual net earnings, single person without children at 100% of average wage",EUR,2020,14247.43,Eurostat earn_nt_net,2026-08-02
GRC,Greece,EUROSTAT.EARN_NT_NET,"Annual net earnings, single person without children at 100% of average wage",EUR,2021,15407.96,Eurostat earn_nt_net,2026-08-02
GRC,Greece,EUROSTAT.EARN_NT_NET,"Annual net earnings, single person without children at 100% of average wage",EUR,2022,16819.51,Eurostat earn_nt_net,2026-08-02
GRC,Greece,EUROSTAT.EARN_NT_NET,"Annual net earnings, single person without children at 100% of average wage",EUR,2023,18022.41,Eurostat earn_nt_net,2026-08-02
GRC,Greece,EUROSTAT.EARN_NT_NET,"Annual net earnings, single person without children at 100% of average wage",EUR,2024,13746.26,Eurostat earn_nt_net,2026-08-02
GRC,Greece,EUROSTAT.EARN_NT_NET,"Annual net earnings, single person without children at 100% of average wage",EUR,2025,15049.76,Eurostat earn_nt_net,2026-08-02
HRV,Croatia,EUROSTAT.EARN_NT_NET,"Annual net earnings, single person without children at 100% of average wage",EUR,2013,7937.17,Eurostat earn_nt_net,2026-08-02
HRV,Croatia,EUROSTAT.EARN_NT_NET,"Annual net earnings, single person without children at 100% of average wage",EUR,2014,7970.40,Eurostat earn_nt_net,2026-08-02
HRV,Croatia,EUROSTAT.EARN_NT_NET,"Annual net earnings, single person without children at 100% of average wage",EUR,2015,8296.67,Eurostat earn_nt_net,2026-08-02
HRV,Croatia,EUROSTAT.EARN_NT_NET,"Annual net earnings, single person without children at 100% of average wage",EUR,2016,8443.99,Eurostat earn_nt_net,2026-08-02
HRV,Croatia,EUROSTAT.EARN_NT_NET,"Annual net earnings, single person without children at 100% of average wage",EUR,2017,8788.64,Eurostat earn_nt_net,2026-08-02
HRV,Croatia,EUROSTAT.EARN_NT_NET,"Annual net earnings, single person without children at 100% of average wage",EUR,2018,9168.35,Eurostat earn_nt_net,2026-08-02
HRV,Croatia,EUROSTAT.EARN_NT_NET,"Annual net earnings, single person without children at 100% of average wage",EUR,2019,9428.49,Eurostat earn_nt_net,2026-08-02
HRV,Croatia,EUROSTAT.EARN_NT_NET,"Annual net earnings, single person without children at 100% of average wage",EUR,2020,9815.98,Eurostat earn_nt_net,2026-08-02
HRV,Croatia,EUROSTAT.EARN_NT_NET,"Annual net earnings, single person without children at 100% of average wage",EUR,2021,10382.66,Eurostat earn_nt_net,2026-08-02
HRV,Croatia,EUROSTAT.EARN_NT_NET,"Annual net earnings, single person without children at 100% of average wage",EUR,2022,11224.52,Eurostat earn_nt_net,2026-08-02
HRV,Croatia,EUROSTAT.EARN_NT_NET,"Annual net earnings, single person without children at 100% of average wage",EUR,2023,12601.07,Eurostat earn_nt_net,2026-08-02
HRV,Croatia,EUROSTAT.EARN_NT_NET,"Annual net earnings, single person without children at 100% of average wage",EUR,2024,15831.11,Eurostat earn_nt_net,2026-08-02
HRV,Croatia,EUROSTAT.EARN_NT_NET,"Annual net earnings, single person without children at 100% of average wage",EUR,2025,17256.07,Eurostat earn_nt_net,2026-08-02
HUN,Hungary,EUROSTAT.EARN_NT_NET,"Annual net earnings, single person without children at 100% of average wage",EUR,2000,2684.84,Eurostat earn_nt_net,2026-08-02
HUN,Hungary,EUROSTAT.EARN_NT_NET,"Annual net earnings, single person without children at 100% of average wage",EUR,2001,3024.35,Eurostat earn_nt_net,2026-08-02
HUN,Hungary,EUROSTAT.EARN_NT_NET,"Annual net earnings, single person without children at 100% of average wage",EUR,2002,3723.71,Eurostat earn_nt_net,2026-08-02
HUN,Hungary,EUROSTAT.EARN_NT_NET,"Annual net earnings, single person without children at 100% of average wage",EUR,2003,4112.51,Eurostat earn_nt_net,2026-08-02
HUN,Hungary,EUROSTAT.EARN_NT_NET,"Annual net earnings, single person without children at 100% of average wage",EUR,2004,4418.69,Eurostat earn_nt_net,2026-08-02
HUN,Hungary,EUROSTAT.EARN_NT_NET,"Annual net earnings, single person without children at 100% of average wage",EUR,2005,4857.23,Eurostat earn_nt_net,2026-08-02
HUN,Hungary,EUROSTAT.EARN_NT_NET,"Annual net earnings, single person without children at 100% of average wage",EUR,2006,4865.34,Eurostat earn_nt_net,2026-08-02
HUN,Hungary,EUROSTAT.EARN_NT_NET,"Annual net earnings, single person without children at 100% of average wage",EUR,2007,5249.28,Eurostat earn_nt_net,2026-08-02
HUN,Hungary,EUROSTAT.EARN_NT_NET,"Annual net earnings, single person without children at 100% of average wage",EUR,2008,5734.59,Eurostat earn_nt_net,2026-08-02
HUN,Hungary,EUROSTAT.EARN_NT_NET,"Annual net earnings, single person without children at 100% of average wage",EUR,2009,5409.39,Eurostat earn_nt_net,2026-08-02
HUN,Hungary,EUROSTAT.EARN_NT_NET,"Annual net earnings, single person without children at 100% of average wage",EUR,2010,6256.57,Eurostat earn_nt_net,2026-08-02
HUN,Hungary,EUROSTAT.EARN_NT_NET,"Annual net earnings, single person without children at 100% of average wage",EUR,2011,6146.32,Eurostat earn_nt_net,2026-08-02
HUN,Hungary,EUROSTAT.EARN_NT_NET,"Annual net earnings, single person without children at 100% of average wage",EUR,2012,6369.22,Eurostat earn_nt_net,2026-08-02
HUN,Hungary,EUROSTAT.EARN_NT_NET,"Annual net earnings, single person without children at 100% of average wage",EUR,2013,6475.08,Eurostat earn_nt_net,2026-08-02
HUN,Hungary,EUROSTAT.EARN_NT_NET,"Annual net earnings, single person without children at 100% of average wage",EUR,2014,6478.42,Eurostat earn_nt_net,2026-08-02
HUN,Hungary,EUROSTAT.EARN_NT_NET,"Annual net earnings, single person without children at 100% of average wage",EUR,2015,6703.57,Eurostat earn_nt_net,2026-08-02
HUN,Hungary,EUROSTAT.EARN_NT_NET,"Annual net earnings, single person without children at 100% of average wage",EUR,2016,7138.72,Eurostat earn_nt_net,2026-08-02
HUN,Hungary,EUROSTAT.EARN_NT_NET,"Annual net earnings, single person without children at 100% of average wage",EUR,2017,8023.72,Eurostat earn_nt_net,2026-08-02
HUN,Hungary,EUROSTAT.EARN_NT_NET,"Annual net earnings, single person without children at 100% of average wage",EUR,2018,8586.94,Eurostat earn_nt_net,2026-08-02
HUN,Hungary,EUROSTAT.EARN_NT_NET,"Annual net earnings, single person without children at 100% of average wage",EUR,2019,9390.54,Eurostat earn_nt_net,2026-08-02
HUN,Hungary,EUROSTAT.EARN_NT_NET,"Annual net earnings, single person without children at 100% of average wage",EUR,2020,9549.21,Eurostat earn_nt_net,2026-08-02
HUN,Hungary,EUROSTAT.EARN_NT_NET,"Annual net earnings, single person without children at 100% of average wage",EUR,2021,10074.96,Eurostat earn_nt_net,2026-08-02
HUN,Hungary,EUROSTAT.EARN_NT_NET,"Annual net earnings, single person without children at 100% of average wage",EUR,2022,10667.45,Eurostat earn_nt_net,2026-08-02
HUN,Hungary,EUROSTAT.EARN_NT_NET,"Annual net earnings, single person without children at 100% of average wage",EUR,2023,12719.75,Eurostat earn_nt_net,2026-08-02
HUN,Hungary,EUROSTAT.EARN_NT_NET,"Annual net earnings, single person without children at 100% of average wage",EUR,2024,12001.77,Eurostat earn_nt_net,2026-08-02
HUN,Hungary,EUROSTAT.EARN_NT_NET,"Annual net earnings, single person without children at 100% of average wage",EUR,2025,12967.22,Eurostat earn_nt_net,2026-08-02
IRL,Ireland,EUROSTAT.EARN_NT_NET,"Annual net earnings, single person without children at 100% of average wage",EUR,2000,20955.60,Eurostat earn_nt_net,2026-08-02
IRL,Ireland,EUROSTAT.EARN_NT_NET,"Annual net earnings, single person without children at 100% of average wage",EUR,2001,24226.45,Eurostat earn_nt_net,2026-08-02
IRL,Ireland,EUROSTAT.EARN_NT_NET,"Annual net earnings, single person without children at 100% of average wage",EUR,2002,25751.62,Eurostat earn_nt_net,2026-08-02
IRL,Ireland,EUROSTAT.EARN_NT_NET,"Annual net earnings, single person without children at 100% of average wage",EUR,2003,26885.98,Eurostat earn_nt_net,2026-08-02
IRL,Ireland,EUROSTAT.EARN_NT_NET,"Annual net earnings, single person without children at 100% of average wage",EUR,2004,28094.38,Eurostat earn_nt_net,2026-08-02
IRL,Ireland,EUROSTAT.EARN_NT_NET,"Annual net earnings, single person without children at 100% of average wage",EUR,2005,29375.79,Eurostat earn_nt_net,2026-08-02
IRL,Ireland,EUROSTAT.EARN_NT_NET,"Annual net earnings, single person without children at 100% of average wage",EUR,2006,30879.33,Eurostat earn_nt_net,2026-08-02
IRL,Ireland,EUROSTAT.EARN_NT_NET,"Annual net earnings, single person without children at 100% of average wage",EUR,2007,32646.18,Eurostat earn_nt_net,2026-08-02
IRL,Ireland,EUROSTAT.EARN_NT_NET,"Annual net earnings, single person without children at 100% of average wage",EUR,2008,34033.21,Eurostat earn_nt_net,2026-08-02
IRL,Ireland,EUROSTAT.EARN_NT_NET,"Annual net earnings, single person without children at 100% of average wage",EUR,2009,32441.06,Eurostat earn_nt_net,2026-08-02
IRL,Ireland,EUROSTAT.EARN_NT_NET,"Annual net earnings, single person without children at 100% of average wage",EUR,2010,32138.69,Eurostat earn_nt_net,2026-08-02
IRL,Ireland,EUROSTAT.EARN_NT_NET,"Annual net earnings, single person without children at 100% of average wage",EUR,2011,31159.23,Eurostat earn_nt_net,2026-08-02
IRL,Ireland,EUROSTAT.EARN_NT_NET,"Annual net earnings, single person without children at 100% of average wage",EUR,2012,31541.73,Eurostat earn_nt_net,2026-08-02
IRL,Ireland,EUROSTAT.EARN_NT_NET,"Annual net earnings, single person without children at 100% of average wage",EUR,2013,31531.28,Eurostat earn_nt_net,2026-08-02
IRL,Ireland,EUROSTAT.EARN_NT_NET,"Annual net earnings, single person without children at 100% of average wage",EUR,2014,31687.39,Eurostat earn_nt_net,2026-08-02
IRL,Ireland,EUROSTAT.EARN_NT_NET,"Annual net earnings, single person without children at 100% of average wage",EUR,2015,32344.52,Eurostat earn_nt_net,2026-08-02
IRL,Ireland,EUROSTAT.EARN_NT_NET,"Annual net earnings, single person without children at 100% of average wage",EUR,2016,33346.95,Eurostat earn_nt_net,2026-08-02
IRL,Ireland,EUROSTAT.EARN_NT_NET,"Annual net earnings, single person without children at 100% of average wage",EUR,2017,33976.58,Eurostat earn_nt_net,2026-08-02
IRL,Ireland,EUROSTAT.EARN_NT_NET,"Annual net earnings, single person without children at 100% of average wage",EUR,2018,35126.52,Eurostat earn_nt_net,2026-08-02
IRL,Ireland,EUROSTAT.EARN_NT_NET,"Annual net earnings, single person without children at 100% of average wage",EUR,2019,38252.20,Eurostat earn_nt_net,2026-08-02
IRL,Ireland,EUROSTAT.EARN_NT_NET,"Annual net earnings, single person without children at 100% of average wage",EUR,2020,38842.71,Eurostat earn_nt_net,2026-08-02
IRL,Ireland,EUROSTAT.EARN_NT_NET,"Annual net earnings, single person without children at 100% of average wage",EUR,2021,39930.32,Eurostat earn_nt_net,2026-08-02
IRL,Ireland,EUROSTAT.EARN_NT_NET,"Annual net earnings, single person without children at 100% of average wage",EUR,2022,41062.91,Eurostat earn_nt_net,2026-08-02
IRL,Ireland,EUROSTAT.EARN_NT_NET,"Annual net earnings, single person without children at 100% of average wage",EUR,2023,43896.82,Eurostat earn_nt_net,2026-08-02
IRL,Ireland,EUROSTAT.EARN_NT_NET,"Annual net earnings, single person without children at 100% of average wage",EUR,2024,42366.19,Eurostat earn_nt_net,2026-08-02
IRL,Ireland,EUROSTAT.EARN_NT_NET,"Annual net earnings, single person without children at 100% of average wage",EUR,2025,44263.30,Eurostat earn_nt_net,2026-08-02
ITA,Italy,EUROSTAT.EARN_NT_NET,"Annual net earnings, single person without children at 100% of average wage",EUR,2000,15290.80,Eurostat earn_nt_net,2026-08-02
ITA,Italy,EUROSTAT.EARN_NT_NET,"Annual net earnings, single person without children at 100% of average wage",EUR,2001,15866.15,Eurostat earn_nt_net,2026-08-02
ITA,Italy,EUROSTAT.EARN_NT_NET,"Annual net earnings, single person without children at 100% of average wage",EUR,2002,16104.10,Eurostat earn_nt_net,2026-08-02
ITA,Italy,EUROSTAT.EARN_NT_NET,"Annual net earnings, single person without children at 100% of average wage",EUR,2003,16617.85,Eurostat earn_nt_net,2026-08-02
ITA,Italy,EUROSTAT.EARN_NT_NET,"Annual net earnings, single person without children at 100% of average wage",EUR,2004,16958.72,Eurostat earn_nt_net,2026-08-02
ITA,Italy,EUROSTAT.EARN_NT_NET,"Annual net earnings, single person without children at 100% of average wage",EUR,2005,17601.62,Eurostat earn_nt_net,2026-08-02
ITA,Italy,EUROSTAT.EARN_NT_NET,"Annual net earnings, single person without children at 100% of average wage",EUR,2006,17984.55,Eurostat earn_nt_net,2026-08-02
ITA,Italy,EUROSTAT.EARN_NT_NET,"Annual net earnings, single person without children at 100% of average wage",EUR,2007,18272.59,Eurostat earn_nt_net,2026-08-02
ITA,Italy,EUROSTAT.EARN_NT_NET,"Annual net earnings, single person without children at 100% of average wage",EUR,2008,18917.81,Eurostat earn_nt_net,2026-08-02
ITA,Italy,EUROSTAT.EARN_NT_NET,"Annual net earnings, single person without children at 100% of average wage",EUR,2009,19269.56,Eurostat earn_nt_net,2026-08-02
ITA,Italy,EUROSTAT.EARN_NT_NET,"Annual net earnings, single person without children at 100% of average wage",EUR,2010,19705.17,Eurostat earn_nt_net,2026-08-02
ITA,Italy,EUROSTAT.EARN_NT_NET,"Annual net earnings, single person without children at 100% of average wage",EUR,2011,19983.62,Eurostat earn_nt_net,2026-08-02
ITA,Italy,EUROSTAT.EARN_NT_NET,"Annual net earnings, single person without children at 100% of average wage",EUR,2012,20327.68,Eurostat earn_nt_net,2026-08-02
ITA,Italy,EUROSTAT.EARN_NT_NET,"Annual net earnings, single person without children at 100% of average wage",EUR,2013,20656.60,Eurostat earn_nt_net,2026-08-02
ITA,Italy,EUROSTAT.EARN_NT_NET,"Annual net earnings, single person without children at 100% of average wage",EUR,2014,20930.61,Eurostat earn_nt_net,2026-08-02
ITA,Italy,EUROSTAT.EARN_NT_NET,"Annual net earnings, single person without children at 100% of average wage",EUR,2015,21051.62,Eurostat earn_nt_net,2026-08-02
ITA,Italy,EUROSTAT.EARN_NT_NET,"Annual net earnings, single person without children at 100% of average wage",EUR,2016,21092.75,Eurostat earn_nt_net,2026-08-02
ITA,Italy,EUROSTAT.EARN_NT_NET,"Annual net earnings, single person without children at 100% of average wage",EUR,2017,21138.65,Eurostat earn_nt_net,2026-08-02
ITA,Italy,EUROSTAT.EARN_NT_NET,"Annual net earnings, single person without children at 100% of average wage",EUR,2018,21294.82,Eurostat earn_nt_net,2026-08-02
ITA,Italy,EUROSTAT.EARN_NT_NET,"Annual net earnings, single person without children at 100% of average wage",EUR,2019,21500.18,Eurostat earn_nt_net,2026-08-02
ITA,Italy,EUROSTAT.EARN_NT_NET,"Annual net earnings, single person without children at 100% of average wage",EUR,2020,22507.69,Eurostat earn_nt_net,2026-08-02
ITA,Italy,EUROSTAT.EARN_NT_NET,"Annual net earnings, single person without children at 100% of average wage",EUR,2021,23511.64,Eurostat earn_nt_net,2026-08-02
ITA,Italy,EUROSTAT.EARN_NT_NET,"Annual net earnings, single person without children at 100% of average wage",EUR,2022,23839.29,Eurostat earn_nt_net,2026-08-02
ITA,Italy,EUROSTAT.EARN_NT_NET,"Annual net earnings, single person without children at 100% of average wage",EUR,2023,24592.51,Eurostat earn_nt_net,2026-08-02
ITA,Italy,EUROSTAT.EARN_NT_NET,"Annual net earnings, single person without children at 100% of average wage",EUR,2024,23959.46,Eurostat earn_nt_net,2026-08-02
ITA,Italy,EUROSTAT.EARN_NT_NET,"Annual net earnings, single person without children at 100% of average wage",EUR,2025,24471.27,Eurostat earn_nt_net,2026-08-02
LTU,Lithuania,EUROSTAT.EARN_NT_NET,"Annual net earnings, single person without children at 100% of average wage",EUR,2000,2270.40,Eurostat earn_nt_net,2026-08-02
LTU,Lithuania,EUROSTAT.EARN_NT_NET,"Annual net earnings, single person without children at 100% of average wage",EUR,2001,2343.04,Eurostat earn_nt_net,2026-08-02
LTU,Lithuania,EUROSTAT.EARN_NT_NET,"Annual net earnings, single person without children at 100% of average wage",EUR,2002,2510.39,Eurostat earn_nt_net,2026-08-02
LTU,Lithuania,EUROSTAT.EARN_NT_NET,"Annual net earnings, single person without children at 100% of average wage",EUR,2003,2694.34,Eurostat earn_nt_net,2026-08-02
LTU,Lithuania,EUROSTAT.EARN_NT_NET,"Annual net earnings, single person without children at 100% of average wage",EUR,2004,2871.84,Eurostat earn_nt_net,2026-08-02
LTU,Lithuania,EUROSTAT.EARN_NT_NET,"Annual net earnings, single person without children at 100% of average wage",EUR,2005,3137.20,Eurostat earn_nt_net,2026-08-02
LTU,Lithuania,EUROSTAT.EARN_NT_NET,"Annual net earnings, single person without children at 100% of average wage",EUR,2006,3751.73,Eurostat earn_nt_net,2026-08-02
LTU,Lithuania,EUROSTAT.EARN_NT_NET,"Annual net earnings, single person without children at 100% of average wage",EUR,2007,4714.12,Eurostat earn_nt_net,2026-08-02
LTU,Lithuania,EUROSTAT.EARN_NT_NET,"Annual net earnings, single person without children at 100% of average wage",EUR,2008,5667.32,Eurostat earn_nt_net,2026-08-02
LTU,Lithuania,EUROSTAT.EARN_NT_NET,"Annual net earnings, single person without children at 100% of average wage",EUR,2009,5361.47,Eurostat earn_nt_net,2026-08-02
LTU,Lithuania,EUROSTAT.EARN_NT_NET,"Annual net earnings, single person without children at 100% of average wage",EUR,2010,5245.02,Eurostat earn_nt_net,2026-08-02
LTU,Lithuania,EUROSTAT.EARN_NT_NET,"Annual net earnings, single person without children at 100% of average wage",EUR,2011,5401.30,Eurostat earn_nt_net,2026-08-02
LTU,Lithuania,EUROSTAT.EARN_NT_NET,"Annual net earnings, single person without children at 100% of average wage",EUR,2012,5635.73,Eurostat earn_nt_net,2026-08-02
LTU,Lithuania,EUROSTAT.EARN_NT_NET,"Annual net earnings, single person without children at 100% of average wage",EUR,2013,5954.89,Eurostat earn_nt_net,2026-08-02
LTU,Lithuania,EUROSTAT.EARN_NT_NET,"Annual net earnings, single person without children at 100% of average wage",EUR,2014,6284.47,Eurostat earn_nt_net,2026-08-02
LTU,Lithuania,EUROSTAT.EARN_NT_NET,"Annual net earnings, single person without children at 100% of average wage",EUR,2015,6651.85,Eurostat earn_nt_net,2026-08-02
LTU,Lithuania,EUROSTAT.EARN_NT_NET,"Annual net earnings, single person without children at 100% of average wage",EUR,2016,7217.25,Eurostat earn_nt_net,2026-08-02
LTU,Lithuania,EUROSTAT.EARN_NT_NET,"Annual net earnings, single person without children at 100% of average wage",EUR,2017,7897.69,Eurostat earn_nt_net,2026-08-02
LTU,Lithuania,EUROSTAT.EARN_NT_NET,"Annual net earnings, single person without children at 100% of average wage",EUR,2018,8690.66,Eurostat earn_nt_net,2026-08-02
LTU,Lithuania,EUROSTAT.EARN_NT_NET,"Annual net earnings, single person without children at 100% of average wage",EUR,2019,9794.92,Eurostat earn_nt_net,2026-08-02
LTU,Lithuania,EUROSTAT.EARN_NT_NET,"Annual net earnings, single person without children at 100% of average wage",EUR,2020,10787.57,Eurostat earn_nt_net,2026-08-02
LTU,Lithuania,EUROSTAT.EARN_NT_NET,"Annual net earnings, single person without children at 100% of average wage",EUR,2021,11798.21,Eurostat earn_nt_net,2026-08-02
LTU,Lithuania,EUROSTAT.EARN_NT_NET,"Annual net earnings, single person without children at 100% of average wage",EUR,2022,13297.64,Eurostat earn_nt_net,2026-08-02
LTU,Lithuania,EUROSTAT.EARN_NT_NET,"Annual net earnings, single person without children at 100% of average wage",EUR,2023,14783.41,Eurostat earn_nt_net,2026-08-02
LTU,Lithuania,EUROSTAT.EARN_NT_NET,"Annual net earnings, single person without children at 100% of average wage",EUR,2024,17425.03,Eurostat earn_nt_net,2026-08-02
LTU,Lithuania,EUROSTAT.EARN_NT_NET,"Annual net earnings, single person without children at 100% of average wage",EUR,2025,18650.38,Eurostat earn_nt_net,2026-08-02
LUX,Luxembourg,EUROSTAT.EARN_NT_NET,"Annual net earnings, single person without children at 100% of average wage",EUR,2000,25591.03,Eurostat earn_nt_net,2026-08-02
LUX,Luxembourg,EUROSTAT.EARN_NT_NET,"Annual net earnings, single person without children at 100% of average wage",EUR,2001,27493.08,Eurostat earn_nt_net,2026-08-02
LUX,Luxembourg,EUROSTAT.EARN_NT_NET,"Annual net earnings, single person without children at 100% of average wage",EUR,2002,29222.58,Eurostat earn_nt_net,2026-08-02
LUX,Luxembourg,EUROSTAT.EARN_NT_NET,"Annual net earnings, single person without children at 100% of average wage",EUR,2003,29859.40,Eurostat earn_nt_net,2026-08-02
LUX,Luxembourg,EUROSTAT.EARN_NT_NET,"Annual net earnings, single person without children at 100% of average wage",EUR,2004,30419.68,Eurostat earn_nt_net,2026-08-02
LUX,Luxembourg,EUROSTAT.EARN_NT_NET,"Annual net earnings, single person without children at 100% of average wage",EUR,2005,31176.33,Eurostat earn_nt_net,2026-08-02
LUX,Luxembourg,EUROSTAT.EARN_NT_NET,"Annual net earnings, single person without children at 100% of average wage",EUR,2006,31969.40,Eurostat earn_nt_net,2026-08-02
LUX,Luxembourg,EUROSTAT.EARN_NT_NET,"Annual net earnings, single person without children at 100% of average wage",EUR,2007,32727.56,Eurostat earn_nt_net,2026-08-02
LUX,Luxembourg,EUROSTAT.EARN_NT_NET,"Annual net earnings, single person without children at 100% of average wage",EUR,2008,34156.30,Eurostat earn_nt_net,2026-08-02
LUX,Luxembourg,EUROSTAT.EARN_NT_NET,"Annual net earnings, single person without children at 100% of average wage",EUR,2009,35539.77,Eurostat earn_nt_net,2026-08-02
LUX,Luxembourg,EUROSTAT.EARN_NT_NET,"Annual net earnings, single person without children at 100% of average wage",EUR,2010,36167.09,Eurostat earn_nt_net,2026-08-02
LUX,Luxembourg,EUROSTAT.EARN_NT_NET,"Annual net earnings, single person without children at 100% of average wage",EUR,2011,36278.25,Eurostat earn_nt_net,2026-08-02
LUX,Luxembourg,EUROSTAT.EARN_NT_NET,"Annual net earnings, single person without children at 100% of average wage",EUR,2012,37354.34,Eurostat earn_nt_net,2026-08-02
LUX,Luxembourg,EUROSTAT.EARN_NT_NET,"Annual net earnings, single person without children at 100% of average wage",EUR,2013,37792.02,Eurostat earn_nt_net,2026-08-02
LUX,Luxembourg,EUROSTAT.EARN_NT_NET,"Annual net earnings, single person without children at 100% of average wage",EUR,2014,38443.48,Eurostat earn_nt_net,2026-08-02
LUX,Luxembourg,EUROSTAT.EARN_NT_NET,"Annual net earnings, single person without children at 100% of average wage",EUR,2015,38630.79,Eurostat earn_nt_net,2026-08-02
LUX,Luxembourg,EUROSTAT.EARN_NT_NET,"Annual net earnings, single person without children at 100% of average wage",EUR,2016,38935.73,Eurostat earn_nt_net,2026-08-02
LUX,Luxembourg,EUROSTAT.EARN_NT_NET,"Annual net earnings, single person without children at 100% of average wage",EUR,2017,41340.39,Eurostat earn_nt_net,2026-08-02
LUX,Luxembourg,EUROSTAT.EARN_NT_NET,"Annual net earnings, single person without children at 100% of average wage",EUR,2018,42063.48,Eurostat earn_nt_net,2026-08-02
LUX,Luxembourg,EUROSTAT.EARN_NT_NET,"Annual net earnings, single person without children at 100% of average wage",EUR,2019,42650.77,Eurostat earn_nt_net,2026-08-02
LUX,Luxembourg,EUROSTAT.EARN_NT_NET,"Annual net earnings, single person without children at 100% of average wage",EUR,2020,44374.32,Eurostat earn_nt_net,2026-08-02
LUX,Luxembourg,EUROSTAT.EARN_NT_NET,"Annual net earnings, single person without children at 100% of average wage",EUR,2021,44934.82,Eurostat earn_nt_net,2026-08-02
LUX,Luxembourg,EUROSTAT.EARN_NT_NET,"Annual net earnings, single person without children at 100% of average wage",EUR,2022,46884.89,Eurostat earn_nt_net,2026-08-02
LUX,Luxembourg,EUROSTAT.EARN_NT_NET,"Annual net earnings, single person without children at 100% of average wage",EUR,2023,48797.50,Eurostat earn_nt_net,2026-08-02
LUX,Luxembourg,EUROSTAT.EARN_NT_NET,"Annual net earnings, single person without children at 100% of average wage",EUR,2024,52028.98,Eurostat earn_nt_net,2026-08-02
LUX,Luxembourg,EUROSTAT.EARN_NT_NET,"Annual net earnings, single person without children at 100% of average wage",EUR,2025,54259.93,Eurostat earn_nt_net,2026-08-02
LVA,Latvia,EUROSTAT.EARN_NT_NET,"Annual net earnings, single person without children at 100% of average wage",EUR,2000,1670.31,Eurostat earn_nt_net,2026-08-02
LVA,Latvia,EUROSTAT.EARN_NT_NET,"Annual net earnings, single person without children at 100% of average wage",EUR,2001,1784.97,Eurostat earn_nt_net,2026-08-02
LVA,Latvia,EUROSTAT.EARN_NT_NET,"Annual net earnings, single person without children at 100% of average wage",EUR,2002,1891.44,Eurostat earn_nt_net,2026-08-02
LVA,Latvia,EUROSTAT.EARN_NT_NET,"Annual net earnings, single person without children at 100% of average wage",EUR,2003,2096.19,Eurostat earn_nt_net,2026-08-02
LVA,Latvia,EUROSTAT.EARN_NT_NET,"Annual net earnings, single person without children at 100% of average wage",EUR,2004,2333.70,Eurostat earn_nt_net,2026-08-02
LVA,Latvia,EUROSTAT.EARN_NT_NET,"Annual net earnings, single person without children at 100% of average wage",EUR,2005,2702.25,Eurostat earn_nt_net,2026-08-02
LVA,Latvia,EUROSTAT.EARN_NT_NET,"Annual net earnings, single person without children at 100% of average wage",EUR,2006,3371.65,Eurostat earn_nt_net,2026-08-02
LVA,Latvia,EUROSTAT.EARN_NT_NET,"Annual net earnings, single person without children at 100% of average wage",EUR,2007,4431.28,Eurostat earn_nt_net,2026-08-02
LVA,Latvia,EUROSTAT.EARN_NT_NET,"Annual net earnings, single person without children at 100% of average wage",EUR,2008,5443.86,Eurostat earn_nt_net,2026-08-02
LVA,Latvia,EUROSTAT.EARN_NT_NET,"Annual net earnings, single person without children at 100% of average wage",EUR,2009,5424.98,Eurostat earn_nt_net,2026-08-02
LVA,Latvia,EUROSTAT.EARN_NT_NET,"Annual net earnings, single person without children at 100% of average wage",EUR,2010,5068.61,Eurostat earn_nt_net,2026-08-02
LVA,Latvia,EUROSTAT.EARN_NT_NET,"Annual net earnings, single person without children at 100% of average wage",EUR,2011,5286.45,Eurostat earn_nt_net,2026-08-02
LVA,Latvia,EUROSTAT.EARN_NT_NET,"Annual net earnings, single person without children at 100% of average wage",EUR,2012,5462.67,Eurostat earn_nt_net,2026-08-02
LVA,Latvia,EUROSTAT.EARN_NT_NET,"Annual net earnings, single person without children at 100% of average wage",EUR,2013,5776.88,Eurostat earn_nt_net,2026-08-02
LVA,Latvia,EUROSTAT.EARN_NT_NET,"Annual net earnings, single person without children at 100% of average wage",EUR,2014,6264.34,Eurostat earn_nt_net,2026-08-02
LVA,Latvia,EUROSTAT.EARN_NT_NET,"Annual net earnings, single person without children at 100% of average wage",EUR,2015,6814.57,Eurostat earn_nt_net,2026-08-02
LVA,Latvia,EUROSTAT.EARN_NT_NET,"Annual net earnings, single person without children at 100% of average wage",EUR,2016,7212.23,Eurostat earn_nt_net,2026-08-02
LVA,Latvia,EUROSTAT.EARN_NT_NET,"Annual net earnings, single person without children at 100% of average wage",EUR,2017,7772.59,Eurostat earn_nt_net,2026-08-02
LVA,Latvia,EUROSTAT.EARN_NT_NET,"Annual net earnings, single person without children at 100% of average wage",EUR,2018,8474.82,Eurostat earn_nt_net,2026-08-02
LVA,Latvia,EUROSTAT.EARN_NT_NET,"Annual net earnings, single person without children at 100% of average wage",EUR,2019,9144.05,Eurostat earn_nt_net,2026-08-02
LVA,Latvia,EUROSTAT.EARN_NT_NET,"Annual net earnings, single person without children at 100% of average wage",EUR,2020,9786.84,Eurostat earn_nt_net,2026-08-02
LVA,Latvia,EUROSTAT.EARN_NT_NET,"Annual net earnings, single person without children at 100% of average wage",EUR,2021,11229.49,Eurostat earn_nt_net,2026-08-02
LVA,Latvia,EUROSTAT.EARN_NT_NET,"Annual net earnings, single person without children at 100% of average wage",EUR,2022,12147.46,Eurostat earn_nt_net,2026-08-02
LVA,Latvia,EUROSTAT.EARN_NT_NET,"Annual net earnings, single person without children at 100% of average wage",EUR,2023,13418.00,Eurostat earn_nt_net,2026-08-02
LVA,Latvia,EUROSTAT.EARN_NT_NET,"Annual net earnings, single person without children at 100% of average wage",EUR,2024,15450.48,Eurostat earn_nt_net,2026-08-02
LVA,Latvia,EUROSTAT.EARN_NT_NET,"Annual net earnings, single person without children at 100% of average wage",EUR,2025,16792.67,Eurostat earn_nt_net,2026-08-02
MLT,Malta,EUROSTAT.EARN_NT_NET,"Annual net earnings, single person without children at 100% of average wage",EUR,2005,11624.50,Eurostat earn_nt_net,2026-08-02
MLT,Malta,EUROSTAT.EARN_NT_NET,"Annual net earnings, single person without children at 100% of average wage",EUR,2006,11950.15,Eurostat earn_nt_net,2026-08-02
MLT,Malta,EUROSTAT.EARN_NT_NET,"Annual net earnings, single person without children at 100% of average wage",EUR,2007,12514.21,Eurostat earn_nt_net,2026-08-02
MLT,Malta,EUROSTAT.EARN_NT_NET,"Annual net earnings, single person without children at 100% of average wage",EUR,2008,13542.87,Eurostat earn_nt_net,2026-08-02
MLT,Malta,EUROSTAT.EARN_NT_NET,"Annual net earnings, single person without children at 100% of average wage",EUR,2009,13883.84,Eurostat earn_nt_net,2026-08-02
MLT,Malta,EUROSTAT.EARN_NT_NET,"Annual net earnings, single person without children at 100% of average wage",EUR,2010,14473.93,Eurostat earn_nt_net,2026-08-02
MLT,Malta,EUROSTAT.EARN_NT_NET,"Annual net earnings, single person without children at 100% of average wage",EUR,2011,15642.97,Eurostat earn_nt_net,2026-08-02
MLT,Malta,EUROSTAT.EARN_NT_NET,"Annual net earnings, single person without children at 100% of average wage",EUR,2012,15999.95,Eurostat earn_nt_net,2026-08-02
MLT,Malta,EUROSTAT.EARN_NT_NET,"Annual net earnings, single person without children at 100% of average wage",EUR,2013,16306.00,Eurostat earn_nt_net,2026-08-02
MLT,Malta,EUROSTAT.EARN_NT_NET,"Annual net earnings, single person without children at 100% of average wage",EUR,2014,16010.00,Eurostat earn_nt_net,2026-08-02
MLT,Malta,EUROSTAT.EARN_NT_NET,"Annual net earnings, single person without children at 100% of average wage",EUR,2015,16337.95,Eurostat earn_nt_net,2026-08-02
MLT,Malta,EUROSTAT.EARN_NT_NET,"Annual net earnings, single person without children at 100% of average wage",EUR,2016,16926.20,Eurostat earn_nt_net,2026-08-02
MLT,Malta,EUROSTAT.EARN_NT_NET,"Annual net earnings, single person without children at 100% of average wage",EUR,2017,17305.15,Eurostat earn_nt_net,2026-08-02
MLT,Malta,EUROSTAT.EARN_NT_NET,"Annual net earnings, single person without children at 100% of average wage",EUR,2018,17890.15,Eurostat earn_nt_net,2026-08-02
MLT,Malta,EUROSTAT.EARN_NT_NET,"Annual net earnings, single person without children at 100% of average wage",EUR,2019,19107.19,Eurostat earn_nt_net,2026-08-02
MLT,Malta,EUROSTAT.EARN_NT_NET,"Annual net earnings, single person without children at 100% of average wage",EUR,2020,19652.90,Eurostat earn_nt_net,2026-08-02
MLT,Malta,EUROSTAT.EARN_NT_NET,"Annual net earnings, single person without children at 100% of average wage",EUR,2021,18292.50,Eurostat earn_nt_net,2026-08-02
MLT,Malta,EUROSTAT.EARN_NT_NET,"Annual net earnings, single person without children at 100% of average wage",EUR,2022,19784.81,Eurostat earn_nt_net,2026-08-02
MLT,Malta,EUROSTAT.EARN_NT_NET,"Annual net earnings, single person without children at 100% of average wage",EUR,2023,20555.05,Eurostat earn_nt_net,2026-08-02
MLT,Malta,EUROSTAT.EARN_NT_NET,"Annual net earnings, single person without children at 100% of average wage",EUR,2024,23957.80,Eurostat earn_nt_net,2026-08-02
MLT,Malta,EUROSTAT.EARN_NT_NET,"Annual net earnings, single person without children at 100% of average wage",EUR,2025,25543.95,Eurostat earn_nt_net,2026-08-02
NLD,Netherlands,EUROSTAT.EARN_NT_NET,"Annual net earnings, single person without children at 100% of average wage",EUR,2000,21176.15,Eurostat earn_nt_net,2026-08-02
NLD,Netherlands,EUROSTAT.EARN_NT_NET,"Annual net earnings, single person without children at 100% of average wage",EUR,2001,23516.66,Eurostat earn_nt_net,2026-08-02
NLD,Netherlands,EUROSTAT.EARN_NT_NET,"Annual net earnings, single person without children at 100% of average wage",EUR,2002,24412.39,Eurostat earn_nt_net,2026-08-02
NLD,Netherlands,EUROSTAT.EARN_NT_NET,"Annual net earnings, single person without children at 100% of average wage",EUR,2003,25207.28,Eurostat earn_nt_net,2026-08-02
NLD,Netherlands,EUROSTAT.EARN_NT_NET,"Annual net earnings, single person without children at 100% of average wage",EUR,2004,25562.89,Eurostat earn_nt_net,2026-08-02
NLD,Netherlands,EUROSTAT.EARN_NT_NET,"Annual net earnings, single person without children at 100% of average wage",EUR,2005,26118.14,Eurostat earn_nt_net,2026-08-02
NLD,Netherlands,EUROSTAT.EARN_NT_NET,"Annual net earnings, single person without children at 100% of average wage",EUR,2006,27543.04,Eurostat earn_nt_net,2026-08-02
NLD,Netherlands,EUROSTAT.EARN_NT_NET,"Annual net earnings, single person without children at 100% of average wage",EUR,2007,28361.73,Eurostat earn_nt_net,2026-08-02
NLD,Netherlands,EUROSTAT.EARN_NT_NET,"Annual net earnings, single person without children at 100% of average wage",EUR,2008,28976.84,Eurostat earn_nt_net,2026-08-02
NLD,Netherlands,EUROSTAT.EARN_NT_NET,"Annual net earnings, single person without children at 100% of average wage",EUR,2009,30291.69,Eurostat earn_nt_net,2026-08-02
NLD,Netherlands,EUROSTAT.EARN_NT_NET,"Annual net earnings, single person without children at 100% of average wage",EUR,2010,30901.41,Eurostat earn_nt_net,2026-08-02
NLD,Netherlands,EUROSTAT.EARN_NT_NET,"Annual net earnings, single person without children at 100% of average wage",EUR,2011,31612.20,Eurostat earn_nt_net,2026-08-02
NLD,Netherlands,EUROSTAT.EARN_NT_NET,"Annual net earnings, single person without children at 100% of average wage",EUR,2012,31732.71,Eurostat earn_nt_net,2026-08-02
NLD,Netherlands,EUROSTAT.EARN_NT_NET,"Annual net earnings, single person without children at 100% of average wage",EUR,2013,32992.17,Eurostat earn_nt_net,2026-08-02
NLD,Netherlands,EUROSTAT.EARN_NT_NET,"Annual net earnings, single person without children at 100% of average wage",EUR,2014,33723.85,Eurostat earn_nt_net,2026-08-02
NLD,Netherlands,EUROSTAT.EARN_NT_NET,"Annual net earnings, single person without children at 100% of average wage",EUR,2015,34551.50,Eurostat earn_nt_net,2026-08-02
NLD,Netherlands,EUROSTAT.EARN_NT_NET,"Annual net earnings, single person without children at 100% of average wage",EUR,2016,34975.70,Eurostat earn_nt_net,2026-08-02
NLD,Netherlands,EUROSTAT.EARN_NT_NET,"Annual net earnings, single person without children at 100% of average wage",EUR,2017,35426.38,Eurostat earn_nt_net,2026-08-02
NLD,Netherlands,EUROSTAT.EARN_NT_NET,"Annual net earnings, single person without children at 100% of average wage",EUR,2018,35838.18,Eurostat earn_nt_net,2026-08-02
NLD,Netherlands,EUROSTAT.EARN_NT_NET,"Annual net earnings, single person without children at 100% of average wage",EUR,2019,37402.24,Eurostat earn_nt_net,2026-08-02
NLD,Netherlands,EUROSTAT.EARN_NT_NET,"Annual net earnings, single person without children at 100% of average wage",EUR,2020,39142.87,Eurostat earn_nt_net,2026-08-02
NLD,Netherlands,EUROSTAT.EARN_NT_NET,"Annual net earnings, single person without children at 100% of average wage",EUR,2021,40660.61,Eurostat earn_nt_net,2026-08-02
NLD,Netherlands,EUROSTAT.EARN_NT_NET,"Annual net earnings, single person without children at 100% of average wage",EUR,2022,42311.50,Eurostat earn_nt_net,2026-08-02
NLD,Netherlands,EUROSTAT.EARN_NT_NET,"Annual net earnings, single person without children at 100% of average wage",EUR,2023,45156.38,Eurostat earn_nt_net,2026-08-02
NLD,Netherlands,EUROSTAT.EARN_NT_NET,"Annual net earnings, single person without children at 100% of average wage",EUR,2024,34223.41,Eurostat earn_nt_net,2026-08-02
NLD,Netherlands,EUROSTAT.EARN_NT_NET,"Annual net earnings, single person without children at 100% of average wage",EUR,2025,35836.93,Eurostat earn_nt_net,2026-08-02
POL,Poland,EUROSTAT.EARN_NT_NET,"Annual net earnings, single person without children at 100% of average wage",EUR,2000,4153.75,Eurostat earn_nt_net,2026-08-02
POL,Poland,EUROSTAT.EARN_NT_NET,"Annual net earnings, single person without children at 100% of average wage",EUR,2001,4882.23,Eurostat earn_nt_net,2026-08-02
POL,Poland,EUROSTAT.EARN_NT_NET,"Annual net earnings, single person without children at 100% of average wage",EUR,2002,4750.55,Eurostat earn_nt_net,2026-08-02
POL,Poland,EUROSTAT.EARN_NT_NET,"Annual net earnings, single person without children at 100% of average wage",EUR,2003,4338.05,Eurostat earn_nt_net,2026-08-02
POL,Poland,EUROSTAT.EARN_NT_NET,"Annual net earnings, single person without children at 100% of average wage",EUR,2004,4289.22,Eurostat earn_nt_net,2026-08-02
POL,Poland,EUROSTAT.EARN_NT_NET,"Annual net earnings, single person without children at 100% of average wage",EUR,2005,4965.12,Eurostat earn_nt_net,2026-08-02
POL,Poland,EUROSTAT.EARN_NT_NET,"Annual net earnings, single person without children at 100% of average wage",EUR,2006,5356.19,Eurostat earn_nt_net,2026-08-02
POL,Poland,EUROSTAT.EARN_NT_NET,"Annual net earnings, single person without children at 100% of average wage",EUR,2007,6163.20,Eurostat earn_nt_net,2026-08-02
POL,Poland,EUROSTAT.EARN_NT_NET,"Annual net earnings, single person without children at 100% of average wage",EUR,2008,7195.04,Eurostat earn_nt_net,2026-08-02
POL,Poland,EUROSTAT.EARN_NT_NET,"Annual net earnings, single person without children at 100% of average wage",EUR,2009,6093.94,Eurostat earn_nt_net,2026-08-02
POL,Poland,EUROSTAT.EARN_NT_NET,"Annual net earnings, single person without children at 100% of average wage",EUR,2010,6896.23,Eurostat earn_nt_net,2026-08-02
POL,Poland,EUROSTAT.EARN_NT_NET,"Annual net earnings, single person without children at 100% of average wage",EUR,2011,7085.75,Eurostat earn_nt_net,2026-08-02
POL,Poland,EUROSTAT.EARN_NT_NET,"Annual net earnings, single person without children at 100% of average wage",EUR,2012,7235.50,Eurostat earn_nt_net,2026-08-02
POL,Poland,EUROSTAT.EARN_NT_NET,"Annual net earnings, single person without children at 100% of average wage",EUR,2013,7466.23,Eurostat earn_nt_net,2026-08-02
POL,Poland,EUROSTAT.EARN_NT_NET,"Annual net earnings, single person without children at 100% of average wage",EUR,2014,7991.17,Eurostat earn_nt_net,2026-08-02
POL,Poland,EUROSTAT.EARN_NT_NET,"Annual net earnings, single person without children at 100% of average wage",EUR,2015,8275.99,Eurostat earn_nt_net,2026-08-02
POL,Poland,EUROSTAT.EARN_NT_NET,"Annual net earnings, single person without children at 100% of average wage",EUR,2016,8200.43,Eurostat earn_nt_net,2026-08-02
POL,Poland,EUROSTAT.EARN_NT_NET,"Annual net earnings, single person without children at 100% of average wage",EUR,2017,8975.57,Eurostat earn_nt_net,2026-08-02
POL,Poland,EUROSTAT.EARN_NT_NET,"Annual net earnings, single person without children at 100% of average wage",EUR,2018,9618.59,Eurostat earn_nt_net,2026-08-02
POL,Poland,EUROSTAT.EARN_NT_NET,"Annual net earnings, single person without children at 100% of average wage",EUR,2019,10225.78,Eurostat earn_nt_net,2026-08-02
POL,Poland,EUROSTAT.EARN_NT_NET,"Annual net earnings, single person without children at 100% of average wage",EUR,2020,11376.35,Eurostat earn_nt_net,2026-08-02
POL,Poland,EUROSTAT.EARN_NT_NET,"Annual net earnings, single person without children at 100% of average wage",EUR,2021,11134.57,Eurostat earn_nt_net,2026-08-02
POL,Poland,EUROSTAT.EARN_NT_NET,"Annual net earnings, single person without children at 100% of average wage",EUR,2022,12503.72,Eurostat earn_nt_net,2026-08-02
POL,Poland,EUROSTAT.EARN_NT_NET,"Annual net earnings, single person without children at 100% of average wage",EUR,2023,14487.18,Eurostat earn_nt_net,2026-08-02
POL,Poland,EUROSTAT.EARN_NT_NET,"Annual net earnings, single person without children at 100% of average wage",EUR,2024,15043.66,Eurostat earn_nt_net,2026-08-02
POL,Poland,EUROSTAT.EARN_NT_NET,"Annual net earnings, single person without children at 100% of average wage",EUR,2025,16163.12,Eurostat earn_nt_net,2026-08-02
PRT,Portugal,EUROSTAT.EARN_NT_NET,"Annual net earnings, single person without children at 100% of average wage",EUR,2000,8676.61,Eurostat earn_nt_net,2026-08-02
PRT,Portugal,EUROSTAT.EARN_NT_NET,"Annual net earnings, single person without children at 100% of average wage",EUR,2001,9175.94,Eurostat earn_nt_net,2026-08-02
PRT,Portugal,EUROSTAT.EARN_NT_NET,"Annual net earnings, single person without children at 100% of average wage",EUR,2002,9499.25,Eurostat earn_nt_net,2026-08-02
PRT,Portugal,EUROSTAT.EARN_NT_NET,"Annual net earnings, single person without children at 100% of average wage",EUR,2003,9843.15,Eurostat earn_nt_net,2026-08-02
PRT,Portugal,EUROSTAT.EARN_NT_NET,"Annual net earnings, single person without children at 100% of average wage",EUR,2004,10158.59,Eurostat earn_nt_net,2026-08-02
PRT,Portugal,EUROSTAT.EARN_NT_NET,"Annual net earnings, single person without children at 100% of average wage",EUR,2005,10586.56,Eurostat earn_nt_net,2026-08-02
PRT,Portugal,EUROSTAT.EARN_NT_NET,"Annual net earnings, single person without children at 100% of average wage",EUR,2006,10882.77,Eurostat earn_nt_net,2026-08-02
PRT,Portugal,EUROSTAT.EARN_NT_NET,"Annual net earnings, single person without children at 100% of average wage",EUR,2007,11362.96,Eurostat earn_nt_net,2026-08-02
PRT,Portugal,EUROSTAT.EARN_NT_NET,"Annual net earnings, single person without children at 100% of average wage",EUR,2008,11715.22,Eurostat earn_nt_net,2026-08-02
PRT,Portugal,EUROSTAT.EARN_NT_NET,"Annual net earnings, single person without children at 100% of average wage",EUR,2009,12006.44,Eurostat earn_nt_net,2026-08-02
PRT,Portugal,EUROSTAT.EARN_NT_NET,"Annual net earnings, single person without children at 100% of average wage",EUR,2010,12189.88,Eurostat earn_nt_net,2026-08-02
PRT,Portugal,EUROSTAT.EARN_NT_NET,"Annual net earnings, single person without children at 100% of average wage",EUR,2011,12008.16,Eurostat earn_nt_net,2026-08-02
PRT,Portugal,EUROSTAT.EARN_NT_NET,"Annual net earnings, single person without children at 100% of average wage",EUR,2012,12253.01,Eurostat earn_nt_net,2026-08-02
PRT,Portugal,EUROSTAT.EARN_NT_NET,"Annual net earnings, single person without children at 100% of average wage",EUR,2013,11729.30,Eurostat earn_nt_net,2026-08-02
PRT,Portugal,EUROSTAT.EARN_NT_NET,"Annual net earnings, single person without children at 100% of average wage",EUR,2014,11663.77,Eurostat earn_nt_net,2026-08-02
PRT,Portugal,EUROSTAT.EARN_NT_NET,"Annual net earnings, single person without children at 100% of average wage",EUR,2015,11535.88,Eurostat earn_nt_net,2026-08-02
PRT,Portugal,EUROSTAT.EARN_NT_NET,"Annual net earnings, single person without children at 100% of average wage",EUR,2016,11704.24,Eurostat earn_nt_net,2026-08-02
PRT,Portugal,EUROSTAT.EARN_NT_NET,"Annual net earnings, single person without children at 100% of average wage",EUR,2017,11938.30,Eurostat earn_nt_net,2026-08-02
PRT,Portugal,EUROSTAT.EARN_NT_NET,"Annual net earnings, single person without children at 100% of average wage",EUR,2018,12401.75,Eurostat earn_nt_net,2026-08-02
PRT,Portugal,EUROSTAT.EARN_NT_NET,"Annual net earnings, single person without children at 100% of average wage",EUR,2019,12823.40,Eurostat earn_nt_net,2026-08-02
PRT,Portugal,EUROSTAT.EARN_NT_NET,"Annual net earnings, single person without children at 100% of average wage",EUR,2020,12934.79,Eurostat earn_nt_net,2026-08-02
PRT,Portugal,EUROSTAT.EARN_NT_NET,"Annual net earnings, single person without children at 100% of average wage",EUR,2021,13502.54,Eurostat earn_nt_net,2026-08-02
PRT,Portugal,EUROSTAT.EARN_NT_NET,"Annual net earnings, single person without children at 100% of average wage",EUR,2022,14213.56,Eurostat earn_nt_net,2026-08-02
PRT,Portugal,EUROSTAT.EARN_NT_NET,"Annual net earnings, single person without children at 100% of average wage",EUR,2023,15301.09,Eurostat earn_nt_net,2026-08-02
PRT,Portugal,EUROSTAT.EARN_NT_NET,"Annual net earnings, single person without children at 100% of average wage",EUR,2024,18834.92,Eurostat earn_nt_net,2026-08-02
PRT,Portugal,EUROSTAT.EARN_NT_NET,"Annual net earnings, single person without children at 100% of average wage",EUR,2025,19708.63,Eurostat earn_nt_net,2026-08-02
ROU,Romania,EUROSTAT.EARN_NT_NET,"Annual net earnings, single person without children at 100% of average wage",EUR,2008,3957.79,Eurostat earn_nt_net,2026-08-02
ROU,Romania,EUROSTAT.EARN_NT_NET,"Annual net earnings, single person without children at 100% of average wage",EUR,2009,3575.08,Eurostat earn_nt_net,2026-08-02
ROU,Romania,EUROSTAT.EARN_NT_NET,"Annual net earnings, single person without children at 100% of average wage",EUR,2010,3872.44,Eurostat earn_nt_net,2026-08-02
ROU,Romania,EUROSTAT.EARN_NT_NET,"Annual net earnings, single person without children at 100% of average wage",EUR,2011,4081.39,Eurostat earn_nt_net,2026-08-02
ROU,Romania,EUROSTAT.EARN_NT_NET,"Annual net earnings, single person without children at 100% of average wage",EUR,2012,4000.73,Eurostat earn_nt_net,2026-08-02
ROU,Romania,EUROSTAT.EARN_NT_NET,"Annual net earnings, single person without children at 100% of average wage",EUR,2013,4340.64,Eurostat earn_nt_net,2026-08-02
ROU,Romania,EUROSTAT.EARN_NT_NET,"Annual net earnings, single person without children at 100% of average wage",EUR,2014,4610.25,Eurostat earn_nt_net,2026-08-02
ROU,Romania,EUROSTAT.EARN_NT_NET,"Annual net earnings, single person without children at 100% of average wage",EUR,2015,5117.82,Eurostat earn_nt_net,2026-08-02
ROU,Romania,EUROSTAT.EARN_NT_NET,"Annual net earnings, single person without children at 100% of average wage",EUR,2016,5518.93,Eurostat earn_nt_net,2026-08-02
ROU,Romania,EUROSTAT.EARN_NT_NET,"Annual net earnings, single person without children at 100% of average wage",EUR,2017,6049.96,Eurostat earn_nt_net,2026-08-02
ROU,Romania,EUROSTAT.EARN_NT_NET,"Annual net earnings, single person without children at 100% of average wage",EUR,2018,6669.59,Eurostat earn_nt_net,2026-08-02
ROU,Romania,EUROSTAT.EARN_NT_NET,"Annual net earnings, single person without children at 100% of average wage",EUR,2019,7230.37,Eurostat earn_nt_net,2026-08-02
ROU,Romania,EUROSTAT.EARN_NT_NET,"Annual net earnings, single person without children at 100% of average wage",EUR,2020,7629.63,Eurostat earn_nt_net,2026-08-02
ROU,Romania,EUROSTAT.EARN_NT_NET,"Annual net earnings, single person without children at 100% of average wage",EUR,2021,8069.82,Eurostat earn_nt_net,2026-08-02
ROU,Romania,EUROSTAT.EARN_NT_NET,"Annual net earnings, single person without children at 100% of average wage",EUR,2022,9083.98,Eurostat earn_nt_net,2026-08-02
ROU,Romania,EUROSTAT.EARN_NT_NET,"Annual net earnings, single person without children at 100% of average wage",EUR,2023,10525.08,Eurostat earn_nt_net,2026-08-02
ROU,Romania,EUROSTAT.EARN_NT_NET,"Annual net earnings, single person without children at 100% of average wage",EUR,2024,12317.77,Eurostat earn_nt_net,2026-08-02
ROU,Romania,EUROSTAT.EARN_NT_NET,"Annual net earnings, single person without children at 100% of average wage",EUR,2025,13232.74,Eurostat earn_nt_net,2026-08-02
SVK,Slovakia,EUROSTAT.EARN_NT_NET,"Annual net earnings, single person without children at 100% of average wage",EUR,2000,4196.64,Eurostat earn_nt_net,2026-08-02
SVK,Slovakia,EUROSTAT.EARN_NT_NET,"Annual net earnings, single person without children at 100% of average wage",EUR,2001,4333.99,Eurostat earn_nt_net,2026-08-02
SVK,Slovakia,EUROSTAT.EARN_NT_NET,"Annual net earnings, single person without children at 100% of average wage",EUR,2002,4549.97,Eurostat earn_nt_net,2026-08-02
SVK,Slovakia,EUROSTAT.EARN_NT_NET,"Annual net earnings, single person without children at 100% of average wage",EUR,2003,4804.77,Eurostat earn_nt_net,2026-08-02
SVK,Slovakia,EUROSTAT.EARN_NT_NET,"Annual net earnings, single person without children at 100% of average wage",EUR,2004,5247.64,Eurostat earn_nt_net,2026-08-02
SVK,Slovakia,EUROSTAT.EARN_NT_NET,"Annual net earnings, single person without children at 100% of average wage",EUR,2005,5644.51,Eurostat earn_nt_net,2026-08-02
SVK,Slovakia,EUROSTAT.EARN_NT_NET,"Annual net earnings, single person without children at 100% of average wage",EUR,2006,6018.99,Eurostat earn_nt_net,2026-08-02
SVK,Slovakia,EUROSTAT.EARN_NT_NET,"Annual net earnings, single person without children at 100% of average wage",EUR,2007,6408.40,Eurostat earn_nt_net,2026-08-02
SVK,Slovakia,EUROSTAT.EARN_NT_NET,"Annual net earnings, single person without children at 100% of average wage",EUR,2008,7023.15,Eurostat earn_nt_net,2026-08-02
SVK,Slovakia,EUROSTAT.EARN_NT_NET,"Annual net earnings, single person without children at 100% of average wage",EUR,2009,7264.52,Eurostat earn_nt_net,2026-08-02
SVK,Slovakia,EUROSTAT.EARN_NT_NET,"Annual net earnings, single person without children at 100% of average wage",EUR,2010,7493.69,Eurostat earn_nt_net,2026-08-02
SVK,Slovakia,EUROSTAT.EARN_NT_NET,"Annual net earnings, single person without children at 100% of average wage",EUR,2011,7642.75,Eurostat earn_nt_net,2026-08-02
SVK,Slovakia,EUROSTAT.EARN_NT_NET,"Annual net earnings, single person without children at 100% of average wage",EUR,2012,7797.27,Eurostat earn_nt_net,2026-08-02
SVK,Slovakia,EUROSTAT.EARN_NT_NET,"Annual net earnings, single person without children at 100% of average wage",EUR,2013,7936.58,Eurostat earn_nt_net,2026-08-02
SVK,Slovakia,EUROSTAT.EARN_NT_NET,"Annual net earnings, single person without children at 100% of average wage",EUR,2014,8250.32,Eurostat earn_nt_net,2026-08-02
SVK,Slovakia,EUROSTAT.EARN_NT_NET,"Annual net earnings, single person without children at 100% of average wage",EUR,2015,8426.75,Eurostat earn_nt_net,2026-08-02
SVK,Slovakia,EUROSTAT.EARN_NT_NET,"Annual net earnings, single person without children at 100% of average wage",EUR,2016,8654.34,Eurostat earn_nt_net,2026-08-02
SVK,Slovakia,EUROSTAT.EARN_NT_NET,"Annual net earnings, single person without children at 100% of average wage",EUR,2017,8961.03,Eurostat earn_nt_net,2026-08-02
SVK,Slovakia,EUROSTAT.EARN_NT_NET,"Annual net earnings, single person without children at 100% of average wage",EUR,2018,9464.61,Eurostat earn_nt_net,2026-08-02
SVK,Slovakia,EUROSTAT.EARN_NT_NET,"Annual net earnings, single person without children at 100% of average wage",EUR,2019,9975.02,Eurostat earn_nt_net,2026-08-02
SVK,Slovakia,EUROSTAT.EARN_NT_NET,"Annual net earnings, single person without children at 100% of average wage",EUR,2020,10250.84,Eurostat earn_nt_net,2026-08-02
SVK,Slovakia,EUROSTAT.EARN_NT_NET,"Annual net earnings, single person without children at 100% of average wage",EUR,2021,10982.50,Eurostat earn_nt_net,2026-08-02
SVK,Slovakia,EUROSTAT.EARN_NT_NET,"Annual net earnings, single person without children at 100% of average wage",EUR,2022,11846.85,Eurostat earn_nt_net,2026-08-02
SVK,Slovakia,EUROSTAT.EARN_NT_NET,"Annual net earnings, single person without children at 100% of average wage",EUR,2023,13027.56,Eurostat earn_nt_net,2026-08-02
SVK,Slovakia,EUROSTAT.EARN_NT_NET,"Annual net earnings, single person without children at 100% of average wage",EUR,2024,14980.51,Eurostat earn_nt_net,2026-08-02
SVK,Slovakia,EUROSTAT.EARN_NT_NET,"Annual net earnings, single person without children at 100% of average wage",EUR,2025,15685.92,Eurostat earn_nt_net,2026-08-02
SVN,Slovenia,EUROSTAT.EARN_NT_NET,"Annual net earnings, single person without children at 100% of average wage",EUR,2000,5731.72,Eurostat earn_nt_net,2026-08-02
SVN,Slovenia,EUROSTAT.EARN_NT_NET,"Annual net earnings, single person without children at 100% of average wage",EUR,2001,6372.14,Eurostat earn_nt_net,2026-08-02
SVN,Slovenia,EUROSTAT.EARN_NT_NET,"Annual net earnings, single person without children at 100% of average wage",EUR,2002,6948.28,Eurostat earn_nt_net,2026-08-02
SVN,Slovenia,EUROSTAT.EARN_NT_NET,"Annual net earnings, single person without children at 100% of average wage",EUR,2003,7517.19,Eurostat earn_nt_net,2026-08-02
SVN,Slovenia,EUROSTAT.EARN_NT_NET,"Annual net earnings, single person without children at 100% of average wage",EUR,2004,8011.04,Eurostat earn_nt_net,2026-08-02
SVN,Slovenia,EUROSTAT.EARN_NT_NET,"Annual net earnings, single person without children at 100% of average wage",EUR,2005,8474.72,Eurostat earn_nt_net,2026-08-02
SVN,Slovenia,EUROSTAT.EARN_NT_NET,"Annual net earnings, single person without children at 100% of average wage",EUR,2006,8915.99,Eurostat earn_nt_net,2026-08-02
SVN,Slovenia,EUROSTAT.EARN_NT_NET,"Annual net earnings, single person without children at 100% of average wage",EUR,2007,9820.88,Eurostat earn_nt_net,2026-08-02
SVN,Slovenia,EUROSTAT.EARN_NT_NET,"Annual net earnings, single person without children at 100% of average wage",EUR,2008,10556.93,Eurostat earn_nt_net,2026-08-02
SVN,Slovenia,EUROSTAT.EARN_NT_NET,"Annual net earnings, single person without children at 100% of average wage",EUR,2009,10782.68,Eurostat earn_nt_net,2026-08-02
SVN,Slovenia,EUROSTAT.EARN_NT_NET,"Annual net earnings, single person without children at 100% of average wage",EUR,2010,11284.13,Eurostat earn_nt_net,2026-08-02
SVN,Slovenia,EUROSTAT.EARN_NT_NET,"Annual net earnings, single person without children at 100% of average wage",EUR,2011,11567.85,Eurostat earn_nt_net,2026-08-02
SVN,Slovenia,EUROSTAT.EARN_NT_NET,"Annual net earnings, single person without children at 100% of average wage",EUR,2012,11707.47,Eurostat earn_nt_net,2026-08-02
SVN,Slovenia,EUROSTAT.EARN_NT_NET,"Annual net earnings, single person without children at 100% of average wage",EUR,2013,11824.18,Eurostat earn_nt_net,2026-08-02
SVN,Slovenia,EUROSTAT.EARN_NT_NET,"Annual net earnings, single person without children at 100% of average wage",EUR,2014,11980.57,Eurostat earn_nt_net,2026-08-02
SVN,Slovenia,EUROSTAT.EARN_NT_NET,"Annual net earnings, single person without children at 100% of average wage",EUR,2015,12062.45,Eurostat earn_nt_net,2026-08-02
SVN,Slovenia,EUROSTAT.EARN_NT_NET,"Annual net earnings, single person without children at 100% of average wage",EUR,2016,12202.35,Eurostat earn_nt_net,2026-08-02
SVN,Slovenia,EUROSTAT.EARN_NT_NET,"Annual net earnings, single person without children at 100% of average wage",EUR,2017,12487.25,Eurostat earn_nt_net,2026-08-02
SVN,Slovenia,EUROSTAT.EARN_NT_NET,"Annual net earnings, single person without children at 100% of average wage",EUR,2018,12902.38,Eurostat earn_nt_net,2026-08-02
SVN,Slovenia,EUROSTAT.EARN_NT_NET,"Annual net earnings, single person without children at 100% of average wage",EUR,2019,13298.17,Eurostat earn_nt_net,2026-08-02
SVN,Slovenia,EUROSTAT.EARN_NT_NET,"Annual net earnings, single person without children at 100% of average wage",EUR,2020,13896.79,Eurostat earn_nt_net,2026-08-02
SVN,Slovenia,EUROSTAT.EARN_NT_NET,"Annual net earnings, single person without children at 100% of average wage",EUR,2021,14601.22,Eurostat earn_nt_net,2026-08-02
SVN,Slovenia,EUROSTAT.EARN_NT_NET,"Annual net earnings, single person without children at 100% of average wage",EUR,2022,15668.40,Eurostat earn_nt_net,2026-08-02
SVN,Slovenia,EUROSTAT.EARN_NT_NET,"Annual net earnings, single person without children at 100% of average wage",EUR,2023,17113.88,Eurostat earn_nt_net,2026-08-02
SVN,Slovenia,EUROSTAT.EARN_NT_NET,"Annual net earnings, single person without children at 100% of average wage",EUR,2024,21319.53,Eurostat earn_nt_net,2026-08-02
SVN,Slovenia,EUROSTAT.EARN_NT_NET,"Annual net earnings, single person without children at 100% of average wage",EUR,2025,22503.18,Eurostat earn_nt_net,2026-08-02
SWE,Sweden,EUROSTAT.EARN_NT_NET,"Annual net earnings, single person without children at 100% of average wage",EUR,2000,20684.65,Eurostat earn_nt_net,2026-08-02
SWE,Sweden,EUROSTAT.EARN_NT_NET,"Annual net earnings, single person without children at 100% of average wage",EUR,2001,20321.66,Eurostat earn_nt_net,2026-08-02
SWE,Sweden,EUROSTAT.EARN_NT_NET,"Annual net earnings, single person without children at 100% of average wage",EUR,2002,21700.56,Eurostat earn_nt_net,2026-08-02
SWE,Sweden,EUROSTAT.EARN_NT_NET,"Annual net earnings, single person without children at 100% of average wage",EUR,2003,22139.37,Eurostat earn_nt_net,2026-08-02
SWE,Sweden,EUROSTAT.EARN_NT_NET,"Annual net earnings, single person without children at 100% of average wage",EUR,2004,22945.65,Eurostat earn_nt_net,2026-08-02
SWE,Sweden,EUROSTAT.EARN_NT_NET,"Annual net earnings, single person without children at 100% of average wage",EUR,2005,23388.42,Eurostat earn_nt_net,2026-08-02
SWE,Sweden,EUROSTAT.EARN_NT_NET,"Annual net earnings, single person without children at 100% of average wage",EUR,2006,24243.82,Eurostat earn_nt_net,2026-08-02
SWE,Sweden,EUROSTAT.EARN_NT_NET,"Annual net earnings, single person without children at 100% of average wage",EUR,2007,26364.04,Eurostat earn_nt_net,2026-08-02
SWE,Sweden,EUROSTAT.EARN_NT_NET,"Annual net earnings, single person without children at 100% of average wage",EUR,2008,26789.77,Eurostat earn_nt_net,2026-08-02
SWE,Sweden,EUROSTAT.EARN_NT_NET,"Annual net earnings, single person without children at 100% of average wage",EUR,2009,25451.97,Eurostat earn_nt_net,2026-08-02
SWE,Sweden,EUROSTAT.EARN_NT_NET,"Annual net earnings, single person without children at 100% of average wage",EUR,2010,29043.96,Eurostat earn_nt_net,2026-08-02
SWE,Sweden,EUROSTAT.EARN_NT_NET,"Annual net earnings, single person without children at 100% of average wage",EUR,2011,31319.63,Eurostat earn_nt_net,2026-08-02
SWE,Sweden,EUROSTAT.EARN_NT_NET,"Annual net earnings, single person without children at 100% of average wage",EUR,2012,33473.42,Eurostat earn_nt_net,2026-08-02
SWE,Sweden,EUROSTAT.EARN_NT_NET,"Annual net earnings, single person without children at 100% of average wage",EUR,2013,34473.44,Eurostat earn_nt_net,2026-08-02
SWE,Sweden,EUROSTAT.EARN_NT_NET,"Annual net earnings, single person without children at 100% of average wage",EUR,2014,33923.28,Eurostat earn_nt_net,2026-08-02
SWE,Sweden,EUROSTAT.EARN_NT_NET,"Annual net earnings, single person without children at 100% of average wage",EUR,2015,33389.85,Eurostat earn_nt_net,2026-08-02
SWE,Sweden,EUROSTAT.EARN_NT_NET,"Annual net earnings, single person without children at 100% of average wage",EUR,2016,33711.94,Eurostat earn_nt_net,2026-08-02
SWE,Sweden,EUROSTAT.EARN_NT_NET,"Annual net earnings, single person without children at 100% of average wage",EUR,2017,33923.05,Eurostat earn_nt_net,2026-08-02
SWE,Sweden,EUROSTAT.EARN_NT_NET,"Annual net earnings, single person without children at 100% of average wage",EUR,2018,32688.36,Eurostat earn_nt_net,2026-08-02
SWE,Sweden,EUROSTAT.EARN_NT_NET,"Annual net earnings, single person without children at 100% of average wage",EUR,2019,32427.59,Eurostat earn_nt_net,2026-08-02
SWE,Sweden,EUROSTAT.EARN_NT_NET,"Annual net earnings, single person without children at 100% of average wage",EUR,2020,33366.68,Eurostat earn_nt_net,2026-08-02
SWE,Sweden,EUROSTAT.EARN_NT_NET,"Annual net earnings, single person without children at 100% of average wage",EUR,2021,35485.73,Eurostat earn_nt_net,2026-08-02
SWE,Sweden,EUROSTAT.EARN_NT_NET,"Annual net earnings, single person without children at 100% of average wage",EUR,2022,35188.72,Eurostat earn_nt_net,2026-08-02
SWE,Sweden,EUROSTAT.EARN_NT_NET,"Annual net earnings, single person without children at 100% of average wage",EUR,2023,34207.06,Eurostat earn_nt_net,2026-08-02
SWE,Sweden,EUROSTAT.EARN_NT_NET,"Annual net earnings, single person without children at 100% of average wage",EUR,2024,33212.53,Eurostat earn_nt_net,2026-08-02
SWE,Sweden,EUROSTAT.EARN_NT_NET,"Annual net earnings, single person without children at 100% of average wage",EUR,2025,34624.37,Eurostat earn_nt_net,2026-08-02
