iso3,country,indicator_code,indicator_name,unit,year,value,source,retrieved
POL,Poland,WGI.RL.EST,Rule of Law (WGI governance estimate),index,1996,0.6571317,"World Bank Worldwide Governance Indicators (API source 3), GOV_WGI_RL.EST",2026-08-02
POL,Poland,WGI.RL.EST,Rule of Law (WGI governance estimate),index,1998,0.6778793,"World Bank Worldwide Governance Indicators (API source 3), GOV_WGI_RL.EST",2026-08-02
POL,Poland,WGI.RL.EST,Rule of Law (WGI governance estimate),index,2000,0.6504934,"World Bank Worldwide Governance Indicators (API source 3), GOV_WGI_RL.EST",2026-08-02
POL,Poland,WGI.RL.EST,Rule of Law (WGI governance estimate),index,2002,0.5469485,"World Bank Worldwide Governance Indicators (API source 3), GOV_WGI_RL.EST",2026-08-02
POL,Poland,WGI.RL.EST,Rule of Law (WGI governance estimate),index,2003,0.424154,"World Bank Worldwide Governance Indicators (API source 3), GOV_WGI_RL.EST",2026-08-02
POL,Poland,WGI.RL.EST,Rule of Law (WGI governance estimate),index,2004,0.2669522,"World Bank Worldwide Governance Indicators (API source 3), GOV_WGI_RL.EST",2026-08-02
POL,Poland,WGI.RL.EST,Rule of Law (WGI governance estimate),index,2005,0.569705,"World Bank Worldwide Governance Indicators (API source 3), GOV_WGI_RL.EST",2026-08-02
POL,Poland,WGI.RL.EST,Rule of Law (WGI governance estimate),index,2006,0.3491376,"World Bank Worldwide Governance Indicators (API source 3), GOV_WGI_RL.EST",2026-08-02
POL,Poland,WGI.RL.EST,Rule of Law (WGI governance estimate),index,2007,0.4732407,"World Bank Worldwide Governance Indicators (API source 3), GOV_WGI_RL.EST",2026-08-02
POL,Poland,WGI.RL.EST,Rule of Law (WGI governance estimate),index,2008,0.5518631,"World Bank Worldwide Governance Indicators (API source 3), GOV_WGI_RL.EST",2026-08-02
POL,Poland,WGI.RL.EST,Rule of Law (WGI governance estimate),index,2009,0.5364193,"World Bank Worldwide Governance Indicators (API source 3), GOV_WGI_RL.EST",2026-08-02
POL,Poland,WGI.RL.EST,Rule of Law (WGI governance estimate),index,2010,0.6458707,"World Bank Worldwide Governance Indicators (API source 3), GOV_WGI_RL.EST",2026-08-02
POL,Poland,WGI.RL.EST,Rule of Law (WGI governance estimate),index,2011,0.8414342,"World Bank Worldwide Governance Indicators (API source 3), GOV_WGI_RL.EST",2026-08-02
POL,Poland,WGI.RL.EST,Rule of Law (WGI governance estimate),index,2012,0.8705388,"World Bank Worldwide Governance Indicators (API source 3), GOV_WGI_RL.EST",2026-08-02
POL,Poland,WGI.RL.EST,Rule of Law (WGI governance estimate),index,2013,0.8221108,"World Bank Worldwide Governance Indicators (API source 3), GOV_WGI_RL.EST",2026-08-02
POL,Poland,WGI.RL.EST,Rule of Law (WGI governance estimate),index,2014,0.8809895,"World Bank Worldwide Governance Indicators (API source 3), GOV_WGI_RL.EST",2026-08-02
POL,Poland,WGI.RL.EST,Rule of Law (WGI governance estimate),index,2015,0.8357984,"World Bank Worldwide Governance Indicators (API source 3), GOV_WGI_RL.EST",2026-08-02
POL,Poland,WGI.RL.EST,Rule of Law (WGI governance estimate),index,2016,0.7545596,"World Bank Worldwide Governance Indicators (API source 3), GOV_WGI_RL.EST",2026-08-02
POL,Poland,WGI.RL.EST,Rule of Law (WGI governance estimate),index,2017,0.6191174,"World Bank Worldwide Governance Indicators (API source 3), GOV_WGI_RL.EST",2026-08-02
POL,Poland,WGI.RL.EST,Rule of Law (WGI governance estimate),index,2018,0.5473425,"World Bank Worldwide Governance Indicators (API source 3), GOV_WGI_RL.EST",2026-08-02
POL,Poland,WGI.RL.EST,Rule of Law (WGI governance estimate),index,2019,0.5263759,"World Bank Worldwide Governance Indicators (API source 3), GOV_WGI_RL.EST",2026-08-02
POL,Poland,WGI.RL.EST,Rule of Law (WGI governance estimate),index,2020,0.460073,"World Bank Worldwide Governance Indicators (API source 3), GOV_WGI_RL.EST",2026-08-02
POL,Poland,WGI.RL.EST,Rule of Law (WGI governance estimate),index,2021,0.4098572,"World Bank Worldwide Governance Indicators (API source 3), GOV_WGI_RL.EST",2026-08-02
POL,Poland,WGI.RL.EST,Rule of Law (WGI governance estimate),index,2022,0.3545463,"World Bank Worldwide Governance Indicators (API source 3), GOV_WGI_RL.EST",2026-08-02
POL,Poland,WGI.RL.EST,Rule of Law (WGI governance estimate),index,2023,0.3564347,"World Bank Worldwide Governance Indicators (API source 3), GOV_WGI_RL.EST",2026-08-02
POL,Poland,WGI.RL.EST,Rule of Law (WGI governance estimate),index,2024,0.5769112,"World Bank Worldwide Governance Indicators (API source 3), GOV_WGI_RL.EST",2026-08-02
AUT,Austria,WGI.RL.EST,Rule of Law (WGI governance estimate),index,1996,1.8410601,"World Bank Worldwide Governance Indicators (API source 3), GOV_WGI_RL.EST",2026-08-02
AUT,Austria,WGI.RL.EST,Rule of Law (WGI governance estimate),index,1998,1.8028917,"World Bank Worldwide Governance Indicators (API source 3), GOV_WGI_RL.EST",2026-08-02
AUT,Austria,WGI.RL.EST,Rule of Law (WGI governance estimate),index,2000,1.8998688,"World Bank Worldwide Governance Indicators (API source 3), GOV_WGI_RL.EST",2026-08-02
AUT,Austria,WGI.RL.EST,Rule of Law (WGI governance estimate),index,2002,1.9114511,"World Bank Worldwide Governance Indicators (API source 3), GOV_WGI_RL.EST",2026-08-02
AUT,Austria,WGI.RL.EST,Rule of Law (WGI governance estimate),index,2003,1.8656484,"World Bank Worldwide Governance Indicators (API source 3), GOV_WGI_RL.EST",2026-08-02
AUT,Austria,WGI.RL.EST,Rule of Law (WGI governance estimate),index,2004,1.8118478,"World Bank Worldwide Governance Indicators (API source 3), GOV_WGI_RL.EST",2026-08-02
AUT,Austria,WGI.RL.EST,Rule of Law (WGI governance estimate),index,2005,1.819162,"World Bank Worldwide Governance Indicators (API source 3), GOV_WGI_RL.EST",2026-08-02
AUT,Austria,WGI.RL.EST,Rule of Law (WGI governance estimate),index,2006,1.9195622,"World Bank Worldwide Governance Indicators (API source 3), GOV_WGI_RL.EST",2026-08-02
AUT,Austria,WGI.RL.EST,Rule of Law (WGI governance estimate),index,2007,1.9455459,"World Bank Worldwide Governance Indicators (API source 3), GOV_WGI_RL.EST",2026-08-02
AUT,Austria,WGI.RL.EST,Rule of Law (WGI governance estimate),index,2008,1.9199324,"World Bank Worldwide Governance Indicators (API source 3), GOV_WGI_RL.EST",2026-08-02
AUT,Austria,WGI.RL.EST,Rule of Law (WGI governance estimate),index,2009,1.7888907,"World Bank Worldwide Governance Indicators (API source 3), GOV_WGI_RL.EST",2026-08-02
AUT,Austria,WGI.RL.EST,Rule of Law (WGI governance estimate),index,2010,1.7638238,"World Bank Worldwide Governance Indicators (API source 3), GOV_WGI_RL.EST",2026-08-02
AUT,Austria,WGI.RL.EST,Rule of Law (WGI governance estimate),index,2011,1.6684956,"World Bank Worldwide Governance Indicators (API source 3), GOV_WGI_RL.EST",2026-08-02
AUT,Austria,WGI.RL.EST,Rule of Law (WGI governance estimate),index,2012,1.7025891,"World Bank Worldwide Governance Indicators (API source 3), GOV_WGI_RL.EST",2026-08-02
AUT,Austria,WGI.RL.EST,Rule of Law (WGI governance estimate),index,2013,1.7373053,"World Bank Worldwide Governance Indicators (API source 3), GOV_WGI_RL.EST",2026-08-02
AUT,Austria,WGI.RL.EST,Rule of Law (WGI governance estimate),index,2014,1.7758935,"World Bank Worldwide Governance Indicators (API source 3), GOV_WGI_RL.EST",2026-08-02
AUT,Austria,WGI.RL.EST,Rule of Law (WGI governance estimate),index,2015,1.7816313,"World Bank Worldwide Governance Indicators (API source 3), GOV_WGI_RL.EST",2026-08-02
AUT,Austria,WGI.RL.EST,Rule of Law (WGI governance estimate),index,2016,1.7942461,"World Bank Worldwide Governance Indicators (API source 3), GOV_WGI_RL.EST",2026-08-02
AUT,Austria,WGI.RL.EST,Rule of Law (WGI governance estimate),index,2017,1.7738843,"World Bank Worldwide Governance Indicators (API source 3), GOV_WGI_RL.EST",2026-08-02
AUT,Austria,WGI.RL.EST,Rule of Law (WGI governance estimate),index,2018,1.7989463,"World Bank Worldwide Governance Indicators (API source 3), GOV_WGI_RL.EST",2026-08-02
AUT,Austria,WGI.RL.EST,Rule of Law (WGI governance estimate),index,2019,1.8098146,"World Bank Worldwide Governance Indicators (API source 3), GOV_WGI_RL.EST",2026-08-02
AUT,Austria,WGI.RL.EST,Rule of Law (WGI governance estimate),index,2020,1.7481079,"World Bank Worldwide Governance Indicators (API source 3), GOV_WGI_RL.EST",2026-08-02
AUT,Austria,WGI.RL.EST,Rule of Law (WGI governance estimate),index,2021,1.7167011,"World Bank Worldwide Governance Indicators (API source 3), GOV_WGI_RL.EST",2026-08-02
AUT,Austria,WGI.RL.EST,Rule of Law (WGI governance estimate),index,2022,1.6419642,"World Bank Worldwide Governance Indicators (API source 3), GOV_WGI_RL.EST",2026-08-02
AUT,Austria,WGI.RL.EST,Rule of Law (WGI governance estimate),index,2023,1.6577235,"World Bank Worldwide Governance Indicators (API source 3), GOV_WGI_RL.EST",2026-08-02
AUT,Austria,WGI.RL.EST,Rule of Law (WGI governance estimate),index,2024,1.6777399,"World Bank Worldwide Governance Indicators (API source 3), GOV_WGI_RL.EST",2026-08-02
BEL,Belgium,WGI.RL.EST,Rule of Law (WGI governance estimate),index,1996,1.3991182,"World Bank Worldwide Governance Indicators (API source 3), GOV_WGI_RL.EST",2026-08-02
BEL,Belgium,WGI.RL.EST,Rule of Law (WGI governance estimate),index,1998,1.1982433,"World Bank Worldwide Governance Indicators (API source 3), GOV_WGI_RL.EST",2026-08-02
BEL,Belgium,WGI.RL.EST,Rule of Law (WGI governance estimate),index,2000,1.3343873,"World Bank Worldwide Governance Indicators (API source 3), GOV_WGI_RL.EST",2026-08-02
BEL,Belgium,WGI.RL.EST,Rule of Law (WGI governance estimate),index,2002,1.3025956,"World Bank Worldwide Governance Indicators (API source 3), GOV_WGI_RL.EST",2026-08-02
BEL,Belgium,WGI.RL.EST,Rule of Law (WGI governance estimate),index,2003,1.3120054,"World Bank Worldwide Governance Indicators (API source 3), GOV_WGI_RL.EST",2026-08-02
BEL,Belgium,WGI.RL.EST,Rule of Law (WGI governance estimate),index,2004,1.2416659,"World Bank Worldwide Governance Indicators (API source 3), GOV_WGI_RL.EST",2026-08-02
BEL,Belgium,WGI.RL.EST,Rule of Law (WGI governance estimate),index,2005,1.2874816,"World Bank Worldwide Governance Indicators (API source 3), GOV_WGI_RL.EST",2026-08-02
BEL,Belgium,WGI.RL.EST,Rule of Law (WGI governance estimate),index,2006,1.2165206,"World Bank Worldwide Governance Indicators (API source 3), GOV_WGI_RL.EST",2026-08-02
BEL,Belgium,WGI.RL.EST,Rule of Law (WGI governance estimate),index,2007,1.3582734,"World Bank Worldwide Governance Indicators (API source 3), GOV_WGI_RL.EST",2026-08-02
BEL,Belgium,WGI.RL.EST,Rule of Law (WGI governance estimate),index,2008,1.3161972,"World Bank Worldwide Governance Indicators (API source 3), GOV_WGI_RL.EST",2026-08-02
BEL,Belgium,WGI.RL.EST,Rule of Law (WGI governance estimate),index,2009,1.2276833,"World Bank Worldwide Governance Indicators (API source 3), GOV_WGI_RL.EST",2026-08-02
BEL,Belgium,WGI.RL.EST,Rule of Law (WGI governance estimate),index,2010,1.2316759,"World Bank Worldwide Governance Indicators (API source 3), GOV_WGI_RL.EST",2026-08-02
BEL,Belgium,WGI.RL.EST,Rule of Law (WGI governance estimate),index,2011,1.2689293,"World Bank Worldwide Governance Indicators (API source 3), GOV_WGI_RL.EST",2026-08-02
BEL,Belgium,WGI.RL.EST,Rule of Law (WGI governance estimate),index,2012,1.313828,"World Bank Worldwide Governance Indicators (API source 3), GOV_WGI_RL.EST",2026-08-02
BEL,Belgium,WGI.RL.EST,Rule of Law (WGI governance estimate),index,2013,1.3339446,"World Bank Worldwide Governance Indicators (API source 3), GOV_WGI_RL.EST",2026-08-02
BEL,Belgium,WGI.RL.EST,Rule of Law (WGI governance estimate),index,2014,1.3600975,"World Bank Worldwide Governance Indicators (API source 3), GOV_WGI_RL.EST",2026-08-02
BEL,Belgium,WGI.RL.EST,Rule of Law (WGI governance estimate),index,2015,1.4251797,"World Bank Worldwide Governance Indicators (API source 3), GOV_WGI_RL.EST",2026-08-02
BEL,Belgium,WGI.RL.EST,Rule of Law (WGI governance estimate),index,2016,1.4372251,"World Bank Worldwide Governance Indicators (API source 3), GOV_WGI_RL.EST",2026-08-02
BEL,Belgium,WGI.RL.EST,Rule of Law (WGI governance estimate),index,2017,1.377531,"World Bank Worldwide Governance Indicators (API source 3), GOV_WGI_RL.EST",2026-08-02
BEL,Belgium,WGI.RL.EST,Rule of Law (WGI governance estimate),index,2018,1.4207604,"World Bank Worldwide Governance Indicators (API source 3), GOV_WGI_RL.EST",2026-08-02
BEL,Belgium,WGI.RL.EST,Rule of Law (WGI governance estimate),index,2019,1.4493311,"World Bank Worldwide Governance Indicators (API source 3), GOV_WGI_RL.EST",2026-08-02
BEL,Belgium,WGI.RL.EST,Rule of Law (WGI governance estimate),index,2020,1.4533249,"World Bank Worldwide Governance Indicators (API source 3), GOV_WGI_RL.EST",2026-08-02
BEL,Belgium,WGI.RL.EST,Rule of Law (WGI governance estimate),index,2021,1.4052126,"World Bank Worldwide Governance Indicators (API source 3), GOV_WGI_RL.EST",2026-08-02
BEL,Belgium,WGI.RL.EST,Rule of Law (WGI governance estimate),index,2022,1.3398087,"World Bank Worldwide Governance Indicators (API source 3), GOV_WGI_RL.EST",2026-08-02
BEL,Belgium,WGI.RL.EST,Rule of Law (WGI governance estimate),index,2023,1.2719977,"World Bank Worldwide Governance Indicators (API source 3), GOV_WGI_RL.EST",2026-08-02
BEL,Belgium,WGI.RL.EST,Rule of Law (WGI governance estimate),index,2024,1.282799,"World Bank Worldwide Governance Indicators (API source 3), GOV_WGI_RL.EST",2026-08-02
BGR,Bulgaria,WGI.RL.EST,Rule of Law (WGI governance estimate),index,1996,-0.1951306,"World Bank Worldwide Governance Indicators (API source 3), GOV_WGI_RL.EST",2026-08-02
BGR,Bulgaria,WGI.RL.EST,Rule of Law (WGI governance estimate),index,1998,-0.1508416,"World Bank Worldwide Governance Indicators (API source 3), GOV_WGI_RL.EST",2026-08-02
BGR,Bulgaria,WGI.RL.EST,Rule of Law (WGI governance estimate),index,2000,-0.0907549,"World Bank Worldwide Governance Indicators (API source 3), GOV_WGI_RL.EST",2026-08-02
BGR,Bulgaria,WGI.RL.EST,Rule of Law (WGI governance estimate),index,2002,-0.0149214999999999,"World Bank Worldwide Governance Indicators (API source 3), GOV_WGI_RL.EST",2026-08-02
BGR,Bulgaria,WGI.RL.EST,Rule of Law (WGI governance estimate),index,2003,-0.2016277,"World Bank Worldwide Governance Indicators (API source 3), GOV_WGI_RL.EST",2026-08-02
BGR,Bulgaria,WGI.RL.EST,Rule of Law (WGI governance estimate),index,2004,-0.0941294999999999,"World Bank Worldwide Governance Indicators (API source 3), GOV_WGI_RL.EST",2026-08-02
BGR,Bulgaria,WGI.RL.EST,Rule of Law (WGI governance estimate),index,2005,-0.1160971,"World Bank Worldwide Governance Indicators (API source 3), GOV_WGI_RL.EST",2026-08-02
BGR,Bulgaria,WGI.RL.EST,Rule of Law (WGI governance estimate),index,2006,-0.069945,"World Bank Worldwide Governance Indicators (API source 3), GOV_WGI_RL.EST",2026-08-02
BGR,Bulgaria,WGI.RL.EST,Rule of Law (WGI governance estimate),index,2007,-0.033193,"World Bank Worldwide Governance Indicators (API source 3), GOV_WGI_RL.EST",2026-08-02
BGR,Bulgaria,WGI.RL.EST,Rule of Law (WGI governance estimate),index,2008,-0.146950399999999,"World Bank Worldwide Governance Indicators (API source 3), GOV_WGI_RL.EST",2026-08-02
BGR,Bulgaria,WGI.RL.EST,Rule of Law (WGI governance estimate),index,2009,-0.1393653,"World Bank Worldwide Governance Indicators (API source 3), GOV_WGI_RL.EST",2026-08-02
BGR,Bulgaria,WGI.RL.EST,Rule of Law (WGI governance estimate),index,2010,-0.2998251,"World Bank Worldwide Governance Indicators (API source 3), GOV_WGI_RL.EST",2026-08-02
BGR,Bulgaria,WGI.RL.EST,Rule of Law (WGI governance estimate),index,2011,-0.3367214,"World Bank Worldwide Governance Indicators (API source 3), GOV_WGI_RL.EST",2026-08-02
BGR,Bulgaria,WGI.RL.EST,Rule of Law (WGI governance estimate),index,2012,-0.2175182,"World Bank Worldwide Governance Indicators (API source 3), GOV_WGI_RL.EST",2026-08-02
BGR,Bulgaria,WGI.RL.EST,Rule of Law (WGI governance estimate),index,2013,-0.231316,"World Bank Worldwide Governance Indicators (API source 3), GOV_WGI_RL.EST",2026-08-02
BGR,Bulgaria,WGI.RL.EST,Rule of Law (WGI governance estimate),index,2014,-0.2149399,"World Bank Worldwide Governance Indicators (API source 3), GOV_WGI_RL.EST",2026-08-02
BGR,Bulgaria,WGI.RL.EST,Rule of Law (WGI governance estimate),index,2015,-0.2080985,"World Bank Worldwide Governance Indicators (API source 3), GOV_WGI_RL.EST",2026-08-02
BGR,Bulgaria,WGI.RL.EST,Rule of Law (WGI governance estimate),index,2016,-0.1981219,"World Bank Worldwide Governance Indicators (API source 3), GOV_WGI_RL.EST",2026-08-02
BGR,Bulgaria,WGI.RL.EST,Rule of Law (WGI governance estimate),index,2017,-0.2333326,"World Bank Worldwide Governance Indicators (API source 3), GOV_WGI_RL.EST",2026-08-02
BGR,Bulgaria,WGI.RL.EST,Rule of Law (WGI governance estimate),index,2018,-0.1406672,"World Bank Worldwide Governance Indicators (API source 3), GOV_WGI_RL.EST",2026-08-02
BGR,Bulgaria,WGI.RL.EST,Rule of Law (WGI governance estimate),index,2019,-0.1405825,"World Bank Worldwide Governance Indicators (API source 3), GOV_WGI_RL.EST",2026-08-02
BGR,Bulgaria,WGI.RL.EST,Rule of Law (WGI governance estimate),index,2020,-0.1505346,"World Bank Worldwide Governance Indicators (API source 3), GOV_WGI_RL.EST",2026-08-02
BGR,Bulgaria,WGI.RL.EST,Rule of Law (WGI governance estimate),index,2021,-0.0377457,"World Bank Worldwide Governance Indicators (API source 3), GOV_WGI_RL.EST",2026-08-02
BGR,Bulgaria,WGI.RL.EST,Rule of Law (WGI governance estimate),index,2022,-0.0998029,"World Bank Worldwide Governance Indicators (API source 3), GOV_WGI_RL.EST",2026-08-02
BGR,Bulgaria,WGI.RL.EST,Rule of Law (WGI governance estimate),index,2023,-0.0265936,"World Bank Worldwide Governance Indicators (API source 3), GOV_WGI_RL.EST",2026-08-02
BGR,Bulgaria,WGI.RL.EST,Rule of Law (WGI governance estimate),index,2024,-0.0333423,"World Bank Worldwide Governance Indicators (API source 3), GOV_WGI_RL.EST",2026-08-02
HRV,Croatia,WGI.RL.EST,Rule of Law (WGI governance estimate),index,1996,-0.674912499999999,"World Bank Worldwide Governance Indicators (API source 3), GOV_WGI_RL.EST",2026-08-02
HRV,Croatia,WGI.RL.EST,Rule of Law (WGI governance estimate),index,1998,-0.4238443,"World Bank Worldwide Governance Indicators (API source 3), GOV_WGI_RL.EST",2026-08-02
HRV,Croatia,WGI.RL.EST,Rule of Law (WGI governance estimate),index,2000,-0.0283145,"World Bank Worldwide Governance Indicators (API source 3), GOV_WGI_RL.EST",2026-08-02
HRV,Croatia,WGI.RL.EST,Rule of Law (WGI governance estimate),index,2002,-0.0688662,"World Bank Worldwide Governance Indicators (API source 3), GOV_WGI_RL.EST",2026-08-02
HRV,Croatia,WGI.RL.EST,Rule of Law (WGI governance estimate),index,2003,0.091612,"World Bank Worldwide Governance Indicators (API source 3), GOV_WGI_RL.EST",2026-08-02
HRV,Croatia,WGI.RL.EST,Rule of Law (WGI governance estimate),index,2004,0.1522539,"World Bank Worldwide Governance Indicators (API source 3), GOV_WGI_RL.EST",2026-08-02
HRV,Croatia,WGI.RL.EST,Rule of Law (WGI governance estimate),index,2005,0.1339108,"World Bank Worldwide Governance Indicators (API source 3), GOV_WGI_RL.EST",2026-08-02
HRV,Croatia,WGI.RL.EST,Rule of Law (WGI governance estimate),index,2006,0.0338278,"World Bank Worldwide Governance Indicators (API source 3), GOV_WGI_RL.EST",2026-08-02
HRV,Croatia,WGI.RL.EST,Rule of Law (WGI governance estimate),index,2007,0.1519813,"World Bank Worldwide Governance Indicators (API source 3), GOV_WGI_RL.EST",2026-08-02
HRV,Croatia,WGI.RL.EST,Rule of Law (WGI governance estimate),index,2008,0.0856242,"World Bank Worldwide Governance Indicators (API source 3), GOV_WGI_RL.EST",2026-08-02
HRV,Croatia,WGI.RL.EST,Rule of Law (WGI governance estimate),index,2009,0.1083554,"World Bank Worldwide Governance Indicators (API source 3), GOV_WGI_RL.EST",2026-08-02
HRV,Croatia,WGI.RL.EST,Rule of Law (WGI governance estimate),index,2010,0.2139766,"World Bank Worldwide Governance Indicators (API source 3), GOV_WGI_RL.EST",2026-08-02
HRV,Croatia,WGI.RL.EST,Rule of Law (WGI governance estimate),index,2011,0.240209,"World Bank Worldwide Governance Indicators (API source 3), GOV_WGI_RL.EST",2026-08-02
HRV,Croatia,WGI.RL.EST,Rule of Law (WGI governance estimate),index,2012,0.267695,"World Bank Worldwide Governance Indicators (API source 3), GOV_WGI_RL.EST",2026-08-02
HRV,Croatia,WGI.RL.EST,Rule of Law (WGI governance estimate),index,2013,0.2615987,"World Bank Worldwide Governance Indicators (API source 3), GOV_WGI_RL.EST",2026-08-02
HRV,Croatia,WGI.RL.EST,Rule of Law (WGI governance estimate),index,2014,0.3591069,"World Bank Worldwide Governance Indicators (API source 3), GOV_WGI_RL.EST",2026-08-02
HRV,Croatia,WGI.RL.EST,Rule of Law (WGI governance estimate),index,2015,0.333543,"World Bank Worldwide Governance Indicators (API source 3), GOV_WGI_RL.EST",2026-08-02
HRV,Croatia,WGI.RL.EST,Rule of Law (WGI governance estimate),index,2016,0.3047754,"World Bank Worldwide Governance Indicators (API source 3), GOV_WGI_RL.EST",2026-08-02
HRV,Croatia,WGI.RL.EST,Rule of Law (WGI governance estimate),index,2017,0.3433337,"World Bank Worldwide Governance Indicators (API source 3), GOV_WGI_RL.EST",2026-08-02
HRV,Croatia,WGI.RL.EST,Rule of Law (WGI governance estimate),index,2018,0.2554052,"World Bank Worldwide Governance Indicators (API source 3), GOV_WGI_RL.EST",2026-08-02
HRV,Croatia,WGI.RL.EST,Rule of Law (WGI governance estimate),index,2019,0.31002,"World Bank Worldwide Governance Indicators (API source 3), GOV_WGI_RL.EST",2026-08-02
HRV,Croatia,WGI.RL.EST,Rule of Law (WGI governance estimate),index,2020,0.3486941,"World Bank Worldwide Governance Indicators (API source 3), GOV_WGI_RL.EST",2026-08-02
HRV,Croatia,WGI.RL.EST,Rule of Law (WGI governance estimate),index,2021,0.4127964,"World Bank Worldwide Governance Indicators (API source 3), GOV_WGI_RL.EST",2026-08-02
HRV,Croatia,WGI.RL.EST,Rule of Law (WGI governance estimate),index,2022,0.4345096,"World Bank Worldwide Governance Indicators (API source 3), GOV_WGI_RL.EST",2026-08-02
HRV,Croatia,WGI.RL.EST,Rule of Law (WGI governance estimate),index,2023,0.4257869,"World Bank Worldwide Governance Indicators (API source 3), GOV_WGI_RL.EST",2026-08-02
HRV,Croatia,WGI.RL.EST,Rule of Law (WGI governance estimate),index,2024,0.3774835,"World Bank Worldwide Governance Indicators (API source 3), GOV_WGI_RL.EST",2026-08-02
CYP,Cyprus,WGI.RL.EST,Rule of Law (WGI governance estimate),index,1996,0.8595763,"World Bank Worldwide Governance Indicators (API source 3), GOV_WGI_RL.EST",2026-08-02
CYP,Cyprus,WGI.RL.EST,Rule of Law (WGI governance estimate),index,1998,0.9938342,"World Bank Worldwide Governance Indicators (API source 3), GOV_WGI_RL.EST",2026-08-02
CYP,Cyprus,WGI.RL.EST,Rule of Law (WGI governance estimate),index,2000,1.1744652,"World Bank Worldwide Governance Indicators (API source 3), GOV_WGI_RL.EST",2026-08-02
CYP,Cyprus,WGI.RL.EST,Rule of Law (WGI governance estimate),index,2002,1.1440428,"World Bank Worldwide Governance Indicators (API source 3), GOV_WGI_RL.EST",2026-08-02
CYP,Cyprus,WGI.RL.EST,Rule of Law (WGI governance estimate),index,2003,1.0555501,"World Bank Worldwide Governance Indicators (API source 3), GOV_WGI_RL.EST",2026-08-02
CYP,Cyprus,WGI.RL.EST,Rule of Law (WGI governance estimate),index,2004,0.9963481,"World Bank Worldwide Governance Indicators (API source 3), GOV_WGI_RL.EST",2026-08-02
CYP,Cyprus,WGI.RL.EST,Rule of Law (WGI governance estimate),index,2005,1.111577,"World Bank Worldwide Governance Indicators (API source 3), GOV_WGI_RL.EST",2026-08-02
CYP,Cyprus,WGI.RL.EST,Rule of Law (WGI governance estimate),index,2006,1.278593,"World Bank Worldwide Governance Indicators (API source 3), GOV_WGI_RL.EST",2026-08-02
CYP,Cyprus,WGI.RL.EST,Rule of Law (WGI governance estimate),index,2007,1.2944833,"World Bank Worldwide Governance Indicators (API source 3), GOV_WGI_RL.EST",2026-08-02
CYP,Cyprus,WGI.RL.EST,Rule of Law (WGI governance estimate),index,2008,1.3619801,"World Bank Worldwide Governance Indicators (API source 3), GOV_WGI_RL.EST",2026-08-02
CYP,Cyprus,WGI.RL.EST,Rule of Law (WGI governance estimate),index,2009,1.180908,"World Bank Worldwide Governance Indicators (API source 3), GOV_WGI_RL.EST",2026-08-02
CYP,Cyprus,WGI.RL.EST,Rule of Law (WGI governance estimate),index,2010,1.1894709,"World Bank Worldwide Governance Indicators (API source 3), GOV_WGI_RL.EST",2026-08-02
CYP,Cyprus,WGI.RL.EST,Rule of Law (WGI governance estimate),index,2011,0.9579583,"World Bank Worldwide Governance Indicators (API source 3), GOV_WGI_RL.EST",2026-08-02
CYP,Cyprus,WGI.RL.EST,Rule of Law (WGI governance estimate),index,2012,0.9610401,"World Bank Worldwide Governance Indicators (API source 3), GOV_WGI_RL.EST",2026-08-02
CYP,Cyprus,WGI.RL.EST,Rule of Law (WGI governance estimate),index,2013,0.8635981,"World Bank Worldwide Governance Indicators (API source 3), GOV_WGI_RL.EST",2026-08-02
CYP,Cyprus,WGI.RL.EST,Rule of Law (WGI governance estimate),index,2014,0.8227872,"World Bank Worldwide Governance Indicators (API source 3), GOV_WGI_RL.EST",2026-08-02
CYP,Cyprus,WGI.RL.EST,Rule of Law (WGI governance estimate),index,2015,0.835657,"World Bank Worldwide Governance Indicators (API source 3), GOV_WGI_RL.EST",2026-08-02
CYP,Cyprus,WGI.RL.EST,Rule of Law (WGI governance estimate),index,2016,0.834571,"World Bank Worldwide Governance Indicators (API source 3), GOV_WGI_RL.EST",2026-08-02
CYP,Cyprus,WGI.RL.EST,Rule of Law (WGI governance estimate),index,2017,0.9252619,"World Bank Worldwide Governance Indicators (API source 3), GOV_WGI_RL.EST",2026-08-02
CYP,Cyprus,WGI.RL.EST,Rule of Law (WGI governance estimate),index,2018,0.8521444,"World Bank Worldwide Governance Indicators (API source 3), GOV_WGI_RL.EST",2026-08-02
CYP,Cyprus,WGI.RL.EST,Rule of Law (WGI governance estimate),index,2019,0.8580537,"World Bank Worldwide Governance Indicators (API source 3), GOV_WGI_RL.EST",2026-08-02
CYP,Cyprus,WGI.RL.EST,Rule of Law (WGI governance estimate),index,2020,0.7472668,"World Bank Worldwide Governance Indicators (API source 3), GOV_WGI_RL.EST",2026-08-02
CYP,Cyprus,WGI.RL.EST,Rule of Law (WGI governance estimate),index,2021,0.7712279,"World Bank Worldwide Governance Indicators (API source 3), GOV_WGI_RL.EST",2026-08-02
CYP,Cyprus,WGI.RL.EST,Rule of Law (WGI governance estimate),index,2022,0.7642266,"World Bank Worldwide Governance Indicators (API source 3), GOV_WGI_RL.EST",2026-08-02
CYP,Cyprus,WGI.RL.EST,Rule of Law (WGI governance estimate),index,2023,0.7591158,"World Bank Worldwide Governance Indicators (API source 3), GOV_WGI_RL.EST",2026-08-02
CYP,Cyprus,WGI.RL.EST,Rule of Law (WGI governance estimate),index,2024,0.6891912,"World Bank Worldwide Governance Indicators (API source 3), GOV_WGI_RL.EST",2026-08-02
CZE,Czechia,WGI.RL.EST,Rule of Law (WGI governance estimate),index,1996,0.7981957,"World Bank Worldwide Governance Indicators (API source 3), GOV_WGI_RL.EST",2026-08-02
CZE,Czechia,WGI.RL.EST,Rule of Law (WGI governance estimate),index,1998,0.7319665,"World Bank Worldwide Governance Indicators (API source 3), GOV_WGI_RL.EST",2026-08-02
CZE,Czechia,WGI.RL.EST,Rule of Law (WGI governance estimate),index,2000,0.5742693,"World Bank Worldwide Governance Indicators (API source 3), GOV_WGI_RL.EST",2026-08-02
CZE,Czechia,WGI.RL.EST,Rule of Law (WGI governance estimate),index,2002,0.8537917,"World Bank Worldwide Governance Indicators (API source 3), GOV_WGI_RL.EST",2026-08-02
CZE,Czechia,WGI.RL.EST,Rule of Law (WGI governance estimate),index,2003,0.8614142,"World Bank Worldwide Governance Indicators (API source 3), GOV_WGI_RL.EST",2026-08-02
CZE,Czechia,WGI.RL.EST,Rule of Law (WGI governance estimate),index,2004,0.6805682,"World Bank Worldwide Governance Indicators (API source 3), GOV_WGI_RL.EST",2026-08-02
CZE,Czechia,WGI.RL.EST,Rule of Law (WGI governance estimate),index,2005,0.8532405,"World Bank Worldwide Governance Indicators (API source 3), GOV_WGI_RL.EST",2026-08-02
CZE,Czechia,WGI.RL.EST,Rule of Law (WGI governance estimate),index,2006,0.7556684,"World Bank Worldwide Governance Indicators (API source 3), GOV_WGI_RL.EST",2026-08-02
CZE,Czechia,WGI.RL.EST,Rule of Law (WGI governance estimate),index,2007,0.7260533,"World Bank Worldwide Governance Indicators (API source 3), GOV_WGI_RL.EST",2026-08-02
CZE,Czechia,WGI.RL.EST,Rule of Law (WGI governance estimate),index,2008,0.7329477,"World Bank Worldwide Governance Indicators (API source 3), GOV_WGI_RL.EST",2026-08-02
CZE,Czechia,WGI.RL.EST,Rule of Law (WGI governance estimate),index,2009,0.7387095,"World Bank Worldwide Governance Indicators (API source 3), GOV_WGI_RL.EST",2026-08-02
CZE,Czechia,WGI.RL.EST,Rule of Law (WGI governance estimate),index,2010,0.7330604,"World Bank Worldwide Governance Indicators (API source 3), GOV_WGI_RL.EST",2026-08-02
CZE,Czechia,WGI.RL.EST,Rule of Law (WGI governance estimate),index,2011,0.8440617,"World Bank Worldwide Governance Indicators (API source 3), GOV_WGI_RL.EST",2026-08-02
CZE,Czechia,WGI.RL.EST,Rule of Law (WGI governance estimate),index,2012,0.8309207,"World Bank Worldwide Governance Indicators (API source 3), GOV_WGI_RL.EST",2026-08-02
CZE,Czechia,WGI.RL.EST,Rule of Law (WGI governance estimate),index,2013,0.8587857,"World Bank Worldwide Governance Indicators (API source 3), GOV_WGI_RL.EST",2026-08-02
CZE,Czechia,WGI.RL.EST,Rule of Law (WGI governance estimate),index,2014,0.9570647,"World Bank Worldwide Governance Indicators (API source 3), GOV_WGI_RL.EST",2026-08-02
CZE,Czechia,WGI.RL.EST,Rule of Law (WGI governance estimate),index,2015,1.0475127,"World Bank Worldwide Governance Indicators (API source 3), GOV_WGI_RL.EST",2026-08-02
CZE,Czechia,WGI.RL.EST,Rule of Law (WGI governance estimate),index,2016,1.0846322,"World Bank Worldwide Governance Indicators (API source 3), GOV_WGI_RL.EST",2026-08-02
CZE,Czechia,WGI.RL.EST,Rule of Law (WGI governance estimate),index,2017,1.13083,"World Bank Worldwide Governance Indicators (API source 3), GOV_WGI_RL.EST",2026-08-02
CZE,Czechia,WGI.RL.EST,Rule of Law (WGI governance estimate),index,2018,1.0403101,"World Bank Worldwide Governance Indicators (API source 3), GOV_WGI_RL.EST",2026-08-02
CZE,Czechia,WGI.RL.EST,Rule of Law (WGI governance estimate),index,2019,1.116394,"World Bank Worldwide Governance Indicators (API source 3), GOV_WGI_RL.EST",2026-08-02
CZE,Czechia,WGI.RL.EST,Rule of Law (WGI governance estimate),index,2020,1.1245932,"World Bank Worldwide Governance Indicators (API source 3), GOV_WGI_RL.EST",2026-08-02
CZE,Czechia,WGI.RL.EST,Rule of Law (WGI governance estimate),index,2021,1.1669833,"World Bank Worldwide Governance Indicators (API source 3), GOV_WGI_RL.EST",2026-08-02
CZE,Czechia,WGI.RL.EST,Rule of Law (WGI governance estimate),index,2022,1.1392733,"World Bank Worldwide Governance Indicators (API source 3), GOV_WGI_RL.EST",2026-08-02
CZE,Czechia,WGI.RL.EST,Rule of Law (WGI governance estimate),index,2023,1.1605869,"World Bank Worldwide Governance Indicators (API source 3), GOV_WGI_RL.EST",2026-08-02
CZE,Czechia,WGI.RL.EST,Rule of Law (WGI governance estimate),index,2024,1.1881307,"World Bank Worldwide Governance Indicators (API source 3), GOV_WGI_RL.EST",2026-08-02
DNK,Denmark,WGI.RL.EST,Rule of Law (WGI governance estimate),index,1996,1.8641662,"World Bank Worldwide Governance Indicators (API source 3), GOV_WGI_RL.EST",2026-08-02
DNK,Denmark,WGI.RL.EST,Rule of Law (WGI governance estimate),index,1998,1.8488546,"World Bank Worldwide Governance Indicators (API source 3), GOV_WGI_RL.EST",2026-08-02
DNK,Denmark,WGI.RL.EST,Rule of Law (WGI governance estimate),index,2000,1.9694159,"World Bank Worldwide Governance Indicators (API source 3), GOV_WGI_RL.EST",2026-08-02
DNK,Denmark,WGI.RL.EST,Rule of Law (WGI governance estimate),index,2002,1.9653105,"World Bank Worldwide Governance Indicators (API source 3), GOV_WGI_RL.EST",2026-08-02
DNK,Denmark,WGI.RL.EST,Rule of Law (WGI governance estimate),index,2003,1.9649673,"World Bank Worldwide Governance Indicators (API source 3), GOV_WGI_RL.EST",2026-08-02
DNK,Denmark,WGI.RL.EST,Rule of Law (WGI governance estimate),index,2004,1.9118759,"World Bank Worldwide Governance Indicators (API source 3), GOV_WGI_RL.EST",2026-08-02
DNK,Denmark,WGI.RL.EST,Rule of Law (WGI governance estimate),index,2005,1.7652875,"World Bank Worldwide Governance Indicators (API source 3), GOV_WGI_RL.EST",2026-08-02
DNK,Denmark,WGI.RL.EST,Rule of Law (WGI governance estimate),index,2006,1.9849289,"World Bank Worldwide Governance Indicators (API source 3), GOV_WGI_RL.EST",2026-08-02
DNK,Denmark,WGI.RL.EST,Rule of Law (WGI governance estimate),index,2007,2.010769,"World Bank Worldwide Governance Indicators (API source 3), GOV_WGI_RL.EST",2026-08-02
DNK,Denmark,WGI.RL.EST,Rule of Law (WGI governance estimate),index,2008,1.9533876,"World Bank Worldwide Governance Indicators (API source 3), GOV_WGI_RL.EST",2026-08-02
DNK,Denmark,WGI.RL.EST,Rule of Law (WGI governance estimate),index,2009,1.8734484,"World Bank Worldwide Governance Indicators (API source 3), GOV_WGI_RL.EST",2026-08-02
DNK,Denmark,WGI.RL.EST,Rule of Law (WGI governance estimate),index,2010,1.8409141,"World Bank Worldwide Governance Indicators (API source 3), GOV_WGI_RL.EST",2026-08-02
DNK,Denmark,WGI.RL.EST,Rule of Law (WGI governance estimate),index,2011,1.8953729,"World Bank Worldwide Governance Indicators (API source 3), GOV_WGI_RL.EST",2026-08-02
DNK,Denmark,WGI.RL.EST,Rule of Law (WGI governance estimate),index,2012,1.9226675,"World Bank Worldwide Governance Indicators (API source 3), GOV_WGI_RL.EST",2026-08-02
DNK,Denmark,WGI.RL.EST,Rule of Law (WGI governance estimate),index,2013,1.8977246,"World Bank Worldwide Governance Indicators (API source 3), GOV_WGI_RL.EST",2026-08-02
DNK,Denmark,WGI.RL.EST,Rule of Law (WGI governance estimate),index,2014,1.9105598,"World Bank Worldwide Governance Indicators (API source 3), GOV_WGI_RL.EST",2026-08-02
DNK,Denmark,WGI.RL.EST,Rule of Law (WGI governance estimate),index,2015,1.9817984,"World Bank Worldwide Governance Indicators (API source 3), GOV_WGI_RL.EST",2026-08-02
DNK,Denmark,WGI.RL.EST,Rule of Law (WGI governance estimate),index,2016,1.9474066,"World Bank Worldwide Governance Indicators (API source 3), GOV_WGI_RL.EST",2026-08-02
DNK,Denmark,WGI.RL.EST,Rule of Law (WGI governance estimate),index,2017,1.9374557,"World Bank Worldwide Governance Indicators (API source 3), GOV_WGI_RL.EST",2026-08-02
DNK,Denmark,WGI.RL.EST,Rule of Law (WGI governance estimate),index,2018,1.9248352,"World Bank Worldwide Governance Indicators (API source 3), GOV_WGI_RL.EST",2026-08-02
DNK,Denmark,WGI.RL.EST,Rule of Law (WGI governance estimate),index,2019,2.0201937,"World Bank Worldwide Governance Indicators (API source 3), GOV_WGI_RL.EST",2026-08-02
DNK,Denmark,WGI.RL.EST,Rule of Law (WGI governance estimate),index,2020,1.9748465,"World Bank Worldwide Governance Indicators (API source 3), GOV_WGI_RL.EST",2026-08-02
DNK,Denmark,WGI.RL.EST,Rule of Law (WGI governance estimate),index,2021,2.0133921,"World Bank Worldwide Governance Indicators (API source 3), GOV_WGI_RL.EST",2026-08-02
DNK,Denmark,WGI.RL.EST,Rule of Law (WGI governance estimate),index,2022,2.0023268,"World Bank Worldwide Governance Indicators (API source 3), GOV_WGI_RL.EST",2026-08-02
DNK,Denmark,WGI.RL.EST,Rule of Law (WGI governance estimate),index,2023,2.0143499,"World Bank Worldwide Governance Indicators (API source 3), GOV_WGI_RL.EST",2026-08-02
DNK,Denmark,WGI.RL.EST,Rule of Law (WGI governance estimate),index,2024,2.0043149,"World Bank Worldwide Governance Indicators (API source 3), GOV_WGI_RL.EST",2026-08-02
EST,Estonia,WGI.RL.EST,Rule of Law (WGI governance estimate),index,1996,0.6733109,"World Bank Worldwide Governance Indicators (API source 3), GOV_WGI_RL.EST",2026-08-02
EST,Estonia,WGI.RL.EST,Rule of Law (WGI governance estimate),index,1998,0.6475926,"World Bank Worldwide Governance Indicators (API source 3), GOV_WGI_RL.EST",2026-08-02
EST,Estonia,WGI.RL.EST,Rule of Law (WGI governance estimate),index,2000,0.6794953,"World Bank Worldwide Governance Indicators (API source 3), GOV_WGI_RL.EST",2026-08-02
EST,Estonia,WGI.RL.EST,Rule of Law (WGI governance estimate),index,2002,0.7524856,"World Bank Worldwide Governance Indicators (API source 3), GOV_WGI_RL.EST",2026-08-02
EST,Estonia,WGI.RL.EST,Rule of Law (WGI governance estimate),index,2003,0.7698928,"World Bank Worldwide Governance Indicators (API source 3), GOV_WGI_RL.EST",2026-08-02
EST,Estonia,WGI.RL.EST,Rule of Law (WGI governance estimate),index,2004,0.7903319,"World Bank Worldwide Governance Indicators (API source 3), GOV_WGI_RL.EST",2026-08-02
EST,Estonia,WGI.RL.EST,Rule of Law (WGI governance estimate),index,2005,0.9554342,"World Bank Worldwide Governance Indicators (API source 3), GOV_WGI_RL.EST",2026-08-02
EST,Estonia,WGI.RL.EST,Rule of Law (WGI governance estimate),index,2006,1.0769338,"World Bank Worldwide Governance Indicators (API source 3), GOV_WGI_RL.EST",2026-08-02
EST,Estonia,WGI.RL.EST,Rule of Law (WGI governance estimate),index,2007,1.1225532,"World Bank Worldwide Governance Indicators (API source 3), GOV_WGI_RL.EST",2026-08-02
EST,Estonia,WGI.RL.EST,Rule of Law (WGI governance estimate),index,2008,1.1307264,"World Bank Worldwide Governance Indicators (API source 3), GOV_WGI_RL.EST",2026-08-02
EST,Estonia,WGI.RL.EST,Rule of Law (WGI governance estimate),index,2009,1.0118511,"World Bank Worldwide Governance Indicators (API source 3), GOV_WGI_RL.EST",2026-08-02
EST,Estonia,WGI.RL.EST,Rule of Law (WGI governance estimate),index,2010,1.0862504,"World Bank Worldwide Governance Indicators (API source 3), GOV_WGI_RL.EST",2026-08-02
EST,Estonia,WGI.RL.EST,Rule of Law (WGI governance estimate),index,2011,1.1574635,"World Bank Worldwide Governance Indicators (API source 3), GOV_WGI_RL.EST",2026-08-02
EST,Estonia,WGI.RL.EST,Rule of Law (WGI governance estimate),index,2012,1.1538371,"World Bank Worldwide Governance Indicators (API source 3), GOV_WGI_RL.EST",2026-08-02
EST,Estonia,WGI.RL.EST,Rule of Law (WGI governance estimate),index,2013,1.1910277,"World Bank Worldwide Governance Indicators (API source 3), GOV_WGI_RL.EST",2026-08-02
EST,Estonia,WGI.RL.EST,Rule of Law (WGI governance estimate),index,2014,1.3434077,"World Bank Worldwide Governance Indicators (API source 3), GOV_WGI_RL.EST",2026-08-02
EST,Estonia,WGI.RL.EST,Rule of Law (WGI governance estimate),index,2015,1.3613873,"World Bank Worldwide Governance Indicators (API source 3), GOV_WGI_RL.EST",2026-08-02
EST,Estonia,WGI.RL.EST,Rule of Law (WGI governance estimate),index,2016,1.3740735,"World Bank Worldwide Governance Indicators (API source 3), GOV_WGI_RL.EST",2026-08-02
EST,Estonia,WGI.RL.EST,Rule of Law (WGI governance estimate),index,2017,1.4064495,"World Bank Worldwide Governance Indicators (API source 3), GOV_WGI_RL.EST",2026-08-02
EST,Estonia,WGI.RL.EST,Rule of Law (WGI governance estimate),index,2018,1.3621544,"World Bank Worldwide Governance Indicators (API source 3), GOV_WGI_RL.EST",2026-08-02
EST,Estonia,WGI.RL.EST,Rule of Law (WGI governance estimate),index,2019,1.5061563,"World Bank Worldwide Governance Indicators (API source 3), GOV_WGI_RL.EST",2026-08-02
EST,Estonia,WGI.RL.EST,Rule of Law (WGI governance estimate),index,2020,1.4988678,"World Bank Worldwide Governance Indicators (API source 3), GOV_WGI_RL.EST",2026-08-02
EST,Estonia,WGI.RL.EST,Rule of Law (WGI governance estimate),index,2021,1.4888413,"World Bank Worldwide Governance Indicators (API source 3), GOV_WGI_RL.EST",2026-08-02
EST,Estonia,WGI.RL.EST,Rule of Law (WGI governance estimate),index,2022,1.5220957,"World Bank Worldwide Governance Indicators (API source 3), GOV_WGI_RL.EST",2026-08-02
EST,Estonia,WGI.RL.EST,Rule of Law (WGI governance estimate),index,2023,1.482125,"World Bank Worldwide Governance Indicators (API source 3), GOV_WGI_RL.EST",2026-08-02
EST,Estonia,WGI.RL.EST,Rule of Law (WGI governance estimate),index,2024,1.4864478,"World Bank Worldwide Governance Indicators (API source 3), GOV_WGI_RL.EST",2026-08-02
FIN,Finland,WGI.RL.EST,Rule of Law (WGI governance estimate),index,1996,1.9289738,"World Bank Worldwide Governance Indicators (API source 3), GOV_WGI_RL.EST",2026-08-02
FIN,Finland,WGI.RL.EST,Rule of Law (WGI governance estimate),index,1998,1.9332586,"World Bank Worldwide Governance Indicators (API source 3), GOV_WGI_RL.EST",2026-08-02
FIN,Finland,WGI.RL.EST,Rule of Law (WGI governance estimate),index,2000,2.0482547,"World Bank Worldwide Governance Indicators (API source 3), GOV_WGI_RL.EST",2026-08-02
FIN,Finland,WGI.RL.EST,Rule of Law (WGI governance estimate),index,2002,2.0332408,"World Bank Worldwide Governance Indicators (API source 3), GOV_WGI_RL.EST",2026-08-02
FIN,Finland,WGI.RL.EST,Rule of Law (WGI governance estimate),index,2003,2.0345492,"World Bank Worldwide Governance Indicators (API source 3), GOV_WGI_RL.EST",2026-08-02
FIN,Finland,WGI.RL.EST,Rule of Law (WGI governance estimate),index,2004,1.9742131,"World Bank Worldwide Governance Indicators (API source 3), GOV_WGI_RL.EST",2026-08-02
FIN,Finland,WGI.RL.EST,Rule of Law (WGI governance estimate),index,2005,1.8823365,"World Bank Worldwide Governance Indicators (API source 3), GOV_WGI_RL.EST",2026-08-02
FIN,Finland,WGI.RL.EST,Rule of Law (WGI governance estimate),index,2006,1.9433601,"World Bank Worldwide Governance Indicators (API source 3), GOV_WGI_RL.EST",2026-08-02
FIN,Finland,WGI.RL.EST,Rule of Law (WGI governance estimate),index,2007,1.9411196,"World Bank Worldwide Governance Indicators (API source 3), GOV_WGI_RL.EST",2026-08-02
FIN,Finland,WGI.RL.EST,Rule of Law (WGI governance estimate),index,2008,1.9495598,"World Bank Worldwide Governance Indicators (API source 3), GOV_WGI_RL.EST",2026-08-02
FIN,Finland,WGI.RL.EST,Rule of Law (WGI governance estimate),index,2009,1.9178261,"World Bank Worldwide Governance Indicators (API source 3), GOV_WGI_RL.EST",2026-08-02
FIN,Finland,WGI.RL.EST,Rule of Law (WGI governance estimate),index,2010,1.9445504,"World Bank Worldwide Governance Indicators (API source 3), GOV_WGI_RL.EST",2026-08-02
FIN,Finland,WGI.RL.EST,Rule of Law (WGI governance estimate),index,2011,1.9050247,"World Bank Worldwide Governance Indicators (API source 3), GOV_WGI_RL.EST",2026-08-02
FIN,Finland,WGI.RL.EST,Rule of Law (WGI governance estimate),index,2012,1.9912164,"World Bank Worldwide Governance Indicators (API source 3), GOV_WGI_RL.EST",2026-08-02
FIN,Finland,WGI.RL.EST,Rule of Law (WGI governance estimate),index,2013,1.9176965,"World Bank Worldwide Governance Indicators (API source 3), GOV_WGI_RL.EST",2026-08-02
FIN,Finland,WGI.RL.EST,Rule of Law (WGI governance estimate),index,2014,2.0147036,"World Bank Worldwide Governance Indicators (API source 3), GOV_WGI_RL.EST",2026-08-02
FIN,Finland,WGI.RL.EST,Rule of Law (WGI governance estimate),index,2015,2.0648276,"World Bank Worldwide Governance Indicators (API source 3), GOV_WGI_RL.EST",2026-08-02
FIN,Finland,WGI.RL.EST,Rule of Law (WGI governance estimate),index,2016,2.0616811,"World Bank Worldwide Governance Indicators (API source 3), GOV_WGI_RL.EST",2026-08-02
FIN,Finland,WGI.RL.EST,Rule of Law (WGI governance estimate),index,2017,2.0894522,"World Bank Worldwide Governance Indicators (API source 3), GOV_WGI_RL.EST",2026-08-02
FIN,Finland,WGI.RL.EST,Rule of Law (WGI governance estimate),index,2018,2.051007,"World Bank Worldwide Governance Indicators (API source 3), GOV_WGI_RL.EST",2026-08-02
FIN,Finland,WGI.RL.EST,Rule of Law (WGI governance estimate),index,2019,2.1086885,"World Bank Worldwide Governance Indicators (API source 3), GOV_WGI_RL.EST",2026-08-02
FIN,Finland,WGI.RL.EST,Rule of Law (WGI governance estimate),index,2020,2.108953,"World Bank Worldwide Governance Indicators (API source 3), GOV_WGI_RL.EST",2026-08-02
FIN,Finland,WGI.RL.EST,Rule of Law (WGI governance estimate),index,2021,2.0708538,"World Bank Worldwide Governance Indicators (API source 3), GOV_WGI_RL.EST",2026-08-02
FIN,Finland,WGI.RL.EST,Rule of Law (WGI governance estimate),index,2022,1.9939363,"World Bank Worldwide Governance Indicators (API source 3), GOV_WGI_RL.EST",2026-08-02
FIN,Finland,WGI.RL.EST,Rule of Law (WGI governance estimate),index,2023,2.0200539,"World Bank Worldwide Governance Indicators (API source 3), GOV_WGI_RL.EST",2026-08-02
FIN,Finland,WGI.RL.EST,Rule of Law (WGI governance estimate),index,2024,2.0212705,"World Bank Worldwide Governance Indicators (API source 3), GOV_WGI_RL.EST",2026-08-02
FRA,France,WGI.RL.EST,Rule of Law (WGI governance estimate),index,1996,1.4177546,"World Bank Worldwide Governance Indicators (API source 3), GOV_WGI_RL.EST",2026-08-02
FRA,France,WGI.RL.EST,Rule of Law (WGI governance estimate),index,1998,1.2498062,"World Bank Worldwide Governance Indicators (API source 3), GOV_WGI_RL.EST",2026-08-02
FRA,France,WGI.RL.EST,Rule of Law (WGI governance estimate),index,2000,1.3540002,"World Bank Worldwide Governance Indicators (API source 3), GOV_WGI_RL.EST",2026-08-02
FRA,France,WGI.RL.EST,Rule of Law (WGI governance estimate),index,2002,1.1623234,"World Bank Worldwide Governance Indicators (API source 3), GOV_WGI_RL.EST",2026-08-02
FRA,France,WGI.RL.EST,Rule of Law (WGI governance estimate),index,2003,1.2892257,"World Bank Worldwide Governance Indicators (API source 3), GOV_WGI_RL.EST",2026-08-02
FRA,France,WGI.RL.EST,Rule of Law (WGI governance estimate),index,2004,1.3039095,"World Bank Worldwide Governance Indicators (API source 3), GOV_WGI_RL.EST",2026-08-02
FRA,France,WGI.RL.EST,Rule of Law (WGI governance estimate),index,2005,1.4493374,"World Bank Worldwide Governance Indicators (API source 3), GOV_WGI_RL.EST",2026-08-02
FRA,France,WGI.RL.EST,Rule of Law (WGI governance estimate),index,2006,1.2574073,"World Bank Worldwide Governance Indicators (API source 3), GOV_WGI_RL.EST",2026-08-02
FRA,France,WGI.RL.EST,Rule of Law (WGI governance estimate),index,2007,1.3042062,"World Bank Worldwide Governance Indicators (API source 3), GOV_WGI_RL.EST",2026-08-02
FRA,France,WGI.RL.EST,Rule of Law (WGI governance estimate),index,2008,1.3102674,"World Bank Worldwide Governance Indicators (API source 3), GOV_WGI_RL.EST",2026-08-02
FRA,France,WGI.RL.EST,Rule of Law (WGI governance estimate),index,2009,1.2421564,"World Bank Worldwide Governance Indicators (API source 3), GOV_WGI_RL.EST",2026-08-02
FRA,France,WGI.RL.EST,Rule of Law (WGI governance estimate),index,2010,1.2971705,"World Bank Worldwide Governance Indicators (API source 3), GOV_WGI_RL.EST",2026-08-02
FRA,France,WGI.RL.EST,Rule of Law (WGI governance estimate),index,2011,1.1807407,"World Bank Worldwide Governance Indicators (API source 3), GOV_WGI_RL.EST",2026-08-02
FRA,France,WGI.RL.EST,Rule of Law (WGI governance estimate),index,2012,1.2885997,"World Bank Worldwide Governance Indicators (API source 3), GOV_WGI_RL.EST",2026-08-02
FRA,France,WGI.RL.EST,Rule of Law (WGI governance estimate),index,2013,1.2396775,"World Bank Worldwide Governance Indicators (API source 3), GOV_WGI_RL.EST",2026-08-02
FRA,France,WGI.RL.EST,Rule of Law (WGI governance estimate),index,2014,1.2630022,"World Bank Worldwide Governance Indicators (API source 3), GOV_WGI_RL.EST",2026-08-02
FRA,France,WGI.RL.EST,Rule of Law (WGI governance estimate),index,2015,1.2424867,"World Bank Worldwide Governance Indicators (API source 3), GOV_WGI_RL.EST",2026-08-02
FRA,France,WGI.RL.EST,Rule of Law (WGI governance estimate),index,2016,1.2562889,"World Bank Worldwide Governance Indicators (API source 3), GOV_WGI_RL.EST",2026-08-02
FRA,France,WGI.RL.EST,Rule of Law (WGI governance estimate),index,2017,1.2449136,"World Bank Worldwide Governance Indicators (API source 3), GOV_WGI_RL.EST",2026-08-02
FRA,France,WGI.RL.EST,Rule of Law (WGI governance estimate),index,2018,1.225462,"World Bank Worldwide Governance Indicators (API source 3), GOV_WGI_RL.EST",2026-08-02
FRA,France,WGI.RL.EST,Rule of Law (WGI governance estimate),index,2019,1.1849149,"World Bank Worldwide Governance Indicators (API source 3), GOV_WGI_RL.EST",2026-08-02
FRA,France,WGI.RL.EST,Rule of Law (WGI governance estimate),index,2020,1.1272001,"World Bank Worldwide Governance Indicators (API source 3), GOV_WGI_RL.EST",2026-08-02
FRA,France,WGI.RL.EST,Rule of Law (WGI governance estimate),index,2021,1.0805521,"World Bank Worldwide Governance Indicators (API source 3), GOV_WGI_RL.EST",2026-08-02
FRA,France,WGI.RL.EST,Rule of Law (WGI governance estimate),index,2022,1.0195192,"World Bank Worldwide Governance Indicators (API source 3), GOV_WGI_RL.EST",2026-08-02
FRA,France,WGI.RL.EST,Rule of Law (WGI governance estimate),index,2023,0.9946177,"World Bank Worldwide Governance Indicators (API source 3), GOV_WGI_RL.EST",2026-08-02
FRA,France,WGI.RL.EST,Rule of Law (WGI governance estimate),index,2024,0.97866,"World Bank Worldwide Governance Indicators (API source 3), GOV_WGI_RL.EST",2026-08-02
DEU,Germany,WGI.RL.EST,Rule of Law (WGI governance estimate),index,1996,1.6971005,"World Bank Worldwide Governance Indicators (API source 3), GOV_WGI_RL.EST",2026-08-02
DEU,Germany,WGI.RL.EST,Rule of Law (WGI governance estimate),index,1998,1.6810298,"World Bank Worldwide Governance Indicators (API source 3), GOV_WGI_RL.EST",2026-08-02
DEU,Germany,WGI.RL.EST,Rule of Law (WGI governance estimate),index,2000,1.6877899,"World Bank Worldwide Governance Indicators (API source 3), GOV_WGI_RL.EST",2026-08-02
DEU,Germany,WGI.RL.EST,Rule of Law (WGI governance estimate),index,2002,1.6964095,"World Bank Worldwide Governance Indicators (API source 3), GOV_WGI_RL.EST",2026-08-02
DEU,Germany,WGI.RL.EST,Rule of Law (WGI governance estimate),index,2003,1.6968919,"World Bank Worldwide Governance Indicators (API source 3), GOV_WGI_RL.EST",2026-08-02
DEU,Germany,WGI.RL.EST,Rule of Law (WGI governance estimate),index,2004,1.6707882,"World Bank Worldwide Governance Indicators (API source 3), GOV_WGI_RL.EST",2026-08-02
DEU,Germany,WGI.RL.EST,Rule of Law (WGI governance estimate),index,2005,1.6632518,"World Bank Worldwide Governance Indicators (API source 3), GOV_WGI_RL.EST",2026-08-02
DEU,Germany,WGI.RL.EST,Rule of Law (WGI governance estimate),index,2006,1.6705656,"World Bank Worldwide Governance Indicators (API source 3), GOV_WGI_RL.EST",2026-08-02
DEU,Germany,WGI.RL.EST,Rule of Law (WGI governance estimate),index,2007,1.7387655,"World Bank Worldwide Governance Indicators (API source 3), GOV_WGI_RL.EST",2026-08-02
DEU,Germany,WGI.RL.EST,Rule of Law (WGI governance estimate),index,2008,1.6322926,"World Bank Worldwide Governance Indicators (API source 3), GOV_WGI_RL.EST",2026-08-02
DEU,Germany,WGI.RL.EST,Rule of Law (WGI governance estimate),index,2009,1.6083385,"World Bank Worldwide Governance Indicators (API source 3), GOV_WGI_RL.EST",2026-08-02
DEU,Germany,WGI.RL.EST,Rule of Law (WGI governance estimate),index,2010,1.6169218,"World Bank Worldwide Governance Indicators (API source 3), GOV_WGI_RL.EST",2026-08-02
DEU,Germany,WGI.RL.EST,Rule of Law (WGI governance estimate),index,2011,1.5919362,"World Bank Worldwide Governance Indicators (API source 3), GOV_WGI_RL.EST",2026-08-02
DEU,Germany,WGI.RL.EST,Rule of Law (WGI governance estimate),index,2012,1.6179786,"World Bank Worldwide Governance Indicators (API source 3), GOV_WGI_RL.EST",2026-08-02
DEU,Germany,WGI.RL.EST,Rule of Law (WGI governance estimate),index,2013,1.6271661,"World Bank Worldwide Governance Indicators (API source 3), GOV_WGI_RL.EST",2026-08-02
DEU,Germany,WGI.RL.EST,Rule of Law (WGI governance estimate),index,2014,1.7365653,"World Bank Worldwide Governance Indicators (API source 3), GOV_WGI_RL.EST",2026-08-02
DEU,Germany,WGI.RL.EST,Rule of Law (WGI governance estimate),index,2015,1.739872,"World Bank Worldwide Governance Indicators (API source 3), GOV_WGI_RL.EST",2026-08-02
DEU,Germany,WGI.RL.EST,Rule of Law (WGI governance estimate),index,2016,1.6848367,"World Bank Worldwide Governance Indicators (API source 3), GOV_WGI_RL.EST",2026-08-02
DEU,Germany,WGI.RL.EST,Rule of Law (WGI governance estimate),index,2017,1.7028849,"World Bank Worldwide Governance Indicators (API source 3), GOV_WGI_RL.EST",2026-08-02
DEU,Germany,WGI.RL.EST,Rule of Law (WGI governance estimate),index,2018,1.715527,"World Bank Worldwide Governance Indicators (API source 3), GOV_WGI_RL.EST",2026-08-02
DEU,Germany,WGI.RL.EST,Rule of Law (WGI governance estimate),index,2019,1.7076622,"World Bank Worldwide Governance Indicators (API source 3), GOV_WGI_RL.EST",2026-08-02
DEU,Germany,WGI.RL.EST,Rule of Law (WGI governance estimate),index,2020,1.6271231,"World Bank Worldwide Governance Indicators (API source 3), GOV_WGI_RL.EST",2026-08-02
DEU,Germany,WGI.RL.EST,Rule of Law (WGI governance estimate),index,2021,1.6349496,"World Bank Worldwide Governance Indicators (API source 3), GOV_WGI_RL.EST",2026-08-02
DEU,Germany,WGI.RL.EST,Rule of Law (WGI governance estimate),index,2022,1.5810518,"World Bank Worldwide Governance Indicators (API source 3), GOV_WGI_RL.EST",2026-08-02
DEU,Germany,WGI.RL.EST,Rule of Law (WGI governance estimate),index,2023,1.5855645,"World Bank Worldwide Governance Indicators (API source 3), GOV_WGI_RL.EST",2026-08-02
DEU,Germany,WGI.RL.EST,Rule of Law (WGI governance estimate),index,2024,1.6257844,"World Bank Worldwide Governance Indicators (API source 3), GOV_WGI_RL.EST",2026-08-02
GRC,Greece,WGI.RL.EST,Rule of Law (WGI governance estimate),index,1996,0.9934539,"World Bank Worldwide Governance Indicators (API source 3), GOV_WGI_RL.EST",2026-08-02
GRC,Greece,WGI.RL.EST,Rule of Law (WGI governance estimate),index,1998,0.7218243,"World Bank Worldwide Governance Indicators (API source 3), GOV_WGI_RL.EST",2026-08-02
GRC,Greece,WGI.RL.EST,Rule of Law (WGI governance estimate),index,2000,0.8143476,"World Bank Worldwide Governance Indicators (API source 3), GOV_WGI_RL.EST",2026-08-02
GRC,Greece,WGI.RL.EST,Rule of Law (WGI governance estimate),index,2002,0.8024605,"World Bank Worldwide Governance Indicators (API source 3), GOV_WGI_RL.EST",2026-08-02
GRC,Greece,WGI.RL.EST,Rule of Law (WGI governance estimate),index,2003,0.8767694,"World Bank Worldwide Governance Indicators (API source 3), GOV_WGI_RL.EST",2026-08-02
GRC,Greece,WGI.RL.EST,Rule of Law (WGI governance estimate),index,2004,0.9163905,"World Bank Worldwide Governance Indicators (API source 3), GOV_WGI_RL.EST",2026-08-02
GRC,Greece,WGI.RL.EST,Rule of Law (WGI governance estimate),index,2005,0.8057555,"World Bank Worldwide Governance Indicators (API source 3), GOV_WGI_RL.EST",2026-08-02
GRC,Greece,WGI.RL.EST,Rule of Law (WGI governance estimate),index,2006,0.8118859,"World Bank Worldwide Governance Indicators (API source 3), GOV_WGI_RL.EST",2026-08-02
GRC,Greece,WGI.RL.EST,Rule of Law (WGI governance estimate),index,2007,0.809293,"World Bank Worldwide Governance Indicators (API source 3), GOV_WGI_RL.EST",2026-08-02
GRC,Greece,WGI.RL.EST,Rule of Law (WGI governance estimate),index,2008,0.7008032,"World Bank Worldwide Governance Indicators (API source 3), GOV_WGI_RL.EST",2026-08-02
GRC,Greece,WGI.RL.EST,Rule of Law (WGI governance estimate),index,2009,0.6231376,"World Bank Worldwide Governance Indicators (API source 3), GOV_WGI_RL.EST",2026-08-02
GRC,Greece,WGI.RL.EST,Rule of Law (WGI governance estimate),index,2010,0.4791736,"World Bank Worldwide Governance Indicators (API source 3), GOV_WGI_RL.EST",2026-08-02
GRC,Greece,WGI.RL.EST,Rule of Law (WGI governance estimate),index,2011,0.4787775,"World Bank Worldwide Governance Indicators (API source 3), GOV_WGI_RL.EST",2026-08-02
GRC,Greece,WGI.RL.EST,Rule of Law (WGI governance estimate),index,2012,0.3458755,"World Bank Worldwide Governance Indicators (API source 3), GOV_WGI_RL.EST",2026-08-02
GRC,Greece,WGI.RL.EST,Rule of Law (WGI governance estimate),index,2013,0.3947317,"World Bank Worldwide Governance Indicators (API source 3), GOV_WGI_RL.EST",2026-08-02
GRC,Greece,WGI.RL.EST,Rule of Law (WGI governance estimate),index,2014,0.3608832,"World Bank Worldwide Governance Indicators (API source 3), GOV_WGI_RL.EST",2026-08-02
GRC,Greece,WGI.RL.EST,Rule of Law (WGI governance estimate),index,2015,0.3396437,"World Bank Worldwide Governance Indicators (API source 3), GOV_WGI_RL.EST",2026-08-02
GRC,Greece,WGI.RL.EST,Rule of Law (WGI governance estimate),index,2016,0.2646202,"World Bank Worldwide Governance Indicators (API source 3), GOV_WGI_RL.EST",2026-08-02
GRC,Greece,WGI.RL.EST,Rule of Law (WGI governance estimate),index,2017,0.2778969,"World Bank Worldwide Governance Indicators (API source 3), GOV_WGI_RL.EST",2026-08-02
GRC,Greece,WGI.RL.EST,Rule of Law (WGI governance estimate),index,2018,0.2797611,"World Bank Worldwide Governance Indicators (API source 3), GOV_WGI_RL.EST",2026-08-02
GRC,Greece,WGI.RL.EST,Rule of Law (WGI governance estimate),index,2019,0.3838302,"World Bank Worldwide Governance Indicators (API source 3), GOV_WGI_RL.EST",2026-08-02
GRC,Greece,WGI.RL.EST,Rule of Law (WGI governance estimate),index,2020,0.4729929,"World Bank Worldwide Governance Indicators (API source 3), GOV_WGI_RL.EST",2026-08-02
GRC,Greece,WGI.RL.EST,Rule of Law (WGI governance estimate),index,2021,0.4439375,"World Bank Worldwide Governance Indicators (API source 3), GOV_WGI_RL.EST",2026-08-02
GRC,Greece,WGI.RL.EST,Rule of Law (WGI governance estimate),index,2022,0.4892737,"World Bank Worldwide Governance Indicators (API source 3), GOV_WGI_RL.EST",2026-08-02
GRC,Greece,WGI.RL.EST,Rule of Law (WGI governance estimate),index,2023,0.3963788,"World Bank Worldwide Governance Indicators (API source 3), GOV_WGI_RL.EST",2026-08-02
GRC,Greece,WGI.RL.EST,Rule of Law (WGI governance estimate),index,2024,0.2983017,"World Bank Worldwide Governance Indicators (API source 3), GOV_WGI_RL.EST",2026-08-02
HUN,Hungary,WGI.RL.EST,Rule of Law (WGI governance estimate),index,1996,0.8658286,"World Bank Worldwide Governance Indicators (API source 3), GOV_WGI_RL.EST",2026-08-02
HUN,Hungary,WGI.RL.EST,Rule of Law (WGI governance estimate),index,1998,0.8537457,"World Bank Worldwide Governance Indicators (API source 3), GOV_WGI_RL.EST",2026-08-02
HUN,Hungary,WGI.RL.EST,Rule of Law (WGI governance estimate),index,2000,0.86158,"World Bank Worldwide Governance Indicators (API source 3), GOV_WGI_RL.EST",2026-08-02
HUN,Hungary,WGI.RL.EST,Rule of Law (WGI governance estimate),index,2002,0.8504327,"World Bank Worldwide Governance Indicators (API source 3), GOV_WGI_RL.EST",2026-08-02
HUN,Hungary,WGI.RL.EST,Rule of Law (WGI governance estimate),index,2003,0.8572117,"World Bank Worldwide Governance Indicators (API source 3), GOV_WGI_RL.EST",2026-08-02
HUN,Hungary,WGI.RL.EST,Rule of Law (WGI governance estimate),index,2004,0.8391406,"World Bank Worldwide Governance Indicators (API source 3), GOV_WGI_RL.EST",2026-08-02
HUN,Hungary,WGI.RL.EST,Rule of Law (WGI governance estimate),index,2005,0.9162369,"World Bank Worldwide Governance Indicators (API source 3), GOV_WGI_RL.EST",2026-08-02
HUN,Hungary,WGI.RL.EST,Rule of Law (WGI governance estimate),index,2006,0.9624708,"World Bank Worldwide Governance Indicators (API source 3), GOV_WGI_RL.EST",2026-08-02
HUN,Hungary,WGI.RL.EST,Rule of Law (WGI governance estimate),index,2007,0.8935867,"World Bank Worldwide Governance Indicators (API source 3), GOV_WGI_RL.EST",2026-08-02
HUN,Hungary,WGI.RL.EST,Rule of Law (WGI governance estimate),index,2008,0.7766805,"World Bank Worldwide Governance Indicators (API source 3), GOV_WGI_RL.EST",2026-08-02
HUN,Hungary,WGI.RL.EST,Rule of Law (WGI governance estimate),index,2009,0.6124149,"World Bank Worldwide Governance Indicators (API source 3), GOV_WGI_RL.EST",2026-08-02
HUN,Hungary,WGI.RL.EST,Rule of Law (WGI governance estimate),index,2010,0.5821301,"World Bank Worldwide Governance Indicators (API source 3), GOV_WGI_RL.EST",2026-08-02
HUN,Hungary,WGI.RL.EST,Rule of Law (WGI governance estimate),index,2011,0.6315963,"World Bank Worldwide Governance Indicators (API source 3), GOV_WGI_RL.EST",2026-08-02
HUN,Hungary,WGI.RL.EST,Rule of Law (WGI governance estimate),index,2012,0.5661169,"World Bank Worldwide Governance Indicators (API source 3), GOV_WGI_RL.EST",2026-08-02
HUN,Hungary,WGI.RL.EST,Rule of Law (WGI governance estimate),index,2013,0.4986862,"World Bank Worldwide Governance Indicators (API source 3), GOV_WGI_RL.EST",2026-08-02
HUN,Hungary,WGI.RL.EST,Rule of Law (WGI governance estimate),index,2014,0.3509972,"World Bank Worldwide Governance Indicators (API source 3), GOV_WGI_RL.EST",2026-08-02
HUN,Hungary,WGI.RL.EST,Rule of Law (WGI governance estimate),index,2015,0.3552783,"World Bank Worldwide Governance Indicators (API source 3), GOV_WGI_RL.EST",2026-08-02
HUN,Hungary,WGI.RL.EST,Rule of Law (WGI governance estimate),index,2016,0.4099126,"World Bank Worldwide Governance Indicators (API source 3), GOV_WGI_RL.EST",2026-08-02
HUN,Hungary,WGI.RL.EST,Rule of Law (WGI governance estimate),index,2017,0.4009882,"World Bank Worldwide Governance Indicators (API source 3), GOV_WGI_RL.EST",2026-08-02
HUN,Hungary,WGI.RL.EST,Rule of Law (WGI governance estimate),index,2018,0.3396782,"World Bank Worldwide Governance Indicators (API source 3), GOV_WGI_RL.EST",2026-08-02
HUN,Hungary,WGI.RL.EST,Rule of Law (WGI governance estimate),index,2019,0.3081109,"World Bank Worldwide Governance Indicators (API source 3), GOV_WGI_RL.EST",2026-08-02
HUN,Hungary,WGI.RL.EST,Rule of Law (WGI governance estimate),index,2020,0.329192,"World Bank Worldwide Governance Indicators (API source 3), GOV_WGI_RL.EST",2026-08-02
HUN,Hungary,WGI.RL.EST,Rule of Law (WGI governance estimate),index,2021,0.2971399,"World Bank Worldwide Governance Indicators (API source 3), GOV_WGI_RL.EST",2026-08-02
HUN,Hungary,WGI.RL.EST,Rule of Law (WGI governance estimate),index,2022,0.2426218,"World Bank Worldwide Governance Indicators (API source 3), GOV_WGI_RL.EST",2026-08-02
HUN,Hungary,WGI.RL.EST,Rule of Law (WGI governance estimate),index,2023,0.1894005,"World Bank Worldwide Governance Indicators (API source 3), GOV_WGI_RL.EST",2026-08-02
HUN,Hungary,WGI.RL.EST,Rule of Law (WGI governance estimate),index,2024,0.1923364,"World Bank Worldwide Governance Indicators (API source 3), GOV_WGI_RL.EST",2026-08-02
IRL,Ireland,WGI.RL.EST,Rule of Law (WGI governance estimate),index,1996,1.5126505,"World Bank Worldwide Governance Indicators (API source 3), GOV_WGI_RL.EST",2026-08-02
IRL,Ireland,WGI.RL.EST,Rule of Law (WGI governance estimate),index,1998,1.6015452,"World Bank Worldwide Governance Indicators (API source 3), GOV_WGI_RL.EST",2026-08-02
IRL,Ireland,WGI.RL.EST,Rule of Law (WGI governance estimate),index,2000,1.6651428,"World Bank Worldwide Governance Indicators (API source 3), GOV_WGI_RL.EST",2026-08-02
IRL,Ireland,WGI.RL.EST,Rule of Law (WGI governance estimate),index,2002,1.6320245,"World Bank Worldwide Governance Indicators (API source 3), GOV_WGI_RL.EST",2026-08-02
IRL,Ireland,WGI.RL.EST,Rule of Law (WGI governance estimate),index,2003,1.5508824,"World Bank Worldwide Governance Indicators (API source 3), GOV_WGI_RL.EST",2026-08-02
IRL,Ireland,WGI.RL.EST,Rule of Law (WGI governance estimate),index,2004,1.5030259,"World Bank Worldwide Governance Indicators (API source 3), GOV_WGI_RL.EST",2026-08-02
IRL,Ireland,WGI.RL.EST,Rule of Law (WGI governance estimate),index,2005,1.6149497,"World Bank Worldwide Governance Indicators (API source 3), GOV_WGI_RL.EST",2026-08-02
IRL,Ireland,WGI.RL.EST,Rule of Law (WGI governance estimate),index,2006,1.6200295,"World Bank Worldwide Governance Indicators (API source 3), GOV_WGI_RL.EST",2026-08-02
IRL,Ireland,WGI.RL.EST,Rule of Law (WGI governance estimate),index,2007,1.6527835,"World Bank Worldwide Governance Indicators (API source 3), GOV_WGI_RL.EST",2026-08-02
IRL,Ireland,WGI.RL.EST,Rule of Law (WGI governance estimate),index,2008,1.6535,"World Bank Worldwide Governance Indicators (API source 3), GOV_WGI_RL.EST",2026-08-02
IRL,Ireland,WGI.RL.EST,Rule of Law (WGI governance estimate),index,2009,1.5423223,"World Bank Worldwide Governance Indicators (API source 3), GOV_WGI_RL.EST",2026-08-02
IRL,Ireland,WGI.RL.EST,Rule of Law (WGI governance estimate),index,2010,1.508714,"World Bank Worldwide Governance Indicators (API source 3), GOV_WGI_RL.EST",2026-08-02
IRL,Ireland,WGI.RL.EST,Rule of Law (WGI governance estimate),index,2011,1.5150115,"World Bank Worldwide Governance Indicators (API source 3), GOV_WGI_RL.EST",2026-08-02
IRL,Ireland,WGI.RL.EST,Rule of Law (WGI governance estimate),index,2012,1.5276348,"World Bank Worldwide Governance Indicators (API source 3), GOV_WGI_RL.EST",2026-08-02
IRL,Ireland,WGI.RL.EST,Rule of Law (WGI governance estimate),index,2013,1.5002207,"World Bank Worldwide Governance Indicators (API source 3), GOV_WGI_RL.EST",2026-08-02
IRL,Ireland,WGI.RL.EST,Rule of Law (WGI governance estimate),index,2014,1.5324247,"World Bank Worldwide Governance Indicators (API source 3), GOV_WGI_RL.EST",2026-08-02
IRL,Ireland,WGI.RL.EST,Rule of Law (WGI governance estimate),index,2015,1.603553,"World Bank Worldwide Governance Indicators (API source 3), GOV_WGI_RL.EST",2026-08-02
IRL,Ireland,WGI.RL.EST,Rule of Law (WGI governance estimate),index,2016,1.5660124,"World Bank Worldwide Governance Indicators (API source 3), GOV_WGI_RL.EST",2026-08-02
IRL,Ireland,WGI.RL.EST,Rule of Law (WGI governance estimate),index,2017,1.5319793,"World Bank Worldwide Governance Indicators (API source 3), GOV_WGI_RL.EST",2026-08-02
IRL,Ireland,WGI.RL.EST,Rule of Law (WGI governance estimate),index,2018,1.5281158,"World Bank Worldwide Governance Indicators (API source 3), GOV_WGI_RL.EST",2026-08-02
IRL,Ireland,WGI.RL.EST,Rule of Law (WGI governance estimate),index,2019,1.5409912,"World Bank Worldwide Governance Indicators (API source 3), GOV_WGI_RL.EST",2026-08-02
IRL,Ireland,WGI.RL.EST,Rule of Law (WGI governance estimate),index,2020,1.5214022,"World Bank Worldwide Governance Indicators (API source 3), GOV_WGI_RL.EST",2026-08-02
IRL,Ireland,WGI.RL.EST,Rule of Law (WGI governance estimate),index,2021,1.5453584,"World Bank Worldwide Governance Indicators (API source 3), GOV_WGI_RL.EST",2026-08-02
IRL,Ireland,WGI.RL.EST,Rule of Law (WGI governance estimate),index,2022,1.5040267,"World Bank Worldwide Governance Indicators (API source 3), GOV_WGI_RL.EST",2026-08-02
IRL,Ireland,WGI.RL.EST,Rule of Law (WGI governance estimate),index,2023,1.5980444,"World Bank Worldwide Governance Indicators (API source 3), GOV_WGI_RL.EST",2026-08-02
IRL,Ireland,WGI.RL.EST,Rule of Law (WGI governance estimate),index,2024,1.5913219,"World Bank Worldwide Governance Indicators (API source 3), GOV_WGI_RL.EST",2026-08-02
ITA,Italy,WGI.RL.EST,Rule of Law (WGI governance estimate),index,1996,0.9265851,"World Bank Worldwide Governance Indicators (API source 3), GOV_WGI_RL.EST",2026-08-02
ITA,Italy,WGI.RL.EST,Rule of Law (WGI governance estimate),index,1998,0.7787887,"World Bank Worldwide Governance Indicators (API source 3), GOV_WGI_RL.EST",2026-08-02
ITA,Italy,WGI.RL.EST,Rule of Law (WGI governance estimate),index,2000,0.8776424,"World Bank Worldwide Governance Indicators (API source 3), GOV_WGI_RL.EST",2026-08-02
ITA,Italy,WGI.RL.EST,Rule of Law (WGI governance estimate),index,2002,0.7768856,"World Bank Worldwide Governance Indicators (API source 3), GOV_WGI_RL.EST",2026-08-02
ITA,Italy,WGI.RL.EST,Rule of Law (WGI governance estimate),index,2003,0.7384036,"World Bank Worldwide Governance Indicators (API source 3), GOV_WGI_RL.EST",2026-08-02
ITA,Italy,WGI.RL.EST,Rule of Law (WGI governance estimate),index,2004,0.6824036,"World Bank Worldwide Governance Indicators (API source 3), GOV_WGI_RL.EST",2026-08-02
ITA,Italy,WGI.RL.EST,Rule of Law (WGI governance estimate),index,2005,0.5942039,"World Bank Worldwide Governance Indicators (API source 3), GOV_WGI_RL.EST",2026-08-02
ITA,Italy,WGI.RL.EST,Rule of Law (WGI governance estimate),index,2006,0.4705016,"World Bank Worldwide Governance Indicators (API source 3), GOV_WGI_RL.EST",2026-08-02
ITA,Italy,WGI.RL.EST,Rule of Law (WGI governance estimate),index,2007,0.503455,"World Bank Worldwide Governance Indicators (API source 3), GOV_WGI_RL.EST",2026-08-02
ITA,Italy,WGI.RL.EST,Rule of Law (WGI governance estimate),index,2008,0.4094634,"World Bank Worldwide Governance Indicators (API source 3), GOV_WGI_RL.EST",2026-08-02
ITA,Italy,WGI.RL.EST,Rule of Law (WGI governance estimate),index,2009,0.3770823,"World Bank Worldwide Governance Indicators (API source 3), GOV_WGI_RL.EST",2026-08-02
ITA,Italy,WGI.RL.EST,Rule of Law (WGI governance estimate),index,2010,0.4537097,"World Bank Worldwide Governance Indicators (API source 3), GOV_WGI_RL.EST",2026-08-02
ITA,Italy,WGI.RL.EST,Rule of Law (WGI governance estimate),index,2011,0.5210134,"World Bank Worldwide Governance Indicators (API source 3), GOV_WGI_RL.EST",2026-08-02
ITA,Italy,WGI.RL.EST,Rule of Law (WGI governance estimate),index,2012,0.5461758,"World Bank Worldwide Governance Indicators (API source 3), GOV_WGI_RL.EST",2026-08-02
ITA,Italy,WGI.RL.EST,Rule of Law (WGI governance estimate),index,2013,0.5329679,"World Bank Worldwide Governance Indicators (API source 3), GOV_WGI_RL.EST",2026-08-02
ITA,Italy,WGI.RL.EST,Rule of Law (WGI governance estimate),index,2014,0.5543355,"World Bank Worldwide Governance Indicators (API source 3), GOV_WGI_RL.EST",2026-08-02
ITA,Italy,WGI.RL.EST,Rule of Law (WGI governance estimate),index,2015,0.4617928,"World Bank Worldwide Governance Indicators (API source 3), GOV_WGI_RL.EST",2026-08-02
ITA,Italy,WGI.RL.EST,Rule of Law (WGI governance estimate),index,2016,0.4609982,"World Bank Worldwide Governance Indicators (API source 3), GOV_WGI_RL.EST",2026-08-02
ITA,Italy,WGI.RL.EST,Rule of Law (WGI governance estimate),index,2017,0.4389986,"World Bank Worldwide Governance Indicators (API source 3), GOV_WGI_RL.EST",2026-08-02
ITA,Italy,WGI.RL.EST,Rule of Law (WGI governance estimate),index,2018,0.4187181,"World Bank Worldwide Governance Indicators (API source 3), GOV_WGI_RL.EST",2026-08-02
ITA,Italy,WGI.RL.EST,Rule of Law (WGI governance estimate),index,2019,0.529631,"World Bank Worldwide Governance Indicators (API source 3), GOV_WGI_RL.EST",2026-08-02
ITA,Italy,WGI.RL.EST,Rule of Law (WGI governance estimate),index,2020,0.5546368,"World Bank Worldwide Governance Indicators (API source 3), GOV_WGI_RL.EST",2026-08-02
ITA,Italy,WGI.RL.EST,Rule of Law (WGI governance estimate),index,2021,0.5885,"World Bank Worldwide Governance Indicators (API source 3), GOV_WGI_RL.EST",2026-08-02
ITA,Italy,WGI.RL.EST,Rule of Law (WGI governance estimate),index,2022,0.5739685,"World Bank Worldwide Governance Indicators (API source 3), GOV_WGI_RL.EST",2026-08-02
ITA,Italy,WGI.RL.EST,Rule of Law (WGI governance estimate),index,2023,0.6505552,"World Bank Worldwide Governance Indicators (API source 3), GOV_WGI_RL.EST",2026-08-02
ITA,Italy,WGI.RL.EST,Rule of Law (WGI governance estimate),index,2024,0.6192043,"World Bank Worldwide Governance Indicators (API source 3), GOV_WGI_RL.EST",2026-08-02
LVA,Latvia,WGI.RL.EST,Rule of Law (WGI governance estimate),index,1996,0.0629238999999999,"World Bank Worldwide Governance Indicators (API source 3), GOV_WGI_RL.EST",2026-08-02
LVA,Latvia,WGI.RL.EST,Rule of Law (WGI governance estimate),index,1998,0.1752328,"World Bank Worldwide Governance Indicators (API source 3), GOV_WGI_RL.EST",2026-08-02
LVA,Latvia,WGI.RL.EST,Rule of Law (WGI governance estimate),index,2000,0.1497577,"World Bank Worldwide Governance Indicators (API source 3), GOV_WGI_RL.EST",2026-08-02
LVA,Latvia,WGI.RL.EST,Rule of Law (WGI governance estimate),index,2002,0.2192826,"World Bank Worldwide Governance Indicators (API source 3), GOV_WGI_RL.EST",2026-08-02
LVA,Latvia,WGI.RL.EST,Rule of Law (WGI governance estimate),index,2003,0.4424964,"World Bank Worldwide Governance Indicators (API source 3), GOV_WGI_RL.EST",2026-08-02
LVA,Latvia,WGI.RL.EST,Rule of Law (WGI governance estimate),index,2004,0.3512417,"World Bank Worldwide Governance Indicators (API source 3), GOV_WGI_RL.EST",2026-08-02
LVA,Latvia,WGI.RL.EST,Rule of Law (WGI governance estimate),index,2005,0.5067237,"World Bank Worldwide Governance Indicators (API source 3), GOV_WGI_RL.EST",2026-08-02
LVA,Latvia,WGI.RL.EST,Rule of Law (WGI governance estimate),index,2006,0.5687931,"World Bank Worldwide Governance Indicators (API source 3), GOV_WGI_RL.EST",2026-08-02
LVA,Latvia,WGI.RL.EST,Rule of Law (WGI governance estimate),index,2007,0.648169,"World Bank Worldwide Governance Indicators (API source 3), GOV_WGI_RL.EST",2026-08-02
LVA,Latvia,WGI.RL.EST,Rule of Law (WGI governance estimate),index,2008,0.6474712,"World Bank Worldwide Governance Indicators (API source 3), GOV_WGI_RL.EST",2026-08-02
LVA,Latvia,WGI.RL.EST,Rule of Law (WGI governance estimate),index,2009,0.5721106,"World Bank Worldwide Governance Indicators (API source 3), GOV_WGI_RL.EST",2026-08-02
LVA,Latvia,WGI.RL.EST,Rule of Law (WGI governance estimate),index,2010,0.639395,"World Bank Worldwide Governance Indicators (API source 3), GOV_WGI_RL.EST",2026-08-02
LVA,Latvia,WGI.RL.EST,Rule of Law (WGI governance estimate),index,2011,0.5528728,"World Bank Worldwide Governance Indicators (API source 3), GOV_WGI_RL.EST",2026-08-02
LVA,Latvia,WGI.RL.EST,Rule of Law (WGI governance estimate),index,2012,0.5723849,"World Bank Worldwide Governance Indicators (API source 3), GOV_WGI_RL.EST",2026-08-02
LVA,Latvia,WGI.RL.EST,Rule of Law (WGI governance estimate),index,2013,0.5642618,"World Bank Worldwide Governance Indicators (API source 3), GOV_WGI_RL.EST",2026-08-02
LVA,Latvia,WGI.RL.EST,Rule of Law (WGI governance estimate),index,2014,0.6743999,"World Bank Worldwide Governance Indicators (API source 3), GOV_WGI_RL.EST",2026-08-02
LVA,Latvia,WGI.RL.EST,Rule of Law (WGI governance estimate),index,2015,0.6625807,"World Bank Worldwide Governance Indicators (API source 3), GOV_WGI_RL.EST",2026-08-02
LVA,Latvia,WGI.RL.EST,Rule of Law (WGI governance estimate),index,2016,0.6455907,"World Bank Worldwide Governance Indicators (API source 3), GOV_WGI_RL.EST",2026-08-02
LVA,Latvia,WGI.RL.EST,Rule of Law (WGI governance estimate),index,2017,0.6323351,"World Bank Worldwide Governance Indicators (API source 3), GOV_WGI_RL.EST",2026-08-02
LVA,Latvia,WGI.RL.EST,Rule of Law (WGI governance estimate),index,2018,0.6152447,"World Bank Worldwide Governance Indicators (API source 3), GOV_WGI_RL.EST",2026-08-02
LVA,Latvia,WGI.RL.EST,Rule of Law (WGI governance estimate),index,2019,0.828729,"World Bank Worldwide Governance Indicators (API source 3), GOV_WGI_RL.EST",2026-08-02
LVA,Latvia,WGI.RL.EST,Rule of Law (WGI governance estimate),index,2020,0.9229434,"World Bank Worldwide Governance Indicators (API source 3), GOV_WGI_RL.EST",2026-08-02
LVA,Latvia,WGI.RL.EST,Rule of Law (WGI governance estimate),index,2021,0.9839815,"World Bank Worldwide Governance Indicators (API source 3), GOV_WGI_RL.EST",2026-08-02
LVA,Latvia,WGI.RL.EST,Rule of Law (WGI governance estimate),index,2022,1.0087817,"World Bank Worldwide Governance Indicators (API source 3), GOV_WGI_RL.EST",2026-08-02
LVA,Latvia,WGI.RL.EST,Rule of Law (WGI governance estimate),index,2023,1.0727082,"World Bank Worldwide Governance Indicators (API source 3), GOV_WGI_RL.EST",2026-08-02
LVA,Latvia,WGI.RL.EST,Rule of Law (WGI governance estimate),index,2024,1.0913835,"World Bank Worldwide Governance Indicators (API source 3), GOV_WGI_RL.EST",2026-08-02
LTU,Lithuania,WGI.RL.EST,Rule of Law (WGI governance estimate),index,1996,0.4052682,"World Bank Worldwide Governance Indicators (API source 3), GOV_WGI_RL.EST",2026-08-02
LTU,Lithuania,WGI.RL.EST,Rule of Law (WGI governance estimate),index,1998,0.4186702,"World Bank Worldwide Governance Indicators (API source 3), GOV_WGI_RL.EST",2026-08-02
LTU,Lithuania,WGI.RL.EST,Rule of Law (WGI governance estimate),index,2000,0.1697539,"World Bank Worldwide Governance Indicators (API source 3), GOV_WGI_RL.EST",2026-08-02
LTU,Lithuania,WGI.RL.EST,Rule of Law (WGI governance estimate),index,2002,0.24798,"World Bank Worldwide Governance Indicators (API source 3), GOV_WGI_RL.EST",2026-08-02
LTU,Lithuania,WGI.RL.EST,Rule of Law (WGI governance estimate),index,2003,0.37538,"World Bank Worldwide Governance Indicators (API source 3), GOV_WGI_RL.EST",2026-08-02
LTU,Lithuania,WGI.RL.EST,Rule of Law (WGI governance estimate),index,2004,0.3615852,"World Bank Worldwide Governance Indicators (API source 3), GOV_WGI_RL.EST",2026-08-02
LTU,Lithuania,WGI.RL.EST,Rule of Law (WGI governance estimate),index,2005,0.5178973,"World Bank Worldwide Governance Indicators (API source 3), GOV_WGI_RL.EST",2026-08-02
LTU,Lithuania,WGI.RL.EST,Rule of Law (WGI governance estimate),index,2006,0.5905926,"World Bank Worldwide Governance Indicators (API source 3), GOV_WGI_RL.EST",2026-08-02
LTU,Lithuania,WGI.RL.EST,Rule of Law (WGI governance estimate),index,2007,0.6067427,"World Bank Worldwide Governance Indicators (API source 3), GOV_WGI_RL.EST",2026-08-02
LTU,Lithuania,WGI.RL.EST,Rule of Law (WGI governance estimate),index,2008,0.5154425,"World Bank Worldwide Governance Indicators (API source 3), GOV_WGI_RL.EST",2026-08-02
LTU,Lithuania,WGI.RL.EST,Rule of Law (WGI governance estimate),index,2009,0.5293134,"World Bank Worldwide Governance Indicators (API source 3), GOV_WGI_RL.EST",2026-08-02
LTU,Lithuania,WGI.RL.EST,Rule of Law (WGI governance estimate),index,2010,0.5982483,"World Bank Worldwide Governance Indicators (API source 3), GOV_WGI_RL.EST",2026-08-02
LTU,Lithuania,WGI.RL.EST,Rule of Law (WGI governance estimate),index,2011,0.5466728,"World Bank Worldwide Governance Indicators (API source 3), GOV_WGI_RL.EST",2026-08-02
LTU,Lithuania,WGI.RL.EST,Rule of Law (WGI governance estimate),index,2012,0.5849095,"World Bank Worldwide Governance Indicators (API source 3), GOV_WGI_RL.EST",2026-08-02
LTU,Lithuania,WGI.RL.EST,Rule of Law (WGI governance estimate),index,2013,0.586968,"World Bank Worldwide Governance Indicators (API source 3), GOV_WGI_RL.EST",2026-08-02
LTU,Lithuania,WGI.RL.EST,Rule of Law (WGI governance estimate),index,2014,0.7406313,"World Bank Worldwide Governance Indicators (API source 3), GOV_WGI_RL.EST",2026-08-02
LTU,Lithuania,WGI.RL.EST,Rule of Law (WGI governance estimate),index,2015,0.8491406,"World Bank Worldwide Governance Indicators (API source 3), GOV_WGI_RL.EST",2026-08-02
LTU,Lithuania,WGI.RL.EST,Rule of Law (WGI governance estimate),index,2016,0.9019135,"World Bank Worldwide Governance Indicators (API source 3), GOV_WGI_RL.EST",2026-08-02
LTU,Lithuania,WGI.RL.EST,Rule of Law (WGI governance estimate),index,2017,0.8591134,"World Bank Worldwide Governance Indicators (API source 3), GOV_WGI_RL.EST",2026-08-02
LTU,Lithuania,WGI.RL.EST,Rule of Law (WGI governance estimate),index,2018,0.7490782,"World Bank Worldwide Governance Indicators (API source 3), GOV_WGI_RL.EST",2026-08-02
LTU,Lithuania,WGI.RL.EST,Rule of Law (WGI governance estimate),index,2019,1.0578671,"World Bank Worldwide Governance Indicators (API source 3), GOV_WGI_RL.EST",2026-08-02
LTU,Lithuania,WGI.RL.EST,Rule of Law (WGI governance estimate),index,2020,1.1400782,"World Bank Worldwide Governance Indicators (API source 3), GOV_WGI_RL.EST",2026-08-02
LTU,Lithuania,WGI.RL.EST,Rule of Law (WGI governance estimate),index,2021,1.2107283,"World Bank Worldwide Governance Indicators (API source 3), GOV_WGI_RL.EST",2026-08-02
LTU,Lithuania,WGI.RL.EST,Rule of Law (WGI governance estimate),index,2022,1.228331,"World Bank Worldwide Governance Indicators (API source 3), GOV_WGI_RL.EST",2026-08-02
LTU,Lithuania,WGI.RL.EST,Rule of Law (WGI governance estimate),index,2023,1.3288838,"World Bank Worldwide Governance Indicators (API source 3), GOV_WGI_RL.EST",2026-08-02
LTU,Lithuania,WGI.RL.EST,Rule of Law (WGI governance estimate),index,2024,1.3742358,"World Bank Worldwide Governance Indicators (API source 3), GOV_WGI_RL.EST",2026-08-02
LUX,Luxembourg,WGI.RL.EST,Rule of Law (WGI governance estimate),index,1996,1.7057697,"World Bank Worldwide Governance Indicators (API source 3), GOV_WGI_RL.EST",2026-08-02
LUX,Luxembourg,WGI.RL.EST,Rule of Law (WGI governance estimate),index,1998,1.7073629,"World Bank Worldwide Governance Indicators (API source 3), GOV_WGI_RL.EST",2026-08-02
LUX,Luxembourg,WGI.RL.EST,Rule of Law (WGI governance estimate),index,2000,1.8788532,"World Bank Worldwide Governance Indicators (API source 3), GOV_WGI_RL.EST",2026-08-02
LUX,Luxembourg,WGI.RL.EST,Rule of Law (WGI governance estimate),index,2002,1.8078816,"World Bank Worldwide Governance Indicators (API source 3), GOV_WGI_RL.EST",2026-08-02
LUX,Luxembourg,WGI.RL.EST,Rule of Law (WGI governance estimate),index,2003,1.7486636,"World Bank Worldwide Governance Indicators (API source 3), GOV_WGI_RL.EST",2026-08-02
LUX,Luxembourg,WGI.RL.EST,Rule of Law (WGI governance estimate),index,2004,1.6816181,"World Bank Worldwide Governance Indicators (API source 3), GOV_WGI_RL.EST",2026-08-02
LUX,Luxembourg,WGI.RL.EST,Rule of Law (WGI governance estimate),index,2005,1.5567865,"World Bank Worldwide Governance Indicators (API source 3), GOV_WGI_RL.EST",2026-08-02
LUX,Luxembourg,WGI.RL.EST,Rule of Law (WGI governance estimate),index,2006,1.6398901,"World Bank Worldwide Governance Indicators (API source 3), GOV_WGI_RL.EST",2026-08-02
LUX,Luxembourg,WGI.RL.EST,Rule of Law (WGI governance estimate),index,2007,1.7218692,"World Bank Worldwide Governance Indicators (API source 3), GOV_WGI_RL.EST",2026-08-02
LUX,Luxembourg,WGI.RL.EST,Rule of Law (WGI governance estimate),index,2008,1.6983757,"World Bank Worldwide Governance Indicators (API source 3), GOV_WGI_RL.EST",2026-08-02
LUX,Luxembourg,WGI.RL.EST,Rule of Law (WGI governance estimate),index,2009,1.6972405,"World Bank Worldwide Governance Indicators (API source 3), GOV_WGI_RL.EST",2026-08-02
LUX,Luxembourg,WGI.RL.EST,Rule of Law (WGI governance estimate),index,2010,1.7383685,"World Bank Worldwide Governance Indicators (API source 3), GOV_WGI_RL.EST",2026-08-02
LUX,Luxembourg,WGI.RL.EST,Rule of Law (WGI governance estimate),index,2011,1.7584094,"World Bank Worldwide Governance Indicators (API source 3), GOV_WGI_RL.EST",2026-08-02
LUX,Luxembourg,WGI.RL.EST,Rule of Law (WGI governance estimate),index,2012,1.7782538,"World Bank Worldwide Governance Indicators (API source 3), GOV_WGI_RL.EST",2026-08-02
LUX,Luxembourg,WGI.RL.EST,Rule of Law (WGI governance estimate),index,2013,1.7641968,"World Bank Worldwide Governance Indicators (API source 3), GOV_WGI_RL.EST",2026-08-02
LUX,Luxembourg,WGI.RL.EST,Rule of Law (WGI governance estimate),index,2014,1.7507788,"World Bank Worldwide Governance Indicators (API source 3), GOV_WGI_RL.EST",2026-08-02
LUX,Luxembourg,WGI.RL.EST,Rule of Law (WGI governance estimate),index,2015,1.8141125,"World Bank Worldwide Governance Indicators (API source 3), GOV_WGI_RL.EST",2026-08-02
LUX,Luxembourg,WGI.RL.EST,Rule of Law (WGI governance estimate),index,2016,1.7993709,"World Bank Worldwide Governance Indicators (API source 3), GOV_WGI_RL.EST",2026-08-02
LUX,Luxembourg,WGI.RL.EST,Rule of Law (WGI governance estimate),index,2017,1.7990451,"World Bank Worldwide Governance Indicators (API source 3), GOV_WGI_RL.EST",2026-08-02
LUX,Luxembourg,WGI.RL.EST,Rule of Law (WGI governance estimate),index,2018,1.8614373,"World Bank Worldwide Governance Indicators (API source 3), GOV_WGI_RL.EST",2026-08-02
LUX,Luxembourg,WGI.RL.EST,Rule of Law (WGI governance estimate),index,2019,1.8431648,"World Bank Worldwide Governance Indicators (API source 3), GOV_WGI_RL.EST",2026-08-02
LUX,Luxembourg,WGI.RL.EST,Rule of Law (WGI governance estimate),index,2020,1.796841,"World Bank Worldwide Governance Indicators (API source 3), GOV_WGI_RL.EST",2026-08-02
LUX,Luxembourg,WGI.RL.EST,Rule of Law (WGI governance estimate),index,2021,1.7333366,"World Bank Worldwide Governance Indicators (API source 3), GOV_WGI_RL.EST",2026-08-02
LUX,Luxembourg,WGI.RL.EST,Rule of Law (WGI governance estimate),index,2022,1.7477473,"World Bank Worldwide Governance Indicators (API source 3), GOV_WGI_RL.EST",2026-08-02
LUX,Luxembourg,WGI.RL.EST,Rule of Law (WGI governance estimate),index,2023,1.7286548,"World Bank Worldwide Governance Indicators (API source 3), GOV_WGI_RL.EST",2026-08-02
LUX,Luxembourg,WGI.RL.EST,Rule of Law (WGI governance estimate),index,2024,1.7617682,"World Bank Worldwide Governance Indicators (API source 3), GOV_WGI_RL.EST",2026-08-02
MLT,Malta,WGI.RL.EST,Rule of Law (WGI governance estimate),index,1996,0.9664356,"World Bank Worldwide Governance Indicators (API source 3), GOV_WGI_RL.EST",2026-08-02
MLT,Malta,WGI.RL.EST,Rule of Law (WGI governance estimate),index,1998,1.2632451,"World Bank Worldwide Governance Indicators (API source 3), GOV_WGI_RL.EST",2026-08-02
MLT,Malta,WGI.RL.EST,Rule of Law (WGI governance estimate),index,2000,1.3754114,"World Bank Worldwide Governance Indicators (API source 3), GOV_WGI_RL.EST",2026-08-02
MLT,Malta,WGI.RL.EST,Rule of Law (WGI governance estimate),index,2002,1.471397,"World Bank Worldwide Governance Indicators (API source 3), GOV_WGI_RL.EST",2026-08-02
MLT,Malta,WGI.RL.EST,Rule of Law (WGI governance estimate),index,2003,1.484469,"World Bank Worldwide Governance Indicators (API source 3), GOV_WGI_RL.EST",2026-08-02
MLT,Malta,WGI.RL.EST,Rule of Law (WGI governance estimate),index,2004,1.2623303,"World Bank Worldwide Governance Indicators (API source 3), GOV_WGI_RL.EST",2026-08-02
MLT,Malta,WGI.RL.EST,Rule of Law (WGI governance estimate),index,2005,1.521619,"World Bank Worldwide Governance Indicators (API source 3), GOV_WGI_RL.EST",2026-08-02
MLT,Malta,WGI.RL.EST,Rule of Law (WGI governance estimate),index,2006,1.5082377,"World Bank Worldwide Governance Indicators (API source 3), GOV_WGI_RL.EST",2026-08-02
MLT,Malta,WGI.RL.EST,Rule of Law (WGI governance estimate),index,2007,1.5631947,"World Bank Worldwide Governance Indicators (API source 3), GOV_WGI_RL.EST",2026-08-02
MLT,Malta,WGI.RL.EST,Rule of Law (WGI governance estimate),index,2008,1.5805579,"World Bank Worldwide Governance Indicators (API source 3), GOV_WGI_RL.EST",2026-08-02
MLT,Malta,WGI.RL.EST,Rule of Law (WGI governance estimate),index,2009,1.3996654,"World Bank Worldwide Governance Indicators (API source 3), GOV_WGI_RL.EST",2026-08-02
MLT,Malta,WGI.RL.EST,Rule of Law (WGI governance estimate),index,2010,1.4095187,"World Bank Worldwide Governance Indicators (API source 3), GOV_WGI_RL.EST",2026-08-02
MLT,Malta,WGI.RL.EST,Rule of Law (WGI governance estimate),index,2011,1.2204987,"World Bank Worldwide Governance Indicators (API source 3), GOV_WGI_RL.EST",2026-08-02
MLT,Malta,WGI.RL.EST,Rule of Law (WGI governance estimate),index,2012,1.2523387,"World Bank Worldwide Governance Indicators (API source 3), GOV_WGI_RL.EST",2026-08-02
MLT,Malta,WGI.RL.EST,Rule of Law (WGI governance estimate),index,2013,1.2109839,"World Bank Worldwide Governance Indicators (API source 3), GOV_WGI_RL.EST",2026-08-02
MLT,Malta,WGI.RL.EST,Rule of Law (WGI governance estimate),index,2014,1.0293544,"World Bank Worldwide Governance Indicators (API source 3), GOV_WGI_RL.EST",2026-08-02
MLT,Malta,WGI.RL.EST,Rule of Law (WGI governance estimate),index,2015,1.0918616,"World Bank Worldwide Governance Indicators (API source 3), GOV_WGI_RL.EST",2026-08-02
MLT,Malta,WGI.RL.EST,Rule of Law (WGI governance estimate),index,2016,1.0417449,"World Bank Worldwide Governance Indicators (API source 3), GOV_WGI_RL.EST",2026-08-02
MLT,Malta,WGI.RL.EST,Rule of Law (WGI governance estimate),index,2017,1.1123707,"World Bank Worldwide Governance Indicators (API source 3), GOV_WGI_RL.EST",2026-08-02
MLT,Malta,WGI.RL.EST,Rule of Law (WGI governance estimate),index,2018,1.058595,"World Bank Worldwide Governance Indicators (API source 3), GOV_WGI_RL.EST",2026-08-02
MLT,Malta,WGI.RL.EST,Rule of Law (WGI governance estimate),index,2019,1.018577,"World Bank Worldwide Governance Indicators (API source 3), GOV_WGI_RL.EST",2026-08-02
MLT,Malta,WGI.RL.EST,Rule of Law (WGI governance estimate),index,2020,0.9438011,"World Bank Worldwide Governance Indicators (API source 3), GOV_WGI_RL.EST",2026-08-02
MLT,Malta,WGI.RL.EST,Rule of Law (WGI governance estimate),index,2021,0.8666429,"World Bank Worldwide Governance Indicators (API source 3), GOV_WGI_RL.EST",2026-08-02
MLT,Malta,WGI.RL.EST,Rule of Law (WGI governance estimate),index,2022,0.8543614,"World Bank Worldwide Governance Indicators (API source 3), GOV_WGI_RL.EST",2026-08-02
MLT,Malta,WGI.RL.EST,Rule of Law (WGI governance estimate),index,2023,0.7940278,"World Bank Worldwide Governance Indicators (API source 3), GOV_WGI_RL.EST",2026-08-02
MLT,Malta,WGI.RL.EST,Rule of Law (WGI governance estimate),index,2024,0.72718,"World Bank Worldwide Governance Indicators (API source 3), GOV_WGI_RL.EST",2026-08-02
NLD,Netherlands,WGI.RL.EST,Rule of Law (WGI governance estimate),index,1996,1.727061,"World Bank Worldwide Governance Indicators (API source 3), GOV_WGI_RL.EST",2026-08-02
NLD,Netherlands,WGI.RL.EST,Rule of Law (WGI governance estimate),index,1998,1.7633155,"World Bank Worldwide Governance Indicators (API source 3), GOV_WGI_RL.EST",2026-08-02
NLD,Netherlands,WGI.RL.EST,Rule of Law (WGI governance estimate),index,2000,1.832769,"World Bank Worldwide Governance Indicators (API source 3), GOV_WGI_RL.EST",2026-08-02
NLD,Netherlands,WGI.RL.EST,Rule of Law (WGI governance estimate),index,2002,1.7393438,"World Bank Worldwide Governance Indicators (API source 3), GOV_WGI_RL.EST",2026-08-02
NLD,Netherlands,WGI.RL.EST,Rule of Law (WGI governance estimate),index,2003,1.7078117,"World Bank Worldwide Governance Indicators (API source 3), GOV_WGI_RL.EST",2026-08-02
NLD,Netherlands,WGI.RL.EST,Rule of Law (WGI governance estimate),index,2004,1.7095087,"World Bank Worldwide Governance Indicators (API source 3), GOV_WGI_RL.EST",2026-08-02
NLD,Netherlands,WGI.RL.EST,Rule of Law (WGI governance estimate),index,2005,1.702348,"World Bank Worldwide Governance Indicators (API source 3), GOV_WGI_RL.EST",2026-08-02
NLD,Netherlands,WGI.RL.EST,Rule of Law (WGI governance estimate),index,2006,1.7691521,"World Bank Worldwide Governance Indicators (API source 3), GOV_WGI_RL.EST",2026-08-02
NLD,Netherlands,WGI.RL.EST,Rule of Law (WGI governance estimate),index,2007,1.787188,"World Bank Worldwide Governance Indicators (API source 3), GOV_WGI_RL.EST",2026-08-02
NLD,Netherlands,WGI.RL.EST,Rule of Law (WGI governance estimate),index,2008,1.7322699,"World Bank Worldwide Governance Indicators (API source 3), GOV_WGI_RL.EST",2026-08-02
NLD,Netherlands,WGI.RL.EST,Rule of Law (WGI governance estimate),index,2009,1.6712825,"World Bank Worldwide Governance Indicators (API source 3), GOV_WGI_RL.EST",2026-08-02
NLD,Netherlands,WGI.RL.EST,Rule of Law (WGI governance estimate),index,2010,1.690341,"World Bank Worldwide Governance Indicators (API source 3), GOV_WGI_RL.EST",2026-08-02
NLD,Netherlands,WGI.RL.EST,Rule of Law (WGI governance estimate),index,2011,1.7111245,"World Bank Worldwide Governance Indicators (API source 3), GOV_WGI_RL.EST",2026-08-02
NLD,Netherlands,WGI.RL.EST,Rule of Law (WGI governance estimate),index,2012,1.7690975,"World Bank Worldwide Governance Indicators (API source 3), GOV_WGI_RL.EST",2026-08-02
NLD,Netherlands,WGI.RL.EST,Rule of Law (WGI governance estimate),index,2013,1.7344626,"World Bank Worldwide Governance Indicators (API source 3), GOV_WGI_RL.EST",2026-08-02
NLD,Netherlands,WGI.RL.EST,Rule of Law (WGI governance estimate),index,2014,1.8261478,"World Bank Worldwide Governance Indicators (API source 3), GOV_WGI_RL.EST",2026-08-02
NLD,Netherlands,WGI.RL.EST,Rule of Law (WGI governance estimate),index,2015,1.8839565,"World Bank Worldwide Governance Indicators (API source 3), GOV_WGI_RL.EST",2026-08-02
NLD,Netherlands,WGI.RL.EST,Rule of Law (WGI governance estimate),index,2016,1.8913985,"World Bank Worldwide Governance Indicators (API source 3), GOV_WGI_RL.EST",2026-08-02
NLD,Netherlands,WGI.RL.EST,Rule of Law (WGI governance estimate),index,2017,1.8652949,"World Bank Worldwide Governance Indicators (API source 3), GOV_WGI_RL.EST",2026-08-02
NLD,Netherlands,WGI.RL.EST,Rule of Law (WGI governance estimate),index,2018,1.8202279,"World Bank Worldwide Governance Indicators (API source 3), GOV_WGI_RL.EST",2026-08-02
NLD,Netherlands,WGI.RL.EST,Rule of Law (WGI governance estimate),index,2019,1.843311,"World Bank Worldwide Governance Indicators (API source 3), GOV_WGI_RL.EST",2026-08-02
NLD,Netherlands,WGI.RL.EST,Rule of Law (WGI governance estimate),index,2020,1.8319749,"World Bank Worldwide Governance Indicators (API source 3), GOV_WGI_RL.EST",2026-08-02
NLD,Netherlands,WGI.RL.EST,Rule of Law (WGI governance estimate),index,2021,1.7767646,"World Bank Worldwide Governance Indicators (API source 3), GOV_WGI_RL.EST",2026-08-02
NLD,Netherlands,WGI.RL.EST,Rule of Law (WGI governance estimate),index,2022,1.7289109,"World Bank Worldwide Governance Indicators (API source 3), GOV_WGI_RL.EST",2026-08-02
NLD,Netherlands,WGI.RL.EST,Rule of Law (WGI governance estimate),index,2023,1.7174805,"World Bank Worldwide Governance Indicators (API source 3), GOV_WGI_RL.EST",2026-08-02
NLD,Netherlands,WGI.RL.EST,Rule of Law (WGI governance estimate),index,2024,1.7069218,"World Bank Worldwide Governance Indicators (API source 3), GOV_WGI_RL.EST",2026-08-02
PRT,Portugal,WGI.RL.EST,Rule of Law (WGI governance estimate),index,1996,1.2571558,"World Bank Worldwide Governance Indicators (API source 3), GOV_WGI_RL.EST",2026-08-02
PRT,Portugal,WGI.RL.EST,Rule of Law (WGI governance estimate),index,1998,1.1350206,"World Bank Worldwide Governance Indicators (API source 3), GOV_WGI_RL.EST",2026-08-02
PRT,Portugal,WGI.RL.EST,Rule of Law (WGI governance estimate),index,2000,1.094653,"World Bank Worldwide Governance Indicators (API source 3), GOV_WGI_RL.EST",2026-08-02
PRT,Portugal,WGI.RL.EST,Rule of Law (WGI governance estimate),index,2002,1.2371068,"World Bank Worldwide Governance Indicators (API source 3), GOV_WGI_RL.EST",2026-08-02
PRT,Portugal,WGI.RL.EST,Rule of Law (WGI governance estimate),index,2003,1.2560475,"World Bank Worldwide Governance Indicators (API source 3), GOV_WGI_RL.EST",2026-08-02
PRT,Portugal,WGI.RL.EST,Rule of Law (WGI governance estimate),index,2004,1.1874611,"World Bank Worldwide Governance Indicators (API source 3), GOV_WGI_RL.EST",2026-08-02
PRT,Portugal,WGI.RL.EST,Rule of Law (WGI governance estimate),index,2005,1.1461719,"World Bank Worldwide Governance Indicators (API source 3), GOV_WGI_RL.EST",2026-08-02
PRT,Portugal,WGI.RL.EST,Rule of Law (WGI governance estimate),index,2006,1.0368617,"World Bank Worldwide Governance Indicators (API source 3), GOV_WGI_RL.EST",2026-08-02
PRT,Portugal,WGI.RL.EST,Rule of Law (WGI governance estimate),index,2007,1.1553392,"World Bank Worldwide Governance Indicators (API source 3), GOV_WGI_RL.EST",2026-08-02
PRT,Portugal,WGI.RL.EST,Rule of Law (WGI governance estimate),index,2008,1.0970707,"World Bank Worldwide Governance Indicators (API source 3), GOV_WGI_RL.EST",2026-08-02
PRT,Portugal,WGI.RL.EST,Rule of Law (WGI governance estimate),index,2009,1.0277189,"World Bank Worldwide Governance Indicators (API source 3), GOV_WGI_RL.EST",2026-08-02
PRT,Portugal,WGI.RL.EST,Rule of Law (WGI governance estimate),index,2010,0.881024,"World Bank Worldwide Governance Indicators (API source 3), GOV_WGI_RL.EST",2026-08-02
PRT,Portugal,WGI.RL.EST,Rule of Law (WGI governance estimate),index,2011,0.8670733,"World Bank Worldwide Governance Indicators (API source 3), GOV_WGI_RL.EST",2026-08-02
PRT,Portugal,WGI.RL.EST,Rule of Law (WGI governance estimate),index,2012,0.8880919,"World Bank Worldwide Governance Indicators (API source 3), GOV_WGI_RL.EST",2026-08-02
PRT,Portugal,WGI.RL.EST,Rule of Law (WGI governance estimate),index,2013,0.9006196,"World Bank Worldwide Governance Indicators (API source 3), GOV_WGI_RL.EST",2026-08-02
PRT,Portugal,WGI.RL.EST,Rule of Law (WGI governance estimate),index,2014,1.0181872,"World Bank Worldwide Governance Indicators (API source 3), GOV_WGI_RL.EST",2026-08-02
PRT,Portugal,WGI.RL.EST,Rule of Law (WGI governance estimate),index,2015,1.1272881,"World Bank Worldwide Governance Indicators (API source 3), GOV_WGI_RL.EST",2026-08-02
PRT,Portugal,WGI.RL.EST,Rule of Law (WGI governance estimate),index,2016,1.1156915,"World Bank Worldwide Governance Indicators (API source 3), GOV_WGI_RL.EST",2026-08-02
PRT,Portugal,WGI.RL.EST,Rule of Law (WGI governance estimate),index,2017,1.1722683,"World Bank Worldwide Governance Indicators (API source 3), GOV_WGI_RL.EST",2026-08-02
PRT,Portugal,WGI.RL.EST,Rule of Law (WGI governance estimate),index,2018,1.13034,"World Bank Worldwide Governance Indicators (API source 3), GOV_WGI_RL.EST",2026-08-02
PRT,Portugal,WGI.RL.EST,Rule of Law (WGI governance estimate),index,2019,1.1165505,"World Bank Worldwide Governance Indicators (API source 3), GOV_WGI_RL.EST",2026-08-02
PRT,Portugal,WGI.RL.EST,Rule of Law (WGI governance estimate),index,2020,1.1830529,"World Bank Worldwide Governance Indicators (API source 3), GOV_WGI_RL.EST",2026-08-02
PRT,Portugal,WGI.RL.EST,Rule of Law (WGI governance estimate),index,2021,1.1690784,"World Bank Worldwide Governance Indicators (API source 3), GOV_WGI_RL.EST",2026-08-02
PRT,Portugal,WGI.RL.EST,Rule of Law (WGI governance estimate),index,2022,1.1256864,"World Bank Worldwide Governance Indicators (API source 3), GOV_WGI_RL.EST",2026-08-02
PRT,Portugal,WGI.RL.EST,Rule of Law (WGI governance estimate),index,2023,1.0824285,"World Bank Worldwide Governance Indicators (API source 3), GOV_WGI_RL.EST",2026-08-02
PRT,Portugal,WGI.RL.EST,Rule of Law (WGI governance estimate),index,2024,1.0721547,"World Bank Worldwide Governance Indicators (API source 3), GOV_WGI_RL.EST",2026-08-02
ROU,Romania,WGI.RL.EST,Rule of Law (WGI governance estimate),index,1996,-0.0366000999999999,"World Bank Worldwide Governance Indicators (API source 3), GOV_WGI_RL.EST",2026-08-02
ROU,Romania,WGI.RL.EST,Rule of Law (WGI governance estimate),index,1998,-0.1588682,"World Bank Worldwide Governance Indicators (API source 3), GOV_WGI_RL.EST",2026-08-02
ROU,Romania,WGI.RL.EST,Rule of Law (WGI governance estimate),index,2000,-0.2924585,"World Bank Worldwide Governance Indicators (API source 3), GOV_WGI_RL.EST",2026-08-02
ROU,Romania,WGI.RL.EST,Rule of Law (WGI governance estimate),index,2002,-0.2544246,"World Bank Worldwide Governance Indicators (API source 3), GOV_WGI_RL.EST",2026-08-02
ROU,Romania,WGI.RL.EST,Rule of Law (WGI governance estimate),index,2003,-0.2815822,"World Bank Worldwide Governance Indicators (API source 3), GOV_WGI_RL.EST",2026-08-02
ROU,Romania,WGI.RL.EST,Rule of Law (WGI governance estimate),index,2004,-0.1500688,"World Bank Worldwide Governance Indicators (API source 3), GOV_WGI_RL.EST",2026-08-02
ROU,Romania,WGI.RL.EST,Rule of Law (WGI governance estimate),index,2005,-0.0911467,"World Bank Worldwide Governance Indicators (API source 3), GOV_WGI_RL.EST",2026-08-02
ROU,Romania,WGI.RL.EST,Rule of Law (WGI governance estimate),index,2006,0.0199255,"World Bank Worldwide Governance Indicators (API source 3), GOV_WGI_RL.EST",2026-08-02
ROU,Romania,WGI.RL.EST,Rule of Law (WGI governance estimate),index,2007,0.044931,"World Bank Worldwide Governance Indicators (API source 3), GOV_WGI_RL.EST",2026-08-02
ROU,Romania,WGI.RL.EST,Rule of Law (WGI governance estimate),index,2008,0.0925730999999999,"World Bank Worldwide Governance Indicators (API source 3), GOV_WGI_RL.EST",2026-08-02
ROU,Romania,WGI.RL.EST,Rule of Law (WGI governance estimate),index,2009,0.1190069,"World Bank Worldwide Governance Indicators (API source 3), GOV_WGI_RL.EST",2026-08-02
ROU,Romania,WGI.RL.EST,Rule of Law (WGI governance estimate),index,2010,0.1036882,"World Bank Worldwide Governance Indicators (API source 3), GOV_WGI_RL.EST",2026-08-02
ROU,Romania,WGI.RL.EST,Rule of Law (WGI governance estimate),index,2011,0.1520925,"World Bank Worldwide Governance Indicators (API source 3), GOV_WGI_RL.EST",2026-08-02
ROU,Romania,WGI.RL.EST,Rule of Law (WGI governance estimate),index,2012,0.1468062,"World Bank Worldwide Governance Indicators (API source 3), GOV_WGI_RL.EST",2026-08-02
ROU,Romania,WGI.RL.EST,Rule of Law (WGI governance estimate),index,2013,0.2051222,"World Bank Worldwide Governance Indicators (API source 3), GOV_WGI_RL.EST",2026-08-02
ROU,Romania,WGI.RL.EST,Rule of Law (WGI governance estimate),index,2014,0.3653419,"World Bank Worldwide Governance Indicators (API source 3), GOV_WGI_RL.EST",2026-08-02
ROU,Romania,WGI.RL.EST,Rule of Law (WGI governance estimate),index,2015,0.3856172,"World Bank Worldwide Governance Indicators (API source 3), GOV_WGI_RL.EST",2026-08-02
ROU,Romania,WGI.RL.EST,Rule of Law (WGI governance estimate),index,2016,0.3702403,"World Bank Worldwide Governance Indicators (API source 3), GOV_WGI_RL.EST",2026-08-02
ROU,Romania,WGI.RL.EST,Rule of Law (WGI governance estimate),index,2017,0.3958057,"World Bank Worldwide Governance Indicators (API source 3), GOV_WGI_RL.EST",2026-08-02
ROU,Romania,WGI.RL.EST,Rule of Law (WGI governance estimate),index,2018,0.3070465,"World Bank Worldwide Governance Indicators (API source 3), GOV_WGI_RL.EST",2026-08-02
ROU,Romania,WGI.RL.EST,Rule of Law (WGI governance estimate),index,2019,0.3667769,"World Bank Worldwide Governance Indicators (API source 3), GOV_WGI_RL.EST",2026-08-02
ROU,Romania,WGI.RL.EST,Rule of Law (WGI governance estimate),index,2020,0.4593734,"World Bank Worldwide Governance Indicators (API source 3), GOV_WGI_RL.EST",2026-08-02
ROU,Romania,WGI.RL.EST,Rule of Law (WGI governance estimate),index,2021,0.4615581,"World Bank Worldwide Governance Indicators (API source 3), GOV_WGI_RL.EST",2026-08-02
ROU,Romania,WGI.RL.EST,Rule of Law (WGI governance estimate),index,2022,0.4352333,"World Bank Worldwide Governance Indicators (API source 3), GOV_WGI_RL.EST",2026-08-02
ROU,Romania,WGI.RL.EST,Rule of Law (WGI governance estimate),index,2023,0.4118457,"World Bank Worldwide Governance Indicators (API source 3), GOV_WGI_RL.EST",2026-08-02
ROU,Romania,WGI.RL.EST,Rule of Law (WGI governance estimate),index,2024,0.3710995,"World Bank Worldwide Governance Indicators (API source 3), GOV_WGI_RL.EST",2026-08-02
SVK,Slovak Republic,WGI.RL.EST,Rule of Law (WGI governance estimate),index,1996,0.2522074,"World Bank Worldwide Governance Indicators (API source 3), GOV_WGI_RL.EST",2026-08-02
SVK,Slovak Republic,WGI.RL.EST,Rule of Law (WGI governance estimate),index,1998,0.2053052,"World Bank Worldwide Governance Indicators (API source 3), GOV_WGI_RL.EST",2026-08-02
SVK,Slovak Republic,WGI.RL.EST,Rule of Law (WGI governance estimate),index,2000,0.2344934,"World Bank Worldwide Governance Indicators (API source 3), GOV_WGI_RL.EST",2026-08-02
SVK,Slovak Republic,WGI.RL.EST,Rule of Law (WGI governance estimate),index,2002,0.2501826,"World Bank Worldwide Governance Indicators (API source 3), GOV_WGI_RL.EST",2026-08-02
SVK,Slovak Republic,WGI.RL.EST,Rule of Law (WGI governance estimate),index,2003,0.3264894,"World Bank Worldwide Governance Indicators (API source 3), GOV_WGI_RL.EST",2026-08-02
SVK,Slovak Republic,WGI.RL.EST,Rule of Law (WGI governance estimate),index,2004,0.300885,"World Bank Worldwide Governance Indicators (API source 3), GOV_WGI_RL.EST",2026-08-02
SVK,Slovak Republic,WGI.RL.EST,Rule of Law (WGI governance estimate),index,2005,0.4029232,"World Bank Worldwide Governance Indicators (API source 3), GOV_WGI_RL.EST",2026-08-02
SVK,Slovak Republic,WGI.RL.EST,Rule of Law (WGI governance estimate),index,2006,0.4303149,"World Bank Worldwide Governance Indicators (API source 3), GOV_WGI_RL.EST",2026-08-02
SVK,Slovak Republic,WGI.RL.EST,Rule of Law (WGI governance estimate),index,2007,0.397177,"World Bank Worldwide Governance Indicators (API source 3), GOV_WGI_RL.EST",2026-08-02
SVK,Slovak Republic,WGI.RL.EST,Rule of Law (WGI governance estimate),index,2008,0.4701102,"World Bank Worldwide Governance Indicators (API source 3), GOV_WGI_RL.EST",2026-08-02
SVK,Slovak Republic,WGI.RL.EST,Rule of Law (WGI governance estimate),index,2009,0.3774135,"World Bank Worldwide Governance Indicators (API source 3), GOV_WGI_RL.EST",2026-08-02
SVK,Slovak Republic,WGI.RL.EST,Rule of Law (WGI governance estimate),index,2010,0.2706597,"World Bank Worldwide Governance Indicators (API source 3), GOV_WGI_RL.EST",2026-08-02
SVK,Slovak Republic,WGI.RL.EST,Rule of Law (WGI governance estimate),index,2011,0.3221474,"World Bank Worldwide Governance Indicators (API source 3), GOV_WGI_RL.EST",2026-08-02
SVK,Slovak Republic,WGI.RL.EST,Rule of Law (WGI governance estimate),index,2012,0.3349536,"World Bank Worldwide Governance Indicators (API source 3), GOV_WGI_RL.EST",2026-08-02
SVK,Slovak Republic,WGI.RL.EST,Rule of Law (WGI governance estimate),index,2013,0.3144728,"World Bank Worldwide Governance Indicators (API source 3), GOV_WGI_RL.EST",2026-08-02
SVK,Slovak Republic,WGI.RL.EST,Rule of Law (WGI governance estimate),index,2014,0.2201051,"World Bank Worldwide Governance Indicators (API source 3), GOV_WGI_RL.EST",2026-08-02
SVK,Slovak Republic,WGI.RL.EST,Rule of Law (WGI governance estimate),index,2015,0.2446535,"World Bank Worldwide Governance Indicators (API source 3), GOV_WGI_RL.EST",2026-08-02
SVK,Slovak Republic,WGI.RL.EST,Rule of Law (WGI governance estimate),index,2016,0.2743489,"World Bank Worldwide Governance Indicators (API source 3), GOV_WGI_RL.EST",2026-08-02
SVK,Slovak Republic,WGI.RL.EST,Rule of Law (WGI governance estimate),index,2017,0.2586648,"World Bank Worldwide Governance Indicators (API source 3), GOV_WGI_RL.EST",2026-08-02
SVK,Slovak Republic,WGI.RL.EST,Rule of Law (WGI governance estimate),index,2018,0.3056611,"World Bank Worldwide Governance Indicators (API source 3), GOV_WGI_RL.EST",2026-08-02
SVK,Slovak Republic,WGI.RL.EST,Rule of Law (WGI governance estimate),index,2019,0.3671757,"World Bank Worldwide Governance Indicators (API source 3), GOV_WGI_RL.EST",2026-08-02
SVK,Slovak Republic,WGI.RL.EST,Rule of Law (WGI governance estimate),index,2020,0.5265879,"World Bank Worldwide Governance Indicators (API source 3), GOV_WGI_RL.EST",2026-08-02
SVK,Slovak Republic,WGI.RL.EST,Rule of Law (WGI governance estimate),index,2021,0.7070856,"World Bank Worldwide Governance Indicators (API source 3), GOV_WGI_RL.EST",2026-08-02
SVK,Slovak Republic,WGI.RL.EST,Rule of Law (WGI governance estimate),index,2022,0.5921835,"World Bank Worldwide Governance Indicators (API source 3), GOV_WGI_RL.EST",2026-08-02
SVK,Slovak Republic,WGI.RL.EST,Rule of Law (WGI governance estimate),index,2023,0.5534478,"World Bank Worldwide Governance Indicators (API source 3), GOV_WGI_RL.EST",2026-08-02
SVK,Slovak Republic,WGI.RL.EST,Rule of Law (WGI governance estimate),index,2024,0.5609435,"World Bank Worldwide Governance Indicators (API source 3), GOV_WGI_RL.EST",2026-08-02
SVN,Slovenia,WGI.RL.EST,Rule of Law (WGI governance estimate),index,1996,1.0563444,"World Bank Worldwide Governance Indicators (API source 3), GOV_WGI_RL.EST",2026-08-02
SVN,Slovenia,WGI.RL.EST,Rule of Law (WGI governance estimate),index,1998,1.2353201,"World Bank Worldwide Governance Indicators (API source 3), GOV_WGI_RL.EST",2026-08-02
SVN,Slovenia,WGI.RL.EST,Rule of Law (WGI governance estimate),index,2000,0.9624453,"World Bank Worldwide Governance Indicators (API source 3), GOV_WGI_RL.EST",2026-08-02
SVN,Slovenia,WGI.RL.EST,Rule of Law (WGI governance estimate),index,2002,0.8225524,"World Bank Worldwide Governance Indicators (API source 3), GOV_WGI_RL.EST",2026-08-02
SVN,Slovenia,WGI.RL.EST,Rule of Law (WGI governance estimate),index,2003,0.8221717,"World Bank Worldwide Governance Indicators (API source 3), GOV_WGI_RL.EST",2026-08-02
SVN,Slovenia,WGI.RL.EST,Rule of Law (WGI governance estimate),index,2004,0.72852,"World Bank Worldwide Governance Indicators (API source 3), GOV_WGI_RL.EST",2026-08-02
SVN,Slovenia,WGI.RL.EST,Rule of Law (WGI governance estimate),index,2005,0.7667152,"World Bank Worldwide Governance Indicators (API source 3), GOV_WGI_RL.EST",2026-08-02
SVN,Slovenia,WGI.RL.EST,Rule of Law (WGI governance estimate),index,2006,0.7885344,"World Bank Worldwide Governance Indicators (API source 3), GOV_WGI_RL.EST",2026-08-02
SVN,Slovenia,WGI.RL.EST,Rule of Law (WGI governance estimate),index,2007,0.8642422,"World Bank Worldwide Governance Indicators (API source 3), GOV_WGI_RL.EST",2026-08-02
SVN,Slovenia,WGI.RL.EST,Rule of Law (WGI governance estimate),index,2008,0.869983,"World Bank Worldwide Governance Indicators (API source 3), GOV_WGI_RL.EST",2026-08-02
SVN,Slovenia,WGI.RL.EST,Rule of Law (WGI governance estimate),index,2009,0.861806,"World Bank Worldwide Governance Indicators (API source 3), GOV_WGI_RL.EST",2026-08-02
SVN,Slovenia,WGI.RL.EST,Rule of Law (WGI governance estimate),index,2010,0.8289311,"World Bank Worldwide Governance Indicators (API source 3), GOV_WGI_RL.EST",2026-08-02
SVN,Slovenia,WGI.RL.EST,Rule of Law (WGI governance estimate),index,2011,0.7793556,"World Bank Worldwide Governance Indicators (API source 3), GOV_WGI_RL.EST",2026-08-02
SVN,Slovenia,WGI.RL.EST,Rule of Law (WGI governance estimate),index,2012,0.7982103,"World Bank Worldwide Governance Indicators (API source 3), GOV_WGI_RL.EST",2026-08-02
SVN,Slovenia,WGI.RL.EST,Rule of Law (WGI governance estimate),index,2013,0.7389481,"World Bank Worldwide Governance Indicators (API source 3), GOV_WGI_RL.EST",2026-08-02
SVN,Slovenia,WGI.RL.EST,Rule of Law (WGI governance estimate),index,2014,0.8102133,"World Bank Worldwide Governance Indicators (API source 3), GOV_WGI_RL.EST",2026-08-02
SVN,Slovenia,WGI.RL.EST,Rule of Law (WGI governance estimate),index,2015,0.8075466,"World Bank Worldwide Governance Indicators (API source 3), GOV_WGI_RL.EST",2026-08-02
SVN,Slovenia,WGI.RL.EST,Rule of Law (WGI governance estimate),index,2016,0.8161277,"World Bank Worldwide Governance Indicators (API source 3), GOV_WGI_RL.EST",2026-08-02
SVN,Slovenia,WGI.RL.EST,Rule of Law (WGI governance estimate),index,2017,0.7256837,"World Bank Worldwide Governance Indicators (API source 3), GOV_WGI_RL.EST",2026-08-02
SVN,Slovenia,WGI.RL.EST,Rule of Law (WGI governance estimate),index,2018,0.7585508,"World Bank Worldwide Governance Indicators (API source 3), GOV_WGI_RL.EST",2026-08-02
SVN,Slovenia,WGI.RL.EST,Rule of Law (WGI governance estimate),index,2019,0.9164028,"World Bank Worldwide Governance Indicators (API source 3), GOV_WGI_RL.EST",2026-08-02
SVN,Slovenia,WGI.RL.EST,Rule of Law (WGI governance estimate),index,2020,0.9364183,"World Bank Worldwide Governance Indicators (API source 3), GOV_WGI_RL.EST",2026-08-02
SVN,Slovenia,WGI.RL.EST,Rule of Law (WGI governance estimate),index,2021,0.9260486,"World Bank Worldwide Governance Indicators (API source 3), GOV_WGI_RL.EST",2026-08-02
SVN,Slovenia,WGI.RL.EST,Rule of Law (WGI governance estimate),index,2022,0.9211902,"World Bank Worldwide Governance Indicators (API source 3), GOV_WGI_RL.EST",2026-08-02
SVN,Slovenia,WGI.RL.EST,Rule of Law (WGI governance estimate),index,2023,0.9707915,"World Bank Worldwide Governance Indicators (API source 3), GOV_WGI_RL.EST",2026-08-02
SVN,Slovenia,WGI.RL.EST,Rule of Law (WGI governance estimate),index,2024,0.9786636,"World Bank Worldwide Governance Indicators (API source 3), GOV_WGI_RL.EST",2026-08-02
SWE,Sweden,WGI.RL.EST,Rule of Law (WGI governance estimate),index,1996,1.7291339,"World Bank Worldwide Governance Indicators (API source 3), GOV_WGI_RL.EST",2026-08-02
SWE,Sweden,WGI.RL.EST,Rule of Law (WGI governance estimate),index,1998,1.6777184,"World Bank Worldwide Governance Indicators (API source 3), GOV_WGI_RL.EST",2026-08-02
SWE,Sweden,WGI.RL.EST,Rule of Law (WGI governance estimate),index,2000,1.8856652,"World Bank Worldwide Governance Indicators (API source 3), GOV_WGI_RL.EST",2026-08-02
SWE,Sweden,WGI.RL.EST,Rule of Law (WGI governance estimate),index,2002,1.9001268,"World Bank Worldwide Governance Indicators (API source 3), GOV_WGI_RL.EST",2026-08-02
SWE,Sweden,WGI.RL.EST,Rule of Law (WGI governance estimate),index,2003,1.9192443,"World Bank Worldwide Governance Indicators (API source 3), GOV_WGI_RL.EST",2026-08-02
SWE,Sweden,WGI.RL.EST,Rule of Law (WGI governance estimate),index,2004,1.8635784,"World Bank Worldwide Governance Indicators (API source 3), GOV_WGI_RL.EST",2026-08-02
SWE,Sweden,WGI.RL.EST,Rule of Law (WGI governance estimate),index,2005,1.7650147,"World Bank Worldwide Governance Indicators (API source 3), GOV_WGI_RL.EST",2026-08-02
SWE,Sweden,WGI.RL.EST,Rule of Law (WGI governance estimate),index,2006,1.8573422,"World Bank Worldwide Governance Indicators (API source 3), GOV_WGI_RL.EST",2026-08-02
SWE,Sweden,WGI.RL.EST,Rule of Law (WGI governance estimate),index,2007,1.8995679,"World Bank Worldwide Governance Indicators (API source 3), GOV_WGI_RL.EST",2026-08-02
SWE,Sweden,WGI.RL.EST,Rule of Law (WGI governance estimate),index,2008,1.9251595,"World Bank Worldwide Governance Indicators (API source 3), GOV_WGI_RL.EST",2026-08-02
SWE,Sweden,WGI.RL.EST,Rule of Law (WGI governance estimate),index,2009,1.8763708,"World Bank Worldwide Governance Indicators (API source 3), GOV_WGI_RL.EST",2026-08-02
SWE,Sweden,WGI.RL.EST,Rule of Law (WGI governance estimate),index,2010,1.8755255,"World Bank Worldwide Governance Indicators (API source 3), GOV_WGI_RL.EST",2026-08-02
SWE,Sweden,WGI.RL.EST,Rule of Law (WGI governance estimate),index,2011,1.9089859,"World Bank Worldwide Governance Indicators (API source 3), GOV_WGI_RL.EST",2026-08-02
SWE,Sweden,WGI.RL.EST,Rule of Law (WGI governance estimate),index,2012,1.9386912,"World Bank Worldwide Governance Indicators (API source 3), GOV_WGI_RL.EST",2026-08-02
SWE,Sweden,WGI.RL.EST,Rule of Law (WGI governance estimate),index,2013,1.9038352,"World Bank Worldwide Governance Indicators (API source 3), GOV_WGI_RL.EST",2026-08-02
SWE,Sweden,WGI.RL.EST,Rule of Law (WGI governance estimate),index,2014,1.880538,"World Bank Worldwide Governance Indicators (API source 3), GOV_WGI_RL.EST",2026-08-02
SWE,Sweden,WGI.RL.EST,Rule of Law (WGI governance estimate),index,2015,1.9483702,"World Bank Worldwide Governance Indicators (API source 3), GOV_WGI_RL.EST",2026-08-02
SWE,Sweden,WGI.RL.EST,Rule of Law (WGI governance estimate),index,2016,1.9454234,"World Bank Worldwide Governance Indicators (API source 3), GOV_WGI_RL.EST",2026-08-02
SWE,Sweden,WGI.RL.EST,Rule of Law (WGI governance estimate),index,2017,1.874601,"World Bank Worldwide Governance Indicators (API source 3), GOV_WGI_RL.EST",2026-08-02
SWE,Sweden,WGI.RL.EST,Rule of Law (WGI governance estimate),index,2018,1.8388537,"World Bank Worldwide Governance Indicators (API source 3), GOV_WGI_RL.EST",2026-08-02
SWE,Sweden,WGI.RL.EST,Rule of Law (WGI governance estimate),index,2019,1.8669616,"World Bank Worldwide Governance Indicators (API source 3), GOV_WGI_RL.EST",2026-08-02
SWE,Sweden,WGI.RL.EST,Rule of Law (WGI governance estimate),index,2020,1.8204763,"World Bank Worldwide Governance Indicators (API source 3), GOV_WGI_RL.EST",2026-08-02
SWE,Sweden,WGI.RL.EST,Rule of Law (WGI governance estimate),index,2021,1.7883138,"World Bank Worldwide Governance Indicators (API source 3), GOV_WGI_RL.EST",2026-08-02
SWE,Sweden,WGI.RL.EST,Rule of Law (WGI governance estimate),index,2022,1.7381383,"World Bank Worldwide Governance Indicators (API source 3), GOV_WGI_RL.EST",2026-08-02
SWE,Sweden,WGI.RL.EST,Rule of Law (WGI governance estimate),index,2023,1.6947293,"World Bank Worldwide Governance Indicators (API source 3), GOV_WGI_RL.EST",2026-08-02
SWE,Sweden,WGI.RL.EST,Rule of Law (WGI governance estimate),index,2024,1.7267013,"World Bank Worldwide Governance Indicators (API source 3), GOV_WGI_RL.EST",2026-08-02
GBR,United Kingdom,WGI.RL.EST,Rule of Law (WGI governance estimate),index,1996,1.6546899,"World Bank Worldwide Governance Indicators (API source 3), GOV_WGI_RL.EST",2026-08-02
GBR,United Kingdom,WGI.RL.EST,Rule of Law (WGI governance estimate),index,1998,1.7086388,"World Bank Worldwide Governance Indicators (API source 3), GOV_WGI_RL.EST",2026-08-02
GBR,United Kingdom,WGI.RL.EST,Rule of Law (WGI governance estimate),index,2000,1.7176608,"World Bank Worldwide Governance Indicators (API source 3), GOV_WGI_RL.EST",2026-08-02
GBR,United Kingdom,WGI.RL.EST,Rule of Law (WGI governance estimate),index,2002,1.6490953,"World Bank Worldwide Governance Indicators (API source 3), GOV_WGI_RL.EST",2026-08-02
GBR,United Kingdom,WGI.RL.EST,Rule of Law (WGI governance estimate),index,2003,1.6258036,"World Bank Worldwide Governance Indicators (API source 3), GOV_WGI_RL.EST",2026-08-02
GBR,United Kingdom,WGI.RL.EST,Rule of Law (WGI governance estimate),index,2004,1.5646583,"World Bank Worldwide Governance Indicators (API source 3), GOV_WGI_RL.EST",2026-08-02
GBR,United Kingdom,WGI.RL.EST,Rule of Law (WGI governance estimate),index,2005,1.5576382,"World Bank Worldwide Governance Indicators (API source 3), GOV_WGI_RL.EST",2026-08-02
GBR,United Kingdom,WGI.RL.EST,Rule of Law (WGI governance estimate),index,2006,1.6182155,"World Bank Worldwide Governance Indicators (API source 3), GOV_WGI_RL.EST",2026-08-02
GBR,United Kingdom,WGI.RL.EST,Rule of Law (WGI governance estimate),index,2007,1.5830601,"World Bank Worldwide Governance Indicators (API source 3), GOV_WGI_RL.EST",2026-08-02
GBR,United Kingdom,WGI.RL.EST,Rule of Law (WGI governance estimate),index,2008,1.4724907,"World Bank Worldwide Governance Indicators (API source 3), GOV_WGI_RL.EST",2026-08-02
GBR,United Kingdom,WGI.RL.EST,Rule of Law (WGI governance estimate),index,2009,1.4804987,"World Bank Worldwide Governance Indicators (API source 3), GOV_WGI_RL.EST",2026-08-02
GBR,United Kingdom,WGI.RL.EST,Rule of Law (WGI governance estimate),index,2010,1.6337557,"World Bank Worldwide Governance Indicators (API source 3), GOV_WGI_RL.EST",2026-08-02
GBR,United Kingdom,WGI.RL.EST,Rule of Law (WGI governance estimate),index,2011,1.4431892,"World Bank Worldwide Governance Indicators (API source 3), GOV_WGI_RL.EST",2026-08-02
GBR,United Kingdom,WGI.RL.EST,Rule of Law (WGI governance estimate),index,2012,1.4985203,"World Bank Worldwide Governance Indicators (API source 3), GOV_WGI_RL.EST",2026-08-02
GBR,United Kingdom,WGI.RL.EST,Rule of Law (WGI governance estimate),index,2013,1.5089561,"World Bank Worldwide Governance Indicators (API source 3), GOV_WGI_RL.EST",2026-08-02
GBR,United Kingdom,WGI.RL.EST,Rule of Law (WGI governance estimate),index,2014,1.5934577,"World Bank Worldwide Governance Indicators (API source 3), GOV_WGI_RL.EST",2026-08-02
GBR,United Kingdom,WGI.RL.EST,Rule of Law (WGI governance estimate),index,2015,1.6608814,"World Bank Worldwide Governance Indicators (API source 3), GOV_WGI_RL.EST",2026-08-02
GBR,United Kingdom,WGI.RL.EST,Rule of Law (WGI governance estimate),index,2016,1.6131954,"World Bank Worldwide Governance Indicators (API source 3), GOV_WGI_RL.EST",2026-08-02
GBR,United Kingdom,WGI.RL.EST,Rule of Law (WGI governance estimate),index,2017,1.6084241,"World Bank Worldwide Governance Indicators (API source 3), GOV_WGI_RL.EST",2026-08-02
GBR,United Kingdom,WGI.RL.EST,Rule of Law (WGI governance estimate),index,2018,1.4854975,"World Bank Worldwide Governance Indicators (API source 3), GOV_WGI_RL.EST",2026-08-02
GBR,United Kingdom,WGI.RL.EST,Rule of Law (WGI governance estimate),index,2019,1.4384752,"World Bank Worldwide Governance Indicators (API source 3), GOV_WGI_RL.EST",2026-08-02
GBR,United Kingdom,WGI.RL.EST,Rule of Law (WGI governance estimate),index,2020,1.3554927,"World Bank Worldwide Governance Indicators (API source 3), GOV_WGI_RL.EST",2026-08-02
GBR,United Kingdom,WGI.RL.EST,Rule of Law (WGI governance estimate),index,2021,1.3061844,"World Bank Worldwide Governance Indicators (API source 3), GOV_WGI_RL.EST",2026-08-02
GBR,United Kingdom,WGI.RL.EST,Rule of Law (WGI governance estimate),index,2022,1.2994581,"World Bank Worldwide Governance Indicators (API source 3), GOV_WGI_RL.EST",2026-08-02
GBR,United Kingdom,WGI.RL.EST,Rule of Law (WGI governance estimate),index,2023,1.2703547,"World Bank Worldwide Governance Indicators (API source 3), GOV_WGI_RL.EST",2026-08-02
GBR,United Kingdom,WGI.RL.EST,Rule of Law (WGI governance estimate),index,2024,1.269914,"World Bank Worldwide Governance Indicators (API source 3), GOV_WGI_RL.EST",2026-08-02
ESP,Spain,WGI.RL.EST,Rule of Law (WGI governance estimate),index,1996,1.3116732,"World Bank Worldwide Governance Indicators (API source 3), GOV_WGI_RL.EST",2026-08-02
ESP,Spain,WGI.RL.EST,Rule of Law (WGI governance estimate),index,1998,1.1005825,"World Bank Worldwide Governance Indicators (API source 3), GOV_WGI_RL.EST",2026-08-02
ESP,Spain,WGI.RL.EST,Rule of Law (WGI governance estimate),index,2000,1.2249826,"World Bank Worldwide Governance Indicators (API source 3), GOV_WGI_RL.EST",2026-08-02
ESP,Spain,WGI.RL.EST,Rule of Law (WGI governance estimate),index,2002,1.1828193,"World Bank Worldwide Governance Indicators (API source 3), GOV_WGI_RL.EST",2026-08-02
ESP,Spain,WGI.RL.EST,Rule of Law (WGI governance estimate),index,2003,1.1729301,"World Bank Worldwide Governance Indicators (API source 3), GOV_WGI_RL.EST",2026-08-02
ESP,Spain,WGI.RL.EST,Rule of Law (WGI governance estimate),index,2004,1.0457913,"World Bank Worldwide Governance Indicators (API source 3), GOV_WGI_RL.EST",2026-08-02
ESP,Spain,WGI.RL.EST,Rule of Law (WGI governance estimate),index,2005,1.0487054,"World Bank Worldwide Governance Indicators (API source 3), GOV_WGI_RL.EST",2026-08-02
ESP,Spain,WGI.RL.EST,Rule of Law (WGI governance estimate),index,2006,1.1196709,"World Bank Worldwide Governance Indicators (API source 3), GOV_WGI_RL.EST",2026-08-02
ESP,Spain,WGI.RL.EST,Rule of Law (WGI governance estimate),index,2007,1.1737574,"World Bank Worldwide Governance Indicators (API source 3), GOV_WGI_RL.EST",2026-08-02
ESP,Spain,WGI.RL.EST,Rule of Law (WGI governance estimate),index,2008,1.1374418,"World Bank Worldwide Governance Indicators (API source 3), GOV_WGI_RL.EST",2026-08-02
ESP,Spain,WGI.RL.EST,Rule of Law (WGI governance estimate),index,2009,0.9810175,"World Bank Worldwide Governance Indicators (API source 3), GOV_WGI_RL.EST",2026-08-02
ESP,Spain,WGI.RL.EST,Rule of Law (WGI governance estimate),index,2010,0.9563535,"World Bank Worldwide Governance Indicators (API source 3), GOV_WGI_RL.EST",2026-08-02
ESP,Spain,WGI.RL.EST,Rule of Law (WGI governance estimate),index,2011,1.021769,"World Bank Worldwide Governance Indicators (API source 3), GOV_WGI_RL.EST",2026-08-02
ESP,Spain,WGI.RL.EST,Rule of Law (WGI governance estimate),index,2012,1.0835763,"World Bank Worldwide Governance Indicators (API source 3), GOV_WGI_RL.EST",2026-08-02
ESP,Spain,WGI.RL.EST,Rule of Law (WGI governance estimate),index,2013,0.956418,"World Bank Worldwide Governance Indicators (API source 3), GOV_WGI_RL.EST",2026-08-02
ESP,Spain,WGI.RL.EST,Rule of Law (WGI governance estimate),index,2014,0.9030126,"World Bank Worldwide Governance Indicators (API source 3), GOV_WGI_RL.EST",2026-08-02
ESP,Spain,WGI.RL.EST,Rule of Law (WGI governance estimate),index,2015,0.9539353,"World Bank Worldwide Governance Indicators (API source 3), GOV_WGI_RL.EST",2026-08-02
ESP,Spain,WGI.RL.EST,Rule of Law (WGI governance estimate),index,2016,1.0063989,"World Bank Worldwide Governance Indicators (API source 3), GOV_WGI_RL.EST",2026-08-02
ESP,Spain,WGI.RL.EST,Rule of Law (WGI governance estimate),index,2017,1.0251392,"World Bank Worldwide Governance Indicators (API source 3), GOV_WGI_RL.EST",2026-08-02
ESP,Spain,WGI.RL.EST,Rule of Law (WGI governance estimate),index,2018,0.992005,"World Bank Worldwide Governance Indicators (API source 3), GOV_WGI_RL.EST",2026-08-02
ESP,Spain,WGI.RL.EST,Rule of Law (WGI governance estimate),index,2019,1.0955949,"World Bank Worldwide Governance Indicators (API source 3), GOV_WGI_RL.EST",2026-08-02
ESP,Spain,WGI.RL.EST,Rule of Law (WGI governance estimate),index,2020,0.9801536,"World Bank Worldwide Governance Indicators (API source 3), GOV_WGI_RL.EST",2026-08-02
ESP,Spain,WGI.RL.EST,Rule of Law (WGI governance estimate),index,2021,0.9207665,"World Bank Worldwide Governance Indicators (API source 3), GOV_WGI_RL.EST",2026-08-02
ESP,Spain,WGI.RL.EST,Rule of Law (WGI governance estimate),index,2022,0.9606357,"World Bank Worldwide Governance Indicators (API source 3), GOV_WGI_RL.EST",2026-08-02
ESP,Spain,WGI.RL.EST,Rule of Law (WGI governance estimate),index,2023,0.9304606,"World Bank Worldwide Governance Indicators (API source 3), GOV_WGI_RL.EST",2026-08-02
ESP,Spain,WGI.RL.EST,Rule of Law (WGI governance estimate),index,2024,0.9317736,"World Bank Worldwide Governance Indicators (API source 3), GOV_WGI_RL.EST",2026-08-02
NOR,Norway,WGI.RL.EST,Rule of Law (WGI governance estimate),index,1996,1.9288331,"World Bank Worldwide Governance Indicators (API source 3), GOV_WGI_RL.EST",2026-08-02
NOR,Norway,WGI.RL.EST,Rule of Law (WGI governance estimate),index,1998,1.9338659,"World Bank Worldwide Governance Indicators (API source 3), GOV_WGI_RL.EST",2026-08-02
NOR,Norway,WGI.RL.EST,Rule of Law (WGI governance estimate),index,2000,1.9126119,"World Bank Worldwide Governance Indicators (API source 3), GOV_WGI_RL.EST",2026-08-02
NOR,Norway,WGI.RL.EST,Rule of Law (WGI governance estimate),index,2002,1.8842199,"World Bank Worldwide Governance Indicators (API source 3), GOV_WGI_RL.EST",2026-08-02
NOR,Norway,WGI.RL.EST,Rule of Law (WGI governance estimate),index,2003,1.8783443,"World Bank Worldwide Governance Indicators (API source 3), GOV_WGI_RL.EST",2026-08-02
NOR,Norway,WGI.RL.EST,Rule of Law (WGI governance estimate),index,2004,1.8461992,"World Bank Worldwide Governance Indicators (API source 3), GOV_WGI_RL.EST",2026-08-02
NOR,Norway,WGI.RL.EST,Rule of Law (WGI governance estimate),index,2005,1.8793059,"World Bank Worldwide Governance Indicators (API source 3), GOV_WGI_RL.EST",2026-08-02
NOR,Norway,WGI.RL.EST,Rule of Law (WGI governance estimate),index,2006,1.9111782,"World Bank Worldwide Governance Indicators (API source 3), GOV_WGI_RL.EST",2026-08-02
NOR,Norway,WGI.RL.EST,Rule of Law (WGI governance estimate),index,2007,1.87338,"World Bank Worldwide Governance Indicators (API source 3), GOV_WGI_RL.EST",2026-08-02
NOR,Norway,WGI.RL.EST,Rule of Law (WGI governance estimate),index,2008,1.9127601,"World Bank Worldwide Governance Indicators (API source 3), GOV_WGI_RL.EST",2026-08-02
NOR,Norway,WGI.RL.EST,Rule of Law (WGI governance estimate),index,2009,1.8708742,"World Bank Worldwide Governance Indicators (API source 3), GOV_WGI_RL.EST",2026-08-02
NOR,Norway,WGI.RL.EST,Rule of Law (WGI governance estimate),index,2010,1.9035187,"World Bank Worldwide Governance Indicators (API source 3), GOV_WGI_RL.EST",2026-08-02
NOR,Norway,WGI.RL.EST,Rule of Law (WGI governance estimate),index,2011,1.9659305,"World Bank Worldwide Governance Indicators (API source 3), GOV_WGI_RL.EST",2026-08-02
NOR,Norway,WGI.RL.EST,Rule of Law (WGI governance estimate),index,2012,1.9857425,"World Bank Worldwide Governance Indicators (API source 3), GOV_WGI_RL.EST",2026-08-02
NOR,Norway,WGI.RL.EST,Rule of Law (WGI governance estimate),index,2013,1.9934349,"World Bank Worldwide Governance Indicators (API source 3), GOV_WGI_RL.EST",2026-08-02
NOR,Norway,WGI.RL.EST,Rule of Law (WGI governance estimate),index,2014,1.9521623,"World Bank Worldwide Governance Indicators (API source 3), GOV_WGI_RL.EST",2026-08-02
NOR,Norway,WGI.RL.EST,Rule of Law (WGI governance estimate),index,2015,1.9800469,"World Bank Worldwide Governance Indicators (API source 3), GOV_WGI_RL.EST",2026-08-02
NOR,Norway,WGI.RL.EST,Rule of Law (WGI governance estimate),index,2016,2.0056522,"World Bank Worldwide Governance Indicators (API source 3), GOV_WGI_RL.EST",2026-08-02
NOR,Norway,WGI.RL.EST,Rule of Law (WGI governance estimate),index,2017,2.0388476,"World Bank Worldwide Governance Indicators (API source 3), GOV_WGI_RL.EST",2026-08-02
NOR,Norway,WGI.RL.EST,Rule of Law (WGI governance estimate),index,2018,2.0289199,"World Bank Worldwide Governance Indicators (API source 3), GOV_WGI_RL.EST",2026-08-02
NOR,Norway,WGI.RL.EST,Rule of Law (WGI governance estimate),index,2019,2.0322989,"World Bank Worldwide Governance Indicators (API source 3), GOV_WGI_RL.EST",2026-08-02
NOR,Norway,WGI.RL.EST,Rule of Law (WGI governance estimate),index,2020,2.0591873,"World Bank Worldwide Governance Indicators (API source 3), GOV_WGI_RL.EST",2026-08-02
NOR,Norway,WGI.RL.EST,Rule of Law (WGI governance estimate),index,2021,2.0582629,"World Bank Worldwide Governance Indicators (API source 3), GOV_WGI_RL.EST",2026-08-02
NOR,Norway,WGI.RL.EST,Rule of Law (WGI governance estimate),index,2022,1.9409153,"World Bank Worldwide Governance Indicators (API source 3), GOV_WGI_RL.EST",2026-08-02
NOR,Norway,WGI.RL.EST,Rule of Law (WGI governance estimate),index,2023,1.9859646,"World Bank Worldwide Governance Indicators (API source 3), GOV_WGI_RL.EST",2026-08-02
NOR,Norway,WGI.RL.EST,Rule of Law (WGI governance estimate),index,2024,1.9494549,"World Bank Worldwide Governance Indicators (API source 3), GOV_WGI_RL.EST",2026-08-02
CHE,Switzerland,WGI.RL.EST,Rule of Law (WGI governance estimate),index,1996,1.9615909,"World Bank Worldwide Governance Indicators (API source 3), GOV_WGI_RL.EST",2026-08-02
CHE,Switzerland,WGI.RL.EST,Rule of Law (WGI governance estimate),index,1998,1.9390267,"World Bank Worldwide Governance Indicators (API source 3), GOV_WGI_RL.EST",2026-08-02
CHE,Switzerland,WGI.RL.EST,Rule of Law (WGI governance estimate),index,2000,2.0039307,"World Bank Worldwide Governance Indicators (API source 3), GOV_WGI_RL.EST",2026-08-02
CHE,Switzerland,WGI.RL.EST,Rule of Law (WGI governance estimate),index,2002,1.905749,"World Bank Worldwide Governance Indicators (API source 3), GOV_WGI_RL.EST",2026-08-02
CHE,Switzerland,WGI.RL.EST,Rule of Law (WGI governance estimate),index,2003,1.9018111,"World Bank Worldwide Governance Indicators (API source 3), GOV_WGI_RL.EST",2026-08-02
CHE,Switzerland,WGI.RL.EST,Rule of Law (WGI governance estimate),index,2004,1.837629,"World Bank Worldwide Governance Indicators (API source 3), GOV_WGI_RL.EST",2026-08-02
CHE,Switzerland,WGI.RL.EST,Rule of Law (WGI governance estimate),index,2005,1.8869634,"World Bank Worldwide Governance Indicators (API source 3), GOV_WGI_RL.EST",2026-08-02
CHE,Switzerland,WGI.RL.EST,Rule of Law (WGI governance estimate),index,2006,1.7898994,"World Bank Worldwide Governance Indicators (API source 3), GOV_WGI_RL.EST",2026-08-02
CHE,Switzerland,WGI.RL.EST,Rule of Law (WGI governance estimate),index,2007,1.8270001,"World Bank Worldwide Governance Indicators (API source 3), GOV_WGI_RL.EST",2026-08-02
CHE,Switzerland,WGI.RL.EST,Rule of Law (WGI governance estimate),index,2008,1.8306438,"World Bank Worldwide Governance Indicators (API source 3), GOV_WGI_RL.EST",2026-08-02
CHE,Switzerland,WGI.RL.EST,Rule of Law (WGI governance estimate),index,2009,1.7845982,"World Bank Worldwide Governance Indicators (API source 3), GOV_WGI_RL.EST",2026-08-02
CHE,Switzerland,WGI.RL.EST,Rule of Law (WGI governance estimate),index,2010,1.798446,"World Bank Worldwide Governance Indicators (API source 3), GOV_WGI_RL.EST",2026-08-02
CHE,Switzerland,WGI.RL.EST,Rule of Law (WGI governance estimate),index,2011,1.8068432,"World Bank Worldwide Governance Indicators (API source 3), GOV_WGI_RL.EST",2026-08-02
CHE,Switzerland,WGI.RL.EST,Rule of Law (WGI governance estimate),index,2012,1.8687984,"World Bank Worldwide Governance Indicators (API source 3), GOV_WGI_RL.EST",2026-08-02
CHE,Switzerland,WGI.RL.EST,Rule of Law (WGI governance estimate),index,2013,1.7969372,"World Bank Worldwide Governance Indicators (API source 3), GOV_WGI_RL.EST",2026-08-02
CHE,Switzerland,WGI.RL.EST,Rule of Law (WGI governance estimate),index,2014,1.880784,"World Bank Worldwide Governance Indicators (API source 3), GOV_WGI_RL.EST",2026-08-02
CHE,Switzerland,WGI.RL.EST,Rule of Law (WGI governance estimate),index,2015,1.8856813,"World Bank Worldwide Governance Indicators (API source 3), GOV_WGI_RL.EST",2026-08-02
CHE,Switzerland,WGI.RL.EST,Rule of Law (WGI governance estimate),index,2016,1.8970374,"World Bank Worldwide Governance Indicators (API source 3), GOV_WGI_RL.EST",2026-08-02
CHE,Switzerland,WGI.RL.EST,Rule of Law (WGI governance estimate),index,2017,1.8895294,"World Bank Worldwide Governance Indicators (API source 3), GOV_WGI_RL.EST",2026-08-02
CHE,Switzerland,WGI.RL.EST,Rule of Law (WGI governance estimate),index,2018,1.9134219,"World Bank Worldwide Governance Indicators (API source 3), GOV_WGI_RL.EST",2026-08-02
CHE,Switzerland,WGI.RL.EST,Rule of Law (WGI governance estimate),index,2019,1.9141226,"World Bank Worldwide Governance Indicators (API source 3), GOV_WGI_RL.EST",2026-08-02
CHE,Switzerland,WGI.RL.EST,Rule of Law (WGI governance estimate),index,2020,1.8077068,"World Bank Worldwide Governance Indicators (API source 3), GOV_WGI_RL.EST",2026-08-02
CHE,Switzerland,WGI.RL.EST,Rule of Law (WGI governance estimate),index,2021,1.7893994,"World Bank Worldwide Governance Indicators (API source 3), GOV_WGI_RL.EST",2026-08-02
CHE,Switzerland,WGI.RL.EST,Rule of Law (WGI governance estimate),index,2022,1.7793511,"World Bank Worldwide Governance Indicators (API source 3), GOV_WGI_RL.EST",2026-08-02
CHE,Switzerland,WGI.RL.EST,Rule of Law (WGI governance estimate),index,2023,1.7920906,"World Bank Worldwide Governance Indicators (API source 3), GOV_WGI_RL.EST",2026-08-02
CHE,Switzerland,WGI.RL.EST,Rule of Law (WGI governance estimate),index,2024,1.7636516,"World Bank Worldwide Governance Indicators (API source 3), GOV_WGI_RL.EST",2026-08-02
ISL,Iceland,WGI.RL.EST,Rule of Law (WGI governance estimate),index,1996,1.5775442,"World Bank Worldwide Governance Indicators (API source 3), GOV_WGI_RL.EST",2026-08-02
ISL,Iceland,WGI.RL.EST,Rule of Law (WGI governance estimate),index,1998,1.6465176,"World Bank Worldwide Governance Indicators (API source 3), GOV_WGI_RL.EST",2026-08-02
ISL,Iceland,WGI.RL.EST,Rule of Law (WGI governance estimate),index,2000,1.8777391,"World Bank Worldwide Governance Indicators (API source 3), GOV_WGI_RL.EST",2026-08-02
ISL,Iceland,WGI.RL.EST,Rule of Law (WGI governance estimate),index,2002,1.8840897,"World Bank Worldwide Governance Indicators (API source 3), GOV_WGI_RL.EST",2026-08-02
ISL,Iceland,WGI.RL.EST,Rule of Law (WGI governance estimate),index,2003,1.9169731,"World Bank Worldwide Governance Indicators (API source 3), GOV_WGI_RL.EST",2026-08-02
ISL,Iceland,WGI.RL.EST,Rule of Law (WGI governance estimate),index,2004,1.8277848,"World Bank Worldwide Governance Indicators (API source 3), GOV_WGI_RL.EST",2026-08-02
ISL,Iceland,WGI.RL.EST,Rule of Law (WGI governance estimate),index,2005,1.8741349,"World Bank Worldwide Governance Indicators (API source 3), GOV_WGI_RL.EST",2026-08-02
ISL,Iceland,WGI.RL.EST,Rule of Law (WGI governance estimate),index,2006,1.8580956,"World Bank Worldwide Governance Indicators (API source 3), GOV_WGI_RL.EST",2026-08-02
ISL,Iceland,WGI.RL.EST,Rule of Law (WGI governance estimate),index,2007,1.8120645,"World Bank Worldwide Governance Indicators (API source 3), GOV_WGI_RL.EST",2026-08-02
ISL,Iceland,WGI.RL.EST,Rule of Law (WGI governance estimate),index,2008,1.7146428,"World Bank Worldwide Governance Indicators (API source 3), GOV_WGI_RL.EST",2026-08-02
ISL,Iceland,WGI.RL.EST,Rule of Law (WGI governance estimate),index,2009,1.6824519,"World Bank Worldwide Governance Indicators (API source 3), GOV_WGI_RL.EST",2026-08-02
ISL,Iceland,WGI.RL.EST,Rule of Law (WGI governance estimate),index,2010,1.6310633,"World Bank Worldwide Governance Indicators (API source 3), GOV_WGI_RL.EST",2026-08-02
ISL,Iceland,WGI.RL.EST,Rule of Law (WGI governance estimate),index,2011,1.6824991,"World Bank Worldwide Governance Indicators (API source 3), GOV_WGI_RL.EST",2026-08-02
ISL,Iceland,WGI.RL.EST,Rule of Law (WGI governance estimate),index,2012,1.6910691,"World Bank Worldwide Governance Indicators (API source 3), GOV_WGI_RL.EST",2026-08-02
ISL,Iceland,WGI.RL.EST,Rule of Law (WGI governance estimate),index,2013,1.6404358,"World Bank Worldwide Governance Indicators (API source 3), GOV_WGI_RL.EST",2026-08-02
ISL,Iceland,WGI.RL.EST,Rule of Law (WGI governance estimate),index,2014,1.6211726,"World Bank Worldwide Governance Indicators (API source 3), GOV_WGI_RL.EST",2026-08-02
ISL,Iceland,WGI.RL.EST,Rule of Law (WGI governance estimate),index,2015,1.6421472,"World Bank Worldwide Governance Indicators (API source 3), GOV_WGI_RL.EST",2026-08-02
ISL,Iceland,WGI.RL.EST,Rule of Law (WGI governance estimate),index,2016,1.6203859,"World Bank Worldwide Governance Indicators (API source 3), GOV_WGI_RL.EST",2026-08-02
ISL,Iceland,WGI.RL.EST,Rule of Law (WGI governance estimate),index,2017,1.6658303,"World Bank Worldwide Governance Indicators (API source 3), GOV_WGI_RL.EST",2026-08-02
ISL,Iceland,WGI.RL.EST,Rule of Law (WGI governance estimate),index,2018,1.7407855,"World Bank Worldwide Governance Indicators (API source 3), GOV_WGI_RL.EST",2026-08-02
ISL,Iceland,WGI.RL.EST,Rule of Law (WGI governance estimate),index,2019,1.7467004,"World Bank Worldwide Governance Indicators (API source 3), GOV_WGI_RL.EST",2026-08-02
ISL,Iceland,WGI.RL.EST,Rule of Law (WGI governance estimate),index,2020,1.6866361,"World Bank Worldwide Governance Indicators (API source 3), GOV_WGI_RL.EST",2026-08-02
ISL,Iceland,WGI.RL.EST,Rule of Law (WGI governance estimate),index,2021,1.7076168,"World Bank Worldwide Governance Indicators (API source 3), GOV_WGI_RL.EST",2026-08-02
ISL,Iceland,WGI.RL.EST,Rule of Law (WGI governance estimate),index,2022,1.5968615,"World Bank Worldwide Governance Indicators (API source 3), GOV_WGI_RL.EST",2026-08-02
ISL,Iceland,WGI.RL.EST,Rule of Law (WGI governance estimate),index,2023,1.59027,"World Bank Worldwide Governance Indicators (API source 3), GOV_WGI_RL.EST",2026-08-02
ISL,Iceland,WGI.RL.EST,Rule of Law (WGI governance estimate),index,2024,1.6278886,"World Bank Worldwide Governance Indicators (API source 3), GOV_WGI_RL.EST",2026-08-02
SRB,Serbia,WGI.RL.EST,Rule of Law (WGI governance estimate),index,1996,-1.1833661,"World Bank Worldwide Governance Indicators (API source 3), GOV_WGI_RL.EST",2026-08-02
SRB,Serbia,WGI.RL.EST,Rule of Law (WGI governance estimate),index,1998,-1.2795018,"World Bank Worldwide Governance Indicators (API source 3), GOV_WGI_RL.EST",2026-08-02
SRB,Serbia,WGI.RL.EST,Rule of Law (WGI governance estimate),index,2000,-1.40884039999999,"World Bank Worldwide Governance Indicators (API source 3), GOV_WGI_RL.EST",2026-08-02
SRB,Serbia,WGI.RL.EST,Rule of Law (WGI governance estimate),index,2002,-0.890928899999999,"World Bank Worldwide Governance Indicators (API source 3), GOV_WGI_RL.EST",2026-08-02
SRB,Serbia,WGI.RL.EST,Rule of Law (WGI governance estimate),index,2003,-0.877199,"World Bank Worldwide Governance Indicators (API source 3), GOV_WGI_RL.EST",2026-08-02
SRB,Serbia,WGI.RL.EST,Rule of Law (WGI governance estimate),index,2004,-0.7451272,"World Bank Worldwide Governance Indicators (API source 3), GOV_WGI_RL.EST",2026-08-02
SRB,Serbia,WGI.RL.EST,Rule of Law (WGI governance estimate),index,2005,-0.8771274,"World Bank Worldwide Governance Indicators (API source 3), GOV_WGI_RL.EST",2026-08-02
SRB,Serbia,WGI.RL.EST,Rule of Law (WGI governance estimate),index,2006,-0.433132199999999,"World Bank Worldwide Governance Indicators (API source 3), GOV_WGI_RL.EST",2026-08-02
SRB,Serbia,WGI.RL.EST,Rule of Law (WGI governance estimate),index,2007,-0.264581199999999,"World Bank Worldwide Governance Indicators (API source 3), GOV_WGI_RL.EST",2026-08-02
SRB,Serbia,WGI.RL.EST,Rule of Law (WGI governance estimate),index,2008,-0.381913299999999,"World Bank Worldwide Governance Indicators (API source 3), GOV_WGI_RL.EST",2026-08-02
SRB,Serbia,WGI.RL.EST,Rule of Law (WGI governance estimate),index,2009,-0.411721399999999,"World Bank Worldwide Governance Indicators (API source 3), GOV_WGI_RL.EST",2026-08-02
SRB,Serbia,WGI.RL.EST,Rule of Law (WGI governance estimate),index,2010,-0.4156392,"World Bank Worldwide Governance Indicators (API source 3), GOV_WGI_RL.EST",2026-08-02
SRB,Serbia,WGI.RL.EST,Rule of Law (WGI governance estimate),index,2011,-0.2316858,"World Bank Worldwide Governance Indicators (API source 3), GOV_WGI_RL.EST",2026-08-02
SRB,Serbia,WGI.RL.EST,Rule of Law (WGI governance estimate),index,2012,-0.2133225,"World Bank Worldwide Governance Indicators (API source 3), GOV_WGI_RL.EST",2026-08-02
SRB,Serbia,WGI.RL.EST,Rule of Law (WGI governance estimate),index,2013,-0.203697,"World Bank Worldwide Governance Indicators (API source 3), GOV_WGI_RL.EST",2026-08-02
SRB,Serbia,WGI.RL.EST,Rule of Law (WGI governance estimate),index,2014,-0.0706309,"World Bank Worldwide Governance Indicators (API source 3), GOV_WGI_RL.EST",2026-08-02
SRB,Serbia,WGI.RL.EST,Rule of Law (WGI governance estimate),index,2015,-0.0388041,"World Bank Worldwide Governance Indicators (API source 3), GOV_WGI_RL.EST",2026-08-02
SRB,Serbia,WGI.RL.EST,Rule of Law (WGI governance estimate),index,2016,-0.0692373,"World Bank Worldwide Governance Indicators (API source 3), GOV_WGI_RL.EST",2026-08-02
SRB,Serbia,WGI.RL.EST,Rule of Law (WGI governance estimate),index,2017,-0.100076,"World Bank Worldwide Governance Indicators (API source 3), GOV_WGI_RL.EST",2026-08-02
SRB,Serbia,WGI.RL.EST,Rule of Law (WGI governance estimate),index,2018,-0.0999067999999999,"World Bank Worldwide Governance Indicators (API source 3), GOV_WGI_RL.EST",2026-08-02
SRB,Serbia,WGI.RL.EST,Rule of Law (WGI governance estimate),index,2019,-0.0652981,"World Bank Worldwide Governance Indicators (API source 3), GOV_WGI_RL.EST",2026-08-02
SRB,Serbia,WGI.RL.EST,Rule of Law (WGI governance estimate),index,2020,-0.1348535,"World Bank Worldwide Governance Indicators (API source 3), GOV_WGI_RL.EST",2026-08-02
SRB,Serbia,WGI.RL.EST,Rule of Law (WGI governance estimate),index,2021,-0.1926347,"World Bank Worldwide Governance Indicators (API source 3), GOV_WGI_RL.EST",2026-08-02
SRB,Serbia,WGI.RL.EST,Rule of Law (WGI governance estimate),index,2022,-0.1559554,"World Bank Worldwide Governance Indicators (API source 3), GOV_WGI_RL.EST",2026-08-02
SRB,Serbia,WGI.RL.EST,Rule of Law (WGI governance estimate),index,2023,-0.1840377,"World Bank Worldwide Governance Indicators (API source 3), GOV_WGI_RL.EST",2026-08-02
SRB,Serbia,WGI.RL.EST,Rule of Law (WGI governance estimate),index,2024,-0.2000778,"World Bank Worldwide Governance Indicators (API source 3), GOV_WGI_RL.EST",2026-08-02
ALB,Albania,WGI.RL.EST,Rule of Law (WGI governance estimate),index,1996,-0.394600599999999,"World Bank Worldwide Governance Indicators (API source 3), GOV_WGI_RL.EST",2026-08-02
ALB,Albania,WGI.RL.EST,Rule of Law (WGI governance estimate),index,1998,-0.871855199999999,"World Bank Worldwide Governance Indicators (API source 3), GOV_WGI_RL.EST",2026-08-02
ALB,Albania,WGI.RL.EST,Rule of Law (WGI governance estimate),index,2000,-0.969416699999999,"World Bank Worldwide Governance Indicators (API source 3), GOV_WGI_RL.EST",2026-08-02
ALB,Albania,WGI.RL.EST,Rule of Law (WGI governance estimate),index,2002,-0.7542805,"World Bank Worldwide Governance Indicators (API source 3), GOV_WGI_RL.EST",2026-08-02
ALB,Albania,WGI.RL.EST,Rule of Law (WGI governance estimate),index,2003,-0.757626799999999,"World Bank Worldwide Governance Indicators (API source 3), GOV_WGI_RL.EST",2026-08-02
ALB,Albania,WGI.RL.EST,Rule of Law (WGI governance estimate),index,2004,-0.5144925,"World Bank Worldwide Governance Indicators (API source 3), GOV_WGI_RL.EST",2026-08-02
ALB,Albania,WGI.RL.EST,Rule of Law (WGI governance estimate),index,2005,-0.6642115,"World Bank Worldwide Governance Indicators (API source 3), GOV_WGI_RL.EST",2026-08-02
ALB,Albania,WGI.RL.EST,Rule of Law (WGI governance estimate),index,2006,-0.611922899999999,"World Bank Worldwide Governance Indicators (API source 3), GOV_WGI_RL.EST",2026-08-02
ALB,Albania,WGI.RL.EST,Rule of Law (WGI governance estimate),index,2007,-0.5254485,"World Bank Worldwide Governance Indicators (API source 3), GOV_WGI_RL.EST",2026-08-02
ALB,Albania,WGI.RL.EST,Rule of Law (WGI governance estimate),index,2008,-0.472655599999999,"World Bank Worldwide Governance Indicators (API source 3), GOV_WGI_RL.EST",2026-08-02
ALB,Albania,WGI.RL.EST,Rule of Law (WGI governance estimate),index,2009,-0.4057361,"World Bank Worldwide Governance Indicators (API source 3), GOV_WGI_RL.EST",2026-08-02
ALB,Albania,WGI.RL.EST,Rule of Law (WGI governance estimate),index,2010,-0.3178041,"World Bank Worldwide Governance Indicators (API source 3), GOV_WGI_RL.EST",2026-08-02
ALB,Albania,WGI.RL.EST,Rule of Law (WGI governance estimate),index,2011,-0.299265399999999,"World Bank Worldwide Governance Indicators (API source 3), GOV_WGI_RL.EST",2026-08-02
ALB,Albania,WGI.RL.EST,Rule of Law (WGI governance estimate),index,2012,-0.402225799999999,"World Bank Worldwide Governance Indicators (API source 3), GOV_WGI_RL.EST",2026-08-02
ALB,Albania,WGI.RL.EST,Rule of Law (WGI governance estimate),index,2013,-0.4812225,"World Bank Worldwide Governance Indicators (API source 3), GOV_WGI_RL.EST",2026-08-02
ALB,Albania,WGI.RL.EST,Rule of Law (WGI governance estimate),index,2014,-0.276422499999999,"World Bank Worldwide Governance Indicators (API source 3), GOV_WGI_RL.EST",2026-08-02
ALB,Albania,WGI.RL.EST,Rule of Law (WGI governance estimate),index,2015,-0.2267931,"World Bank Worldwide Governance Indicators (API source 3), GOV_WGI_RL.EST",2026-08-02
ALB,Albania,WGI.RL.EST,Rule of Law (WGI governance estimate),index,2016,-0.2061558,"World Bank Worldwide Governance Indicators (API source 3), GOV_WGI_RL.EST",2026-08-02
ALB,Albania,WGI.RL.EST,Rule of Law (WGI governance estimate),index,2017,-0.2057486,"World Bank Worldwide Governance Indicators (API source 3), GOV_WGI_RL.EST",2026-08-02
ALB,Albania,WGI.RL.EST,Rule of Law (WGI governance estimate),index,2018,-0.1743527,"World Bank Worldwide Governance Indicators (API source 3), GOV_WGI_RL.EST",2026-08-02
ALB,Albania,WGI.RL.EST,Rule of Law (WGI governance estimate),index,2019,-0.291428099999999,"World Bank Worldwide Governance Indicators (API source 3), GOV_WGI_RL.EST",2026-08-02
ALB,Albania,WGI.RL.EST,Rule of Law (WGI governance estimate),index,2020,-0.256738199999999,"World Bank Worldwide Governance Indicators (API source 3), GOV_WGI_RL.EST",2026-08-02
ALB,Albania,WGI.RL.EST,Rule of Law (WGI governance estimate),index,2021,-0.2015586,"World Bank Worldwide Governance Indicators (API source 3), GOV_WGI_RL.EST",2026-08-02
ALB,Albania,WGI.RL.EST,Rule of Law (WGI governance estimate),index,2022,-0.1309656,"World Bank Worldwide Governance Indicators (API source 3), GOV_WGI_RL.EST",2026-08-02
ALB,Albania,WGI.RL.EST,Rule of Law (WGI governance estimate),index,2023,-0.153011099999999,"World Bank Worldwide Governance Indicators (API source 3), GOV_WGI_RL.EST",2026-08-02
ALB,Albania,WGI.RL.EST,Rule of Law (WGI governance estimate),index,2024,-0.1185025,"World Bank Worldwide Governance Indicators (API source 3), GOV_WGI_RL.EST",2026-08-02
MKD,North Macedonia,WGI.RL.EST,Rule of Law (WGI governance estimate),index,1996,-0.4462073,"World Bank Worldwide Governance Indicators (API source 3), GOV_WGI_RL.EST",2026-08-02
MKD,North Macedonia,WGI.RL.EST,Rule of Law (WGI governance estimate),index,1998,-0.463528899999999,"World Bank Worldwide Governance Indicators (API source 3), GOV_WGI_RL.EST",2026-08-02
MKD,North Macedonia,WGI.RL.EST,Rule of Law (WGI governance estimate),index,2000,-0.6254358,"World Bank Worldwide Governance Indicators (API source 3), GOV_WGI_RL.EST",2026-08-02
MKD,North Macedonia,WGI.RL.EST,Rule of Law (WGI governance estimate),index,2002,-0.6237207,"World Bank Worldwide Governance Indicators (API source 3), GOV_WGI_RL.EST",2026-08-02
MKD,North Macedonia,WGI.RL.EST,Rule of Law (WGI governance estimate),index,2003,-0.717266299999999,"World Bank Worldwide Governance Indicators (API source 3), GOV_WGI_RL.EST",2026-08-02
MKD,North Macedonia,WGI.RL.EST,Rule of Law (WGI governance estimate),index,2004,-0.314359599999999,"World Bank Worldwide Governance Indicators (API source 3), GOV_WGI_RL.EST",2026-08-02
MKD,North Macedonia,WGI.RL.EST,Rule of Law (WGI governance estimate),index,2005,-0.376913,"World Bank Worldwide Governance Indicators (API source 3), GOV_WGI_RL.EST",2026-08-02
MKD,North Macedonia,WGI.RL.EST,Rule of Law (WGI governance estimate),index,2006,-0.517517,"World Bank Worldwide Governance Indicators (API source 3), GOV_WGI_RL.EST",2026-08-02
MKD,North Macedonia,WGI.RL.EST,Rule of Law (WGI governance estimate),index,2007,-0.3829706,"World Bank Worldwide Governance Indicators (API source 3), GOV_WGI_RL.EST",2026-08-02
MKD,North Macedonia,WGI.RL.EST,Rule of Law (WGI governance estimate),index,2008,-0.310505,"World Bank Worldwide Governance Indicators (API source 3), GOV_WGI_RL.EST",2026-08-02
MKD,North Macedonia,WGI.RL.EST,Rule of Law (WGI governance estimate),index,2009,-0.2921824,"World Bank Worldwide Governance Indicators (API source 3), GOV_WGI_RL.EST",2026-08-02
MKD,North Macedonia,WGI.RL.EST,Rule of Law (WGI governance estimate),index,2010,-0.4166187,"World Bank Worldwide Governance Indicators (API source 3), GOV_WGI_RL.EST",2026-08-02
MKD,North Macedonia,WGI.RL.EST,Rule of Law (WGI governance estimate),index,2011,-0.3870299,"World Bank Worldwide Governance Indicators (API source 3), GOV_WGI_RL.EST",2026-08-02
MKD,North Macedonia,WGI.RL.EST,Rule of Law (WGI governance estimate),index,2012,-0.1897024,"World Bank Worldwide Governance Indicators (API source 3), GOV_WGI_RL.EST",2026-08-02
MKD,North Macedonia,WGI.RL.EST,Rule of Law (WGI governance estimate),index,2013,-0.2010497,"World Bank Worldwide Governance Indicators (API source 3), GOV_WGI_RL.EST",2026-08-02
MKD,North Macedonia,WGI.RL.EST,Rule of Law (WGI governance estimate),index,2014,-0.1921359,"World Bank Worldwide Governance Indicators (API source 3), GOV_WGI_RL.EST",2026-08-02
MKD,North Macedonia,WGI.RL.EST,Rule of Law (WGI governance estimate),index,2015,-0.2782059,"World Bank Worldwide Governance Indicators (API source 3), GOV_WGI_RL.EST",2026-08-02
MKD,North Macedonia,WGI.RL.EST,Rule of Law (WGI governance estimate),index,2016,-0.3194317,"World Bank Worldwide Governance Indicators (API source 3), GOV_WGI_RL.EST",2026-08-02
MKD,North Macedonia,WGI.RL.EST,Rule of Law (WGI governance estimate),index,2017,-0.3143012,"World Bank Worldwide Governance Indicators (API source 3), GOV_WGI_RL.EST",2026-08-02
MKD,North Macedonia,WGI.RL.EST,Rule of Law (WGI governance estimate),index,2018,-0.2267515,"World Bank Worldwide Governance Indicators (API source 3), GOV_WGI_RL.EST",2026-08-02
MKD,North Macedonia,WGI.RL.EST,Rule of Law (WGI governance estimate),index,2019,-0.2862328,"World Bank Worldwide Governance Indicators (API source 3), GOV_WGI_RL.EST",2026-08-02
MKD,North Macedonia,WGI.RL.EST,Rule of Law (WGI governance estimate),index,2020,-0.1729781,"World Bank Worldwide Governance Indicators (API source 3), GOV_WGI_RL.EST",2026-08-02
MKD,North Macedonia,WGI.RL.EST,Rule of Law (WGI governance estimate),index,2021,-0.117091,"World Bank Worldwide Governance Indicators (API source 3), GOV_WGI_RL.EST",2026-08-02
MKD,North Macedonia,WGI.RL.EST,Rule of Law (WGI governance estimate),index,2022,-0.1802257,"World Bank Worldwide Governance Indicators (API source 3), GOV_WGI_RL.EST",2026-08-02
MKD,North Macedonia,WGI.RL.EST,Rule of Law (WGI governance estimate),index,2023,-0.2738806,"World Bank Worldwide Governance Indicators (API source 3), GOV_WGI_RL.EST",2026-08-02
MKD,North Macedonia,WGI.RL.EST,Rule of Law (WGI governance estimate),index,2024,-0.224929699999999,"World Bank Worldwide Governance Indicators (API source 3), GOV_WGI_RL.EST",2026-08-02
BIH,Bosnia and Herzegovina,WGI.RL.EST,Rule of Law (WGI governance estimate),index,1996,-0.3076488,"World Bank Worldwide Governance Indicators (API source 3), GOV_WGI_RL.EST",2026-08-02
BIH,Bosnia and Herzegovina,WGI.RL.EST,Rule of Law (WGI governance estimate),index,1998,-0.6541091,"World Bank Worldwide Governance Indicators (API source 3), GOV_WGI_RL.EST",2026-08-02
BIH,Bosnia and Herzegovina,WGI.RL.EST,Rule of Law (WGI governance estimate),index,2000,-0.6188623,"World Bank Worldwide Governance Indicators (API source 3), GOV_WGI_RL.EST",2026-08-02
BIH,Bosnia and Herzegovina,WGI.RL.EST,Rule of Law (WGI governance estimate),index,2002,-0.492790299999999,"World Bank Worldwide Governance Indicators (API source 3), GOV_WGI_RL.EST",2026-08-02
BIH,Bosnia and Herzegovina,WGI.RL.EST,Rule of Law (WGI governance estimate),index,2003,-0.6034027,"World Bank Worldwide Governance Indicators (API source 3), GOV_WGI_RL.EST",2026-08-02
BIH,Bosnia and Herzegovina,WGI.RL.EST,Rule of Law (WGI governance estimate),index,2004,-0.4637787,"World Bank Worldwide Governance Indicators (API source 3), GOV_WGI_RL.EST",2026-08-02
BIH,Bosnia and Herzegovina,WGI.RL.EST,Rule of Law (WGI governance estimate),index,2005,-0.5020603,"World Bank Worldwide Governance Indicators (API source 3), GOV_WGI_RL.EST",2026-08-02
BIH,Bosnia and Herzegovina,WGI.RL.EST,Rule of Law (WGI governance estimate),index,2006,-0.4335691,"World Bank Worldwide Governance Indicators (API source 3), GOV_WGI_RL.EST",2026-08-02
BIH,Bosnia and Herzegovina,WGI.RL.EST,Rule of Law (WGI governance estimate),index,2007,-0.4150683,"World Bank Worldwide Governance Indicators (API source 3), GOV_WGI_RL.EST",2026-08-02
BIH,Bosnia and Herzegovina,WGI.RL.EST,Rule of Law (WGI governance estimate),index,2008,-0.465867,"World Bank Worldwide Governance Indicators (API source 3), GOV_WGI_RL.EST",2026-08-02
BIH,Bosnia and Herzegovina,WGI.RL.EST,Rule of Law (WGI governance estimate),index,2009,-0.386452299999999,"World Bank Worldwide Governance Indicators (API source 3), GOV_WGI_RL.EST",2026-08-02
BIH,Bosnia and Herzegovina,WGI.RL.EST,Rule of Law (WGI governance estimate),index,2010,-0.3711756,"World Bank Worldwide Governance Indicators (API source 3), GOV_WGI_RL.EST",2026-08-02
BIH,Bosnia and Herzegovina,WGI.RL.EST,Rule of Law (WGI governance estimate),index,2011,-0.4173075,"World Bank Worldwide Governance Indicators (API source 3), GOV_WGI_RL.EST",2026-08-02
BIH,Bosnia and Herzegovina,WGI.RL.EST,Rule of Law (WGI governance estimate),index,2012,-0.1318904,"World Bank Worldwide Governance Indicators (API source 3), GOV_WGI_RL.EST",2026-08-02
BIH,Bosnia and Herzegovina,WGI.RL.EST,Rule of Law (WGI governance estimate),index,2013,-0.125035099999999,"World Bank Worldwide Governance Indicators (API source 3), GOV_WGI_RL.EST",2026-08-02
BIH,Bosnia and Herzegovina,WGI.RL.EST,Rule of Law (WGI governance estimate),index,2014,-0.0894811,"World Bank Worldwide Governance Indicators (API source 3), GOV_WGI_RL.EST",2026-08-02
BIH,Bosnia and Herzegovina,WGI.RL.EST,Rule of Law (WGI governance estimate),index,2015,-0.2307844,"World Bank Worldwide Governance Indicators (API source 3), GOV_WGI_RL.EST",2026-08-02
BIH,Bosnia and Herzegovina,WGI.RL.EST,Rule of Law (WGI governance estimate),index,2016,-0.209474599999999,"World Bank Worldwide Governance Indicators (API source 3), GOV_WGI_RL.EST",2026-08-02
BIH,Bosnia and Herzegovina,WGI.RL.EST,Rule of Law (WGI governance estimate),index,2017,-0.3294168,"World Bank Worldwide Governance Indicators (API source 3), GOV_WGI_RL.EST",2026-08-02
BIH,Bosnia and Herzegovina,WGI.RL.EST,Rule of Law (WGI governance estimate),index,2018,-0.3210995,"World Bank Worldwide Governance Indicators (API source 3), GOV_WGI_RL.EST",2026-08-02
BIH,Bosnia and Herzegovina,WGI.RL.EST,Rule of Law (WGI governance estimate),index,2019,-0.3905029,"World Bank Worldwide Governance Indicators (API source 3), GOV_WGI_RL.EST",2026-08-02
BIH,Bosnia and Herzegovina,WGI.RL.EST,Rule of Law (WGI governance estimate),index,2020,-0.3025925,"World Bank Worldwide Governance Indicators (API source 3), GOV_WGI_RL.EST",2026-08-02
BIH,Bosnia and Herzegovina,WGI.RL.EST,Rule of Law (WGI governance estimate),index,2021,-0.3074514,"World Bank Worldwide Governance Indicators (API source 3), GOV_WGI_RL.EST",2026-08-02
BIH,Bosnia and Herzegovina,WGI.RL.EST,Rule of Law (WGI governance estimate),index,2022,-0.289740999999999,"World Bank Worldwide Governance Indicators (API source 3), GOV_WGI_RL.EST",2026-08-02
BIH,Bosnia and Herzegovina,WGI.RL.EST,Rule of Law (WGI governance estimate),index,2023,-0.3548804,"World Bank Worldwide Governance Indicators (API source 3), GOV_WGI_RL.EST",2026-08-02
BIH,Bosnia and Herzegovina,WGI.RL.EST,Rule of Law (WGI governance estimate),index,2024,-0.319134,"World Bank Worldwide Governance Indicators (API source 3), GOV_WGI_RL.EST",2026-08-02
MNE,Montenegro,WGI.RL.EST,Rule of Law (WGI governance estimate),index,1998,-0.2727922,"World Bank Worldwide Governance Indicators (API source 3), GOV_WGI_RL.EST",2026-08-02
MNE,Montenegro,WGI.RL.EST,Rule of Law (WGI governance estimate),index,2000,0.2104761,"World Bank Worldwide Governance Indicators (API source 3), GOV_WGI_RL.EST",2026-08-02
MNE,Montenegro,WGI.RL.EST,Rule of Law (WGI governance estimate),index,2002,0.234814,"World Bank Worldwide Governance Indicators (API source 3), GOV_WGI_RL.EST",2026-08-02
MNE,Montenegro,WGI.RL.EST,Rule of Law (WGI governance estimate),index,2003,0.1572225,"World Bank Worldwide Governance Indicators (API source 3), GOV_WGI_RL.EST",2026-08-02
MNE,Montenegro,WGI.RL.EST,Rule of Law (WGI governance estimate),index,2004,0.1537242,"World Bank Worldwide Governance Indicators (API source 3), GOV_WGI_RL.EST",2026-08-02
MNE,Montenegro,WGI.RL.EST,Rule of Law (WGI governance estimate),index,2005,0.1522838,"World Bank Worldwide Governance Indicators (API source 3), GOV_WGI_RL.EST",2026-08-02
MNE,Montenegro,WGI.RL.EST,Rule of Law (WGI governance estimate),index,2006,0.0522386,"World Bank Worldwide Governance Indicators (API source 3), GOV_WGI_RL.EST",2026-08-02
MNE,Montenegro,WGI.RL.EST,Rule of Law (WGI governance estimate),index,2007,-0.0276796,"World Bank Worldwide Governance Indicators (API source 3), GOV_WGI_RL.EST",2026-08-02
MNE,Montenegro,WGI.RL.EST,Rule of Law (WGI governance estimate),index,2008,-0.0447595,"World Bank Worldwide Governance Indicators (API source 3), GOV_WGI_RL.EST",2026-08-02
MNE,Montenegro,WGI.RL.EST,Rule of Law (WGI governance estimate),index,2009,-0.0392154,"World Bank Worldwide Governance Indicators (API source 3), GOV_WGI_RL.EST",2026-08-02
MNE,Montenegro,WGI.RL.EST,Rule of Law (WGI governance estimate),index,2010,-0.1052593,"World Bank Worldwide Governance Indicators (API source 3), GOV_WGI_RL.EST",2026-08-02
MNE,Montenegro,WGI.RL.EST,Rule of Law (WGI governance estimate),index,2011,-0.1620815,"World Bank Worldwide Governance Indicators (API source 3), GOV_WGI_RL.EST",2026-08-02
MNE,Montenegro,WGI.RL.EST,Rule of Law (WGI governance estimate),index,2012,-0.0747745,"World Bank Worldwide Governance Indicators (API source 3), GOV_WGI_RL.EST",2026-08-02
MNE,Montenegro,WGI.RL.EST,Rule of Law (WGI governance estimate),index,2013,-0.0539604,"World Bank Worldwide Governance Indicators (API source 3), GOV_WGI_RL.EST",2026-08-02
MNE,Montenegro,WGI.RL.EST,Rule of Law (WGI governance estimate),index,2014,-0.0473708,"World Bank Worldwide Governance Indicators (API source 3), GOV_WGI_RL.EST",2026-08-02
MNE,Montenegro,WGI.RL.EST,Rule of Law (WGI governance estimate),index,2015,-0.0128937999999999,"World Bank Worldwide Governance Indicators (API source 3), GOV_WGI_RL.EST",2026-08-02
MNE,Montenegro,WGI.RL.EST,Rule of Law (WGI governance estimate),index,2016,-0.0365595,"World Bank Worldwide Governance Indicators (API source 3), GOV_WGI_RL.EST",2026-08-02
MNE,Montenegro,WGI.RL.EST,Rule of Law (WGI governance estimate),index,2017,-0.0822842999999999,"World Bank Worldwide Governance Indicators (API source 3), GOV_WGI_RL.EST",2026-08-02
MNE,Montenegro,WGI.RL.EST,Rule of Law (WGI governance estimate),index,2018,0.0650279,"World Bank Worldwide Governance Indicators (API source 3), GOV_WGI_RL.EST",2026-08-02
MNE,Montenegro,WGI.RL.EST,Rule of Law (WGI governance estimate),index,2019,0.0784686,"World Bank Worldwide Governance Indicators (API source 3), GOV_WGI_RL.EST",2026-08-02
MNE,Montenegro,WGI.RL.EST,Rule of Law (WGI governance estimate),index,2020,0.1134367,"World Bank Worldwide Governance Indicators (API source 3), GOV_WGI_RL.EST",2026-08-02
MNE,Montenegro,WGI.RL.EST,Rule of Law (WGI governance estimate),index,2021,0.0178112,"World Bank Worldwide Governance Indicators (API source 3), GOV_WGI_RL.EST",2026-08-02
MNE,Montenegro,WGI.RL.EST,Rule of Law (WGI governance estimate),index,2022,-0.0546103999999999,"World Bank Worldwide Governance Indicators (API source 3), GOV_WGI_RL.EST",2026-08-02
MNE,Montenegro,WGI.RL.EST,Rule of Law (WGI governance estimate),index,2023,0.1276478,"World Bank Worldwide Governance Indicators (API source 3), GOV_WGI_RL.EST",2026-08-02
MNE,Montenegro,WGI.RL.EST,Rule of Law (WGI governance estimate),index,2024,0.1813833,"World Bank Worldwide Governance Indicators (API source 3), GOV_WGI_RL.EST",2026-08-02
TUR,Turkiye,WGI.RL.EST,Rule of Law (WGI governance estimate),index,1996,-0.1278568,"World Bank Worldwide Governance Indicators (API source 3), GOV_WGI_RL.EST",2026-08-02
TUR,Turkiye,WGI.RL.EST,Rule of Law (WGI governance estimate),index,1998,-0.188178899999999,"World Bank Worldwide Governance Indicators (API source 3), GOV_WGI_RL.EST",2026-08-02
TUR,Turkiye,WGI.RL.EST,Rule of Law (WGI governance estimate),index,2000,-0.0436953999999999,"World Bank Worldwide Governance Indicators (API source 3), GOV_WGI_RL.EST",2026-08-02
TUR,Turkiye,WGI.RL.EST,Rule of Law (WGI governance estimate),index,2002,-0.1245323,"World Bank Worldwide Governance Indicators (API source 3), GOV_WGI_RL.EST",2026-08-02
TUR,Turkiye,WGI.RL.EST,Rule of Law (WGI governance estimate),index,2003,-0.0124827999999999,"World Bank Worldwide Governance Indicators (API source 3), GOV_WGI_RL.EST",2026-08-02
TUR,Turkiye,WGI.RL.EST,Rule of Law (WGI governance estimate),index,2004,0.1375742,"World Bank Worldwide Governance Indicators (API source 3), GOV_WGI_RL.EST",2026-08-02
TUR,Turkiye,WGI.RL.EST,Rule of Law (WGI governance estimate),index,2005,0.16326,"World Bank Worldwide Governance Indicators (API source 3), GOV_WGI_RL.EST",2026-08-02
TUR,Turkiye,WGI.RL.EST,Rule of Law (WGI governance estimate),index,2006,0.147626,"World Bank Worldwide Governance Indicators (API source 3), GOV_WGI_RL.EST",2026-08-02
TUR,Turkiye,WGI.RL.EST,Rule of Law (WGI governance estimate),index,2007,0.1250365,"World Bank Worldwide Governance Indicators (API source 3), GOV_WGI_RL.EST",2026-08-02
TUR,Turkiye,WGI.RL.EST,Rule of Law (WGI governance estimate),index,2008,0.103572,"World Bank Worldwide Governance Indicators (API source 3), GOV_WGI_RL.EST",2026-08-02
TUR,Turkiye,WGI.RL.EST,Rule of Law (WGI governance estimate),index,2009,0.0681247,"World Bank Worldwide Governance Indicators (API source 3), GOV_WGI_RL.EST",2026-08-02
TUR,Turkiye,WGI.RL.EST,Rule of Law (WGI governance estimate),index,2010,0.0494591,"World Bank Worldwide Governance Indicators (API source 3), GOV_WGI_RL.EST",2026-08-02
TUR,Turkiye,WGI.RL.EST,Rule of Law (WGI governance estimate),index,2011,-0.0879284999999999,"World Bank Worldwide Governance Indicators (API source 3), GOV_WGI_RL.EST",2026-08-02
TUR,Turkiye,WGI.RL.EST,Rule of Law (WGI governance estimate),index,2012,-0.1061886,"World Bank Worldwide Governance Indicators (API source 3), GOV_WGI_RL.EST",2026-08-02
TUR,Turkiye,WGI.RL.EST,Rule of Law (WGI governance estimate),index,2013,-0.1149216,"World Bank Worldwide Governance Indicators (API source 3), GOV_WGI_RL.EST",2026-08-02
TUR,Turkiye,WGI.RL.EST,Rule of Law (WGI governance estimate),index,2014,-0.3611001,"World Bank Worldwide Governance Indicators (API source 3), GOV_WGI_RL.EST",2026-08-02
TUR,Turkiye,WGI.RL.EST,Rule of Law (WGI governance estimate),index,2015,-0.4773732,"World Bank Worldwide Governance Indicators (API source 3), GOV_WGI_RL.EST",2026-08-02
TUR,Turkiye,WGI.RL.EST,Rule of Law (WGI governance estimate),index,2016,-0.5458731,"World Bank Worldwide Governance Indicators (API source 3), GOV_WGI_RL.EST",2026-08-02
TUR,Turkiye,WGI.RL.EST,Rule of Law (WGI governance estimate),index,2017,-0.615377,"World Bank Worldwide Governance Indicators (API source 3), GOV_WGI_RL.EST",2026-08-02
TUR,Turkiye,WGI.RL.EST,Rule of Law (WGI governance estimate),index,2018,-0.7089454,"World Bank Worldwide Governance Indicators (API source 3), GOV_WGI_RL.EST",2026-08-02
TUR,Turkiye,WGI.RL.EST,Rule of Law (WGI governance estimate),index,2019,-0.5970473,"World Bank Worldwide Governance Indicators (API source 3), GOV_WGI_RL.EST",2026-08-02
TUR,Turkiye,WGI.RL.EST,Rule of Law (WGI governance estimate),index,2020,-0.709944799999999,"World Bank Worldwide Governance Indicators (API source 3), GOV_WGI_RL.EST",2026-08-02
TUR,Turkiye,WGI.RL.EST,Rule of Law (WGI governance estimate),index,2021,-0.775344399999999,"World Bank Worldwide Governance Indicators (API source 3), GOV_WGI_RL.EST",2026-08-02
TUR,Turkiye,WGI.RL.EST,Rule of Law (WGI governance estimate),index,2022,-0.7798318,"World Bank Worldwide Governance Indicators (API source 3), GOV_WGI_RL.EST",2026-08-02
TUR,Turkiye,WGI.RL.EST,Rule of Law (WGI governance estimate),index,2023,-0.799233499999999,"World Bank Worldwide Governance Indicators (API source 3), GOV_WGI_RL.EST",2026-08-02
TUR,Turkiye,WGI.RL.EST,Rule of Law (WGI governance estimate),index,2024,-0.8434149,"World Bank Worldwide Governance Indicators (API source 3), GOV_WGI_RL.EST",2026-08-02
UKR,Ukraine,WGI.RL.EST,Rule of Law (WGI governance estimate),index,1996,-0.906503,"World Bank Worldwide Governance Indicators (API source 3), GOV_WGI_RL.EST",2026-08-02
UKR,Ukraine,WGI.RL.EST,Rule of Law (WGI governance estimate),index,1998,-1.0835454,"World Bank Worldwide Governance Indicators (API source 3), GOV_WGI_RL.EST",2026-08-02
UKR,Ukraine,WGI.RL.EST,Rule of Law (WGI governance estimate),index,2000,-1.1005422,"World Bank Worldwide Governance Indicators (API source 3), GOV_WGI_RL.EST",2026-08-02
UKR,Ukraine,WGI.RL.EST,Rule of Law (WGI governance estimate),index,2002,-0.8702072,"World Bank Worldwide Governance Indicators (API source 3), GOV_WGI_RL.EST",2026-08-02
UKR,Ukraine,WGI.RL.EST,Rule of Law (WGI governance estimate),index,2003,-0.8302183,"World Bank Worldwide Governance Indicators (API source 3), GOV_WGI_RL.EST",2026-08-02
UKR,Ukraine,WGI.RL.EST,Rule of Law (WGI governance estimate),index,2004,-0.766334299999999,"World Bank Worldwide Governance Indicators (API source 3), GOV_WGI_RL.EST",2026-08-02
UKR,Ukraine,WGI.RL.EST,Rule of Law (WGI governance estimate),index,2005,-0.7815361,"World Bank Worldwide Governance Indicators (API source 3), GOV_WGI_RL.EST",2026-08-02
UKR,Ukraine,WGI.RL.EST,Rule of Law (WGI governance estimate),index,2006,-0.7056486,"World Bank Worldwide Governance Indicators (API source 3), GOV_WGI_RL.EST",2026-08-02
UKR,Ukraine,WGI.RL.EST,Rule of Law (WGI governance estimate),index,2007,-0.6541274,"World Bank Worldwide Governance Indicators (API source 3), GOV_WGI_RL.EST",2026-08-02
UKR,Ukraine,WGI.RL.EST,Rule of Law (WGI governance estimate),index,2008,-0.6449052,"World Bank Worldwide Governance Indicators (API source 3), GOV_WGI_RL.EST",2026-08-02
UKR,Ukraine,WGI.RL.EST,Rule of Law (WGI governance estimate),index,2009,-0.7076867,"World Bank Worldwide Governance Indicators (API source 3), GOV_WGI_RL.EST",2026-08-02
UKR,Ukraine,WGI.RL.EST,Rule of Law (WGI governance estimate),index,2010,-0.8087033,"World Bank Worldwide Governance Indicators (API source 3), GOV_WGI_RL.EST",2026-08-02
UKR,Ukraine,WGI.RL.EST,Rule of Law (WGI governance estimate),index,2011,-0.7663803,"World Bank Worldwide Governance Indicators (API source 3), GOV_WGI_RL.EST",2026-08-02
UKR,Ukraine,WGI.RL.EST,Rule of Law (WGI governance estimate),index,2012,-0.6740033,"World Bank Worldwide Governance Indicators (API source 3), GOV_WGI_RL.EST",2026-08-02
UKR,Ukraine,WGI.RL.EST,Rule of Law (WGI governance estimate),index,2013,-0.720552,"World Bank Worldwide Governance Indicators (API source 3), GOV_WGI_RL.EST",2026-08-02
UKR,Ukraine,WGI.RL.EST,Rule of Law (WGI governance estimate),index,2014,-0.725548699999999,"World Bank Worldwide Governance Indicators (API source 3), GOV_WGI_RL.EST",2026-08-02
UKR,Ukraine,WGI.RL.EST,Rule of Law (WGI governance estimate),index,2015,-0.699935499999999,"World Bank Worldwide Governance Indicators (API source 3), GOV_WGI_RL.EST",2026-08-02
UKR,Ukraine,WGI.RL.EST,Rule of Law (WGI governance estimate),index,2016,-0.6452955,"World Bank Worldwide Governance Indicators (API source 3), GOV_WGI_RL.EST",2026-08-02
UKR,Ukraine,WGI.RL.EST,Rule of Law (WGI governance estimate),index,2017,-0.5761461,"World Bank Worldwide Governance Indicators (API source 3), GOV_WGI_RL.EST",2026-08-02
UKR,Ukraine,WGI.RL.EST,Rule of Law (WGI governance estimate),index,2018,-0.5163067,"World Bank Worldwide Governance Indicators (API source 3), GOV_WGI_RL.EST",2026-08-02
UKR,Ukraine,WGI.RL.EST,Rule of Law (WGI governance estimate),index,2019,-0.5855728,"World Bank Worldwide Governance Indicators (API source 3), GOV_WGI_RL.EST",2026-08-02
UKR,Ukraine,WGI.RL.EST,Rule of Law (WGI governance estimate),index,2020,-0.5670134,"World Bank Worldwide Governance Indicators (API source 3), GOV_WGI_RL.EST",2026-08-02
UKR,Ukraine,WGI.RL.EST,Rule of Law (WGI governance estimate),index,2021,-0.5685603,"World Bank Worldwide Governance Indicators (API source 3), GOV_WGI_RL.EST",2026-08-02
UKR,Ukraine,WGI.RL.EST,Rule of Law (WGI governance estimate),index,2022,-0.742306199999999,"World Bank Worldwide Governance Indicators (API source 3), GOV_WGI_RL.EST",2026-08-02
UKR,Ukraine,WGI.RL.EST,Rule of Law (WGI governance estimate),index,2023,-0.7454054,"World Bank Worldwide Governance Indicators (API source 3), GOV_WGI_RL.EST",2026-08-02
UKR,Ukraine,WGI.RL.EST,Rule of Law (WGI governance estimate),index,2024,-0.720198999999999,"World Bank Worldwide Governance Indicators (API source 3), GOV_WGI_RL.EST",2026-08-02
BLR,Belarus,WGI.RL.EST,Rule of Law (WGI governance estimate),index,1996,-0.507448999999999,"World Bank Worldwide Governance Indicators (API source 3), GOV_WGI_RL.EST",2026-08-02
BLR,Belarus,WGI.RL.EST,Rule of Law (WGI governance estimate),index,1998,-0.7693011,"World Bank Worldwide Governance Indicators (API source 3), GOV_WGI_RL.EST",2026-08-02
BLR,Belarus,WGI.RL.EST,Rule of Law (WGI governance estimate),index,2000,-0.968429,"World Bank Worldwide Governance Indicators (API source 3), GOV_WGI_RL.EST",2026-08-02
BLR,Belarus,WGI.RL.EST,Rule of Law (WGI governance estimate),index,2002,-0.9271452,"World Bank Worldwide Governance Indicators (API source 3), GOV_WGI_RL.EST",2026-08-02
BLR,Belarus,WGI.RL.EST,Rule of Law (WGI governance estimate),index,2003,-0.929478599999999,"World Bank Worldwide Governance Indicators (API source 3), GOV_WGI_RL.EST",2026-08-02
BLR,Belarus,WGI.RL.EST,Rule of Law (WGI governance estimate),index,2004,-0.7540338,"World Bank Worldwide Governance Indicators (API source 3), GOV_WGI_RL.EST",2026-08-02
BLR,Belarus,WGI.RL.EST,Rule of Law (WGI governance estimate),index,2005,-0.9278868,"World Bank Worldwide Governance Indicators (API source 3), GOV_WGI_RL.EST",2026-08-02
BLR,Belarus,WGI.RL.EST,Rule of Law (WGI governance estimate),index,2006,-1.161576,"World Bank Worldwide Governance Indicators (API source 3), GOV_WGI_RL.EST",2026-08-02
BLR,Belarus,WGI.RL.EST,Rule of Law (WGI governance estimate),index,2007,-1.0819694,"World Bank Worldwide Governance Indicators (API source 3), GOV_WGI_RL.EST",2026-08-02
BLR,Belarus,WGI.RL.EST,Rule of Law (WGI governance estimate),index,2008,-0.9916046,"World Bank Worldwide Governance Indicators (API source 3), GOV_WGI_RL.EST",2026-08-02
BLR,Belarus,WGI.RL.EST,Rule of Law (WGI governance estimate),index,2009,-0.9577197,"World Bank Worldwide Governance Indicators (API source 3), GOV_WGI_RL.EST",2026-08-02
BLR,Belarus,WGI.RL.EST,Rule of Law (WGI governance estimate),index,2010,-0.956997099999999,"World Bank Worldwide Governance Indicators (API source 3), GOV_WGI_RL.EST",2026-08-02
BLR,Belarus,WGI.RL.EST,Rule of Law (WGI governance estimate),index,2011,-0.997853299999999,"World Bank Worldwide Governance Indicators (API source 3), GOV_WGI_RL.EST",2026-08-02
BLR,Belarus,WGI.RL.EST,Rule of Law (WGI governance estimate),index,2012,-0.7380981,"World Bank Worldwide Governance Indicators (API source 3), GOV_WGI_RL.EST",2026-08-02
BLR,Belarus,WGI.RL.EST,Rule of Law (WGI governance estimate),index,2013,-0.8222853,"World Bank Worldwide Governance Indicators (API source 3), GOV_WGI_RL.EST",2026-08-02
BLR,Belarus,WGI.RL.EST,Rule of Law (WGI governance estimate),index,2014,-0.7472243,"World Bank Worldwide Governance Indicators (API source 3), GOV_WGI_RL.EST",2026-08-02
BLR,Belarus,WGI.RL.EST,Rule of Law (WGI governance estimate),index,2015,-0.731698899999999,"World Bank Worldwide Governance Indicators (API source 3), GOV_WGI_RL.EST",2026-08-02
BLR,Belarus,WGI.RL.EST,Rule of Law (WGI governance estimate),index,2016,-0.7123954,"World Bank Worldwide Governance Indicators (API source 3), GOV_WGI_RL.EST",2026-08-02
BLR,Belarus,WGI.RL.EST,Rule of Law (WGI governance estimate),index,2017,-0.759944699999999,"World Bank Worldwide Governance Indicators (API source 3), GOV_WGI_RL.EST",2026-08-02
BLR,Belarus,WGI.RL.EST,Rule of Law (WGI governance estimate),index,2018,-0.733064199999999,"World Bank Worldwide Governance Indicators (API source 3), GOV_WGI_RL.EST",2026-08-02
BLR,Belarus,WGI.RL.EST,Rule of Law (WGI governance estimate),index,2019,-0.794237099999999,"World Bank Worldwide Governance Indicators (API source 3), GOV_WGI_RL.EST",2026-08-02
BLR,Belarus,WGI.RL.EST,Rule of Law (WGI governance estimate),index,2020,-0.8602112,"World Bank Worldwide Governance Indicators (API source 3), GOV_WGI_RL.EST",2026-08-02
BLR,Belarus,WGI.RL.EST,Rule of Law (WGI governance estimate),index,2021,-1.0672559,"World Bank Worldwide Governance Indicators (API source 3), GOV_WGI_RL.EST",2026-08-02
BLR,Belarus,WGI.RL.EST,Rule of Law (WGI governance estimate),index,2022,-1.1591441,"World Bank Worldwide Governance Indicators (API source 3), GOV_WGI_RL.EST",2026-08-02
BLR,Belarus,WGI.RL.EST,Rule of Law (WGI governance estimate),index,2023,-1.2155307,"World Bank Worldwide Governance Indicators (API source 3), GOV_WGI_RL.EST",2026-08-02
BLR,Belarus,WGI.RL.EST,Rule of Law (WGI governance estimate),index,2024,-1.2305997,"World Bank Worldwide Governance Indicators (API source 3), GOV_WGI_RL.EST",2026-08-02
RUS,Russian Federation,WGI.RL.EST,Rule of Law (WGI governance estimate),index,1996,-0.867188699999999,"World Bank Worldwide Governance Indicators (API source 3), GOV_WGI_RL.EST",2026-08-02
RUS,Russian Federation,WGI.RL.EST,Rule of Law (WGI governance estimate),index,1998,-0.935212899999999,"World Bank Worldwide Governance Indicators (API source 3), GOV_WGI_RL.EST",2026-08-02
RUS,Russian Federation,WGI.RL.EST,Rule of Law (WGI governance estimate),index,2000,-1.0370572,"World Bank Worldwide Governance Indicators (API source 3), GOV_WGI_RL.EST",2026-08-02
RUS,Russian Federation,WGI.RL.EST,Rule of Law (WGI governance estimate),index,2002,-0.936768199999999,"World Bank Worldwide Governance Indicators (API source 3), GOV_WGI_RL.EST",2026-08-02
RUS,Russian Federation,WGI.RL.EST,Rule of Law (WGI governance estimate),index,2003,-0.9665693,"World Bank Worldwide Governance Indicators (API source 3), GOV_WGI_RL.EST",2026-08-02
RUS,Russian Federation,WGI.RL.EST,Rule of Law (WGI governance estimate),index,2004,-0.7916717,"World Bank Worldwide Governance Indicators (API source 3), GOV_WGI_RL.EST",2026-08-02
RUS,Russian Federation,WGI.RL.EST,Rule of Law (WGI governance estimate),index,2005,-0.919405199999999,"World Bank Worldwide Governance Indicators (API source 3), GOV_WGI_RL.EST",2026-08-02
RUS,Russian Federation,WGI.RL.EST,Rule of Law (WGI governance estimate),index,2006,-0.943649,"World Bank Worldwide Governance Indicators (API source 3), GOV_WGI_RL.EST",2026-08-02
RUS,Russian Federation,WGI.RL.EST,Rule of Law (WGI governance estimate),index,2007,-0.9139767,"World Bank Worldwide Governance Indicators (API source 3), GOV_WGI_RL.EST",2026-08-02
RUS,Russian Federation,WGI.RL.EST,Rule of Law (WGI governance estimate),index,2008,-0.9754543,"World Bank Worldwide Governance Indicators (API source 3), GOV_WGI_RL.EST",2026-08-02
RUS,Russian Federation,WGI.RL.EST,Rule of Law (WGI governance estimate),index,2009,-0.973325599999999,"World Bank Worldwide Governance Indicators (API source 3), GOV_WGI_RL.EST",2026-08-02
RUS,Russian Federation,WGI.RL.EST,Rule of Law (WGI governance estimate),index,2010,-0.930049599999999,"World Bank Worldwide Governance Indicators (API source 3), GOV_WGI_RL.EST",2026-08-02
RUS,Russian Federation,WGI.RL.EST,Rule of Law (WGI governance estimate),index,2011,-0.685372499999999,"World Bank Worldwide Governance Indicators (API source 3), GOV_WGI_RL.EST",2026-08-02
RUS,Russian Federation,WGI.RL.EST,Rule of Law (WGI governance estimate),index,2012,-0.9650892,"World Bank Worldwide Governance Indicators (API source 3), GOV_WGI_RL.EST",2026-08-02
RUS,Russian Federation,WGI.RL.EST,Rule of Law (WGI governance estimate),index,2013,-0.915144099999999,"World Bank Worldwide Governance Indicators (API source 3), GOV_WGI_RL.EST",2026-08-02
RUS,Russian Federation,WGI.RL.EST,Rule of Law (WGI governance estimate),index,2014,-0.8526414,"World Bank Worldwide Governance Indicators (API source 3), GOV_WGI_RL.EST",2026-08-02
RUS,Russian Federation,WGI.RL.EST,Rule of Law (WGI governance estimate),index,2015,-0.9088341,"World Bank Worldwide Governance Indicators (API source 3), GOV_WGI_RL.EST",2026-08-02
RUS,Russian Federation,WGI.RL.EST,Rule of Law (WGI governance estimate),index,2016,-0.867073499999999,"World Bank Worldwide Governance Indicators (API source 3), GOV_WGI_RL.EST",2026-08-02
RUS,Russian Federation,WGI.RL.EST,Rule of Law (WGI governance estimate),index,2017,-0.8371632,"World Bank Worldwide Governance Indicators (API source 3), GOV_WGI_RL.EST",2026-08-02
RUS,Russian Federation,WGI.RL.EST,Rule of Law (WGI governance estimate),index,2018,-0.832458799999999,"World Bank Worldwide Governance Indicators (API source 3), GOV_WGI_RL.EST",2026-08-02
RUS,Russian Federation,WGI.RL.EST,Rule of Law (WGI governance estimate),index,2019,-0.866817899999999,"World Bank Worldwide Governance Indicators (API source 3), GOV_WGI_RL.EST",2026-08-02
RUS,Russian Federation,WGI.RL.EST,Rule of Law (WGI governance estimate),index,2020,-0.8254091,"World Bank Worldwide Governance Indicators (API source 3), GOV_WGI_RL.EST",2026-08-02
RUS,Russian Federation,WGI.RL.EST,Rule of Law (WGI governance estimate),index,2021,-0.902773199999999,"World Bank Worldwide Governance Indicators (API source 3), GOV_WGI_RL.EST",2026-08-02
RUS,Russian Federation,WGI.RL.EST,Rule of Law (WGI governance estimate),index,2022,-1.0548583,"World Bank Worldwide Governance Indicators (API source 3), GOV_WGI_RL.EST",2026-08-02
RUS,Russian Federation,WGI.RL.EST,Rule of Law (WGI governance estimate),index,2023,-1.0734047,"World Bank Worldwide Governance Indicators (API source 3), GOV_WGI_RL.EST",2026-08-02
RUS,Russian Federation,WGI.RL.EST,Rule of Law (WGI governance estimate),index,2024,-1.15651859999999,"World Bank Worldwide Governance Indicators (API source 3), GOV_WGI_RL.EST",2026-08-02
MDA,Moldova,WGI.RL.EST,Rule of Law (WGI governance estimate),index,1996,-0.0751416999999999,"World Bank Worldwide Governance Indicators (API source 3), GOV_WGI_RL.EST",2026-08-02
MDA,Moldova,WGI.RL.EST,Rule of Law (WGI governance estimate),index,1998,0.0594122,"World Bank Worldwide Governance Indicators (API source 3), GOV_WGI_RL.EST",2026-08-02
MDA,Moldova,WGI.RL.EST,Rule of Law (WGI governance estimate),index,2000,-0.2290671,"World Bank Worldwide Governance Indicators (API source 3), GOV_WGI_RL.EST",2026-08-02
MDA,Moldova,WGI.RL.EST,Rule of Law (WGI governance estimate),index,2002,-0.5384607,"World Bank Worldwide Governance Indicators (API source 3), GOV_WGI_RL.EST",2026-08-02
MDA,Moldova,WGI.RL.EST,Rule of Law (WGI governance estimate),index,2003,-0.5391037,"World Bank Worldwide Governance Indicators (API source 3), GOV_WGI_RL.EST",2026-08-02
MDA,Moldova,WGI.RL.EST,Rule of Law (WGI governance estimate),index,2004,-0.233555999999999,"World Bank Worldwide Governance Indicators (API source 3), GOV_WGI_RL.EST",2026-08-02
MDA,Moldova,WGI.RL.EST,Rule of Law (WGI governance estimate),index,2005,-0.3146653,"World Bank Worldwide Governance Indicators (API source 3), GOV_WGI_RL.EST",2026-08-02
MDA,Moldova,WGI.RL.EST,Rule of Law (WGI governance estimate),index,2006,-0.3252891,"World Bank Worldwide Governance Indicators (API source 3), GOV_WGI_RL.EST",2026-08-02
MDA,Moldova,WGI.RL.EST,Rule of Law (WGI governance estimate),index,2007,-0.2736569,"World Bank Worldwide Governance Indicators (API source 3), GOV_WGI_RL.EST",2026-08-02
MDA,Moldova,WGI.RL.EST,Rule of Law (WGI governance estimate),index,2008,-0.2944795,"World Bank Worldwide Governance Indicators (API source 3), GOV_WGI_RL.EST",2026-08-02
MDA,Moldova,WGI.RL.EST,Rule of Law (WGI governance estimate),index,2009,-0.3413333,"World Bank Worldwide Governance Indicators (API source 3), GOV_WGI_RL.EST",2026-08-02
MDA,Moldova,WGI.RL.EST,Rule of Law (WGI governance estimate),index,2010,-0.3350164,"World Bank Worldwide Governance Indicators (API source 3), GOV_WGI_RL.EST",2026-08-02
MDA,Moldova,WGI.RL.EST,Rule of Law (WGI governance estimate),index,2011,-0.2783037,"World Bank Worldwide Governance Indicators (API source 3), GOV_WGI_RL.EST",2026-08-02
MDA,Moldova,WGI.RL.EST,Rule of Law (WGI governance estimate),index,2012,-0.360517,"World Bank Worldwide Governance Indicators (API source 3), GOV_WGI_RL.EST",2026-08-02
MDA,Moldova,WGI.RL.EST,Rule of Law (WGI governance estimate),index,2013,-0.4252199,"World Bank Worldwide Governance Indicators (API source 3), GOV_WGI_RL.EST",2026-08-02
MDA,Moldova,WGI.RL.EST,Rule of Law (WGI governance estimate),index,2014,-0.364908299999999,"World Bank Worldwide Governance Indicators (API source 3), GOV_WGI_RL.EST",2026-08-02
MDA,Moldova,WGI.RL.EST,Rule of Law (WGI governance estimate),index,2015,-0.419315799999999,"World Bank Worldwide Governance Indicators (API source 3), GOV_WGI_RL.EST",2026-08-02
MDA,Moldova,WGI.RL.EST,Rule of Law (WGI governance estimate),index,2016,-0.424311899999999,"World Bank Worldwide Governance Indicators (API source 3), GOV_WGI_RL.EST",2026-08-02
MDA,Moldova,WGI.RL.EST,Rule of Law (WGI governance estimate),index,2017,-0.4332048,"World Bank Worldwide Governance Indicators (API source 3), GOV_WGI_RL.EST",2026-08-02
MDA,Moldova,WGI.RL.EST,Rule of Law (WGI governance estimate),index,2018,-0.4034988,"World Bank Worldwide Governance Indicators (API source 3), GOV_WGI_RL.EST",2026-08-02
MDA,Moldova,WGI.RL.EST,Rule of Law (WGI governance estimate),index,2019,-0.3747443,"World Bank Worldwide Governance Indicators (API source 3), GOV_WGI_RL.EST",2026-08-02
MDA,Moldova,WGI.RL.EST,Rule of Law (WGI governance estimate),index,2020,-0.377801599999999,"World Bank Worldwide Governance Indicators (API source 3), GOV_WGI_RL.EST",2026-08-02
MDA,Moldova,WGI.RL.EST,Rule of Law (WGI governance estimate),index,2021,-0.2519381,"World Bank Worldwide Governance Indicators (API source 3), GOV_WGI_RL.EST",2026-08-02
MDA,Moldova,WGI.RL.EST,Rule of Law (WGI governance estimate),index,2022,-0.1948034,"World Bank Worldwide Governance Indicators (API source 3), GOV_WGI_RL.EST",2026-08-02
MDA,Moldova,WGI.RL.EST,Rule of Law (WGI governance estimate),index,2023,-0.1938657,"World Bank Worldwide Governance Indicators (API source 3), GOV_WGI_RL.EST",2026-08-02
MDA,Moldova,WGI.RL.EST,Rule of Law (WGI governance estimate),index,2024,-0.161332199999999,"World Bank Worldwide Governance Indicators (API source 3), GOV_WGI_RL.EST",2026-08-02
