# source: Eurostat nama_10_a64, na_item=B1G (gross value added), unit=CP_MNAC (current prices, million national currency); dataset updated 2026-09-23T23:00:00+0200; retrieved 2026-09-26T18:55:04.905Z
# body_len=160431 body_ck=59334381
geo|code|year0|values(;)|flags
EU27_2020|TOTAL|1995|5711434.1;5971710.2;6128243.7;6376377.7;6651582.2;7058269.7;7409922.8;7677659.7;7884009.8;8238303.1;8579077.9;9057492.8;9618990.8;9969685;9565406.4;9887370.1;10192240.6;10240555.4;10343438.8;10578278.5;10971749.6;11254628.8;11724610.5;12128543.5;12575167.5;12147077.2;13174722.2;14515107.4;15595042.2;16198877.6|
EU27_2020|A|1995|159785.4;168115.7;170243.6;169054.9;165842.8;171655.7;182185.6;175442.2;174078.3;183063;167801.8;167181.6;182870.3;182084.1;158700.3;177445;192257.2;191562.4;196504.6;198061.9;197466.3;197711.9;219056.7;215638.5;221308.1;216139.1;232783.5;272089.6;281564.2;290647|
EU27_2020|A01|1995|139639.7;147798.6;149402.3;147433.2;143912;150688.9;159906;152974.3;152570.6;161303.2;146547.5;143503.2;155735.3;156927.8;136592.4;152053.6;163865.7;164143.7;168430.7;167830.1;166637.6;166440.1;187770.6;183587.9;190999.2;187662.2;201304.9;235380.1;242292.3|
EU27_2020|A02|1995|14638.4;14440.6;15063.3;15690.8;15814.7;14988.8;15904.2;16008.9;14981.6;15454.6;15025.8;17416.3;20800.8;19601;16425.2;19336;22130;21516.4;22375.6;24163.8;24435.7;24438.7;24225.2;25200.7;23743.7;22282.4;24715.5;30250.2;32431.5|
EU27_2020|A03|1995|5507.2;5876.5;5778;5930.9;6116.1;5977.9;6375.4;6458.9;6526.1;6305.3;6228.4;6262.1;6334.2;5555.3;5682.7;6055.4;6261.6;5902.3;5698.4;6068;6393;6833.1;7060.9;6850;6565.2;6194.5;6763;6459.3;6840.4|
EU27_2020|B-E|1995|1331632.2;1369315.9;1404648.8;1459673.7;1492713;1582051.1;1630262.8;1651344.3;1658592.5;1725032.2;1779425.5;1884348.1;1997359;2022360.8;1786865.6;1933963.6;2023793.6;2025250;2015978.5;2067799.9;2197324.5;2251260.6;2332602.5;2399550;2462787.9;2333583.4;2569885.1;2915262.8;3148441.3;3119874.9|
EU27_2020|B|1995|36577.6;34681.1;34956.6;32097.8;31633.5;38746.3;40233.5;40139.8;38836.2;42761.5;48587.5;56765.8;57829;69049.4;52684.2;59464.4;64213.6;68370.5;63566.7;54177.1;44894.7;37680.2;42236.6;44155.5;42212.2;34127.6;47285.4;67483.2;51597.4;49930.3|
EU27_2020|C|1995|1135825.6;1164170.5;1201729.7;1253529.4;1285211.4;1370709.3;1409723.1;1420418.9;1422988.6;1471371.6;1509373.7;1592397.4;1696625.9;1688467;1465198;1588698.5;1677402.6;1662859.9;1663827.7;1732434.2;1870019.1;1929182.4;2001123.8;2055885.1;2100841.1;1975895.3;2177300.9;2408273.2;2566537.6;2581075.5|
EU27_2020|C10-C12|1995|138213;142066.5;144834.3;149463;152875.2;156219.8;162554.2;169878.1;173834.3;178897;182237.4;184017.2;192770.9;197313.9;195521.1;198501;201757.9;203770.1;206047.2;213177.9;222214;226772.6;230127.2;235538.5;242033.1;241199.6;244262;259799.1;307686.4|
EU27_2020|D|1995|115870.2;125035;121213;124098;123371.1;116466.5;122229;129375.6;132923.4;142657.3;150770.2;160627.7;163657.2;180815.3;185943.5;195549.4;187579.1;198502.1;191474.5;181666;180326.9;179649.8;180974.9;187759.5;204956.1;208059.3;219837.6;307281.3;392993.6;340974.1|
EU27_2020|E|1995|43358.8;45429.3;46749.5;49948.6;52497.1;56129;58077.2;61409.9;63844.4;68241.8;70694.1;74557.2;79246.9;84029.1;83039.9;90251.3;94598.3;95517.6;97109.5;99522.5;102083.9;104748.2;108267.2;111749.9;114778.5;115501.2;125461.2;132225.1;137312.7;147895.1|
EU27_2020|F|1995|352133;355396.1;353259.3;361742.8;379964.3;400625.5;421848.1;438206.2;456596.8;484533.1;514550;565409.6;607416.3;633864.5;595244.6;564676.3;564321.3;545381.7;533802.9;534097.7;547021.9;562043;589837.3;627042.5;665650.5;658230.5;713282.1;781322.9;862900.5;891591.7|
EU27_2020|G-I|1995|1077784.9;1123359.9;1163436.2;1223515.4;1269291.9;1356088.9;1438295.7;1487059.2;1526501.8;1586406.8;1652549.1;1727892.2;1836283.3;1912660.1;1832677.6;1865242;1918284.7;1929766.1;1943996.7;1992055.5;2075905.1;2134351.3;2244592.4;2312086.6;2406035.4;2152207.8;2430083.6;2816550.3;2930602.7;3050162.8|
EU27_2020|G|1995|673631;702191.6;722514.4;756348.6;776096.1;825470.6;877146.2;907458.9;929306.5;961012.7;996396.4;1040789;1100523.4;1153670.7;1105630.6;1114248.7;1156327.4;1157408.3;1160438.6;1185854.5;1234803.1;1274615.6;1338090.1;1376792.3;1427791.1;1407447;1546392.4;1672198.7;1744991.2;1780317.5|
EU27_2020|H|1995|265367.1;274226.4;287708.2;303070.5;318022;339944.1;360594.4;373277.8;385557.1;405077.1;424690.6;445426.1;481477.3;497117.9;471178.6;491606.9;494786.4;501783.5;513654.8;528741;550126.3;552733.3;579662.6;592572.4;617916.7;544152.6;633789.5;765503.3;747776.4;792128.6|
EU27_2020|H51|-|
EU27_2020|I|1995|138786.8;146941.9;153213.6;164096.3;175173.8;190674.2;200555.2;206322.5;211638.2;220316.9;231462;241677.2;254282.5;261871.5;255868.4;259386.5;267170.9;270574.2;269903.3;277460;290975.7;307002.4;326839.6;342721.9;360327.6;200608.2;249901.8;378848.3;437835.1;477716.7|
EU27_2020|J|1995|219888.9;236773.1;254587.4;280858.4;301972.2;322662.8;354760.5;378080.1;376928.9;398373.2;407552.3;427741.9;452535.5;465119.5;452404.9;454264;467609.2;471728;477089.5;484641.5;506235.1;522917.9;553251.6;590242.8;633828.3;651065.5;723876.1;770404.4;839459;886474.9|
EU27_2020|K|1995|276565.3;288713.9;290670.2;296436.4;323559.6;332830.3;344027;357046.4;381494.3;413080.8;431530.1;451645.3;478027.6;477793;492278.1;514138;517930.6;523132.8;520618.9;542454.9;552235.6;544987.2;539821.1;553063.8;560338.3;570850.6;602596.6;639410.7;709045.2;751318.1|
EU27_2020|L|1995|555649;588516.7;603094;625634;649784.2;698741.9;732678.6;773479;805432.8;847629.1;901101.7;973081.9;1047601.4;1095461.2;1067293.2;1100992.5;1148158.3;1156589.5;1185520.4;1204077.5;1233927.7;1264859.3;1304452.6;1341147;1389461.9;1399283.1;1442885.5;1523579.7;1673738.6;1750826|
EU27_2020|M_N|1995|502677.9;536377.3;557009.3;589741.6;635475.9;693904.4;733480.4;758745.4;783137.1;809215.2;855671.6;911945.6;986686.5;1040791.4;983818.8;1019211;1057584.6;1070099.8;1105315.8;1146379.8;1206455.5;1260008.1;1337909.5;1409178.6;1456235.3;1400224.4;1540818.8;1685445.7;1833793.7;1928268.6|
EU27_2020|O-Q|1995|1044595.1;1103187.8;1125739.2;1156403.7;1208452.3;1265039.2;1327339;1402695.5;1459272.7;1517035;1582121.3;1647178.8;1715235.1;1808738.4;1863552.9;1918116.7;1953376.5;1976560.3;2012775.2;2049836.3;2085430.5;2141131.1;2213669.3;2281774.9;2368270;2410347.7;2546444.1;2677577.5;2845549.7;3032518.5|
EU27_2020|R-U|1995|190722.4;201953.8;205555.5;213316.7;224526.1;234670;245045.1;255561.4;261974.6;273934.7;286774.4;301067.7;314975.9;330811.9;332570.3;339321;348924.4;350484.7;351836.3;358873.6;369747.3;375358.3;389417.4;398818.8;411251.9;355145.2;372066.6;433463.7;469947.3;497195.1|
BE|TOTAL|1995|189742.8;192228.5;200615.9;208114.5;216177.4;228625.4;236804.2;244560.7;251865.8;264845.4;276828.7;290022.6;306588.9;313984;311073.7;324827;339303.2;347256.9;353107;362940;372548.9;382874.7;395972;410351.2;429083.2;417994.9;452406.9;505988;545134.1;561429.5|2009b,2024p
BE|A|1995|2750.3;2846.4;3004.8;2921;2607.8;3015;2932.4;2823.1;2894.8;3036.2;2606.3;2950;3049.7;2505.6;2499.1;3080;2750.6;3276.4;3017.1;2901.6;3119.1;2884.4;3234.8;3053.9;3446.2;3305.7;3314.1;3768.8;4665.8;4910.3|2009b,2024p
BE|A01|1995|2574.8;2675.8;2834.7;2730.1;2411.3;2856.3;2764.7;2672.5;2736.3;2883;2456.2;2783.2;2860.4;2367.2;2386.1;2955.5;2606;3144.4;2886.7;2764.6;2979.1;2729.8;3102.1;2930;3314.8;3169.4;3179.1;3607.4;4512.6|2009b
BE|A02|1995|119.8;115.2;108.9;121.9;130.5;99.5;99;89.1;92.8;97.8;94.1;110.5;125.9;96.9;75;81.7;98.8;92.6;88.6;89.3;90.7;89.9;82;79.2;86.1;95.3;99.6;113;106.5|2009b
BE|A03|1995|55.7;55.4;61.2;69;66;59.2;68.7;61.5;65.7;55.4;56;56.3;63.4;41.5;38;42.8;45.8;39.4;41.8;47.7;49.3;64.7;50.7;44.7;45.3;41;35.4;48.4;46.7|2009b
BE|B-E|1995|44782.2;45539.4;48315.7;49116.6;48776.6;52154.1;52236.1;52973.3;52943.6;55022.9;56344.9;56631.9;59877.5;57930.1;53760.7;57388.4;59709.2;58833.3;59987.5;60613.7;61915.5;62442.1;65238.9;66074.4;70005.8;66815.9;66537.3;84697.7;87487.2;86093.8|2009b,2024p
BE|B|1995|330.8;313.1;344.2;337.9;334.7;349.4;302.8;314.6;322.8;308.7;322.7;365.7;330.8;341.3;304.3;307.9;324.1;296.4;275.4;281.2;219.3;238.1;248.6;246.6;284.7;265.1;297.2;281.4;306.6;315.2|2009b,2024p
BE|C|1995|38595.9;38931.8;41233.4;42242.7;41936.4;44958.1;45044.1;45892.2;45555.1;47758.1;49205.9;48833;51750.1;49218.5;44656.4;47688.8;49047.3;48963.5;49975.7;50959.1;52223.7;52480.4;55185.7;56719.3;59514.7;55705.8;54373.8;70348.9;72062.6;70943.6|2009b,2024p
BE|C10-C12|1995|4951;5093.8;5257.4;5310.1;5409.7;5484.6;5635.8;5836.9;5982.8;6398.4;6375.5;6335.3;6560.9;6658.6;7220;6950;6971.8;7133.5;7580.4;7804.3;7948.3;8054;8285.6;8485.2;8871.2;8523;8697.8;10075.4;12122.1;12858|2009b,2024p
BE|D|1995|4764.5;5139.4;5437.1;5225.9;5094.8;5250.9;5279.6;5152.1;5202.9;4924.5;4716.7;5253.9;5459.3;6048.4;6110;6381.6;7184.3;6149.2;6353.1;5870.7;5938.1;6130.7;5941;5202.4;6160.3;6847.3;7746.5;9887.4;10413.7;9962.4|2009b,2024p
BE|E|1995|1091;1155.1;1301;1310.1;1410.7;1595.7;1609.6;1614.4;1862.8;2031.6;2099.6;2179.3;2337.3;2321.9;2690;3010.1;3153.5;3424.2;3383.3;3502.7;3534.4;3592.9;3863.6;3906.1;4046.1;3997.7;4119.8;4180;4704.3;4872.6|2009b,2024p
BE|F|1995|10041.4;9770;10196.9;10366.9;11136;11796;12029.4;12027;12369.8;13126.9;13642.3;15356.4;16687.5;18030.4;17486.9;17656;18886;18736.8;18601.1;18835.3;19017.9;19387;19693.8;21064.2;22247.6;21673.2;24533.6;27576;29771.7;30118.5|2009b,2024p
BE|G-I|1995|38094.1;37566.7;38854.4;40626.5;41995.5;43237.3;45712.8;48758.6;52516;55549.2;58683.7;61135.1;64616.6;67039;63818.6;66204.5;69038.9;69173;69201.1;70879.9;72632.6;75093.1;75020.9;77539.6;80443.3;75066;86270.1;94719.6;102364.1;104604.2|2009b,2024p
BE|G|1995|22918.9;22845.1;23613;24310.9;25332;25725;27636.9;30519.3;33078.1;35422;36825;38005.3;40547.8;41748.8;39349.2;40843.9;43013.5;42958.2;43045.7;43667.8;44218.1;46553.8;45302;46453.8;48164.5;47595.1;55037.5;58067.7;61154.6;62416.2|2009b,2024p
BE|H|1995|12218.5;11726.7;12189;13039.4;13250.9;13774.7;14262.9;14043.5;14906.6;15372.3;16823.9;17851.2;18734.1;19589;19140.1;19586.5;19956.6;20113.3;19818.9;20532.5;21537.3;21498.6;22280.7;23315.7;24045;22570.1;24749.1;27351.4;30526.3;31052.6|2009b,2024p
BE|H51|1995|685.3;596.5;667.9;714.9;529.5;476.3;377.6;258.4;391;431.5;475.1;529.1;524.7;547.2;522.9;498.4;454.9;437.4;465.6;479;554.9;524.1;533.1;541;538.7;104.2;319.1;406.6;572.9|2009b
BE|I|1995|2956.7;2994.9;3052.4;3276.2;3412.6;3737.6;3813;4195.8;4531.3;4754.9;5034.8;5278.6;5334.7;5701.2;5329.3;5774.1;6068.8;6101.5;6336.5;6679.6;6877.2;7040.7;7438.2;7770.1;8233.8;4900.8;6483.5;9300.5;10683.2;11135.4|2009b,2024p
BE|J|1995|5923.6;6166.5;6776.1;7728;8500.3;8940;9950.4;10334;10460.7;11072.1;11347.3;11790.5;12550.3;12949.7;13464.1;13936.9;14457.3;14901.5;14504.8;14555.4;15198.5;15764.1;16676.5;17259.1;18636.8;18779.8;20397.8;21728.3;23536.6;24579|2009b,2024p
BE|K|1995|12049.9;12009;11906.8;11709.3;13119.2;14195.2;13724.2;14477.2;13664.5;15272.5;15394.1;16095.6;15967.8;14684.1;17990.7;19189.4;18816.6;21077.2;20322.1;22359.3;23793.6;24649.2;25627.5;26514.7;27592.7;26747.3;28834.5;28094.4;29237.9;30609.5|2009b,2024p
BE|L|1995|16665.1;16999;17406.6;17916.7;18138.9;19379.1;20267.5;20304.4;20684.8;20844.5;22975.3;24762.6;26238.7;26997.7;26909.5;28796.4;30901.1;31701;33008.6;33746.5;34645.4;35844.2;37363.8;38814.4;40432;41434.3;43691.5;50201.8;55667.1;56274.2|2009b,2024p
BE|M_N|1995|17721.6;18886.3;20477.4;22501.4;24008.4;26016.4;27898.8;27962.1;29164.8;31475.5;33482;36154.8;39491.6;41583.9;40768.7;41955.9;44834.2;46194.1;48770;51451.6;53910.7;56051.6;59680.7;62913.7;65861.4;64800.8;71587.6;77580.9;83991.3;88918.3|2009b,2024p
BE|O-Q|1995|37483.1;38253.2;39294.3;40668.6;43108.3;44881.6;46968.9;49517.3;51626.1;53519.2;56154.7;58768;61493.3;65377;68109.4;70249.9;73304.7;76529.9;78702.7;80356.2;80961.4;83221;85759.1;89005.4;91944.3;92453.2;99292.6;108119.9;118001.2;124322|2009b,2024p
BE|R-U|1995|4231.5;4192;4382.9;4559.5;4786.4;5010.7;5083.7;5383.7;5540.7;5926.4;6198.1;6377.7;6615.9;6886.5;6266;6369.6;6604.6;6833.7;6992;7240.5;7354.2;7538;7676;8111.8;8473.1;6918.7;7947.8;9500.6;10411.2;10999.6|2009b,2024p
BG|TOTAL|1995|602.6;1025.9;8888.6;12059.1;11357.4;12606.2;13954;15498.7;16347.6;18040.9;20444.5;23135.5;27541.1;31315.2;32514.2;33421.8;36203.9;36759.7;36257.4;37315.2;39553.7;41978.7;45146.2;48490.8;52787;53688;62431.3;76531.2;82858.4;91404.5|
BG|A|1995|60.1;107.3;1992.6;1814.4;1659.3;1577.6;1679.9;1691.5;1703.9;1780.5;1751;1671;1510.2;2186.2;1584.9;1544;1933.5;1871.9;1899;1961.3;1860.3;1976.8;2122.7;1906.6;1959.5;2125.4;3088.4;3194.7;2384.3;2463.1|
BG|A01|1995|57.4;102.5;1903.7;1733.3;1585.7;1517.8;1630.3;1633.7;1634.9;1704.8;1627.9;1542.2;1384.3;2019.4;1408.3;1338.6;1739.6;1680.7;1695.6;1741.7;1624.4;1767.8;1907.4;1639.1;1698.6;1874.9;2797.6;2808.2;2001.5;2017.6|
BG|A02|1995|2.5;4.4;81.3;74.3;67.3;53.5;43.1;50.7;62.2;68.8;114.8;120.4;117.8;156.8;167.4;194.1;179.8;175.9;185.4;194;212.1;188.8;192.2;255.5;238.1;229.6;269.3;378;369.4;423|
BG|A03|1995|0.2;0.4;7.6;6.8;6.2;6.2;6.4;7.1;6.8;7;8.3;8.4;8;10;9.3;11.3;14.1;15.3;18;25.6;23.7;20.2;23.2;11.9;22.8;20.9;21.5;8.5;13.4;22.5|
BG|B-E|1995|96;148.7;1872.5;2350.8;2227.7;2616.9;3058.2;3407.6;3756.6;3972.2;4570.4;5337.2;6344.8;6498.4;6833.2;6710.8;8091.6;8583.4;8160.7;8435.4;9278.6;10277.9;10728.6;10423.6;10900.4;10940.3;12326.9;18877.4;17793.3;17763|
BG|B|1995|10.4;16;204;263;244;226.9;232.7;215.4;243.3;314.2;399.9;548.3;613.3;640.3;627.2;739.8;844.9;886.5;901.5;973.4;983.4;951.5;1013.8;892.6;710.9;921.9;876;698.3;1248.7;1304.3|
BG|C|1995|64.6;100.3;1254.2;1553;1485.9;1720.8;2064.2;2341.7;2600.2;2690.3;3250.4;3684.1;4552.2;4595.1;4819.2;4456.2;5469.5;5937.4;5369.1;5605;6241.9;7021.2;7360.4;7477.4;8157.6;7969.6;8003.6;11345;12714;13092.1|
BG|C10-C12|1995|14.7;22.5;287;306.1;326.4;335.2;421.4;431.6;553.8;509.5;605.3;703.3;840.5;936.7;1089.6;927.1;1065.6;1404.7;1214.3;1116.5;1091.3;1080.5;862;1090.3;1208.1;1514.7;1195.1;2137.1;2003.9;2167.6|
BG|D|1995|17.1;26.4;336.7;434.3;403.6;561.3;639.7;727.3;789;833.6;774.2;915.2;962.8;990.7;1117.1;1194;1422.2;1415.5;1508.1;1444.2;1597.3;1822.9;1878.6;1595.7;1466.7;1478.3;3042.6;6418.4;3168.3;2574.7|
BG|E|1995|3.9;6.1;77.7;100.5;94.1;107.9;121.6;123.3;124;134.1;145.8;189.7;216.5;272.2;269.7;320.8;355;344;382;412.8;456.1;482.3;475.8;458;565.2;570.4;404.7;415.6;662.3;791.9|
BG|F|1995|20.6;32.6;246.5;529.4;632.6;644.1;741.1;773.7;799.1;901.1;1254.9;1616.7;2180.3;2809.6;3107.5;2384.5;2290.7;2142.4;1725.5;1651.3;1726.5;1646.6;1866;2030.2;2294.7;2571;2477.1;2903.6;3666.7;4376.1|
BG|G-I|1995|78.4;159.9;1612.8;2056.1;2299.5;2665.5;3008.4;3329.3;3652.1;4050.1;4452.5;5429.5;5835.1;6407.3;6555.4;6941.9;7421.3;7420.8;7887.7;8087.2;8828.5;9298.6;10124.8;11364.8;12478.9;11479.5;14441.3;16704.9;19204.3;21788.1|
BG|G|1995|40.9;83.7;844.1;1071.5;1194.9;1333.9;1410.6;1471;1724.1;2010.1;2485.3;3092.1;3054;3549.7;3698.9;4050.9;4436.5;4441.5;4857.1;4885.8;5492.8;5760.1;6513.5;7398.5;8139.1;7851;9985.4;11155.5;12932.7;14670.3|
BG|H|1995|28;56.9;575.9;738.3;827;1046.3;1301.8;1503.6;1580.7;1655.9;1502.5;1790.6;2140.8;2135.7;2131.2;2104.1;2146.8;2132.2;2153.6;2328.3;2389.6;2554.8;2495;2671.1;2957.8;2724.8;3035.4;3595;3910.2;4376.2|
BG|H51|1995|0.9;1.9;18.8;24;27.1;42.3;42.4;28.4;29.4;31.8;28.3;28.5;35.6;40.4;55.4;68.4;59.7;85.3;74.3;104.6;126.2;81.1;94.8;84.3;98.3;15.6;57.9;107.8;159.3;199.1|
BG|I|1995|9.5;19.3;192.8;246.3;277.6;285.3;296;354.8;347.3;384.1;464.7;546.8;640.4;721.8;725.3;787;838;847.2;877;873.1;946.1;983.7;1116.4;1295.2;1382;903.6;1420.5;1954.4;2361.5;2741.5|
BG|J|1995|12.1;23.5;183.6;273.7;307.9;404.7;531.5;664.5;701.2;822.8;777.7;876.4;1020.1;1818.8;1741.6;1654.4;1934.2;1857.3;2035.6;2064.8;2092;2597;2759.9;3296.9;4033.9;4508.6;4867.4;5733.8;6846.6;7736.9|
BG|K|1995|40.9;43.3;293.9;450.3;223;298.9;406.1;490.7;677.7;790;1189.9;1219.7;1962.3;1961.9;1931;2977.3;2917.1;2735.7;2393.8;2508.5;2713.6;2953.1;2944;3080;2934.8;3168.1;4201.6;5009.6;5142.4;6058.8|
BG|L|1995|155.7;264.7;889.6;1120.2;1344.6;1449.4;1515.2;1785.9;1681.4;2002;2129;2385.8;3292.1;3389.4;3729.9;4013.2;4155.2;4190.6;4124.6;3894.6;3857.4;3986.8;4515.4;5116.5;5494.3;5217.1;5619.9;6231.3;7177.3;7327.5|
BG|M_N|1995|62.7;129.1;949;1419.6;478.9;546.8;661;705;668;758.2;875.7;1055.9;1390.3;1504.4;1847.5;1892.2;1965.7;2155.8;2026.4;2094.4;2485;2626;2742.8;3149.7;3747.2;3741.2;4319;5055.8;5845.6;6650|
BG|O-Q|1995|66.7;101.3;699.2;1794.5;1961.1;2135.1;2104.5;2388;2418.4;2632.6;3035.2;3100.4;3451.3;3915.8;4266.3;4560.5;4647.4;4933.7;5077.9;5672.8;5720;5618.6;6284.7;7023.6;7668.1;8872.3;10020.6;11608.3;13387.1;15652.1|
BG|R-U|1995|9.4;15.4;149;250.1;222.9;267.1;248;262.4;289.3;331.2;408.3;443;554.5;823.4;916.8;743;847.1;868;926.1;944.9;991.9;997.5;1057.3;1099;1275.3;1064.6;1069;1211.8;1410.6;1588.8|
CZ|TOTAL|1995|1461630;1671370;1807139;1979764;2060367;2187207;2366279;2474186;2590891;2796513;2974445;3208577;3492426;3662668;3569244;3653610;3701935;3706986;3739215;3962801;4191609;4360876;4661221;4941127;5330260;5315366;5749003;6418123;7036354;7366850;7842043|
CZ|A|1995|64388;71212;68724;75596;72476;77516;82612;71567;68876;74355;75019;76357;80554;77536;69396;61405;80430;91907;97871;104752;105081;104033;109049;107794;111389;113302;110945;146380;164010;147569;174721|
CZ|A01|1995|50588;56999;54500;59299;55228;59187;63610;52937;50888;54934;54136;54931;59656;58239;50674;41252;54340;64991;70169;77334;77036;77846;82229;88194;93692;93991;92761;114522;134994;115686;147257|
CZ|A02|1995|13005;13407;13448;15508;16527;17714;18427;18019;17429;18894;20235;20723;20423;18835;18217;19554;25393;26262;27046;26830;27407;25509;26101;18955;17026;18710;17921;31361;28265;31189;26732|
CZ|A03|1995|795;806;776;789;721;615;575;611;559;527;648;703;475;462;505;599;697;654;656;588;638;678;719;645;671;601;263;497;751;694;732|
CZ|B-E|1995|453278;532508;568682;605619;621812;665280;733177;737598;744196;852602;904671;1006911;1093513;1125481;1052672;1067470;1128602;1126225;1136501;1246333;1325025;1365374;1420717;1441552;1525130;1437117;1486591;1708906;1905662;1981639;1997138|
CZ|B|1995|32401;32495;33328;31506;27864;28673;30210;29461;27508;32219;36749;41659;44744;50855;43813;44979;46538;42913;33675;39189;37547;31551;32799;33141;30099;26612;29444;35900;39672;33914;35768|
CZ|C|1995|343570;408805;457286;492410;508934;557603;609463;601304;610761;698998;741558;818929;893140;885230;802666;834750;895421;894250;907249;1027478;1104059;1150757;1200699;1221428;1303011;1212105;1238905;1367327;1565102;1628397;1629101|
CZ|C10-C12|1995|47185;52094;57652;66844;68568;73057;81736;82082;79218;85072;80824;80159;81672;82812;86986;82062;82213;82481;80551;85100;88565;92705;96200;99840;106599;108303;107730;113496;138385;146367;138115|
CZ|D|1995|63526;73698;58945;61081;63462;57761;70929;81210;79278;87077;93261;111476;118577;149595;165159;145495;142592;146440;154557;136446;139837;138631;139945;136517;141995;145886;158341;244113;235134;247283;258544|
CZ|E|1995|13781;17510;19123;20622;21552;21243;22575;25623;26649;34308;33103;34847;37052;39801;41034;42246;44051;42622;41020;43220;43582;44435;47274;50466;50025;52514;59901;61566;65754;72045;73725|
CZ|F|1995|110995;127987;134116;144094;139112;133950;141237;156526;168378;180334;198018;203147;223434;232013;249024;254634;235778;216858;213219;221415;234033;234091;248819;269350;289660;292311;312154;350966;394052;416106;465940|
CZ|G-I|1995|300468;335593;375588;411590;441194;484011;514813;545419;570742;585857;612120;659619;706914;737290;662547;677042;671562;673236;668968;705358;762969;793004;869263;906589;958918;905753;1011325;1140628;1222731;1264503;1357003|
CZ|G|1995|152167;167715;187822;203951;222293;255907;273915;290010;298718;305136;332850;364051;386311;399549;369021;380156;377994;387666;383958;410045;451490;462428;510276;534312;565692;563663;644069;700725;740862;743401;797213|
CZ|H|1995|99381;111082;123005;138068;149029;158167;171963;180002;194600;199786;202952;217886;236207;239757;214150;220854;213748;213367;212437;221676;234756;246927;264517;273809;286999;277876;294540;337992;356538;386877;409967|
CZ|H51|1995|3422;4128;5200;5554;7880;6823;6934;7711;6969;7633;8283;8457;9689;10140;8034;6450;4997;4142;3800;3625;3197;3758;4125;3408;3219;1955;2261;3577;3033;3922;3650|
CZ|I|1995|48920;56796;64761;69571;69872;69937;68935;75407;77424;80935;76318;77682;84396;97984;79376;76032;79820;72203;72573;73637;76723;83649;94470;98468;106227;64214;72716;101911;125331;134225;149823|
CZ|J|1995|43708;57056;70192;75899;81222;93072;100662;109808;117117;124185;140364;156609;176646;183706;184530;181142;183115;181588;181154;191203;205970;219283;242622;271844;322718;344714;392280;431179;485371;506252;582061|
CZ|K|1995|49071;53794;57544;78884;75363;68458;78190;65020;86161;91173;92816;98382;125604;148935;156980;167127;166070;164300;167200;164206;173414;175875;186782;199423;207964;210435;231691;232373;265695;270058;288313|
CZ|L|1995|90924;102226;119700;141454;161245;175573;185399;196349;204701;219719;240807;257453;274932;305633;325171;371704;369129;370571;374274;395364;413582;441615;478248;545744;602871;654823;728058;810426;853506;912141;979315|
CZ|M_N|1995|95647;103576;104784;115899;121899;128739;140662;161930;167469;183429;196812;207116;234637;251776;243559;244041;236894;250991;259208;268225;277294;299973;324909;347031;377723;364718;402804;452107;503293;548368;580380|
CZ|O-Q|1995|215440;247846;261800;280885;293640;305285;332639;371616;398786;416009;444846;467933;496562;522708;546627;546157;540304;550379;559945;582703;605024;633000;678071;744084;818468;889486;964683;1013209;1094162;1162875;1238685|
CZ|R-U|1995|37711;39572;46009;49844;52404;55323;56888;58353;64465;68850;68972;75050;79630;77590;78738;82888;90051;80931;80875;83242;89217;94628;102741;107716;115419;102707;108472;131949;147872;157339;178487|
DK|TOTAL|1992|803763.3;811131.2;861184.7;896752.2;935685.6;983183.4;1009937.7;1058977.9;1142217.9;1181873.9;1212912.2;1238161.7;1294992.6;1351792.4;1431976.6;1479815.7;1554406.8;1492609.8;1565161.2;1594903.4;1634282;1675416.9;1717820.5;1761018.6;1822909.5;1903817.7;1945815;2005034.6;2021320.4;2224247.5;2494375.4;2463205.4;2652538.4;2770663.7|
DK|A|1992|25580.5;24744.7;25615.5;29316.1;30068.7;29903.9;25163.9;23832.3;28502.4;31697;24769.3;22835.3;24106.8;17976.9;19326.5;20401.5;15232.1;13956.4;21545.2;23445.4;30619.8;24323;26801.4;18440.7;19518.9;27585.7;22369.1;28593.4;31118.6;27601.5;28377.4;32444;30500.1;43723.7|
DK|A01|1992|22250.9;22130.3;22703.1;26387.4;27322.2;26837.6;21931.3;20748.2;25414.6;28412.3;21261.8;20177.4;21729.8;15456.2;16457.9;17478.5;12473;11942.8;18564.2;20839;27770.8;21017.2;23404.1;15057.2;15874.6;24213.4;18540.6;25202.8;27099.4;23132.2;24546.6;26235;24317;36872.2|
DK|A02|1992|745.7;681.1;735.8;758.9;605.8;636.8;618.9;680.6;847.5;795.3;814.2;771.2;721.2;723.3;799.2;1000.1;869.7;609.8;1030.6;652.6;871.8;1273.5;1441.8;877.9;942;851.3;1421.8;1479.8;1628.1;2424.1;2591.6;3761;3758.5;4100.6|
DK|A03|1992|2583.9;1933.3;2176.6;2169.9;2140.7;2429.5;2613.7;2403.5;2240.3;2489.4;2693.2;1886.7;1655.9;1797.4;2069.4;1922.9;1889.4;1403.8;1950.3;1953.9;1977.2;2032.3;1955.5;2505.6;2702.3;2521;2406.8;1910.8;2391.1;2045.2;1239.2;2448;2424.6;2750.9|
DK|B-E|1992|169288.6;165350.6;176461.9;187776.3;196012;211463;212524.8;222582.9;251452.4;253600.9;257153.9;252352;264121.2;278014.8;298668.4;299001.1;314890;266090;281136;292115.3;300300.7;305531.5;304849.4;309023.5;325053.1;340158.4;351201.5;365595.9;345688.4;376148.3;459482.4;501521.8;588396.1;634589.9|
DK|B|1992|7909.4;7632;7666.1;7932.8;11630.3;13564.8;10478.4;16070.5;34331.8;29790.9;29620.6;29277.7;37613.9;52553.6;59115.3;58510.4;66356.6;41111.2;45928.2;52513.8;52750;43592.4;35043.5;18603.3;16673.2;18380.8;21902.6;16744.3;7069.5;10652.1;22504.2;14681.2;14612.7;19321.4|
DK|C|1992|136084.6;132915.8;143241.8;152540.4;154243.9;167540.4;172318.2;177001;187724.9;192632.8;196579.2;190485;192545.2;191491.7;203633.5;208467.7;213706;193029.8;197184.6;202799.5;212171.2;228392.7;234252.8;253461.8;271940.3;284965.2;291757.6;308743.2;298667.2;320546;363085.3;435601.3;516441.8;559803.4|
DK|C10-C12|1992|26474;26628.6;26087.5;27430.9;27119.3;29415.9;28339.8;29400.6;30501.1;32301;35077.9;33993.1;34410.1;34239.9;31843.3;31299.3;30924.1;31105.6;29645.4;27928.4;26738.1;27940.4;28251.6;30068.6;31733;29236.1;29879.9;31863.4;31178;30621.1;32634.7;36802.9;39879.1;39642.6|
DK|D|1992|17624.1;18428.3;19299.5;20648.7;23369.1;23214.2;22408.2;21677.6;21245;22619;22261.1;23617.8;24373.8;24303.3;26155;21999.4;23286;20397.7;25366.7;23550.5;21713.1;19966.1;21402.9;21813;20891.7;21864.9;21783.6;24374.2;23359.4;26386.8;55441.5;33922.1;37586.4;35080.5|
DK|E|1992|7670.5;6374.5;6254.5;6654.4;6768.7;7143.6;7320.1;7833.7;8150.7;8558.1;8692.9;8971.5;9588.2;9666.2;9764.7;10023.7;11541.5;11551.3;12656.5;13251.6;13666.5;13580.3;14150.2;15145.4;15547.9;14947.5;15757.7;15734.2;16592.4;18563.4;18451.4;17317.1;19755.2;20384.7|
DK|F|1992|38039.3;35419.8;38040.3;41209.3;46485;45780.5;52307.4;58557.5;62537.1;60618;62618.2;66643.9;70076.9;73581.2;83637.4;85507;94269.6;77151.7;69984.5;74742.7;75459.6;76437.9;79409.4;88175;100125.7;107035.1;110420;109879.7;109278;119008;125708.6;126803.9;130015.7;138671.4|
DK|G-I|1992|166060.7;163453.7;175801.4;185640.4;194173.6;205056.8;206989.2;216914.7;228365.9;233479.7;242612;248199.4;260749.2;272891;287236.9;305624.1;306682.4;278546.2;306015.9;310905.5;315957.7;337683.4;356063.1;363585.8;359173.3;381471.5;384386.9;393452.2;409464.6;502242.6;652729.9;496521.5;522064.1;511311.1|
DK|G|1992|105483;102747.5;111337.2;117096.9;123506.7;127663.8;130569.6;135777.6;139345.2;139774;147297.7;150101.5;154608.1;161441.6;182198;191817.8;196544.8;185636.6;193014.5;205853.6;209994.3;215569.1;224204.8;232860.1;235117.6;247541.6;255084.3;252638.1;282828;294854.8;285871.4;306602.9;313621.6;316229.9|
DK|H|1992|48723.2;48912.2;52011.1;55028.3;56956.7;62134.7;60618.5;63505.2;72516.7;76816.8;77595.1;80126;87781.3;92389.5;83758.1;91199;86914.3;71091.4;91919.5;82060.1;82135.8;96465.2;105210;104081.1;94104;102973.6;96769.8;107372.5;104964.2;181541;330454.1;149446.7;165999.5;151794.2|
DK|H51|1992|4012.1;2963.2;3457.2;3744;4106.1;4174.9;4285.1;4382.3;4702.6;5163.2;4957.1;5290.9;3752;1747;3932.7;4640.9;1641.5;3399.2;1911.2;5099.7;5329.3;4837.7;3699.7;4519.9;5218.3;5743.4;5293.4;4931.6;1928.3;1753.3;1521.5;2250.2;3590.5;4225.6|
DK|I|1992|11854.5;11794;12453;13515.2;13710.2;15258.3;15801.1;17631.9;16504;16889;17719.2;17971.9;18359.8;19059.9;21280.8;22607.3;23223.3;21818.2;21081.9;22991.8;23827.6;25649.1;26648.2;26644.7;29951.8;30956.4;32532.8;33441.6;21672.3;25846.7;36404.4;40471.8;42443;43287|
DK|J|1992|29134.2;29574.9;31316.5;29863.8;33528.5;39057.6;41185.9;45518.1;49173.2;51130.2;53424.3;57247.8;58428.4;58575.9;62065.4;64269;70245;72844.1;74410.8;73807.9;73480.4;78480.4;77668.4;81773.3;86399.6;87786.2;88976.5;96385.2;99409.1;102827.4;105765.6;114970.3;120294.5;125804.1|
DK|K|1992|41434.4;42923.9;48421.8;48617.4;46024.3;46383.9;48678.2;47108.8;51942.8;54912;57503.6;60365;62783.8;69159.2;73155.3;80254.2;90448.7;92316.9;94696.3;92064.4;99686.6;98056.1;99817.1;102764.2;103398.2;107380.4;109399.2;107808.4;107424.9;115626.3;115141.7;143061;146786.3;147552.7|
DK|L|1992|76241.6;79639.3;82783.4;86838.3;87909.4;87085.2;90355.3;94821.5;104074.6;110506.2;115672;121472.6;125753.5;131882.6;135910.3;140248;142182.8;150195.2;160444.5;170332.7;171881.1;175852.5;183499.8;188608.8;196003.3;205539.9;212902.2;222697.8;231155.5;236941;248358.9;262478.3;269447.9;277392|
DK|M_N|1992|47204.7;50535.6;55574.5;55548.8;58550;65041.3;66878.2;71750.8;78346.8;83575.6;84224.5;85713.7;93477.4;105518;112104.4;116430.2;128847.3;126467.4;127648.9;129549.6;131213.5;140140;143419.6;155564.8;174619.5;180301;190134.7;192453.2;191695.6;224600.6;222338.7;231499.3;258085.3;274607.9|
DK|O-Q|1992|184419.7;190861.4;196154.7;200523.5;210193;219804.2;231176.4;241534.4;249957.2;262202.2;273485.1;280855.5;291425.7;298369;311922.6;319270.8;340111.5;362015.5;375174.7;372033.5;379426.9;382086.7;388894.3;395490.6;399198;404903.3;414570.4;424705.2;432521.8;456547.7;469062.8;482485.2;510123.8;538016.2|
DK|R-U|1992|26359.7;28627.3;31014.5;31418.4;32741;33606.9;34678.4;36357;37865.5;40152.1;41449.3;42476.4;44069.6;45823.8;47949.5;48809.8;51497.3;53026.5;54104.3;55906.3;56255.5;56825.3;57398;57591.8;59419.9;61656.1;61454.3;63463.6;63563.9;62704;67409.4;71420.2;76824.7;78994.8|
DE|TOTAL|1995|1719432;1743857;1779970;1828375;1868803;1915279;1977509;2003527;2015904;2069017;2095171;2184869;2275687;2316889;2223746;2341162;2451563;2499101;2555938;2662091;2753317;2852146;2977318;3069316;3161673;3100097;3294085;3591874;3853937;3921311|2022p,2023p,2024p
DE|A|1995|19612;20581;20382;19767;19960;21215;23785;20040;18584;21758;16886;17386;20899;21673;16720;20294;25399;25513;26576;27326;21872;23342;28665;25496;29470;25144;27761;39680;39204;39584|2022p,2023p,2024p
DE|A01|1995|17252;18378;17993;17258;17392;19307;21714;17869;16590;19849;14769;15051;17970;18958;14543;18401;22473;22077;23221;23589;17985;19302;24717;21105;26592;23671;25589;35614;34896|2022p,2023p
DE|A02|1995|2202;2038;2218;2325;2372;1715;1880;1975;1806;1726;1905;2102;2723;2477;2000;1657;2721;3178;3126;3519;3568;3807;3604;3919;2492;1161;1900;3714;4000|2022p,2023p
DE|A03|1995|158;165;171;184;196;193;191;196;188;183;212;233;206;238;177;236;205;258;229;218;319;233;344;472;386;312;272;352;308|2022p,2023p
DE|B-E|1995|440276;436924;446662;462890;465865;483438;491554;485669;489975;510829;518508;555602;587119;586083;505113;586538;621874;638585;633977;663715;684747;715533;738434;750664;760058;716084;764213;845760;943392;916055|2022p,2023p,2024p
DE|B|1995|9497;5596;5133;5013;4786;5030;4159;4391;3750;3903;3925;4909;4943;6320;5104;5230;5433;5815;5161;4948;4654;4101;4331;4389;4617;4410;4764;6119;6464;6905|2022p,2023p,2024p
DE|C|1995|384110;380563;391363;406222;410120;431981;441002;433029;438145;453784;459778;493457;521915;511603;432427;508085;552758;561180;566418;600184;621665;652239;669711;680125;683030;639332;683907;730927;799148;779505|2022p,2023p,2024p
DE|C10-C12|1995|34205;33202;34044;34476;35384;36055;36538;36653;37038;37544;36348;36876;37135;36131;36193;37701;37982;39018;40272;41453;43991;45314;45574;46344;47376;51547;49299;49810;60392|2022p,2023p
DE|D|1995|29928;33988;32919;33493;32574;27915;28014;29694;28775;32811;33677;35744;37866;44615;45045;49532;38054;45447;36192;30564;29186;29277;33295;33633;38538;37896;40755;71026;98328;87747|2022p,2023p,2024p
DE|E|1995|16741;16777;17247;18162;18385;18512;18379;18555;19305;20331;21128;21492;22395;23545;22537;23691;25629;26143;26206;28019;29242;29916;31097;32517;33873;34446;34787;37688;39452;41898|2022p,2023p,2024p
DE|F|1995|116615;110261;105901;101563;100662;96972;91986;87922;84137;81661;78899;81514;85545;88250;89402;94401;100001;104485;107809;111828;113982;120757;127357;137055;143419;154717;162155;173942;187208;193155|2022p,2023p,2024p
DE|G-I|1995|270098;271101;280258;293071;296010;308728;325977;329902;335089;339252;347983;361001;376118;386760;380437;375793;392010;390479;400105;423519;445162;460880;492244;508202;526578;500139;545791;641858;647138;657296|2022p,2023p,2024p
DE|G|1995|175508;175906;179601;189818;187311;195063;206888;209781;213703;215254;219037;225837;233261;241638;240625;232104;243860;238028;241342;260995;272490;286189;308611;315424;325558;339890;354424;403042;409495;408078|2022p,2023p,2024p
DE|H|1995|68833;69332;74026;75142;79474;82514;86914;88671;90275;92424;96882;102647;108276;110780;106744;108858;110920;112984;119815;120724;127758;126961;132992;139042;143559;129232;155157;178335;167868;178189|2022p,2023p,2024p
DE|H51|1995|4323;4851;5720;6025;6232;6843;5763;5378;5374;6138;6336;7120;7882;6275;7737;8888;7984;7594;8529;7067;11785;8998;10799;10739;6362;1673;5756;8823;10902|2022p,2023p
DE|I|1995|25757;25863;26631;28111;29225;31151;32175;31450;31111;31574;32064;32517;34581;34342;33068;34831;37230;39467;38948;41800;44914;47730;50641;53736;57461;31017;36210;60481;69775;71029|2022p,2023p,2024p
DE|J|1995|67265;68353;74487;83504;84701;88773;97122;99656;91980;98624;97866;103816;109219;108572;103915;101827;111020;115349;120807;125427;128329;129800;137066;148381;155567;155462;167800;168244;185650;191267|2022p,2023p,2024p
DE|K|1995|77692;82015;84743;82082;94904;81120;83222;90726;101168;114215;112020;111765;105857;98179;110761;115367;118868;121913;119300;120155;124832;122325;121140;120446;125949;128334;138836;135040;149169;152686|2022p,2023p,2024p
DE|L|1995|183798;191090;194942;198369;198290;206688;217079;223394;223920;225336;232110;245382;257835;267636;263427;264734;281022;276608;287595;293879;304542;311455;317987;322425;329105;333172;339710;346060;374433;387275|2022p,2023p,2024p
DE|M_N|1995|168653;174708;178403;187217;197837;209114;216736;221641;221406;220264;227314;235777;253238;262575;240710;255033;259644;268385;286317;300200;313807;330260;350540;369643;368028;359083;397006;429659;465179;480147|2022p,2023p,2024p
DE|O-Q|1995|304890;316592;321261;325969;333848;339843;348960;362543;367270;372203;376956;382468;388176;401583;418566;432262;444837;459448;474901;494743;511493;532449;556881;578195;610279;629685;651072;691997;733621;770504|2022p,2023p,2024p
DE|R-U|1995|70533;72232;72931;73943;76726;79388;81088;82034;82375;84875;86629;90158;91681;95578;94695;94913;96888;98336;98551;101299;104551;105345;107004;108809;113220;98277;99741;119634;128943;133342|2022p,2023p,2024p
EE|TOTAL|1995|2534.2;3238;4011.6;4544.7;4863.4;5512.9;6232;6964.8;7809.9;8666.8;10054.9;11937.5;14406.6;14805.2;12238.4;12844.4;14643;15754.5;16755.8;17742.7;18203.7;19112.3;21075.6;22991.8;24742.4;24419.9;27518.9;32173.1;33631;34946.1;36483.2|
EE|A|1995|118.2;151.9;187;257.7;196.2;239.8;244.1;278;302.6;353.9;372.9;426.7;643.8;565.3;349.2;467.5;613.7;594;584;634.4;589.7;459.7;568.7;541.8;645.1;538.2;611.3;889.9;642.4;704.7;683|
EE|A01|1995|83.4;107.4;117.4;152.7;107.4;152.9;177.8;167.7;177.8;200.4;213.4;237.4;297.3;223.6;178.1;233.7;310.2;358.2;331.7;346.5;279.3;154;280.1;210.9;286.1;252.5;276.3;485.3;250.6;315.4;310.1|
EE|A02|1995|20.6;27.8;47.5;80.8;70.7;68.7;46.4;89.9;104.7;136.9;140.2;169;323.6;313.5;150.2;209.7;269.8;202.5;220.7;258;271;265.7;249.2;292.4;319.1;253.8;304.6;370.5;365.1;347.8;328.3|
EE|A03|1995|14.2;16.7;22.1;24.1;18;18.1;20;20.4;20.1;16.5;19.3;20.3;22.9;28.1;20.9;24.1;33.6;33.3;31.6;29.9;39.4;39.9;39.5;38.5;39.8;31.9;30.4;34;26.7;41.5;44.5|
EE|B-E|1995|621;781.9;954.6;973;1018.4;1208.5;1404.1;1558.2;1768.8;1882.2;2124.3;2488.9;2887.5;2923.8;2420.5;2792.7;3234.8;3300.6;3565.5;3830.3;3758.3;3925.9;4257;4595.4;4660.4;4390.3;5370.9;6364.5;5944.8;5845.1;6001.7|
EE|B|1995|46.3;59;64.3;60.4;64.4;65.3;72;78.4;87.6;91.5;95;114.9;152.9;145.4;151.8;179.4;204;203.5;255.2;270.6;247.9;204.2;255.7;244.6;220.5;166.7;147.4;181.6;186.5;188.2;191.4|
EE|C|1995|485.9;600.5;756.1;757.1;783.3;954.6;1121.4;1225.9;1377;1458.8;1663.7;1963.2;2274.9;2284.1;1736.8;2026.8;2436.4;2509.9;2597.4;2843.3;2869;3020;3244;3493.5;3667.3;3508;4098.7;4354.6;4360.2;4436;4548.8|
EE|C10-C12|1995|133.1;151;180.9;176.5;165.3;176.2;195.3;193.9;206.8;193.3;220;253.4;283.6;300.2;307.4;269.2;287.1;309.4;335.1;397.5;380.2;386;397.4;429.5;455.2;459.6;451.3;522.2;599.9;640;658.2|
EE|D|1995|65.6;83.2;92.5;113.2;129.2;141.1;153.6;188.9;234.2;250.1;278.6;301.4;333.1;341.3;401.7;445.8;459.4;448.2;580.3;573.1;497.3;544.1;580.8;675.7;572.9;537.1;895.1;1629.7;1195.1;1005.6;1038.6|
EE|E|1995|23.2;39.3;41.7;42.4;41.4;47.6;57.1;64.9;70;81.7;87;109.4;126.6;153;130.2;140.7;135;139.1;132.6;143.3;144.1;157.5;176.5;181.6;199.6;178.6;229.7;198.6;203;215.3;223|
EE|F|1995|162.5;195.4;239.5;314.2;270.8;327.1;367.9;435.8;514.6;604.4;854.5;1167.6;1515.2;1419;869;750.4;1008.7;1154.4;1163.6;1079.1;1098.5;1229.5;1379.7;1561.8;1692.7;1675.1;1810.2;2101.3;2200.3;2280.1;2272.4|
EE|G-I|1995|534.9;733.9;929;1076.2;1176.5;1373.9;1568.2;1747.5;1977.1;2198.5;2476.9;2937.7;3356.9;3312.2;2636.5;2880.8;3333.8;3648.9;3846.6;4112.2;4045.3;4249.1;4641.4;5055.6;5391.5;4984.5;5584.3;6368.9;6351.4;6431.1;6578.3|
EE|G|1995|294.6;412.9;495.5;571;614.4;695.2;831.1;981.9;1101;1216.6;1433.2;1710.4;1970.2;1880.5;1430.5;1496.3;1752;1942.7;2022.2;2189;2143.1;2397.2;2655.2;2985.3;3186.7;3130.2;3455.6;3820.7;3902.9;4002.8;4099.4|
EE|H|1995|205.8;269.6;373.8;432.2;481.2;590.5;639.8;659.2;753.7;841.3;871.5;1030.2;1162.2;1176.4;1025.1;1198.1;1347.4;1437.2;1517.9;1593.5;1563.5;1480.5;1571.8;1625.2;1715.7;1555.5;1781.1;1964.5;1811;1749.1;1786.7|
EE|H51|1995|2.4;3.1;4.2;5.8;7.6;9.6;11.8;15;16;14.2;25.6;16.5;15.1;10.5;10.7;11.9;6.9;-2.5;13.3;13.4;20.1;-2.6;27;16.4;16.4;8.6;20.2;24.2;-36;-15;-13|
EE|I|1995|34.5;51.4;59.7;73.1;80.9;88.3;97.3;106.4;122.5;140.6;172.2;197;224.5;255.3;180.9;186.4;234.3;269;306.5;329.7;338.6;371.4;414.4;445.1;489.1;298.8;347.7;583.8;637.5;679.1;692.1|
EE|J|1995|113.2;144.1;172.8;212.1;248.9;287.2;309.2;345.9;387.5;424;468.4;543.3;654.6;733.3;680.3;681.1;739.5;804.6;849;906;978.2;1056.3;1189.1;1402.4;1624.6;1818.3;1885.7;2400.6;3034.1;3040.2;3420.5|
EE|K|1995|71.6;95.7;125.9;134.9;203.3;234.8;257.2;310.9;294.7;336;412.4;505.9;700.7;793.7;558.4;649.4;663.7;699.9;670.5;716;779.1;794.9;861;948.2;1080.1;1188.8;1264.8;1467.2;1961.8;2224.5;2275.6|
EE|L|1995|275.4;353.7;495.6;568.1;596.8;626.4;714.5;741;778.7;839.7;967.3;1125.6;1306.7;1364.4;1287.5;1221.1;1375.9;1632.7;1844.7;1975;2202.9;2374.1;2637;2757.2;2972.7;2892.2;3178.3;3740.3;3560.6;3706.8;3912.6|
EE|M_N|1995|116.3;146.2;192.5;224.7;260.6;264.6;324.4;386.9;494.8;597.2;750;906;1108.6;1189.8;1075;1109.5;1239;1354.4;1435.4;1498.3;1539.6;1635.5;1860.9;2098.9;2275.3;2266.3;2707;3100.8;3352;3551.8;3788.2|
EE|O-Q|1995|450.9;543.6;604.5;663.4;762.1;804.6;876;966.3;1071.1;1183.4;1342.6;1506.9;1846.8;2153.3;2062.8;2002.4;2118.6;2213.4;2401.4;2563.8;2762.1;2912.1;3151.1;3439;3757.1;4031.1;4387.4;4849.5;5625.7;6164.4;6493.9|
EE|R-U|1995|70.2;91.6;110.3;120.4;129.8;145.8;166.4;194.4;220;247.7;285.5;328.9;385.8;350.4;299.2;289.5;315.4;351.6;395.1;427.7;450;475.4;529.7;591.6;642.9;635;719;890.2;957.8;997.3;1057|
IE|TOTAL|1995|49450.8;53516.2;61844.9;72754.1;82670.8;96721.8;108813.8;120604.6;128986.9;137429.2;149522.7;162578.1;175065.9;167335;152335.9;152323.7;158278.8;161459.8;169095;186168;254663.7;257066.1;286712.9;315068.2;343049.3;358665.2;422643.4;496977.9;499273.9;535877.4|
IE|A|1995|3055.6;2821;2711.3;2795.3;2386.8;2717.7;2434.3;2360;2154.5;2459.7;1760.2;1703.4;2055.9;1592;945.8;1598;2085.8;1742;1957.1;2441.9;2365.3;2555;3453.1;3110.6;3469.8;3851.5;4633;6107.1;4444;5746.9|
IE|A01|1995|2752.3;2534.6;2494.9;2568.1;2173.8;2492.9;2192;2129.8;1937.9;2248.6;1571.4;1480.2;1811.2;1461.4;776.6;1356.4;1924.2;1574.7;1793.3;2268.5;2187.8;2386.3;3234.8;2899.6;3261.8;3679;4421.8;5845.8;4135.4;5444.3|
IE|A02|1995|62.7;54.7;6.4;21.4;30.9;52.8;64.6;61.1;72.8;79.5;60.1;109.8;125;63.6;80.4;104.4;1;9.7;13.6;18.9;16.2;21.4;37.9;24.5;18.6;18.4;18.3;50;81.8;74.9|
IE|A03|1995|240.6;231.7;210.1;205.8;182.1;172;177.7;169.1;143.8;131.6;128.7;113.4;119.6;66.9;88.8;137.2;160.6;157.6;150.2;154.5;161.3;147.2;180.4;186.6;189.4;154.1;192.9;211.2;226.7;227.7|
IE|B-E|1995|12922.9;13831.5;16847.4;20569;23526.4;27246.4;33530.4;39070.6;37028.5;36128;36528.2;38258.5;40155.1;37504.9;39246.5;36726;40001.7;39464.8;39791.2;44210.2;99355.2;94580.2;103795.7;114847.3;121056.8;133228.2;160488.5;199983.8;164863.5;174970.2|
IE|B|1995|314.6;311.8;458;394.5;390;478.7;608.6;552.9;620.1;456;575.2;932.6;1208.3;913.4;916.5;687;726.2;886.8;751.7;908.8;407;549.5;609.1;615.6;504.3;381;633.1;783.6;717.9;834.8|
IE|C|1995|11328;12293.9;15122.5;18695.8;21835;25083.2;30827.4;36372.8;34004.7;33013.6;33366.6;34344.6;35418.8;32885.1;34562.8;32629.4;35658.6;34627.5;34891.9;39289.2;95003.1;90028.1;99168.5;109857.4;116147.3;128318.9;153880.8;193176.3;156393.1;166390.1|
IE|C10-C12|1995|1886.2;2139;2389;2827;3109.8;3602.3;4543;5027.3;5918.2;5806.5;5732.3;6128.9;6344.8;6143;5934.9;6499.1;6433.8;6669.9;7592.5;8493.1;8901.5;8993.2;8643.4;9053.3;7739.3;7682;8328.1;9717.6;10601.7;11656.5|
IE|D|1995|910.2;811.2;891.7;1007.2;794.2;1094.5;1368.3;1373.2;1594.8;1749.8;1640.1;1825.5;2242.2;2422.4;2588.4;2516.4;2869.6;3111.9;3265.9;3059.8;2925.4;2923.9;2813.6;3060.7;2935.8;3137.4;3923.4;3653.4;5630.5;5423.3|
IE|E|1995|370.1;414.6;375.1;471.6;507.2;590;726.1;771.7;808.9;908.6;946.3;1155.8;1285.8;1283.9;1178.7;893.2;747.2;838.5;881.7;952.3;1019.7;1078.6;1204.5;1313.6;1469.3;1390.9;2051.2;2370.4;2122.1;2322.1|
IE|F|1995|2923.2;3186;3761.5;4596.8;5582.9;6931;8081.4;8671.8;9933.1;11947.1;14622;17365;16062.1;11049.2;4170.5;2342.3;2069.9;3037.4;3813.6;4792.8;5310.8;6188.5;8000.3;8645.3;9461;8699.9;10129.7;12242.5;13563.7;14312|
IE|G-I|1995|8061.8;9463.3;11065.8;12809.6;14288.3;16825.4;16577;18044.8;20263.9;21313.7;23680.9;26090.5;28864.1;27253.5;24639.4;24891.2;26710.1;27558.6;29772.7;30411.2;31504.3;33514.8;35536.9;36491.6;37562.5;32972.4;36909.5;46522.3;51785.2;52780.1|
IE|G|1995|5362.6;6448.2;7444.9;8141.8;9099;10526.1;9867.3;11088.8;12543;13171.4;14900.8;16466.4;18162.5;17450.5;14802.3;15871.1;17624.3;18342.3;20067;20090.5;20375;21949.1;23281;24531.6;24734.1;26453.6;28151.2;31637.8;34251.3;34284|
IE|H|1995|1725.1;1926.1;2251.1;2703.7;3056.5;3636.5;3914.3;4144;4596.6;4964.8;5294.3;5864.3;6371.5;5869.2;6151.5;5684.4;5709.6;5668.2;5896.6;6280.7;6655.2;6796.9;6998.1;6372.7;7118.5;3675.5;4859.2;7801.1;9293.1;9664.5|
IE|H51|1995|314;325.8;381.2;508;643.1;713.3;540.6;774.6;794;842.9;840.2;1085.5;1349.3;847.8;1386.2;1443.3;1353.2;1403.5;1448.1;1799.5|2015|C,2016|C,2017|C,2018|C,2019|C,2020|C,2021|C,2022|C,2023|C,2024|C
IE|I|1995|974.1;1089;1369.9;1964.1;2132.7;2662.7;2795.4;2812;3124.2;3177.5;3485.8;3759.8;4330.1;3933.8;3685.6;3335.7;3376.3;3548;3809.1;4040;4474.1;4768.7;5257.9;5587.3;5710;2843.3;3899.1;7083.4;8240.8;8831.6|
IE|J|1995|3249.7;3585.8;4619.5;5712.1;6913.9;7764.3;7843.9;7784.7;8438.3;9495.4;10238.2;10294.9;11382.1;12751.8;12752.4;14008.3;14313.3;15763.2;17199.4;19476.2;23441;25384.7;32074.8;40088.6;51162.9;61551.2;79588.8;87796;101202.1;111214.9|
IE|K|1995|4155.5;3992.5;4043;4910.1;5934.6;7200.7;8151.2;8866.9;11444.2;12829.8;14604.3;15869.5;17406.9;16421.1;16043.7;17479.2;15608.8;15019.6;13377.2;15674.4;16731.4;15368.4;16345.2;17035.3;17039.2;15883.4;19936.3;17573.3;23162.6;27081.7|
IE|L|1995|2780.5;3193.3;3968.1;4979.7;5678.8;6867.8;8046.4;9264.7;9642.5;9735.4;10014.1;11083.1;12884.2;12789.5;8275.9;9854.4;10280.5;11321.9;12066.3;13258.6;14617.5;15582;16705.1;18868.8;20316.8;20235.1;22215.8;25515.9;27429;30767.8|
IE|M_N|1995|2546.7;2891;3470.4;4473;5334.8;6244;6923.8;7051.1;8171.1;9527.1;12181.8;13388.3;14928.2;14487.9;13161.2;13918.3;15743.9;16057.7;19777.5;23943.9;28537.1;30071.5;34505.9;37749.4;42300.3;41874.8;44558.3;52033;58992.3;62395.7|
IE|O-Q|1995|8502.7;9217.4;9853.3;10292.5;11165.1;12854.8;14860.4;16861.6;19032.7;20970.9;22685.7;24857.3;27246.3;29536.7;29486.8;27923.3;28077;28202.5;27853.1;28386.6;29210.4;30142.1;32006.3;33683.7;35945.6;36532.5;39731.5;43440.9;47771.1;50720.4|
IE|R-U|1995|1252.2;1334.3;1504.6;1616;1859.2;2069.7;2365;2628.4;2878;3022.1;3207.3;3667.6;4081;3948.4;3613.5;3582.7;3387.8;3292.1;3486.8;3572.2;3590.7;3679;4289.4;4547.5;4734.4;3836.1;4451.8;5763.2;6060.5;5887.5|
EL|TOTAL|1995|83382.1;90907.5;99918.2;109247.3;114840.2;121095.3;130715.2;141238.9;155704.5;169962.4;174351.6;189484.4;201855.1;210563.9;209179.3;197195.6;178347.3;163766.2;157795.3;155355.4;154780.6;152015.6;154782.3;156634.9;160732.6;147236.3;161015.4;182631.3;196050.9;205426.5|2023p,2024p
EL|A|1995|6304.5;6205.2;6774.1;7388.2;7427.3;7492.3;7906;8296.3;9269;8594.6;8720.4;7041;7233.3;6911.5;6855.9;6515.9;6230.1;6356;5969.4;6221.4;6701.6;6032.6;6655.7;6368;6780.4;6574;6518.7;7835.1;8408.3;8914.3|2023p,2024p
EL|A01|1995|6028.6;5884.8;6450.1;7047;6904.3;6956.5;7366.1;7746.2;8639.2;7954.1;8018.7;6292;6455.3;6179.1;6128.9;5738.2;5465.2;5654.3;5274.1;5526.9;6065.2;5396.8;6010.6;5724.7;6132.3;5927.1;5806.7;6945;7648.3;8119.5|2023p,2024p
EL|A02|1995|55;43;50.2;52.2;61.7;53.1;41.1;43.1;51.3;49.1;53.2;62.2;60.8;60.4;55.3;49.2;59.5;63.8;73.5;62.4;72.4;65.6;60.5;59.8;60.7;46.9;45.7;57.2;54.4;54.4|2023p,2024p
EL|A03|1995|221;277.3;273.8;288.9;461.3;482.7;498.8;507;578.4;591.4;648.4;686.7;717.2;672;671.7;728.5;705.4;638;621.9;632.2;564;570.2;584.6;583.5;587.4;600;666.3;832.9;705.6;740.4|2023p,2024p
EL|B-E|1995|13535.3;14202.9;14531.5;15578;16926.3;17506.8;19441.3;20950.3;22674.4;23820.4;24613.9;26031.8;27239.7;27579.7;26431;24937.4;23423.2;23273.8;22378.4;21902.8;22121.8;22074.4;22093.6;22378.7;22382.2;21576.3;24238.1;30714.7;28922;30932.8|2023p,2024p
EL|B|1995|374.3;426;473.1;481;479.7;610.5;628.8;667.9;746.7;789.3;861.2;881.3;955.7;891.9;855.6;909.2;921.9;820.2;850.4;856.9;899.4;818.2;821.8;876.2;768;621.1;662.4;669.8;638.8;620.1|2023p,2024p
EL|C|1995|10425.2;10875.2;11006.6;11797.4;12914.9;13507.9;15339.7;16331.8;17402.3;18231.3;18569.1;19563.8;20688.3;21218.2;19148.2;17941.2;16580.6;15125.5;13858.1;13721.7;14544.6;14143.8;14221.7;14777.6;14517.4;14119;15994.5;20123.4;20104.7;21462.2|2023p,2024p
EL|C10-C12|1995|2546.3;2854.6;2913.2;2933.9;3139.8;2944;3488.7;4201.3;4381.1;4704.2;4917.4;4940.9;5061.9;5576.3;5589.7;5534.4;5450.1;5570.5;5026;5121.8;4938.1;4995.2;4749.3;4848.9;4852.6;4890.8;5185.4;6009.3;6137.5;6847.4|2023p,2024p
EL|D|1995|1749.5;1809.6;1851.2;2063.7;2074.8;1795.1;1825.9;2229.9;2694;2781;3067.2;3331.3;3374.5;3004.6;3760.1;3590.4;3599.5;4934.2;5240.9;4990.5;4588.7;4960.7;4999.4;4689.4;4986.1;4976.7;5794.8;8355.8;6412.9;7111.3|2023p,2024p
EL|E|1995|986.3;1092.2;1200.6;1236;1456.9;1593.3;1646.9;1720.6;1831.5;2018.9;2116.3;2255.4;2221.3;2465;2667.2;2496.7;2321.3;2393.9;2429;2333.6;2089.1;2151.7;2050.7;2035.5;2110.6;1859.5;1786.3;1565.7;1765.7;1739.3|2023p,2024p
EL|F|1995|4369.9;4937.5;5720.3;6831.7;7756.1;7973.6;8796.3;9280;13026.3;14862.3;11225.8;17902.4;15742;12220.3;11279.6;8747.7;5834.9;4239;4453.2;3001.3;3201.7;2881;1930.4;2330.2;2458;2374.4;3025.8;3897.4;4438.8;4574|2023p,2024p
EL|G-I|1995|20234.2;23268.3;26197;28010.8;29071;32341.2;33535;34257.1;38629.9;42535.6;44116;45275.1;50612.3;55755.7;51185.5;49197.5;43134.4;39074.4;38882.9;39321;37597.8;36726;39140.3;40842;40722.7;32542;37553.6;44639.3;48573.2;50543.4|2023p,2024p
EL|G|1995|12789.7;14845.1;16417.2;16939.3;17887.1;19210.2;19311.2;20679.3;22182;23051.3;21931.8;22193.5;25222;27324.4;26297.1;24853;22166.3;19544.7;17900.7;18182.2;18219.8;18364.8;19117;19772.6;18881.8;17384;19137.8;21780.5;21785.5;22369.1|2023p,2024p
EL|H|1995|3831.1;4299.2;4869;5517.9;5989.1;7649;7195.7;7371.6;9341.3;11448.8;12896.8;13717.5;15813.3;17083.2;14480.5;14199.3;12152.1;11083.9;10594.5;11016.8;9260.5;8902;9675.4;10163.6;10211.8;8787.8;9966.8;11176.7;13050.5;13106.1|2023p,2024p
EL|H51|1995|410.7;330.7;273.6;318.2;247.2;171.3;207.4;216.5;447.7;326.6;322.1;410.7;479.5;704.2;738.6;513.9;584.5;610.6;619.5;527.2;564.1;581.9;788.4;709.1;685.3;375.7;551.2;886.8;1207.7;1288.8|2023p,2024p
EL|I|1995|3613.5;4124.1;4910.7;5553.6;5194.8;5482;7028.1;6206.1;7106.6;8035.4;9287.4;9364.1;9576.9;11348.1;10407.9;10145.3;8815.9;8445.8;10387.8;10122;10117.5;9459.2;10348;10905.9;11629.1;6370.2;8449.1;11682.2;13737.1;15068.2|2023p,2024p
EL|J|1995|2217.5;2463.2;3043.8;3380.6;3721.2;3672.7;4019.1;4366.8;4373.2;4754.7;4949.6;5773.3;5985.3;6093.8;6322.9;6270;5668.3;5183.5;4802.7;4341.8;4498.6;4627;4794;4862.2;5165.3;5671.5;6142.1;6902.6;6953.8;7507.8|2023p,2024p
EL|K|1995|6472.6;6786.2;6328.2;6510.5;6269.6;5570.6;5070;5763.6;6685.8;8168.1;8534.2;8924.8;9049.6;8982.3;9510;9366.7;8538;6157.1;7003.3;8146.7;7859;8622.3;8728.7;8133.2;8057.3;7679.1;7973.3;8551.8;13008.2;13211.1|2023p,2024p
EL|L|1995|10573.2;11822.7;13278.8;14621.1;14817.5;16186.6;17765.6;19989.8;20053;20571.7;22712;25043.5;27919;31416.6;32493.1;33015.4;32326.9;29834.1;28428.4;27662;28353.1;27466.3;27439.4;26825.8;29184;27003.8;28546;29326.9;32241.4;32520|2023p,2024p
EL|M_N|1995|4960.4;5282.1;5809.8;6404.7;7197.9;7232.1;7822.6;8962.2;9972;10937.1;11079.1;12332.6;13451.9;14258;13530;10915.1;9489.6;8698.6;8111.9;7859.1;7828.5;7557.3;7824.9;8107.6;8685.8;7962.7;9502.3;11176.2;12633.8;14017.6|2023p,2024p
EL|O-Q|1995|12641.8;13514.7;15575.1;17467.2;18352.6;19625.2;22317.6;24700.9;26376;30501;32488.8;34945;37743.9;40253.8;43811.3;42086.4;38155.8;35532.2;32475.8;31765;31587.3;31104.3;31014.5;31187;31453.3;31207.3;32161.6;33515.9;34337.2;36208.2|2023p,2024p
EL|R-U|1995|2072.7;2424.6;2659.7;3054.7;3300.6;3494.1;4041.5;4671.9;4644.9;5216.8;5911.9;6215;6878.2;7092.3;7759.9;6143.5;5546.1;5417.6;5289.3;5134.4;5031.2;4924.4;5160.7;5600.3;5843.6;4645;5354;6071.3;6534.1;6997|2023p,2024p
ES|TOTAL|1995|426016;451540;477108;507255;540843;588595;638972;683365;728182;775872;833031;898262;970997;1025304;1005567;989756;984997;953037;937641;946493;987936;1019400;1061122;1097845;1137968;1030964;1118595;1254715;1366751;1452583|2023p,2024p
ES|A|1995|17833;21414;22289;23027;22698;24247;25755;26107;27458;26815;25601;24127;26881;26183;24138;26039;25248;24840;26764;26254;29605;31614;32801;32747;31591;31445;34201;32603;39035;43892|2023p,2024p
ES|A01|1995|15723;19111;19871;20378;19896;21301;22818;23063;24468;23767;22618;21152;23774;23650;21926;23821;22796;22478;24324;23673;27062;28830;29951;30135;29036;29127;31547;30136;36417|2023p
ES|A02|1995|769;842;957;1132;1207;1444;1414;1544;1566;1574;1656;1727;1798;1478;977;979;1083;956;1049;959;972;969;1001;1003;1080;917;897;1010;1120|2023p
ES|A03|1995|1341;1461;1461;1517;1595;1502;1523;1500;1424;1474;1327;1248;1309;1055;1235;1239;1369;1406;1391;1622;1571;1815;1849;1609;1475;1401;1757;1457;1498|2023p
ES|B-E|1995|91034;96839;103357;108351;113812;121835;128638;133154;138200;143100;150913;158752;166575;172743;155881;157907;158350;151066;149884;151045;157662;160533;168657;172142;176691;163491;185462;218941;220097;227314|2023p,2024p
ES|B|1995|2401;2183;1837;1718;1715;1772;2232;2455;2688;2884;2864;3100;3389;3274;2598;2653;2602;2306;1845;1636;1496;1486;2214;2768;3160;2492;4421;6553;4410;3720|2023p,2024p
ES|C|1995|74961;80050;86582;92106;97146;105341;110960;113885;117206;120560;125316;131369;135843;137888;121547;119716;119709;112007;111450;114259;119732;122996;130043;130788;134106;122556;139066;151730;164020;172896|2023p,2024p
ES|C10-C12|1995|12613;12926;13424;13774;14490;14564;15295;16032;17263;18099;20069;20596;22649;23743;23520;23975;24832;24208;23723;23693;24035;24351;25002;23761;25333;23924;25025;30093;34193|2023p
ES|D|1995|10568;11131;11160;10397;10420;9813;10072;10898;12116;13110;15629;16634;19269;22993;22938;25491;25492;26165;25580;24465;25447;24621;24610;26595;27005;25900;28458;46788;36572;35202|2023p,2024p
ES|E|1995|3104;3475;3778;4130;4531;4909;5374;5916;6190;6546;7104;7649;8074;8588;8798;10047;10547;10588;11009;10685;10987;11430;11790;11991;12420;12543;13517;13870;15095;15496|2023p,2024p
ES|F|1995|39514;40626;42471;46562;52407;59618;67550;75008;81851;88836;100903;111572;116462;118569;110029;89685;75556;64407;55533;55390;58924;61744;64233;67144;73774;63700;65544;73065;78819;82843|2023p,2024p
ES|G-I|1995|105700;109248;114425;121115;129902;140174;151805;161625;169536;180918;188756;200933;213958;224699;220992;223574;227372;223444;219315;222461;235719;246278;257483;266217;274316;210351;248408;293370;324244;349578|2023p,2024p
ES|G|1995|52488;54785;57149;59628;63585;68415;74878;80544;84870;91739;97547;105084;114096;120550;118064;119726;122348;120807;120581;120318;126859;134228;139334;144466;147392;135607;154401;166250;179114;186523|2023p,2024p
ES|H|1995|22377;22869;23652;25158;26496;27973;31039;32456;34083;35761;35575;37754;40373;42116;41680;43578;44502;43212;42149;44350;47420;46864;48402;49836;51954;40170;43806;52836;59056;65272|2023p,2024p
ES|H51|1995|1916;2122;2123;2156;2229;2337;2399;2517;2559;2590;2254;2188;2089;2079;2055;2192;2033;1962;2119;2177;2329;2463;2718;3472;3558;-229;669;3161;4615|2023p
ES|I|1995|30835;31594;33624;36329;39821;43786;45888;48625;50583;53418;55634;58095;59489;62033;61248;60270;60522;59425;56585;57793;61440;65186;69747;71915;74970;34574;50201;74284;86074;97783|2023p,2024p
ES|J|1995|16145;17833;19916;21969;23691;26074;28567;31371;33128;34498;36299;37893;39890;41022;41188;39693;38594;37527;36647;35981;36794;37624;39885;40648;42675;40487;43558;49632;55845;58830|2023p,2024p
ES|K|1995|20042;20920;22254;23260;23118;25383;29787;31761;32816;35212;37445;41527;47932;52201;55356;41244;38944;40135;33670;36682;37138;39036;40551;44539;43851;45965;46505;52948;73730;80723|2023p,2024p
ES|L|1995|23648;25337;27275;29434;32185;36664;39986;46126;52404;60041;69288;79190;92356;98859;97197;109377;115567;118011;122453;121851;119749;121874;124735;129739;133936;134806;138045;146180;159783;167217|2023p,2024p
ES|M_N|1995|24104;26088;28181;30859;33741;37514;41637;44524;48424;51130;56295;64044;71623;77071;75831;74231;76553;73550;73483;77321;84287;87088;91586;96643;103662;92513;101823;114694;124919;131703|2023p,2024p
ES|O-Q|1995|70231;74621;77627;82036;87232;93605;100032;106687;115532;124378;133599;144053;156599;171956;181662;183087;183072;175163;175537;174734;179838;184134;188676;194134;202872;204632;210316;220307;234952;251424|2023p,2024p
ES|R-U|1995|17765;18614;19313;20642;22057;23481;25215;27002;28833;30944;33932;36171;38721;42001;43293;44919;45741;44894;44355;44774;48220;49475;52515;53892;54600;43574;44733;52975;55327;59059|2023p,2024p
FR|TOTAL|1992|1009419.1;1021961.9;1049150.1;1085115.5;1110431.3;1149286.3;1199979.9;1243960.6;1319254.3;1373817.1;1417481.7;1457776.7;1521910;1579667.7;1649439.9;1736159.9;1787460.6;1743573.3;1792597.6;1845782.1;1866716.6;1894345;1921806.4;1960327.3;1983737.7;2029705.8;2081977.9;2150689.8;2056545.2;2212764.4;2368609.4;2545652;2624893.4;2664898.2|2024p,2025p
FR|A|1992|27580.5;24644.3;26634.5;28079.9;28371.9;28572.1;30097.7;29531.4;29241.9;30636;30048;28319.2;29176.2;27888;26343.9;29392.3;28264.1;23857.6;29958.7;31991.5;31866.1;28866.5;31477.8;33100.3;29861.4;32884.7;36063;34252.4;33856.9;36702.2;45653.3;40566.5;37066.6;41318.7|2024p,2025p
FR|A01|1993|21571.2;23308.4;24578.6;24833.6;24992.7;26377.8;25873.7;26012.9;26390.4;26205.2;25233.3;25979.1;24708.8;22829.4;25324.2;24711.8;21053.7;26693;28264;28682.1;25486.8;27177.9;28573.7;25645.3;28734.9;31882.6;30280.5;30311;32646.9;41088.2;35732.7;32669.2|2024p
FR|A02|1993|2095;2369.3;2648.1;2550.8;2548.6;2671;2671.7;2289.5;3060.2;2670.6;1790.6;2071.1;2103.3;2621.3;3145.6;2655.3;1933.1;2363;2747;2347.2;2520.5;3359.3;3589.6;3198.2;3025.8;3136.8;2821.5;2597.2;2999.4;3595.4;3568.4;3274.6|2024p
FR|A03|1993|978.1;956.8;853.2;987.5;1030.8;1048.9;986;939.5;1185.4;1172.2;1295.3;1126;1075.9;893.2;922.5;897;870.8;902.7;980.5;836.8;859.2;940.6;937;1017.9;1124;1043.6;1150.4;948.7;1055.9;969.7;1265.4;1122.8|2024p
FR|B-E|1992|205122.8;201088.6;201929.9;211273.2;212372;220252.4;230387.6;234624.3;248027.8;250224.2;250956.1;249192.1;254019.4;256194.7;257992.8;262828.7;258567.5;240670;243522.2;253149.2;255535.4;260450.4;262884;271001.1;269947.6;270903.6;277731.2;288093.1;261238;277505.6;287583.6;373347.9;366266.7;358527.6|2024p,2025p
FR|B|1992|2286.6;2062.8;2000.9;1933;1927.5;1974.7;1887.7;1886;2032.6;2083.4;2121.1;1948.4;1887.8;2052.1;2210;2459.2;2485.3;2327.5;2374.2;2327.4;2285.7;2226.2;2443.2;2123.3;2042.6;2079.7;2144;2120.9;2003.5;2244.2;2249.8;2216.8;2288.7;2279.8|2024p,2025p
FR|C|1992|172832.9;168742.6;169946.4;178486.2;178101.1;187353.3;195313.2;199674.5;212007.3;213133.6;212440.2;210775.2;213153.6;214005.1;214859;224404.6;220252.7;203682.8;205147.3;212674.5;213988.4;217407.1;219282.3;227182.7;226869.6;229398.4;232856;241054.8;214340.1;228132.6;246857.9;287169.2;298287.7;299277.5|2024p,2025p
FR|C10-C12|1992|26455.5;27573.1;26461.5;27056.4;27323.8;27977.7;29640.8;29257.9;30012.8;29816.5;31360;32539;33953.2;33096.7;32414.4;33999.4;33636.5;33128.4;32338.9;34198.9;34815;36206.6;37313.7;38179.3;38758.4;39233.7;39018.2;40365.3;39686.4;40666;41146.7;48038.5;50552.4;48209.9|2024p,2025p
FR|D|1992|24285.7;24652.7;24178.8;25324;26421.8;25003.3;26499.5;26217.9;25776;26152.4;26658.5;26729;28256.2;30090.2;30072.5;24302.4;23828.7;23156.5;22928.3;24537.9;25881.1;27541.6;28136.6;28711.4;28036.7;25702.2;28848.7;31331.6;32241.3;31851.4;21498.8;66536.4;46252.4;37430.4|2024p,2025p
FR|E|1992|5717.6;5630.5;5803.8;5530;5921.6;5921.1;6687.2;6845.9;8211.9;8854.8;9736.3;9739.5;10721.8;10047.3;10851.3;11662.5;12000.8;11503.2;13072.4;13609.4;13380.2;13275.5;13021.9;12983.7;12998.7;13723.3;13882.5;13585.8;12653.1;15277.4;16977.1;17425.5;19437.9;19539.9|2024p,2025p
FR|F|1992|62027;58124.3;56093.2;56951.5;54979.4;54874.9;55529.8;58513.8;63307;67480.1;70456.8;74025.8;79582.8;84853.7;93099.9;103408.5;112239.5;108165;107679;111437.5;109255.6;112095.3;110608.2;108442.2;108197.5;112914;116209.9;123120.2;116007;125991.1;130929.3;142708.5;145655.7;148501.4|2024p,2025p
FR|G-I|1992|178194;178385.9;183259.5;189010.6;189551.4;197501.3;209467.3;215927.5;227018.8;241642.9;250433.6;261287.8;269129.6;275344.2;281988.3;296185.9;310322.7;302599.4;307876.6;313481.5;317659.8;318953.3;322499.3;332982.2;336166.4;343030.8;346792.9;364927.1;324101.3;369322.6;422808.4;428189.7;443910.4;444600.7|2024p,2025p
FR|G|1992|115567.1;116371.8;119072.3;124612.2;124725.1;128238.9;134837.2;137695.1;145110.3;155981.4;160363.6;168893.4;171796;173570.3;176898.1;183356.2;193767.6;190126;188267.6;192943.9;194485.4;194641.5;195157;201891.4;203088.5;206272.9;209936.5;218378.5;210359.2;227549.8;232649.7;249764.5;251366.4;250063.7|2024p,2025p
FR|H|1992|43522.2;42361.2;44084.6;43781.9;44345;47698.4;51488;53540.8;55319.8;58460.6;61206.5;62619.1;66720.3;69229.2;71229.8;76562;79811.5;76300.2;81155.4;80200.9;82249.9;82743.1;86055;88809.6;88938.3;92003.6;89864.7;95511.2;84929.2;109418.9;134781.7;116983.1;123823.2;123480.9|2024p,2025p
FR|H51|1993|2287;2608.7;2338.3;2003.8;2265.9;2448;2609.2;1934.3;1855.7;2471.7;2720.9;3063;3302.2;3761;3871.6;4457.7;3990.7;4926.8;4763.4;4957.3;5086.2;5160.7;6183.5;6136.4;6315.4;5561.6;6488;2299.1;4906.4;8214.5;10340.8;11096.5|2024p
FR|I|1992|19104.7;19652.9;20102.6;20616.5;20481.3;21564;23142.1;24691.6;26588.7;27200.9;28863.5;29775.3;30613.3;32544.7;33860.4;36267.7;36743.6;36173.2;38453.6;40336.7;40924.5;41568.7;41287.3;42281.2;44139.6;44754.3;46991.7;51037.4;28812.9;32353.9;55377;61442.1;68720.8;71056.1|2024p,2025p
FR|J|1992|48994.4;50138.7;52320.2;53734.2;55820.5;58841.4;62724.2;66767.9;69424.6;74476.2;79919.7;81078.4;84706.9;85827.3;90052.5;93229.6;95323.9;93289.6;93632.8;94848.1;94718.8;94506.3;94762;97967.4;101623.7;106844.2;112243.7;117186.4;115434.5;124843.4;131672.5;138234.7;144044.4;147141.8|2024p,2025p
FR|K|1992|43423.8;46619.2;46043.4;42221.8;42992.2;42529.3;42551.7;46041.1;52357.9;48894.2;50529.9;50719.8;55403.3;58407.8;62055.9;65530.4;62749.6;66664.2;78776;76431;76201.9;80871.1;82979.7;83543.3;81608.3;75283.7;81059.8;78350.8;79816.9;85211.7;87940.1;73116;81394.6;96252.7|2024p,2025p
FR|L|1992|109319.8;114551;121271.8;124129.2;130401.1;137060.4;142230;145265;158094;168083.5;171324.6;179669.3;194140.9;209382.3;227217.6;244201.5;254335.9;243415.3;245910.2;252469.5;258494.2;262301.8;266766;272056.9;278972.7;286281.3;292014.8;300545.4;303856.6;310139.4;325412.4;372697.4;380347.3;376739.1|2024p,2025p
FR|M_N|1992|109778.2;110160.8;113168.7;120056.6;125120.7;129242.8;138087.2;147914.3;162475.5;171277.6;176364;182360.5;190038.3;200704.5;215383.5;230293.1;240049.7;224902.6;234900.3;248172.5;249214.8;251853.2;256971.7;264597.1;273770.7;285631.4;297564.8;311391.2;293333;319626.3;343758.5;359839.9;378857.8;388118.5|2024p,2025p
FR|O-Q|1992|201065.2;212207.8;221458.9;231381;240589;248196.8;254000.6;262760;270662;280806.6;294807;306776.5;319212.4;333102.1;345043.5;359300.7;372404.8;386530.3;395479.5;408022;416840.4;426695.1;434009.4;437895;443863.3;454297.7;459589.5;467691.3;471588.3;501978.3;521099.8;540239.1;564989.5;579781.2|2024p,2025p
FR|R-U|1992|23913.4;26041.3;26970;28277.5;30233.1;32214.9;34903.8;36615.3;38644.8;40295.8;42642;44347.3;46500.2;47963.1;50262;51789.2;53202.9;53479.3;54862.3;55779.3;56929.6;57752;58848.3;58741.8;59726.1;61634.4;62708.3;65131.9;57312.7;61443.8;71751.5;76712.3;82360.4;83916.5|2024p,2025p
HR|TOTAL|1995|12981.5;14488.9;16512.6;17971.1;18564.3;19829.2;21391.4;23456.5;26033;28317.3;30492;33173.1;36512;39305.4;38164.8;37745.8;38548;37689.4;37546.9;37293.5;37982.5;39278;40947.3;42688.7;44803.1;41998.2;47837.7;56304.4;66251;71236.8|2024p
HR|A|1995|888.2;968.3;1030;1155.9;1205.3;1190.5;1278.2;1370.2;1226.4;1485.8;1398.9;1571;1596.6;1806.6;1780.8;1621.3;1637.6;1470.9;1549.1;1318.6;1362.3;1455.4;1437.4;1540.8;1568.6;1587.6;1960.2;2294.3;2125.3;2487.7|2024p
HR|A01|1995|767.8;853.4;906.3;1018.3;1044.7;1021.6;1100.6;1180.1;1028.3;1277.3;1183.2;1339.2;1341.8;1506.9;1495;1327;1313.4;1142.7;1208;973.2;1024.4;1118;1091.7;1178.4;1239.6;1246.4;1604.7;1948.6;1700.2;2140.3|2024p
HR|A02|1995|87.4;90;91.6;99.3;121.7;129.3;133.7;128;135.3;143.5;143.6;157.7;175.9;212.6;194.5;215.6;232.1;227.4;234.6;235.6;226.8;222.6;216;225.2;216.3;212.4;226.5;280.9;293.6;294.5|2024p
HR|A03|1995|33;25;32.1;38.2;38.9;39.5;43.9;62.1;62.8;65;72.2;74;78.9;87.1;91.3;78.7;92;100.8;106.5;109.8;111.1;114.8;129.7;137.2;112.8;128.8;129;64.7;131.5;52.9|2024p
HR|B-E|1995|3406.8;3426.4;3996.6;4171.5;4343.7;4836.9;4971.7;5210.7;5585.3;6237.5;6420.6;6781.2;7195.1;7548.6;7390.1;7452.7;7797.4;7799.5;7607.6;7653.3;7682.7;7857.5;7952.3;7936.2;8283;7635.8;8527.4;10219.5;11893.8;11033.9|2024p
HR|B|1995|39.1;30.2;94.6;91.7;99.4;133;109.3;163;143.3;223.9;262.9;396;317.7;339.5;381;390.5;341.6;376.6;409.2;320.4;219.9;162.8;167.9;164;165;94.1;110.4;126;147.7;136.7|2024p
HR|C|1995|2886;2850.3;3303.8;3474.1;3561;3996.4;4212.6;4307.1;4624.5;5049.5;5169.1;5438.1;5988.8;6264.4;5918.8;5763.5;6172.8;6053.9;5682.1;5712.7;5855;6124.6;6345.9;6422;6585.5;6168.6;6801.5;8299.6;9680.3;9000.9|2024p
HR|C10-C12|1995|686.7;668.7;759.7;823.7;833.8;893.8;915.2;1008.9;1081.3;1204.2;1261.1;1357.7;1396.5;1499.7;1492.1;1493;1595.4;1568;1539.5;1494.3;1463;1462.6;1485.2;1540.9;1573.4;1368.8;1386.6;1536.4;1811.7;1830|2024p
HR|D|1995|321.9;367.5;379.9;382.6;439.7;372.9;378.3;467.4;501.4;611.1;611.7;593.4;491.2;527.9;686.6;823.2;791.3;839.9;991.5;1056;1038.6;1030.7;893.5;794.4;982.6;683.6;827.9;933.3;1193.1;1098.6|2024p
HR|E|1995|159.8;178.4;218.3;223.1;243.7;334.6;271.4;273.2;316.1;352.9;376.9;353.6;397.5;416.9;403.7;475.5;491.7;529.1;524.7;564.3;569.2;539.5;544.9;555.8;549.9;689.5;787.6;860.6;872.7;797.7|2024p
HR|F|1995|764;988.7;1227.3;1243.4;1013;963.3;1159.3;1273.1;1687.2;1884.5;2181;2461.8;2729.9;3046.5;2747.8;2053.1;1918;1624.4;1633.4;1613.1;1680.5;1787.4;1880.9;2136.4;2465.5;2562;2899.3;3347.6;4857.6;5452.7|2024p
HR|G-I|1995|2900.7;3238.4;3706.3;3848.3;3597.6;3921.3;4534.2;5184.8;6060.8;6258.9;6783.8;7362.7;7890.4;8616.7;7751;7889.4;8091;8027.9;8253.4;8219.4;8696.1;8992.2;9684.4;10307.7;10596;8635.4;10703.4;13669.8;16488;17589.4|2024p
HR|G|1995|1722.1;1987.9;2299.2;2383.1;2081.1;2194.1;2630.4;3051.1;3581.4;3528.5;3895.2;4343.9;4642.8;5023.9;4297.3;4443.2;4546.4;4464.3;4388.8;4391.3;4645.3;4589;4850.3;5211.7;5495.1;5102.3;5738.3;6613.4;8322.9;8999.3|2024p
HR|H|1995|841.8;798.6;866.1;879;940;1031.4;1095.7;1195.1;1400.2;1588.2;1624.1;1668.5;1735.5;2032.1;1844.7;1793.7;1789.1;1758.6;1768.8;1690.7;1803.5;1962.7;2185.9;2315.4;2316.1;2253.6;2531.8;3196.6;3599.2;3302.5|2024p
HR|H51|1995|19;31.9;20.8;25.4;30.3;41.9;51.9;64.4;63.7;79.6;71.1;70.8;91;87.6;58.9;49.9;49.5;49.5;65.6;50.8;43.2;40.2;42.1;42.9;20.9;4.6;31;56;61.8;66.9|2024p
HR|I|1995|336.8;451.9;541.1;586.2;576.5;695.7;808;938.5;1079.3;1142.1;1264.5;1350.4;1512.2;1560.7;1609;1652.6;1755.5;1805;2095.8;2137.4;2247.3;2440.5;2648.2;2780.7;2784.8;1279.5;2433.3;3859.8;4565.9;5287.7|2024p
HR|J|1995|497.4;587.2;656.6;717.6;776.9;943.4;1106.3;1239.4;1296.8;1393.1;1496.2;1595.4;1709.8;1910.4;1862;1892.4;1830.9;1795.8;1749.6;1685.5;1675.4;1735;1862;2008.8;2148.7;2491.6;2823.3;3481.6;3802.7;4040.8|2024p
HR|K|1995|531.6;695.8;643.5;698;929.5;869.5;1018.2;1158.6;1410;1474.9;1806.6;1915.4;2216.4;2423.8;2441.5;2549.7;2727.2;2492.9;2340.4;2362;2378.7;2443.1;2540.8;2514.6;2460;2161.7;2562.8;2701;2978.6;3245.7|2024p
HR|L|1995|1332.5;1418.7;1501.1;1633.9;1765.2;1848.2;1943.2;2083.1;2251.2;2419.2;2612.2;2852.2;3394;3486.2;3501.6;3459.6;3620.3;3637;3621.7;3656.9;3706.7;3742.6;3804.3;3841.1;4094.9;4148.9;4428.7;5063.2;5565.8;6121.6|2024p
HR|M_N|1995|548.8;615.2;773.1;838.3;837;924.1;1053.9;1272.3;1512.3;1689.5;2007.1;2411.9;2959.8;3241.1;3040.7;3002.4;2996.8;2963.5;2978.1;3008.6;3002.5;3123.9;3306.7;3459.4;3636.7;3176.4;3580.9;4344.4;5456.8;6258.9|2024p
HR|O-Q|1995|1847.1;2255.3;2642.6;3281.1;3632.5;3832.3;3758.8;3995.2;4294.2;4726.8;4933.9;5260.8;5808.1;6124.8;6521.5;6639.4;6699.1;6634.1;6521.3;6464.5;6516;6717.4;6938.4;7304.5;7736.8;8067.8;8673;9247.2;10661.3;12433.8|2024p
HR|R-U|1995|264.4;294.9;335.5;383.3;463.6;499.8;567.6;669.1;708.8;747.2;851.6;960.8;1012;1100.7;1127.9;1186;1229.7;1243.2;1292.3;1311.6;1281.5;1423.4;1540.1;1639.2;1813;1531;1678.7;1935.9;2421.1;2572.3|2024p
IT|TOTAL|1995|895283.9;949523.4;987242.7;1023890.8;1054253.7;1115546.2;1178148.1;1220342.3;1264275;1312780.2;1348360.1;1394329.2;1453436.5;1479747.8;1425773.8;1449486.7;1480015.2;1455350.5;1445573.7;1453767.7;1479703.7;1515428.7;1552004;1582453.4;1604269.8;1496321.9;1644016.4;1793606.6;1924940.4;1968743.2;2014632.8|
IT|A|1995|29460.2;31142.4;31305.9;31560.3;32007.3;31836;32478.6;32062.5;32918.9;34135.6;30432.1;30286.1;30717.7;30787;28546.9;28626;30646.3;31169.9;33362.2;31220.3;33124.6;31525.4;33030.8;33022.6;32810;32198.1;33780.4;37771;39847.4;44214.5;46639.9|
IT|A01|1995|26853.4;28498.6;28677.5;28949.5;29533;29381;30017.2;29341.8;30007.5;31223.9;27514.5;27059.8;27569.4;27909.3;25560.2;25632.5;27615.5;28318.7;30480.9;28377.7;30191.2;28520.6;30070.8;29988.9;29840.3;29090.8;30491.7;34531.7;36422.9|
IT|A02|1995|1234.4;1331.8;1405.9;1338;1241.4;1162.4;1164.8;1288.4;1368.8;1389.1;1392.1;1571.2;1570.4;1689.7;1633.7;1625.9;1724.2;1758.5;1957.4;1941.5;1915.1;2000.4;2041.1;2103.9;2159;2446.7;2539.5;2618.5;2793.6|
IT|A03|1995|1372.4;1312.1;1222.6;1272.7;1232.9;1292.6;1296.6;1432.2;1542.6;1522.6;1525.4;1655.2;1577.9;1188;1353;1367.6;1306.7;1092.6;923.9;901.1;1018.2;1004.4;918.9;929.9;810.8;660.6;749.2;620.8;630.8|
IT|B-E|1995|212947.1;221212.3;228826.8;237610.6;238294.3;246194.3;252455.7;257286.7;254749.9;261411.5;264148.6;276081.8;293101.7;292730;254476.5;265448.2;270502.4;264048.9;263541.9;265877.4;274001.5;287784.7;297225.4;306498.3;309885.1;284141.8;330290.1;362965.3;390458.7;389541.7;396829.9|
IT|B|1995|5183.9;5453.9;6024.8;5352;5613.7;5918.7;5492.3;5918.7;5190;5144.5;5348.6;5463.5;5341.6;5856.1;4216.9;4441.9;5242.6;6592.7;6383.1;5456;4218.6;3541.2;4041.8;4533.7;3765.8;2778.3;5481.8;3167.3;3338.5;3172.1;3091.7|
IT|C|1995|190032.8;197430.4;203986.7;211587.4;211684.1;219982.9;225044.5;228127.8;225779.8;231337.8;232700.6;242915.1;258795.9;254456.4;216351;229150.8;234216.9;224658;223074.9;226342.7;237222.4;249997.8;258477.6;265738.5;267061.1;241771.9;283106.8;307348.6;331429.4;332148.8;338743.2|
IT|C10-C12|1995|17934.7;18999.7;19887.3;20773.9;20315.3;21253.4;21479;23004.6;23066.9;23524;23069.6;23019.9;24037.5;24280.1;24134.3;24650.6;24119.4;23290.4;23516.8;24125.9;25832.4;26887.1;27232.2;28502.1;29242.6;28398.8;30610.2;31048.5;36707.5;39191.9;42321.8|
IT|D|1995|11909;12335.7;12270.9;13456.8;13308.9;12757;14343.6;15022.5;15211.8;15813.6;16239.3;17286.8;17975.6;20737.9;21608.5;18768.9;17553.5;19187.8;19885.3;19236.4;17624.9;18336.5;18564.4;19580;22099.6;22531.7;22342.3;33037.6;36324.8;32541.6;32402.1|
IT|E|1995|5821.3;5992.2;6544.5;7214.4;7687.6;7535.8;7575.4;8217.6;8568.3;9115.7;9860.1;10416.4;10988.7;11679.7;12300.1;13086.6;13489.4;13610.3;14198.5;14842.3;14935.6;15909.2;16141.6;16646.2;16958.6;17059.9;19359.2;19411.8;19366;21679.1;22592.8|
IT|F|1995|46773.4;49058.3;49313.3;49088.1;50024.6;53815.3;59583.7;64146.1;69102;74592.3;79023.4;82747.9;86465.4;88805.8;84270.4;80291.7;81533.5;75509.6;70440.3;64357.2;63469.7;64483.8;65500.3;66588.9;69190.8;65962.9;85329.4;102168.9;116675.7;110868.6;114397.3|
IT|G-I|1995|197179.8;206332.8;212900.7;222421.5;225879.4;240294.1;254360.7;256914.4;260793.8;269864.5;275104.4;280815.4;292019.3;295409.1;285367.9;290337.9;298299.9;291425.8;287856.7;293362.8;301594.3;313994.7;326728.8;332637.4;343833.5;284233.9;327399.5;372170.1;396451.6;405711.8;415925.9|
IT|G|1995|126217.5;130549;134428.8;137945.1;138950.1;145014.7;152564.3;152781.7;154163.7;158692.8;161126.6;163314.7;167270.5;169596.8;160247.7;163201.3;168417.9;164404;161800.3;164500.2;171054.1;177789.5;184969.6;188193.7;197078.4;175832.3;199798.3;220719.2;227029.8;226415.6;227769.1|
IT|H|1995|42911.4;44525.2;46121.7;49921.2;50335.3;54669.1;58750.4;61036.2;62538.3;64957.8;65756.7;66948.6;71795.2;72521.6;70993.9;73744.4;74847.8;72510.1;73198;74652.9;75631.3;78518.6;80729.6;80846.3;82552.3;69700.7;77680.9;85747.3;92498.8;98368.1;104564.5|
IT|H51|1995|3584.5;3639.4;3607.3;3554.7;2921.8;2506.6;2814.6;2512.8;2805.3;2711.4;2316.3;2104.4;1924.4;1696.4;1533;1454.8;1804;835.2;582;585.8;722.1;1717;2082.7;2360.6;2961.3;965;363.9;699.9;1211|
IT|I|1995|28050.9;31258.6;32350.2;34555.2;36594;40610.4;43046;43096.5;44091.7;46213.9;48221.1;50552.2;52953.5;53290.7;54126.2;53392.2;55034.2;54511.7;52858.4;54209.6;54909;57686.6;61029.6;63597.4;64202.7;38700.9;49920.3;65703.6;76923;80928.1;83592.3|
IT|J|1995|28895.5;33480.6;35207.3;38017.1;41736.5;44096.5;50484.6;56272.7;56285.2;57491;58808.9;59030.2;60659.1;61041.6;61252.3;60865.1;60155.9;56877.2;53245.6;52022.4;52958.7;56314.3;57863.4;57941.3;58041.7;56724.9;61689.1;61935;65207.6;68273;70868.4|
IT|K|1995|42098.5;44350.4;42512.5;48293.1;50772.5;55931.3;60498.6;58776.4;65176.7;65834.8;70631;73308.9;82291.3;81241.4;73896.8;76744.1;79271.4;78822.6;81920.5;86065.9;84786.8;82387.9;79614.3;79794.1;80226.6;81527;77623.5;90113.7;102571.9;110517.1;107593.2|
IT|L|1995|86536.3;91797.5;96111.6;100658.6;107351.3;114913.8;123500.2;135127.3;144847.3;154972.1;160452;170294.3;176019.1;181269.1;185705.8;187002.6;193636.8;197811.6;198264.7;200289.3;206460.2;208539.9;210847;213400.2;217796.8;213196.5;216931.9;226687.8;240660.2;247827.8;254811.2|
IT|M_N|1995|76515;83072.8;91084.7;91923.4;98059.5;107247.2;111054.9;116104.3;125080.5;128118.1;132075.3;132959.7;137723.9;142582.1;139217.4;142334.6;144726.6;142543.9;141138.7;143282;146128.9;149804.5;155837.8;164006.6;162746.7;159157.5;173905.4;189732.8;208526;212209.3;219723.3|
IT|O-Q|1995|141541.2;153210.4;163091.8;166751.3;171445.6;181170.3;191648.4;200593.4;211207.7;220177.7;230063.3;239406.3;242947.3;251931.1;257244.8;260216.9;261111.2;258329;257133.5;257870.2;257408.4;260119.5;263715.9;266829.3;267841.2;265914.2;281129.6;287943.2;297371.6;310189.9;317339.1|
IT|R-U|1995|33336.9;35865.9;36888.1;37566.9;38682.8;40047.4;42082.6;43058.6;44113;46182.7;47621.1;49398.6;51491.7;53950.6;55795;57619.5;60131.2;58812.1;58669.5;59420.3;59770.5;60473.9;61640.4;61734.8;61897.3;53265;55937.6;62118.8;67169.8;69389.6;70504.7|
CY|TOTAL|1995|7007.6;7317.6;7723.6;8414;9013.5;9653.7;10342.6;10703.8;11396.6;12190.1;12949.8;13935.8;15116;16416.5;16419.5;17160.5;17649.1;17293.9;16037.8;15322.8;15714.9;16646.5;17740.5;19024.6;20551.3;19958.6;22796.7;26300.6;28776.9;30864.7|
CY|A|1995|366.7;365.3;328.3;392.7;379.4;386.4;440.8;449.9;430.7;427.2;405.9;364.2;354.4;397.9;371.4;400.4;426;390.2;367.4;322.5;335.2;407.6;376.3;374.7;409.1;408.4;385.8;351.6;374.7;401.6|
CY|A01|1995|349.8;345.3;308;373.3;356.7;366;420.5;428.9;413.2;399.3;377.9;337.2;324.1;368.3;343.2;368.1;380.6;351.5;325.1;282.7;293.1;362.5;326.1;322.4;346.9;356.3;329.3;281.3;313.5|
CY|A02|1995|3.3;3.3;3;2.5;2.8;2.4;2.4;2.4;2.1;1.8;2.1;2;2.2;1.5;0.5;17.3;16.7;15.2;14;12.5;14.8;17;16.5;19.5;21.6;23.1;26.9;30.5;35.2|
CY|A03|1995|13.6;16.7;17.3;16.9;20;18.1;17.8;18.7;15.3;26.1;26;25;28.1;28.1;27.6;15;28.7;23.4;28.3;27.3;27.3;28.2;33.7;32.7;40.6;29;29.7;39.8;26|
CY|B-E|1995|880.3;905.7;936.6;996.7;1032.7;1078.3;1127.8;1178;1234.4;1304.1;1311.4;1305.9;1375.9;1387.4;1395.4;1395.2;1298;1262.2;1157.3;1090.1;1193.9;1301.2;1382.4;1527.5;1688;1640;1687.2;1767.5;2081.7;2142|
CY|B|1995|19;19.4;18.5;23.8;25.1;28.2;26;30.1;35.1;41.6;44.4;46.1;50.7;63.5;47.8;48;36.5;18.3;19.2;20.8;25.7;18.5;17.8;24.3;27;25.4;30.3;43.7;45.7;50.7|
CY|C|1995|732.3;750.7;778.8;809.4;839.8;863.4;884.3;918.5;942.9;998.9;1008.3;981;1005.7;1040.9;1004.4;983.4;913.6;816.9;700.8;712.9;764.4;869;993.7;1155.3;1265.1;1260;1280.9;1274.3;1506.1;1549.5|
CY|C10-C12|1995|239;252.6;269.5;292;312.4;325.3;345.3;360.3;369.3;386.8;388.4;318.4;300.3;317.4;356;327.8;304.5;283.9;257;253.2;255;302.7;321.2;363.1;385.7;369.9;377.6;354.4;434.8|
CY|D|1995|98.3;103.8;110;124;114.3;129.9;154.4;161.5;180;178.4;167.1;170.9;202.9;181.7;236.3;256.3;230.1;295.1;300.9;224;270.9;275.4;223;218.8;256.3;218;222.8;265.7;348.8;349.1|
CY|E|1995|30.7;31.8;29.3;39.6;53.4;56.9;63.1;67.9;76.4;85.2;91.6;108;116.6;101.4;107;107.5;117.9;132;136.4;132.4;132.8;138.3;148;129.2;139.6;136.7;153.3;183.8;181.1;192.8|
CY|F|1995|659.9;701.5;709.1;746.1;766.5;795.5;858;951.6;1079.4;1199.4;1340.5;1546.9;1810.7;2014.7;1584.1;1422.6;1233;1030.1;781.9;653.4;634.8;759.2;922.5;1094.3;1304.7;1229.1;1261;1308.2;1594.9;1729.9|
CY|G-I|1995|2177.8;2165.9;2251.3;2456.1;2608.6;2874.4;2963.2;2921.9;2929.6;3087.4;3217.4;3474.4;3717.8;3957.9;3902.1;4128.3;4328.4;4154.2;3821.6;3791.4;3901;4156;4511.4;4925.9;5101.6;3716.9;5124.9;6523.8;6715;7166.8|
CY|G|1995|896.2;888.6;910.5;1023.3;1074.1;1193.6;1259.4;1275.9;1276.8;1427.5;1530.2;1661.2;1810.9;1959.3;1878.1;1949.2;1910.9;1858.5;1615.8;1616.3;1640.9;1770.2;1997;2146.4;2235.8;2160.5;2949.3;3567.7;3362.1;3583.5|
CY|H|1995|711.2;720.1;738.4;780;800;870.6;836.6;847.4;876.4;879;883.7;943.5;974.9;1056.4;1151.6;1288.9;1413.5;1253.6;1219;1163.6;1239.8;1211.2;1243.4;1386.5;1427;1112.1;1196.1;1461.7;1523.9;1548.4|
CY|H51|1995|72.7;72;70.9;82;78.9;70.3;71.7;76.3;66.5;58.2;55.4;60.2;54.5;58.5;38.7;18.2;17.2;4.6;3.1;6;2.6;-19.5;-27.6;-28.7;-10.3;-6.7;-9.5;-12.2;-11|
CY|I|1995|570.4;557.2;602.4;652.8;734.5;810.2;867.1;798.6;776.4;780.9;803.5;869.7;932.1;942.2;872.3;890.3;1004;1042.1;986.9;1011.5;1020.2;1174.5;1271;1393;1438.8;444.2;979.5;1494.4;1829;2034.8|
CY|J|1995|176.5;205.1;233.1;284.7;343.8;384.7;446.4;449;452.4;492.3;504.8;472;523;556.8;556.9;622.6;642.6;619.4;688.9;737.6;756.3;969.2;1154.6;1237.9;1436.1;1730.9;2026.9;2843.4;3053.3;3586.2|
CY|K|1995|367.8;413.6;476.9;543.4;690.9;656.3;724.2;697.3;726.5;821.1;925.1;1090.9;1261.5;1303.2;1420.5;1531.7;1707.1;1857;1922.4;1898.5;2025.6;1925;1817.4;1597.2;1553.9;2047.7;2361.3;2393;2936.4;3080.9|
CY|L|1995|430.6;466.1;499.6;540.9;569.6;610.8;647.2;702.7;783;891;1019.7;1137.1;1245.9;1366.5;1521;1612.1;1751.6;1815.3;1663.9;1463.9;1483.9;1573.1;1599.5;1829.5;2083.4;2147.8;2339.6;2670.4;2899.4;3121.6|
CY|M_N|1995|483.4;517.9;558.7;620.7;673.6;748.6;881.7;926.2;937.6;959.7;1022.5;1110.7;1227.3;1388.6;1381;1555.4;1633.7;1560.5;1443.6;1480.7;1567.4;1682.1;1902.3;2133.7;2294.8;2238;2439.5;2725;2837.8;2955.8|
CY|O-Q|1995|1211.5;1298.6;1417.8;1516.8;1625.4;1765.7;1862.2;2010.4;2371.9;2522;2678.8;2849.7;2971.2;3298.8;3529.9;3659.1;3756.4;3759.1;3493.7;3207.4;3134.9;3162.1;3330.2;3525.2;3843.8;4121.7;4369.9;4766.5;5296.8;5647.1|
CY|R-U|1995|253.2;277.8;312.2;316;322.9;353;391.2;416.8;451.1;485.9;523.6;584.2;628.4;744.8;757.2;833.1;872.4;846;697.1;677.1;682;710.8;743.9;778.9;835.9;678.2;800.6;951.1;987;1032.8|
LV|TOTAL|1995|3479.6;4027.3;4646;5146.9;5421;5976.9;6567.4;7308.3;8155.3;9497.3;11590.1;14323.9;18990.3;20901.5;16574.8;15718;16839.3;18570.1;19227.8;19950.5;20768.5;21280;22589.7;24287.9;25590.5;25367;28062.2;31521.4;34788.2;35458|
LV|A|1995|316.7;314.8;266.2;227.7;227.4;304.7;327.9;376.5;375.1;464;506.8;557.8;742.9;721.9;607.5;729.3;722.2;745.6;705.3;824.2;844;814.6;943.1;1030.7;1139.3;1192.1;1358.1;1845.6;1556.2;1605|
LV|A01|1995|252;256;207.5;154.5;135.5;186.2;213.4;225.7;228.3;297.2;327.8;337.9;413.7;370;296.2;346.3;350.3;383.6;303.1;379.5;426.9;389;489.1;444.2;547.7;643.5;720.6;911.7;543.6;564|
LV|A02|1995|51.4;45;48.5;60.5;74.4;95.7;95.5;136.5;135.8;153.8;164.7;204.2;312.7;318.1;270.4;355.9;335;327.2;369.9;412.6;386.1;392.1;420;554;545.7;489.4;575;864.4;936.5;956.4|
LV|A03|1995|13.4;13.9;10.1;12.7;17.5;22.9;19.1;14.3;11;13;14.3;15.7;16.6;33.8;40.9;27.1;36.9;34.8;32.3;32.1;31;33.5;34;32.5;45.9;59.3;62.5;69.5;76.2;84.7|
LV|B-E|1995|915;1052.9;1276.6;1206;1152.6;1193.6;1287.3;1423.3;1508.4;1726.6;1937.6;2268.6;2859.1;3096.4;2644.3;2918.8;3109.8;3351.3;3328.4;3175.7;3388.3;3517.7;3765.7;3836.6;4061.4;4261.6;5256.9;5615.5;5837.8;5432.5|
LV|B|1995|4.4;5.6;6.9;7.3;7.4;7.4;11;15;20.9;22.8;34.1;45.8;65.6;72;78.8;80.7;83.4;94.8;105.2;91.4;108.5;107.8;118.5;131.1;127.3;138.3;137.2;167.1;172.5;198.5|
LV|C|1995|715.2;799.7;983.3;889.8;849.7;934.6;1016.3;1138.5;1182.9;1359.9;1557.7;1816;2275;2356.6;1849;2151.5;2326.3;2493;2526.6;2484.1;2575.3;2581.9;2829.3;3080.3;3259;3355.7;4147.9;4325.3;4305.3;4044.7|
LV|C10-C12|1995|253.9;281.1;312.9;279.5;261.2;302.7;312.7;352.5;303.8;353.9;396.1;444;526.3;558.2;507.9;506.7;473.3;529.1;557;540.4;535.3;523.7;544.9;600.3;613.3;631.9;615.5;678.8;769.3|
LV|D|1995|160.3;205.4;225;245.9;221.3;202.5;209.1;217.1;238.2;270.4;267.3;311;383.6;487.6;511.1;528.4;534.3;591.6;525.5;423.2;510.4;639.3;626.8;408.3;445.4;529.6;727.1;830.5;1043.8;854.4|
LV|E|1995|35.1;42.2;61.4;62.9;74.1;49.1;51;52.7;66.4;73.6;78.5;95.8;134.8;180.2;205.3;158.2;165.8;171.8;171.1;177;194.1;188.7;191.2;216.8;229.7;238;244.7;292.6;316.2;334.9|
LV|F|1995|168.2;187.2;227.2;339.7;393.9;428.7;414.1;477;528.3;647.9;819.2;1295.8;2034.8;2238.3;1333.5;777.8;984.9;1168.3;1243.1;1295.5;1309.1;1177.5;1379.6;1609.8;1733.4;1681;1552.4;1812;2128.4;2105.8|
LV|G-I|1995|839.5;1124.8;1301.3;1484;1554.8;1689.7;1938.5;2209.8;2539.8;2976;3712.6;4318.2;5242.2;5566.7;4697.5;4529.4;4679.4;5168.8;5245;5405.5;5631;5699.9;6012;6387.2;6652.4;6086.1;6364;7130.8;8122.5;7737.5|
LV|G|1995|323;479.7;567.7;680.2;729.8;891.9;978.7;1125.9;1299.4;1531.8;2042.9;2595.7;3216.6;3161.8;2646.6;2573.4;2593;2854.4;2884;3038.3;3195.5;3276.5;3448.2;3629.4;3932.4;3927.6;4123.4;4293.1;5162.9;4916.2|
LV|H|1995|483.6;606;682.8;751;765.6;730.7;885.6;999.5;1135.9;1306.7;1490;1494.2;1697.2;2046.8;1785.5;1678.4;1785.5;2005.3;2018.5;2018;2047.7;2014.9;2105.4;2249.5;2214.9;1808.1;1903.3;2318.1;2288.2;2093.6|
LV|H51|1995|10;13.8;17.4;17.8;17.7;13.1;18.3;15.2;13.5;29.5;64;47.5;88.4;93.2;87.5;0.7;-21.5;33.6;64.1;58;42;71.6;91.5;154;148.9;-112.3;-21.4;47;133.8|
LV|I|1995|32.9;39.1;50.8;52.8;59.4;67.1;74.2;84.4;104.5;137.5;179.7;228.3;328.5;358.2;265.4;277.7;300.9;309;342.4;349.2;387.9;408.6;458.4;508.4;505.1;350.4;337.3;519.6;671.5;727.8|
LV|J|1995|108;123.3;165.3;185.9;203.3;343.9;414;438.6;462.7;490.5;553.8;621.1;721;854.2;722.7;756.4;764.9;843.2;914;951;1016.4;1116.7;1266.2;1452.1;1594.6;1666.4;1881.4;2160.2;2366.4;2480.2|
LV|K|1995|127.9;133.2;155.6;224.1;203.3;203;253;275.5;305.7;375.7;530.9;782.4;1040.8;1226.6;613.3;544.1;706;812.8;868.6;907.3;1042;1049.2;883.6;903.1;852.2;816.3;971;1140.5;1531.2;1624|
LV|L|1995|169.5;164.7;201.9;259.1;309.3;320.1;367.7;371.8;463.4;611;749.6;1020.8;1519.2;1483.2;1369.3;1256.4;1489.6;1701;1858.1;2082.2;1926.1;2012.6;1992.6;2161.5;2193.1;2224;2379.3;2576.4;2979.6;3168.8|
LV|M_N|1995|158.3;156.4;192.3;250.8;309.7;349.6;350.7;426.3;469.4;512.4;730.2;869.7;1280.6;1525.5;1182.1;1176.8;1216;1367.7;1436.6;1487.8;1571.8;1675.1;1810.7;1971;2051.3;2088.5;2261;2577;2738.1;2907.8|
LV|O-Q|1995|596.5;660.9;750.4;851.6;939;986.8;1041.4;1110.8;1287.2;1426.8;1706.3;2149.7;2949.1;3569.1;2946.3;2566.3;2684;2845.9;3027.8;3210.2;3371;3501.6;3763.5;4095.6;4448.5;4663.5;5337.1;5731.4;6485.4;7238.7|
LV|R-U|1995|80;109.1;109.3;117.9;127.9;156.7;172.6;198.7;215.3;266.5;343.2;439.9;600.7;619.7;458.3;462.7;482.4;565.6;600.9;611.1;668.7;715;772.6;840.2;864.3;687.6;701.1;931.8;1042.4;1157.5|
LT|TOTAL|1995|6985.6;8786.1;10330.8;11469.7;11230.7;11894.2;12644.1;13528.1;14942.9;16498.6;19006.6;21725.4;26061.9;29313;24262.6;24707.5;27803.8;29870.7;31414.9;32738;33547.8;34789.7;37823.8;41189.1;44098.4;44905;50516.9;60696.1;67012.1;70747.7|
LT|A|1995|766.7;1062.6;1104.5;997.7;811.3;745.8;691;725;736.4;760.3;908.1;929.5;1008.3;1072.5;682.2;848.9;1093.2;1329.6;1232.6;1252.6;1286.7;1211.4;1500.5;1326.4;1538.3;1775.6;1924.7;2649.3;1855.8;1908.6|
LT|A01|1995|697;991.8;1032.9;922.4;748.7;668.4;612.7;639.3;644.2;660.9;798.5;808.4;843.5;908.1;563.3;692.7;911.7;1172.6;1042.6;1018.9;1108.2;994.5;1260.5;1030.1;1251.1;1513.5;1568.4;2066.7;1294.4;1504|
LT|A02|1995|65.9;66.1;66.8;68.5;56;69.7;70;74.4;79.5;85.9;94.6;104.7;146.1;144.2;100.4;139.7;162.8;138.9;170.5;201.6;156.8;186.7;206.6;267.5;244.7;210.5;306.4;538.5;505.8;355.1|
LT|A03|1995|3.8;4.7;4.7;6.8;6.6;7.7;8.3;11.3;12.7;13.5;15;16.4;18.7;20.1;18.6;16.6;18.7;18.1;19.5;32;21.7;30.2;33.4;28.9;42.4;51.6;50;44.1;55.7;49.6|
LT|B-E|1995|1725.3;2069.3;2414.6;2629;2522.7;2835.1;3114.1;3160.6;3625.1;4211.8;4757.2;5185.2;5691.4;6258.1;5148;5784.7;6923.7;7512.4;7514.6;7630.5;7580.5;7724.7;8341.9;8870.6;9198.9;9182.5;10507.6;12895.8;13262.8;12723.4|
LT|B|1995|25.3;44.2;44.5;45.9;51.5;83.1;91.4;80.6;84.3;88.4;99.2;109.1;118.3;127.9;76.8;92.8;119.9;119.1;127.5;128.7;99.3;97.3;113;125.7;124;134.3;138.6;150.1;169.3;187.9|
LT|C|1995|1329.2;1600.3;1906.5;2073.4;1954.3;2270.7;2472.1;2499.9;2803;3340.5;3851.3;4248.3;4630;5133.1;4065.3;4677.3;5683.9;6205.8;6160.1;6336.2;6454.8;6524.7;7064.9;7588.4;7879.6;7771.2;9022.2;10845.4;11089;10727.8|
LT|C10-C12|1995|436.8;527.6;584.4;599.9;538.1;593.6;614.1;589.6;627.8;667.6;751.6;805.7;969.7;1000;1083.6;1131.4;1286.2;1374;1466;1476.1;1441.7;1418.6;1495.7;1581.7;1616.8;1630.8;1658.3;1812.2;2073.7;2199.9|
LT|D|1995|304.8;350.5;378.8;412.8;414.4;377;437.3;466.4;612.1;645;664.4;673.4;756;790.2;807.9;791.8;763.7;815.1;822.9;732.3;628;688;702.3;696.3;728.4;796.4;814.9;1381;1401.1;1137.6|
LT|E|1995|66;74.4;84.9;97;102.6;104.3;113.3;113.7;125.6;137.9;142.2;154.3;187.1;207;197.9;222.9;356.1;372.4;404.1;433.3;398.4;414.8;461.6;460.2;466.9;480.6;531.8;519.3;603.4;669.9|
LT|F|1995|491.4;593.6;775.8;950.8;847.6;711.1;751.5;853.7;1037.6;1195.6;1480.6;2055.6;2915.8;3285.6;1601;1466.3;1884.7;1861.5;2119.1;2464.7;2514.9;2367.7;2531.3;2882.2;3237.2;3277;3582.3;4191.5;4943.8;5398.9|
LT|G-I|1995|1660.9;2127.2;2554.8;2807.5;2726.9;3157.9;3458.1;3829.9;4240.5;4599.7;5359.9;5973.5;7278.2;8241.9;7158.6;7475;8408.2;9317.4;9980.9;10315.8;10342.3;10800;11824.1;13084.8;13700.9;13299.6;14590.1;17134.5;18786.6;18825|
LT|G|1995|1122.1;1394.5;1645.6;1849.9;1740.4;1976.4;2197.5;2397.8;2621;2829.9;3284.1;3547.4;4374.7;5105.4;4242.5;4327.8;4916;5443.6;5815.3;6016.3;6072.8;6252.5;6711.1;7322.3;7435.4;7563.3;8302.6;9315.4;10249.6;10229.1|
LT|H|1995|438.8;601.8;733.2;776.1;798.8;1001.7;1063.7;1219.9;1388.9;1524.2;1806.9;2129;2563.6;2746.8;2575;2814.6;3120.3;3460.9;3718.5;3831.1;3731.3;3958.4;4452.8;5022.9;5451.8;5159.5;5577.1;6771.9;7280.2;7333|
LT|H51|1995|14.7;17;17.4;18.5;16.7;21.5;22.2;26.9;26.1;40.5;44.3;44.6;32;18.7;26.1;23.7;21.2;23.8;25.9;33.1;38.4;27.9;60.2;74.3;113;16;28.7;76;92.2;146.5|
LT|I|1995|100;131;176;181.5;187.7;179.8;196.9;212.3;230.6;245.6;269;297.2;339.8;389.7;341;332.6;371.9;413;447;468.4;538.2;589.1;660.2;739.5;813.7;576.9;710.4;1047.2;1256.8;1262.9|
LT|J|1995|167.9;232.2;289.6;395.7;468.7;566.7;619.7;693.8;745.3;726.3;770;851.5;976.2;984.9;951.5;915.6;876.6;902.7;1013.1;1026.4;1159.8;1263.1;1397.2;1522.1;1717.7;1872.5;2174;2809.1;3445.6;3836.9|
LT|K|1995|150.7;185.5;154.6;225.9;219.8;245.3;248.7;294.8;286.2;315.4;419.1;620.3;912;994.2;619.7;713.3;751;626.4;706.4;662.2;704.8;760.7;785.9;926.3;1045.1;1154.1;1515.2;2116.5;3209.1;3602.6|
LT|L|1995|574.9;650.2;703.2;738.4;794;805.6;834;852.8;898.6;1003.9;1194.8;1406.4;1727.7;2031.3;1785.1;1642.8;1694.7;1827.6;1945.4;2086.5;2222.6;2403.9;2555.2;2835;2888.6;3023.5;3223.5;3827.8;4361.7;4772.1|
LT|M_N|1995|157.6;207.3;331;359.7;398;460.8;488.7;547.1;702.5;799.6;973.8;1145.9;1531;1671.5;1555.1;1410.9;1539.9;1683;1840.7;1971.5;2152.7;2354.2;2644.7;2924.4;3204.9;3146.9;3918.3;4701.5;5352.4;5923.1|
LT|O-Q|1995|1111.8;1437.9;1758.8;2114.3;2170.9;2083.8;2146;2216.7;2310.1;2503.3;2711.8;3124.7;3565.3;4281.7;4259.5;3985.6;4149.9;4288.7;4466.8;4651.2;4851;5091.9;5369.2;5881.9;6572.7;7236.8;8061.7;9114.8;10355.3;12128.6|
LT|R-U|1995|178.5;220.2;243.9;250.6;270.6;282.1;292.3;353.6;360.6;382.7;431.4;432.8;456.1;491.2;501.9;464.3;481.9;521.2;595.4;676.6;732.5;812;873.7;935.4;994.2;936.5;1019.6;1255.4;1438.9;1628.6|
LU|TOTAL|1995|13722.3;14471;15592.7;16229.2;18373.9;20502.1;21424.2;22423.9;23474.6;25053.3;26894;30683.9;33658.4;35998.3;35116.9;38235.9;39801.1;41682.7;44019.4;46255;49537.3;51386.2;53011.5;54533.1;56495.2;58593.3;66274.1;69430.3;74961.7;78467.4|2024p
LU|A|1995|142.4;130.7;123.4;140.9;146.6;137.2;133.8;172.7;121.8;150.9;108;106.5;136.7;123.1;91.1;113.8;111.3;134;128.6;150;121.1;120.4;136.4;140.7;134.1;129.3;142.3;185.8;153.8;180.5|2024p
LU|A01|1995|130.4;120.5;111.5;126.2;133.2;126.5;127.6;166.8;116.6;146.3;103.2;101.7;126.8;114.1;86.9;102.8;96.4;119;114.7;136.6;108.9;108.6;124.6;128.4;127.3;129.6;142.2;181.2;150.5;176.9|2024p
LU|A02|1995|12.1;10.2;11.9;14.7;13.4;10.7;6.2;5.9;5.1;4.6;4.8;4.8;10;9;4.2;11;14.9;15;13.9;13.3;12.2;11.8;11.9;12.3;6.8;-0.4;0.1;4.7;3.3;3.7|2024p
LU|A03|1995|0;0;0;0;0;0;0;0;0;0;0;0;0;0;0;0;0;0;0;0;0;0;0;0;0;0;0;0;0;0|2024p
LU|B-E|1995|2086.8;2053.6;2207.4;2322.9;2363.2;2571.2;2557.5;2582.8;2769.7;2804.2;2856.5;2946.1;3528.3;3169;2381.1;2656.6;2700.7;2652.4;2837.1;3121.6;3663.3;4001.3;3486.6;3705.6;3912.3;3988.9;4233.4;3830;4253.6;4476.1|2024p
LU|B|1995|20.7;18;20.4;22.4;23.1;28;23.4;28.1;29.6;29.7;27.9;31.5;35.4;31.2;30.9;31.8;34.9;31.3;30.9;31.9;29.5;29.5;34.8;34.7;38.1;39.5;37.7;35;37.6;38.3|2024p
LU|C|1995|1804.6;1754.6;1897.5;2001.3;2014.4;2216.4;2180.5;2180.5;2318.5;2338.3;2371.6;2420.2;2998.5;2674.3;1816.8;2105.8;2158.3;2120;2236;2448.8;2966.8;3257.2;2778.1;2985.1;3147.5;3177.3;3392.8;3002;3326.8;3415.3|2024p
LU|C10-C12|-|
LU|D|1995|167.4;185.1;184;189;210.1;203.5;227.7;240.5;285.5;295.2;302.2;329.7;347.6;310.2;368.1;333.9;311.8;300.6;345.5;400.9;421;459.3;422.9;411.8;445.1;483.3;511.9;487;602;731.4|2024p
LU|E|1995|94.1;95.9;105.5;110.2;115.5;123.3;125.9;133.6;136;141;154.8;164.7;146.8;153.3;165.3;185.1;195.6;200.4;224.8;240.1;245.9;255.2;250.8;273.9;281.6;288.9;291;306;287.2;291.1|2024p
LU|F|1995|908.3;929.1;994.7;1088.6;1182;1257;1338.2;1446;1487.4;1548;1524;1674.5;1920.7;1954.2;1917.1;2006.9;2045.7;2198.8;2289.8;2477.5;2584.5;2797.6;2806.3;2898.9;3328.1;3327.1;3503;3163.2;3371.9;3848.8|2024p
LU|G-I|1995|2569.3;2704.5;2822.6;2971.1;3180.9;3524.2;3855.1;4029.3;4118.1;4150.7;4235.7;4707.1;4757.3;5742.9;5446.1;6112.4;7191.2;6930.2;7302.7;7559;7612.6;7903.3;8418.2;8433.3;8542.6;8676.4;10112.1;10763.6;10971.5;11247.2|2024p
LU|G|1995|1375.2;1442.8;1458;1521;1655.2;1794.7;1985.5;2070.8;2119.2;2192.4;2180.8;2582.8;2549.7;3467.6;3249.1;3695.6;4725.7;4434.8;4696.1;4725.2;4595.9;4860.6;5029.7;4812.7;4950.8;4825.5;5327.2;5097.3;6454.8;6368.2|2024p
LU|H|1995|755.5;788.4;860.2;922.9;968.1;1141.5;1252.6;1318.1;1349.4;1425.3;1518.9;1562.2;1624.2;1663;1564.4;1752.6;1757.5;1750.3;1835.3;1995.6;2131.6;2122.3;2429.9;2650.6;2555;3216.5;4100.3;4604.6;3243.7;3526.8|2024p
LU|H51|-|
LU|I|1995|438.6;473.3;504.4;527.1;557.6;588.1;617;640.4;649.4;532.9;536;562.2;583.5;612.4;632.7;664.2;708;745.1;771.3;838.3;885.1;920.3;958.6;970;1036.8;634.5;684.6;1061.7;1273;1352.2|2024p
LU|J|1995|638.3;711.6;831.9;1009.4;1240.8;1283.2;1388;1341;1385.1;1449.2;1608.3;1746.7;2000.1;2134.6;2399.6;2504.5;2632.9;2825.2;2650.6;2795.4;3049.6;2885.2;2988.1;3134.6;3271.6;3347.1;3563.3;3751.4;5073.6;4034.7|2024p
LU|K|1995|3002.5;3330.3;3685.8;3430.1;4479.8;5202.7;4932.1;5022.1;5293.3;6010.7;6968.5;9148.8;10018.1;10629.6;10022.5;11358;10799.2;11972.8;12579.9;13448;14405.7;13937.2;14339.5;14197.3;14217.1;14477.9;17451.7;18134;18984.6;21185.6|2024p
LU|L|1995|1417.2;1424.9;1484.7;1577.8;1683.1;1908;2139.3;2234.3;2363.8;2358.5;2618.4;2740.3;2926.5;3031.8;3058.4;3229.5;3352.4;3431;3856.1;4024.4;4189.5;4391.1;4613.1;4763.5;4844.7;4750.8;4960.4;4940.1;5708.6;5995.9|2024p
LU|M_N|1995|776.1;868.6;940.3;1094.5;1203.3;1482;1682.6;1874.8;1919.9;2179.6;2292.3;2647.7;3137.5;3646;3764.5;3857.4;4180;4324;4705.6;4678.2;5576.4;6785.3;7054.5;7418.1;7671.9;8548.8;9891.7;11165.9;11492.5;11302.1|2024p
LU|O-Q|1995|1918;2034.7;2197.4;2270.8;2554.2;2767.4;3013.6;3312.3;3582.6;3931.2;4158.1;4399.8;4648.9;4948.9;5357.1;5692.6;6054.4;6449;6862.4;7186.1;7483.3;7698.2;8256.9;8919.5;9582.1;10377.8;11281;12262.5;13570.7;14751|2024p
LU|R-U|1995|263.5;283.1;304.4;323.2;340.2;369.2;384;408.6;433.1;470.2;524.2;566.2;584.3;617.9;679.4;704.2;733.3;765.3;806.5;814.8;851.2;866.8;912;921.6;990.7;969.2;1135.3;1233.8;1381;1445.6|2024p
HU|TOTAL|1995|4961823;6102953;7648826;9026220;10004943;11373997;13322203;15141593;16421119;18049858;19450743;21117353;22130723;23329414;22495168;23275263;24239026;24331977;25623570;27740776;29479307;30819577;33370173;36809440;40533359;41249705;47072358;56052434;65082720;70032921|
HU|A|1995|426297;528467;575288;645736;634857;675786;775192;762136;746442;918799;840855;860692;897437;947211;792784;824777;1131996;1124525;1190229;1295114;1315901;1404444;1474683;1512032;1594046;1641184;1921036;2073490;2202037;2210300|
HU|A01|1995|406805;506052;548780;610493;598701;636863;730371;714199;700809;871082;798756;818979;849204;894607;742919;770605;1069704;1056179;1122883;1227072;1241697;1326381;1393128;1421967;1497260;1551061;1813598;1937726;2057630;2071333|
HU|A02|1995|18594;21118;24610;33083;33920;37089;41981;44574;42570;44191;39807;38511;44729;48806;46080;50033;58557;64790;62845;63373;69449;73454;76887;84632;90937;84114;100576;128118;135020;129274|
HU|A03|1995|898;1297;1898;2160;2236;1834;2840;3363;3063;3526;2292;3202;3504;3798;3785;4139;3735;3556;4501;4669;4755;4609;4668;5433;5849;6009;6862;7646;9387;9693|
HU|B-E|1995|1259504;1531104;2085284;2497079;2706218;3027303;3458918;3798312;4154687;4703567;5023098;5492872;5786088;5878520;5562816;5953298;6183193;6306888;6566137;7271264;7991136;8141427;8476799;9014215;9469758;9536751;10390709;12389646;15135249;15213507|
HU|B|1995|22186;25522;34482;27093;26904;28842;30000;36120;38119;40349;46579;50870;42658;56487;57362;49899;58189;61551;57349;55600;47327;44536;65034;103209;147037;105040;158947;286002;237667;283101|
HU|C|1995|1061399;1286769;1743292;2086286;2250276;2545680;2952495;3235218;3554066;4001392;4296531;4793427;4904817;4976498;4542492;4974091;5259480;5348234;5676427;6376095;7069606;7101718;7514497;8015171;8306248;8431049;9182502;11064574;12916399;12923626|
HU|C10-C12|1995|193254;218536;244416;305855;305577;370556;462084;535360;513073;539022;510386;541221;511038;489751;584880;547439;522752;522789;586124;628023;653185;679542;706579;786566;811972;862953;911897;1106471;1418339;1537487|
HU|D|1995|127127;161284;237870;294685;328897;338669;346696;378552;401807;475795;467695;419949;597538;588617;695536;644568;573242;616181;558271;579770;596525;692607;581809;583081;687526;675138;687117;685456;1617156;1508570|
HU|E|1995|48792;57529;69640;89015;100141;114112;129727;148422;160695;186031;212293;228626;241075;256918;267426;284740;292282;280922;274090;259799;277678;302566;315459;312754;328947;325524;362143;353614;364027;498210|
HU|F|1995|246523;278785;369706;436764;496031;576543;719839;875059;893538;964621;1118623;1126534;1086989;1140766;1090425;965773;978550;937331;1036728;1161076;1241928;1099441;1419631;1861106;2339778;2352667;2886963;3580565;3987695;4169512|
HU|G-I|1995|844915;1036298;1352565;1600569;1732389;1995444;2387654;2727366;2809741;3131279;3368092;3754486;4085970;4353934;3979291;4105141;4344886;4342939;4749251;5220638;5454194;5679393;6085206;6829237;7403418;7339558;8506048;9985669;11621912;12355162|
HU|G|1995|418620;544869;714125;879471;918589;1109073;1356797;1578577;1628662;1810538;1961696;2200994;2346257;2591882;2241149;2291104;2424584;2402385;2696960;2948662;3058268;3143059;3425328;3898354;4130439;4443057;5276523;5745991;6754158;7008088|
HU|H|1995|313278;354377;465811;534309;602116;648004;761811;830020;841833;943961;1018550;1147720;1286239;1311848;1301145;1399793;1519273;1562550;1671892;1813653;1911379;2032552;2057045;2230075;2471674;2375878;2465217;3115608;3420481;3712253|
HU|H51|1995|6017;7240;11707;14590;16145;11497;8099;18430;21517;22864;18011;17524;23184;18379;35048;31366;41832;53538;87122;108211;167162;192186;214387;207788;260585;61581;-34672;11328;34673;68502|
HU|I|1995|113017;137052;172629;186789;211684;238367;269046;318769;339246;376780;387846;405772;453474;450204;436997;414244;401029;378004;380399;458323;484547;503782;602833;700808;801305;520623;764308;1124070;1447273;1634821|
HU|J|1995|168418;240176;332664;420929;524578;575511;646720;766663;867450;912975;1001047;1090451;1186142;1247543;1262738;1241256;1279822;1292452;1345789;1428235;1430383;1498235;1624182;1800812;1995339;2135431;2510604;2782865;3367399;3753931|
HU|K|1995|241825;314514;309066;361756;349964;399273;455668;542500;613297;687601;822537;989140;998930;1020658;1102378;1125905;1146121;1129547;1072934;1122692;1103610;1122561;1229050;1360838;1600084;1682103;1916693;2240720;2651235;3049498|
HU|L|1995|351402;462674;595604;698227;834111;979020;1115965;1226248;1338183;1413259;1534488;1660223;1785831;1924703;2010216;2253682;2275509;2220897;2275047;2349427;2477795;2735539;3024494;3476746;4073292;4299815;4951767;6494355;7325007;8235007|
HU|M_N|1995|289685;395806;488549;572416;662771;799485;1018342;1196487;1319550;1440158;1587555;1764729;1794907;2009759;1993266;2080706;2183691;2173241;2306782;2458091;2683757;2888990;3305022;3687155;4119187;4059850;4810314;5636534;6705297;7362346|
HU|O-Q|1995|929051;1090124;1292202;1519990;1741930;1994352;2317931;2747333;3185176;3361385;3589209;3782251;3867091;4110938;4032884;4045393;4033254;4125396;4350300;4663851;4951574;5376724;5752540;6202602;6745736;7138561;7907749;9331712;10318887;11698612|
HU|R-U|1995|204203;225005;247898;272754;322094;351280;425974;499489;493055;516214;565239;595975;641338;695382;668370;679332;682004;678761;730373;770388;829029;872823;978566;1064697;1192721;1063785;1270475;1536878;1768002;1985046|
MT|TOTAL|1995|2715.8;2901.2;3054.5;3295;3417.2;3669.4;3784;3981.6;4224.8;4294.3;4463.2;4676;5040;5492.3;5505.9;6053.2;6151.1;6592.6;7204.3;7913.5;9113.5;9678.9;11228.1;12209.5;13098.9;13149.7;15370.3;16716.1;19416.3;21378;22652.2|
MT|A|1995|68.7;71.8;75.2;84.4;82.4;76.5;92.7;94.8;91.4;90.5;91.9;97.6;101.4;67;83.6;87.3;76.5;81.6;82.9;89.6;96.2;109.8;84.7;85.1;68.9;112.8;150.7;156.2;16.6;126.9;136.1|
MT|A01|1995|63.6;64.7;67.4;76.3;73.3;67.4;74.8;74.4;68.5;66.2;63.8;62.1;57.7;59.1;63.9;63;61.7;58.3;58.7;60.4;64.4;67.7;66;58.9;64.5;58.7;58.8;61.6;65.8;76.9;80.6|
MT|A02|1995|0;0;0;0;0;0;0;0;0;0;0;0;0;0;0;0;0;0;0;0;0;0;0;0;0;0;0;0;0;0;0|
MT|A03|1995|5.1;7.1;7.8;8.1;9.2;9.1;17.9;20.3;22.9;24.3;28.1;35.4;43.7;7.9;19.7;24.3;14.8;23.3;24.2;29.2;31.8;42.1;18.7;26.2;4.4;54.1;91.9;94.6;-49.2;50.1;55.5|
MT|B-E|1995|626.6;659.3;693.9;771.1;766.2;892.7;777;809.4;826.2;752;733.9;771.5;832.5;945.8;859.7;905.8;863.9;840;877.6;865.8;889.7;967.9;1007.1;1093.4;1141.8;1145.6;1259.2;1380.5;1541;1624.2;1619.3|2014d,2015d
MT|B|-|
MT|C|1995|568;587.3;593.7;650.3;664.8;800;676.3;703;733.8;658.8;659.2;665.5;724.5;840.1;706.2;759.2;776;809.2;766.4;747.8;732;760.2;830.8;894.1;938.5;941.8;1028.8;1128.7;1214.1;1306.9;1292.5|
MT|C10-C12|1995|81.7;83;85.9;92;108;112.2;107.2;113.1;113.7;105;95.4;92.3;86.8;106.6;100.7;96.5;100.3;103.7;117.7;133.9;145.1;140.9;146.5;144.5;145.8;127.4;127.5;154.8;170.1;186.5;195.6|
MT|D|-|
MT|E|1995|32.5;44.8;58.9;70.4;60.6;62.3;63.9;64.6;60;48.9;48.6;50.1;50.9;61.2;68.6;66.8;66.8;62.7;64;67.4;70.6;74.8;77.6;84.7;86.9;85.3;90;99.9;116.9;125.9;118.8|
MT|F|1995|173.2;176;175.5;180.5;179.6;219.6;240.8;305.2;342;337.3;332.3;294;237;258;250.4;291.2;292.7;287.5;306;304.3;346.1;366.1;429;481.8;619.2;608.5;648.1;655.2;760.5;893.6;901.1|
MT|G-I|1995|801.3;822.8;899.7;957.1;1026;1016.5;1041.3;1056.4;1086.7;1093.5;1062.6;1094.4;1187.1;1231.6;1181.2;1234.2;1283.4;1385.9;1544.1;1644.8;1910.7;1929.9;2214.8;2350.8;2528.7;1505.4;2169.8;2946.8;3475;3683.9;4093.4|
MT|G|1995|401.6;429;452.8;487.9;511.7;489.5;489.9;522.5;545.3;546.9;544;551.4;581.2;609.6;575.7;617.3;673;700.4;763.9;818.9;954.4;932.3;1045;1087.2;1185.5;1060.7;1215.9;1461.2;1599.7;1655.1;1776.7|
MT|H|1995|219.3;210.4;251.6;248.9;281.1;291.1;310.1;287.5;279.9;291.3;274.4;298.9;347.3;344.5;347.8;325.4;301.1;363.6;401.4;426.5;502.4;537.1;610.9;632.5;705.8;203.3;596.4;808.9;1045.8;1031.9;1165.6|
MT|H51|2017|118;117.4;134.6;-218.8;98.9;183.1;375.7;285.4;313.9|
MT|I|1995|180.4;183.5;195.3;220.4;233.2;235.9;241.2;246.4;261.6;255.3;244.2;244;258.6;277.5;257.7;291.5;309.2;321.8;378.8;399.4;453.9;460.5;558.9;631.1;637.3;241.3;357.5;676.8;829.5;996.9;1151.1|
MT|J|1995|98.9;112.1;122.3;139.2;160.9;162.4;182;187.9;202.5;216.3;243.3;269;264;286.2;291.6;323.3;373;381.8;402.6;501.6;606.3;665.6;788.4;841.3;1002.9;1269.2;1601.5;1891.8;2394.7;2653.4;2937.6|
MT|K|1995|61.1;83.4;89.6;114.9;101;138.4;147.9;134.6;156;232.3;316.1;367.9;419.6;387;467.3;586.8;527.7;630.9;686.1;670.1;785.4;863.2;956.2;1031.5;1134.6;1263.3;1502.9;1310.9;1641.5;1906.8;1893.5|
MT|L|1995|182.6;189.2;192.7;197.9;202.2;208.4;217.2;231.9;259.5;273.7;275.4;296.1;303.5;335.3;368.6;401.7;425.2;457.4;498.8;510;603.6;701.7;805.8;876.8;1014;921;1064.7;1088.5;1562;1827;1843.4|
MT|M_N|1995|165.6;178;181.9;199.1;224.2;251.9;272.2;289;325.7;335.8;366.4;411.8;440.2;471;483.3;557.3;601.9;700.8;790;922.8;1148.5;1376.9;1723.3;1864.2;2126.3;2201.5;2645.8;3064.7;3486.8;3793.4;3993.2|2014d,2015d
MT|O-Q|1995|452.8;516.6;530.2;550.2;569.6;604.1;693.1;735.2;776.7;816.9;840.2;867.8;917.3;989.1;1053.2;1124;1185.7;1254.6;1336.4;1432.8;1550.4;1652.8;1781.8;1936;2145.5;2182.1;2470.1;2616.7;2793.8;3187.7;3424.2|
MT|R-U|1995|84.9;91.8;93.4;100.7;104.9;99;119.9;137.2;158.1;145.9;201.1;206;337.5;521.2;467;541.6;521.2;572.1;679.7;971.6;1176.7;1045.2;1437;1648.6;1317;1940.4;1857.5;1604.7;1744.4;1681.1;1810.4|
NL|TOTAL|1995|299747;311993;333529;355882;376540;405973;430475;449144;459576;473572;492241;522057;554653;580170;564180;575705;589169;593115;598320;609309;627626;644312;671934;703557;739508;726149;791730;888174;944801;1000017;1049834|
NL|A|1995|10260;9952;10995;10130;9827;10449;10796;10498;10647;9965;10350;11513;11408;10762;9868;11496;10486;11170;12278;12222;12627;13424;14776;13855;14594;14185;14752;16318;18393;19553;19802|
NL|A01|1995|9830;9541;10588;9682;9349;9999;10309;10057;10208;9555;9931;11083;10948;10324;9502;11094;10092;10764;11923;11855;12190;12914;14245;13316;14081;13690;14229;15770;17903;19029;19290|
NL|A02|1995|76;75;73;75;79;75;84;84;79;88;94;96;89;95;101;108;116;123;124;120;128;131;140;158;171;169;180;216;236;268;254|
NL|A03|1995|354;336;334;373;399;375;403;357;360;322;325;334;371;343;265;294;278;283;231;247;309;379;391;381;342;326;343;332;254;256;258|
NL|B-E|1995|61601;63500;65050;68035;68411;73929;79279;78381;78313;80958;85690;91957;96428;102260;90014;91890;97062;100005;98777;94166;95632;93991;98589;103759;105749;103231;116527;141430;142262;149906;157220|
NL|B|1995|7206;8577;8287;7537;6529;9253;11614;10686;11189;11847;12994;16440;15860;22151;16152;17652;19097;21691;22612;17022;12746;8128;7710;7519;5927;3165;6438;16954;5762;7378;6917|
NL|C|1995|48252;48263;50050;53279;54504;57479;60442;59889;58978;61334;64117;66057;70622;70346;61992;62837;66266;66223;64215;65571;70958;73940;79216;83919;86468;85598;95886;102836;109965;116952;122892|
NL|C10-C12|1995|9141;9265;9222;9563;10222;10098;10776;11248;11492;11703;11998;10931;11305;10869;11485;11120;11422;12465;12747;13315;13457;13968;14414;14945;15185;15523;15832;16561;18769;20213;21515|
NL|D|1995|4382;4716;4554;4991;4871;4483;4292;4731;4900;4551;5359;6075;6416;5968;8222;7757;7850;8203;7963;7424;7708;7735;7406;8019;9129;10178;9560;16474;21408;20053;21434|
NL|E|1995|1761;1944;2159;2228;2507;2714;2931;3075;3246;3226;3220;3385;3530;3795;3648;3644;3849;3888;3987;4149;4220;4188;4257;4302;4225;4290;4643;5166;5127;5523;5977|
NL|F|1995|15435;15812;16420;17581;19803;21482;23523;24770;24837;25118;26482;28306;30813;33104;33394;29984;29686;27183;25598;25828;26128;28180;29966;32629;36247;38666;41332;43981;48484;51148;55442|
NL|G-I|1995|58163;59891;65995;72555;76443;82926;88169;92219;90991;94000;96778;100984;107432;110254;104609;106847;109993;111966;116247;119502;126257;130779;136823;143061;152441;142537;161895;181768;189463;196923;204526|
NL|G|1995|37296;38842;42739;47072;50272;55145;58953;62125;60816;62700;64218;66711;71192;73532;70392;72006;74452;75664;78857;79917;83548;86726;90625;95182;102275;103442;117519;121882;124979;129469;134853|
NL|H|1995|15698;15663;17292;18901;18922;19867;20816;21127;21552;22694;23773;25222;26567;27171;24850;25633;25811;26418;27247;28688;30824;31135;32437;33015;34710;30329;34289;43945;45597;47235;48933|
NL|H51|1995|1911;1749;2326;2476;2353;2485;2345;2650;2859;3005;3113;3488;3673;3394;2335;2887;2312;2369;2577;2612;3651;4078;4077;3980;3785;1678;1548;3642;4028;4491;4909|
NL|I|1995|5169;5386;5964;6582;7249;7914;8400;8967;8623;8606;8787;9051;9673;9551;9367;9208;9730;9884;10143;10897;11885;12918;13761;14864;15456;8766;10087;15941;18887;20219;20740|
NL|J|1995|9414;10392;12289;14347;16237;18133;20294;21821;23083;23458;24355;25794;28276;28914;27626;27843;27886;27633;27602;27924;28817;30005;31006;32358;34452;36960;39019;44323;47186;51015;52306|
NL|K|1995|22497;23345;24744;25942;28164;29670;32053;33803;35672;36164;37327;37104;37202;36978;44177;51454;51549;54017;52022;55231;54915;52353;50940;50410;51649;52838;51072;51766;48271;48561;53205|
NL|L|1995|22726;24360;26380;28415;30159;32538;26756;28919;31680;34306;35314;40557;45644;46840;37445;35788;36613;31700;33630;35816;36277;37535;41501;45337;46104;47533;50712;61450;75564;79779;81853|
NL|M_N|1995|32716;36729;40288;44033;48612;53043;58649;58989;58916;60686;64043;69790;76609;82806;81068;79673;82734;83411;84211;88521;95888;102752;109098;116053;123794;117468;131034;145331;155979;164133;172384|
NL|O-Q|1995|60035;60894;63532;66459;69892;74184;80654;88798;94211;97381;100056;103804;107946;114815;122211;126482;128349;131202;133077;134807;135300;138906;142308;148427;155795;157030;169077;181780;196934;214878;227132|
NL|R-U|1995|6900;7118;7836;8385;8992;9619;10302;10946;11226;11536;11846;12248;12895;13437;13768;14248;14811;14828;14878;15292;15785;16387;16927;17668;18683;15701;16310;20027;22265;24121;25964|
AT|TOTAL|1995|158145.3;162240;167234.2;174031.6;180440.9;189418.9;195976.8;200708.4;205864.5;214252;224194.7;237133.7;251596.6;260417.8;254814.8;261615;274204.3;281072.7;285327;293480.3;303845.6;315923.9;326371.6;341351.6;352742.6;340529.9;362536.8;402767.1;429634.3;443546|
AT|A|1995|3843.8;3588.2;3693.7;3590.1;3616.6;3549.1;3747.5;3583.9;3428;3591.7;3236.2;3530.3;4125.8;4042.2;3368.2;3801.7;4503.3;4488.2;4104.3;4210.8;3912.2;4087.6;4407.2;4250.5;4133.7;4074.7;4936.7;6050.9;5933.6;6011.2|
AT|A01|1995|2932;2774.4;2674.4;2562.4;2542.5;2634;2808.2;2628.8;2578.4;2696.6;2304.3;2471.2;2880.6;2875.1;2345.1;2649.8;3110.9;3074;2847.5;2823;2754.1;2895.6;3255.3;3154.3;3085.4;3173;3682.4;4501.2;4364.9;4506.2|
AT|A02|1995|906.1;807.9;1012.7;1021.8;1067.7;909.2;933.2;949.2;843.6;889.3;924.6;1050.1;1235;1155.8;1010.5;1138.2;1375.8;1393.7;1234.3;1365.6;1134.9;1164.6;1124.1;1067.1;1016.2;866;1220.4;1512.3;1531.5;1467.9|
AT|A03|1995|5.8;5.9;6.6;5.8;6.4;5.9;6.1;5.9;6;5.8;7.3;9;10.2;11.2;12.6;13.8;16.6;20.5;22.6;22.2;23.1;27.4;27.9;29.1;32.1;35.7;33.9;37.5;37.2;37.2|
AT|B-E|1995|39068.5;39891.8;41346.7;42644.4;44460.3;46836.9;48793.6;48587.2;49240;51337.5;53897.9;57833;61446.6;62100.5;57816.4;59771.9;62914.4;64872.6;65331.9;66621.2;68437.2;72508.3;73897.5;76480.4;78099.4;73789.8;79973.3;89718.1;96275.1;93028|
AT|B|1995|390.4;463.8;498.7;504;552.7;566;592;627.5;619.6;890;977.2;1036.9;1000.8;1343.6;1073.6;1184.9;1519.5;1519.4;1487.4;1398.3;1186.8;1068.2;1199.7;1169.9;1059.3;758.7;980.7;1433;983.8;1006|
AT|C|1995|32548.1;33061.7;34380.3;35622.8;37386.8;39776.8;41388.1;41166.2;41408.4;42821.4;45046.2;48607.8;52346;52216.1;48152.9;50031.6;52834.2;54632.2;54944.3;56735.9;58985.2;62839.8;64066.2;66380.5;67674.9;63122.6;68975.9;74829.2;76173.9;74774|
AT|C10-C12|1995|3953.7;3778;3592.4;3766;3997.1;3997;4043.4;4169.2;4331.6;4514;4461.1;4571.9;4924.8;4837.7;5141.8;5254.6;5098.5;5515.7;5365.5;5764.6;5937.3;6370.7;6471.4;6477.7;6888.7;7017.1;7397.4;8531.8;9071.4;9301.7|
AT|D|1995|4209.2;4388.8;4507.2;4565.1;4657.3;4477.8;4779.7;4662.4;4944.8;5175.4;5454.7;5638.1;5418;5966.4;5964;5840.7;5778.5;5765.2;5895.1;5357.4;5123.1;5334.9;5262.7;5423.1;5758.4;6352.2;6294.6;9530.5;15293.9;13228.8|
AT|E|1995|1920.8;1977.4;1960.6;1952.4;1863.5;2016.3;2033.8;2131.2;2267.2;2450.7;2419.8;2550.1;2681.8;2574.4;2626;2714.8;2782.2;2955.8;3005.1;3129.6;3142.1;3265.4;3369;3507;3606.7;3556.2;3722.1;3925.4;3823.5;4019.3|
AT|F|1995|12408.2;12991.6;13043.1;13663;13944.8;13936;13595.9;13690.9;14615.4;15087.6;15293.3;15540.5;16913.4;17901;17409.9;16797.8;16768.6;17471.7;18080.9;18500.9;18846.3;19653.4;20873.1;22084;22949.8;23778.8;24531.2;26422.3;28395;28435.6|
AT|G-I|1995|35457.9;36075.2;36971.7;38824.6;40124.4;42827.7;44071.3;45662;46487.2;48009.8;50325.8;53098.2;56065.5;58064.7;57288.5;59228;62325.6;63239.3;62651.6;64827.6;67381.3;68957.6;70179;74527.3;76166.7;68261;71866.2;87739.7;88840.6;90646.1|
AT|G|1995|20844.8;21272.7;21812.2;22654.4;23296.5;25037.6;25636.9;26467;26703.8;27662.5;28974;30669.3;32479.7;33547.3;33057.8;34623.2;36486.6;36411.1;35253.7;36507.6;37643.9;37822.7;38015.4;41357.3;41972.2;41191.8;45801;51139.5;48312.8;47559.3|
AT|H|1995|8696;8854.8;9165.6;9907.3;10240.1;10876.5;11096;11603.6;11854.6;12247;12969.6;13546.3;14308.3;14863.2;14467.3;14621.5;15425.3;15801.1;16195.2;16876.3;17444.8;18073.7;18656.3;19043.8;19666.1;17948.8;17736.8;21544.1;22831.6;23971.1|
AT|H51|1995|508;484;546.6;706.7;708.6;653.6;541;720.2;778.2;839.5;675.6;828.2;952.8;776.6;740.3;680.3;577.6;596;460.3;599.4;756.9;767;884.4;931.2;933.4;55.1;335.6;912.9;1083.1;1141.7|
AT|I|1995|5917.1;5947.7;5993.8;6262.9;6587.7;6913.6;7338.4;7591.4;7928.8;8100.3;8382.2;8882.6;9277.5;9654.1;9763.4;9983.2;10413.7;11027.1;11202.7;11443.6;12292.6;13061.1;13507.2;14126.2;14528.4;9120.4;8328.4;15056.1;17696.2;19115.7|
AT|J|1995|5420.6;5533.7;5607.6;6090.8;6438.9;6437.3;7445.8;7850.4;8055.4;7869.5;8206.5;8474.9;8617.3;8853.1;8583.9;8609;9336.8;9514.5;9906.7;10467.4;10827.7;11630;11869;12896.5;13689.9;13703.2;15276.3;15865.8;16885.9;17436.3|
AT|K|1995|9121.8;9018.7;9315.4;9406.8;9004.8;10450.7;10064.8;10252.6;10204.9;10536.6;11017.5;11986;13143.4;13344.1;11957.3;12014.4;12933.4;12301.8;12861.4;12969.1;13499.8;13242.6;13764.6;14217.4;14836.8;14659.1;16731.9;18202;21769.3;22231.7|
AT|L|1995|10798.2;11546;12455.9;13102.9;13842.9;14161.4;14751.9;15526.6;16298.2;17878.3;19488.5;20557.6;21233.7;21635.5;22145.5;23108.6;24341.9;25436.7;26676.5;27715.8;28934.9;30097.2;31749.8;33180.2;34265.4;35353.5;35461.4;36487.1;40253.1;43713.2|
AT|M_N|1995|9232.3;9876;10486.2;11051.9;11861.2;12939.6;14062.3;15045.9;15710.3;16530.1;17946.7;19467.7;21331.3;23146.7;22426.5;23132.1;24711.3;25797.9;26689.7;27646.6;28953.7;30511.5;32173;33709.5;35869.3;34179.3;36795.3;40500.4;42651.1;44283.5|
AT|O-Q|1995|28463;29301.5;29822.7;30985.4;32344.3;33271.4;34333.3;35218.4;36391.3;37640.6;38693;40443.3;42093.1;44391.5;46732.3;47943;48944.1;50382.7;51313.1;52666.2;54969.7;57096.7;58926.7;61143.5;63512.3;64895.1;68754.2;71741.9;77696;85895.5|
AT|R-U|1995|4331;4417.2;4491.3;4671.9;4802.5;5008.9;5110.5;5290.4;5433.8;5770.4;6089.2;6202.2;6626.5;6938.5;7086.4;7208.5;7424.9;7567.3;7710.9;7854.7;8082.8;8139.1;8531.8;8862.2;9219.3;7835.4;8210.3;10038.9;10934.4;11864.9|
PL|TOTAL|1995|305683;381615;462705;540613;595994;667508;698576;719112;749286;829566;873226;941223;1038360;1126401;1221462;1267828;1374078;1436474;1451790;1515422;1606480;1648760;1754526;1883514;2036872;2084829;2320410;2766246;3085935;3249214|
PL|A|1995|19868;22980;24242;24479;22724;23982;26111;22890;22880;31247;29477;29474;36802;34107;36130;42032;49605;48434;52843;50813;44943;48959;59613;51878;54847;60690;59765;87012;94445;92809|
PL|A01|1995|16972;19635;20827;20567;18659;21323;23448;20301;20187;28510;26522;26165;32849;30348;32184;34677;41054;40497;45134;41868;36571;40285;51256;44995;47173;52637;50971;76783;82787|1995e,1996e,1997e,1998e,1999e
PL|A02|1995|2761;3194;3249;3745;3828;2474;2458;2351;2446;2550;2774;3095;3773;3593;3741;7133;8339;7689;7467;8693;8039;8268;7995;6551;7319;7640;8342;9801;11156|1995e,1996e,1997e,1998e,1999e
PL|A03|1995|135;151;166;167;237;185;205;238;247;187;181;214;180;166;205;222;212;248;242;252;333;406;362;332;355;413;452;428;502|1995e,1996e,1997e,1998e,1999e
PL|B-E|1995|90470;106808;123742;138442;150053;160018;156969;161973;180841;211137;221308;238562;262867;280755;305387;320373;347305;370164;355090;385440;419211;440427;441465;461384;497255;506793;595828;723768;791121;766838|
PL|B|1995|11205;12787;14653;14130;14326;16336;16058;15801;15894;21188;22372;22847;23635;27131;26089;31263;37307;36545;31976;27781;27827;27094;32218;32365;32849;30568;36676;54301;50835;43049|
PL|C|1995|66857;79136;92213;105237;113312;119704;113103;115187;130831;155523;162548;177455;197835;213019;229410;233113;252402;268586;254807;289160;319738;341008;337183;354032;385535;382989;460459;547341;596234;587362|
PL|C10-C12|1995|13829;16699;20925;23336;24936;22435;20957;21275;22978;22319;28563;30967;30435;34925;43080;41747;40375;41780;41607;50653;57188;59162;57879;60907;65893;58943;64066;74377;91386|1995e,1996e,1997e,1998e,1999e
PL|D|1995|10021;12108;13505;14786;17294;16940;20360;22765;25377;25250;26574;28236;30308;27751;35732;40504;41670;48288;51015;50068;51868;51224;49856;51118;53585;64743;67460;88024;108699;96147|
PL|E|1995|2387;2777;3371;4289;5121;7038;7448;8220;8739;9176;9814;10024;11089;12854;14156;15493;15926;16745;17292;18431;19778;21101;22208;23869;25286;28493;31233;34102;35353;40280|
PL|F|1995|26412;33774;42329;53011;56407;56251;57816;55199;53004;62428;67332;74887;85344;91099;106774;107761;128040;120210;114570;126506;141644;131928;133805;158441;169886;168218;162332;181106;212641;228652|
PL|G-I|1995|73625;95276;115907;134774;151793;174833;185055;192606;193733;208412;222710;240709;259034;279382;310372;318533;335748;366811;374123;364373;389011;394661;436611;467388;497140;489912;545192;653141;711210;744356|
PL|G|1995|57014;74617;90559;106782;116605;132446;141281;146127;143704;154468;162934;174737;187701;203213;228681;228530;241479;260914;266081;245913;262145;264270;288782;301524;320475;326279;369961;428506;441016;458258|
PL|H|1995|13628;16510;20443;22017;28388;34281;35426;38315;41686;46468;51028;57106;61334;64024;69146;76460;79036;89849;92483;98825;106649;109823;122007;139465;146511;140302;144422;180265;219271;228970|
PL|H51|-|
PL|I|1995|2983;4149;4905;5975;6800;8106;8348;8164;8343;7476;8748;8866;9999;12145;12545;13543;15233;16048;15559;19635;20217;20568;25822;26399;30154;23331;30809;44370;50923;57128|
PL|J|1995|7865;10497;13487;17420;19751;23481;27332;31713;33154;39442;38715;39993;43671;48246;50647;44453;46339;51186;51884;56071;61414;64505;69507;75720;83313;92063;114748;138648;152304;158078|
PL|K|1995|7179;10388;17132;18832;22994;31253;28693;26197;26452;29659;31729;35023;43415;53280;46604;51754;59874;56412;59731;66079;63577;66568;74695;81703;86685;86849;88256;144705;157724;175484|
PL|L|1995|17490;23877;29811;35655;41328;44498;46257;48720;51428;52025;54697;59533;62504;67014;68612;74608;79909;84669;84210;88753;91386;98692;101334;106704;131873;137631;146235;164891;180297;190968|
PL|M_N|1995|9753;11820;18075;27102;30279;43546;47130;46718;48533;52029;56587;62508;71260;80569;88560;88654;94370;103471;110863;117788;131953;133156;152405;166627;181308;185467;203545;223586;268062;280226|
PL|O-Q|1995|44171;54863;65879;75873;83193;96274;108781;117148;122846;127772;132884;142313;153599;169490;184151;197260;209441;208286;220853;230759;233043;239381;252597;277796;298292;318970;365805;402638;460839;546644|
PL|R-U|1995|8850;11332;12101;15025;17472;13372;14432;15948;16415;15415;17787;18221;19864;22459;24225;22400;23447;26831;27623;28840;30298;30483;32494;35873;36273;38236;38704;46751;57292;65159|
PT|TOTAL|1995|78452.6;82876.8;90046.3;97354.5;104186.7;112482.8;119059;124675;127682.6;133071.7;137401;143475;152061.8;156036.8;155410.3;158032.3;154178;147300.5;149851.5;151138.9;156080.7;161745;169071.4;177157.3;185473.9;175104.3;187361.5;211027.9;235589.3;252124.8|2024p
PT|A|1995|4273.8;4331.4;3920.4;3943.8;3934;3993.4;4020;3881.6;3872.5;3961.7;3652.3;3746.1;3506.4;3517.2;3421.7;3489.9;3241.5;3236;3485;3423.2;3543.7;3582.9;3839.2;3932.2;4289.6;4303.9;4680.7;4648.4;5778;5851.3|2024p
PT|A01|1995|3410.6;3541.7;3182.9;3116.4;3101;3022.2;2966;2807.3;2844.2;2932.3;2685.8;2760.4;2529.6;2541.4;2512;2497.9;2171.3;2155.2;2426.4;2451.5;2588.7;2590.5;2875.2;2915.3;3218.6;3155.6;3338.1;3088.9;4206.4|
PT|A02|1995|554;474.9;449.1;536.2;543;676.2;757.2;786.1;741.1;736;694.9;706.9;687.9;686;644.2;710.8;783.2;790;774.8;696.9;685.2;687;629.5;674.9;695.3;813.8;920.8;1080.5;1142.3|
PT|A03|1995|309.2;314.8;288.4;291.2;289.9;295;296.8;288.1;287.3;293.3;271.6;278.7;288.9;289.7;265.5;281.2;287;290.8;283.8;274.8;269.9;305.4;334.4;342.1;375.6;334.5;421.8;479.1;429.3|
PT|B-E|1995|16982.2;18543.3;19957.7;21153.4;22126.4;22809.4;23554.8;24016.5;23896.9;24390.4;24365.5;25478.1;26829.4;25983.6;25064.8;26607.6;25601.4;24994.7;25455.8;26575.2;28751.8;29723.9;30714;32191.6;32357;30637.1;33115.4;34847.8;39040.5;41382.2|2024p
PT|B|1995|551.2;486.8;571.7;594.2;600.2;628.8;649.7;579.5;535.9;608.8;658;803.2;804.1;608;646.1;714;650.1;635.7;569.9;529.7;500.5;533.4;603.9;593.1;561.6;524.8;752.7;678.8;719.2;815.6|2024p
PT|C|1995|14189.8;15639.7;16914.2;17814.4;18694;19325.5;19928.9;20235.1;19684.6;19872.5;19925;20521.9;21485.5;21316.2;19529.4;20837.1;19974.7;19171.8;19739;20507.9;21978;22819.6;24303.6;25260.1;25605.3;24304.9;26938.2;30402.6;32661.2;34043.5|2024p
PT|C10-C12|1995|1629.6;1877;1949.1;2205;2527.8;2466.4;2708.9;2916;3010.4;3093.4;3182.4;3239.1;3221.4;3358.9;3543.3;3567.8;3418.1;3354.5;3508.5;3743.7;3854.2;4082.9;4095.9;4235;4283.5;4163.9;4320.2;4647.9;5505.3|
PT|D|1995|1771.8;1903.8;1918.6;2142.5;2159.9;2119.9;2222.6;2375.8;2681.2;2810.2;2599.1;2827.9;3158.3;2645.8;3396.2;3341.3;3191.6;3391.5;3384;3790.1;4553.2;4650.7;4121;4660.1;4426.8;3959.1;3445.7;1767.1;3604.2;4197.3|2024p
PT|E|1995|469.2;512.9;553.2;602.4;672.4;735.2;753.6;826.1;995.2;1098.9;1183.5;1325.1;1381.5;1413.5;1493.1;1715.2;1785.1;1795.6;1763;1747.4;1720.1;1720.2;1685.5;1678.4;1763.4;1848.3;1978.9;1999.3;2055.8;2325.8|2024p
PT|F|1995|5109.9;5459.2;6357.3;7059.6;7616.7;8602.8;9226.6;9479.4;9157.8;9465;9538.3;9682.1;10291.2;10528.8;9767.9;9244.9;8484.3;7173.9;6773;6304.4;6398.1;6523.8;6920.3;7541.1;8151.7;8352.2;8695.7;10048.2;11547.6;12779.3|2024p
PT|G-I|1995|17755.9;18477.3;20507.2;22256.5;23456.6;25463.6;26895.3;28235.3;28625;29851.1;30598.5;32012.9;34086.8;34609.4;35423.7;36114.8;36432.5;36118.9;36948.7;37302;38758.9;40063.3;41994.2;43375;45442.5;36532.9;39631.5;48774.7;54805.9;58826.5|2024p
PT|G|1995|11691.1;12094.6;13361.2;14217.7;14666.7;15850;16805.7;17506.1;17547.2;18143.2;18442.1;19017.8;19978.5;20486.5;20904.9;20985.2;21664.2;21635.3;22266.2;22431.1;23004.4;23554.9;23541.3;23863.8;24675.1;23154.7;23942.5;26047.1;28298.9;30188.6|2024p
PT|H|1995|3016.6;3235.5;3562.7;3908.3;4295.4;4647.5;4882.5;5062.9;5236.1;5436.2;5574.3;6026;6816.9;6808.9;6996.8;7446.8;7173;6951.1;7211.2;7152.2;7666.6;7768.9;8454.1;8786;9452;6989.4;7775.4;9767.7;11645.7;12401.7|2024p
PT|H51|1995|428.4;449.2;492.7;535.2;599.2;630.7;657.5;680.4;694.4;701.5;689.6;746.4;852.2;813.2;902.7;946.9;812.4;833.2;1002.9;874.2;903.2;835.1;983.6;1018.5;1100.1;-127.5;184.7;639.1;1304.7|
PT|I|1995|3048.2;3147.3;3583.4;4130.5;4494.6;4966.1;5207.2;5666.2;5841.8;6271.7;6582.1;6969.1;7291.5;7314;7522;7682.8;7595.3;7532.5;7471.3;7718.8;8088;8739.5;9998.8;10725.2;11315.4;6388.7;7913.7;12959.9;14861.4;16236.2|2024p
PT|J|1995|2651.8;2821;3106.7;3320.2;3683.3;4046.3;4422.4;4768.9;4893.6;5163;5341.4;5587.1;5798.7;5976.7;5984.7;5646.8;5629.3;5374.5;5197.8;5160.8;5317.1;5660.3;5946.9;6375.7;7140.6;7782.4;8499.8;10019.8;11230.9;12557.2|2024p
PT|K|1995|4787.1;4675.7;5390.4;5848.1;6300.1;6529;7607.2;7767.3;8215;8800.5;9008.2;10669.7;11674;12601.9;10955.1;10367.9;10755.4;9214.2;8203.3;7948.2;7861.2;8084.5;7968;8363.7;8909.7;9255.8;9604.2;11430.9;16582.6;15900.8|2024p
PT|L|1995|6038.7;6262.2;6628.8;7259.6;8006.6;8595;8798.4;9679.7;10456.7;10940.7;11922.3;12484.4;13958.2;14671.9;15243.6;16723.4;16538.2;17376;18578.3;18862.5;19100.2;20173.9;21214.2;22163.3;23260.5;23562.4;24399.8;25585.5;24767.1;27347.9|2024p
PT|M_N|1995|4450.6;4711.9;5131.6;5761;6528;7100.3;7285.1;7570.1;7903.4;8318.1;8858.6;9209.2;10333.5;11120.7;11082.6;11353.8;10906.8;10173.6;10315.7;11073.1;11203.4;11947.2;13085;14405.1;15425.6;14787.1;16535.8;20097.7;22518.3;24254|2024p
PT|O-Q|1995|14831.2;15795.6;17089.4;18734.2;20305.5;22715.9;24558.4;26298.5;27523.6;28891.8;30710.9;31037.3;31724.6;32808;34128.2;33988.9;32130.9;29297.9;30647.2;30139.3;30632.6;31391.9;32490.6;33750.4;35169.9;35388.4;37509.3;39696.3;42603.8;45806.1|2024p
PT|R-U|1995|1571.5;1799.1;1956.9;2018.1;2229.7;2627.1;2690.7;2977.6;3137.9;3289.4;3405.3;3568.2;3858.9;4218.7;4337.9;4494.2;4457.5;4340.9;4246.8;4350.3;4513.5;4593.4;4899;5059.2;5326.8;4502;4689.2;5878.7;6714.4;7419.4|2024p
RO|TOTAL|1995|7216.6;10838.2;23850.6;33374.5;49415.8;73027;106501.2;137534.2;171229.7;219488.8;254390.8;305239;379419.2;484248.8;482718.7;483596.6;519675.5;549171.4;556693.3;591543.6;625929.4;673373.2;770408.7;861471.1;958585.6;963798.7;1071508.9;1271213.1;1452697.1;1594116|2023p,2024p
RO|A|1995|1382.3;1997.3;4465.2;5321.5;6973;8777.9;15436.5;17271.3;22865.8;31088.9;24343.4;26806.8;23419.4;34019.8;32471.8;27980.3;34945.7;28208.1;34801.3;33099.7;31536.9;32282.7;37802.1;42950.2;45694;43310.2;54750.5;52864.4;52879.2;49458.3|2023p,2024p
RO|A01|1995|1353;1950.4;4365.7;5168;6737.9;8391.2;14916.2;16573.6;21827.9;29964.5;23190.2;25515.4;21944.5;32298.7;30704.3;24688.3;32191.5;25274.7;31177.2;28631.2;26289.6;27049.9;32385.2;35421.9;37754.4;32793.9;45621.1;42915.5;40701.4;36106.5|2023p,2024p
RO|A02|1995|28.6;45.9;97.5;151.7;232.6;383.7;513.4;688.9;1023.7;1110.5;1139.1;1274.7;1453.3;1676.9;1666.1;3128.4;2498.8;2756.7;3332.4;4007.7;4551;4382.3;4546.7;6496.1;6804.9;9040.2;8240.9;8955.8;9811.6;10609.1|2023p,2024p
RO|A03|1995|0.7;1;2;1.8;2.5;3;6.9;8.8;14.2;13.9;14.1;16.7;21.6;44.2;101.4;163.6;255.4;176.7;291.7;460.8;696.3;850.5;870.2;1032.2;1134.7;1476.1;888.5;993.1;2366.2;2742.7|2023p,2024p
RO|B-E|1995|2288.9;3560.6;7700.3;9886.8;13881.4;20253.5;31273.9;41351.5;49392.5;62285.6;72421.1;85724.7;105162.8;137225.8;136648.2;163897.2;197450.7;166971.3;159183.9;175214.4;177350.3;181197.4;201762.4;220513.3;227193;214157.2;234633.8;287753.5;302950.6;304586.9|2023p,2024p
RO|B|1995|199.2;273.6;665.2;720.3;1128.3;1658.6;2156.2;2763;2792.7;3305.4;3851.4;4849.5;5383.3;5227.1;6845.2;8040.1;5035.1;9926.9;6844;5421.1;6570.1;5026;5611.7;7038.8;9562.2;8873.4;7594.3;24790.9;18218.1;17718.6|2023p,2024p
RO|C|1995|1816.7;2910.8;6105.4;7916.6;10683.4;16023.3;25850.5;33209.3;40394.2;51976.7;61009.5;72341.4;89514.6;118468.6;111524.8;126239.5;152164;132184.2;127686.5;143903.3;143992;151360.6;168883;181745.8;182740.8;169296.2;186328.3;191389.4;220724.9;232144.2|2023p,2024p
RO|C10-C12|1995|477.9;817;1936.7;2506;3459.4;4919.1;8653;9961.2;12184.8;15264.9;17587.7;20131.4;25185.6;35540.4;28847.5;33117.2;37744.3;37794.6;31708.8;31576.1;34179.5;32206;38908.4;46444.2;47878.8;46646.9;39590.9;39175.4;53322.3;57857.6|2023p,2024p
RO|D|1995|233.7;317.4;770.1;982.6;1706.4;2035.1;2502.1;4506.3;5244.7;5891.6;6142.2;6850.5;8191.8;10687;14908.6;22699;32260.5;19304;18776.2;20035.4;20715.7;18513;20902.9;24460.6;26232.2;26737;29538.7;60189.2;49891.9;37034.8|2023p,2024p
RO|E|1995|39.3;58.8;159.6;267.3;363.3;536.5;765.1;872.9;960.9;1111.9;1418;1683.3;2073.1;2843.1;3369.6;6918.6;7991.1;5556.2;5877.2;5854.6;6072.5;6297.8;6364.8;7268.1;8657.8;9250.6;11172.5;11384;14115.7;17689.3|2023p,2024p
RO|F|1995|480.6;743.4;1480.4;2034.2;2872.6;4221.5;6687.2;9396;12114.2;15610.4;20137.4;27312.5;40773.4;61293.8;56729.4;43133.8;38676;46898.3;43397.6;42648.1;42198.8;45354.3;46170.7;56895.6;67168;69006.6;76160.6;94384.1;127939.1;139685.7|2023p,2024p
RO|G-I|1995|1087.7;1922.7;4433.3;6907.9;10163.7;14816.8;19795;25046.8;33569.2;42680.7;53828.7;65996.1;83444.7;97297;97486.3;64970.1;56234.9;101405.3;89275.9;94193.2;113342.8;128837.4;149836;166457;185200.2;193837.8;233954.5;284279;323121.7;361388.4|2023p,2024p
RO|G|1995|542.8;965.9;2227.9;3817.4;5625.3;8476.3;10489.1;12759.4;17321.6;22099.7;27809.4;34610.4;43299.9;52080.6;44997;25552.4;24939.9;54189.8;37884.9;45974.7;57031.3;68372.2;81193.7;94064;101064;118013.9;152347.8;173486.5;193543;213422.8|2023p,2024p
RO|H|1995|374.1;676.6;1546.5;2111.9;3247.1;4632.7;7264.9;9551.9;13119.8;16762.7;20909;24729.1;33912;37989.5;44488.5;33064.6;25983.6;38768;41901.9;41045.1;45952.9;47667.9;53852;55052.9;61255.3;61955.4;67636.3;91572.7;107100;122301.6|2023p,2024p
RO|H51|1995|13.4;21.3;44.2;76.7;93.2;106.4;258.9;298.6;362.7;388.3;500.3;544.8;850.2;998.7;1050.2;1125.2;856.5;2296.1;1314.4;476.5;708.1;429.5;601.1;806.1;2420.4;1010.5;1393.6;550.4;887.3;1516|2023p,2024p
RO|I|1995|170.8;280.2;658.9;978.6;1291.3;1707.8;2041;2735.5;3127.8;3818.3;5110.3;6656.6;6232.8;7226.9;8000.8;6353.1;5311.4;8447.5;9489.1;7173.4;10358.6;12797.3;14790.3;17340.1;22880.9;13868.5;13970.4;19219.8;22478.7;25664|2023p,2024p
RO|J|1995|166;300.7;773.4;1544.7;2472.9;3961.3;5464.4;6807.5;8443.3;10475.2;11470.5;14096.7;19498.7;23405.6;21572.6;21862.5;23293.2;26526.5;32438;32542.5;35924.6;39029;47216.4;51133.4;60484.1;67584.4;76207.8;96147;111201;120971.9|2023p,2024p
RO|K|1995|532.1;521.4;793.9;1282.9;2016.6;3278.5;4132.1;3930.9;3778.9;5610.7;5906.3;6281.9;8088.9;11287.3;10721.4;12465.4;15121.8;16609.9;23489.8;21851.2;21681;24683.7;21095.5;23313.8;24254.3;31770.4;33508.8;40338;53435.4;60092.8|2023p,2024p
RO|L|1995|556.6;779.1;1608.9;2502.3;3872.1;5926;8206;11678.4;13113.8;16129.7;21635.7;24223.4;35492.5;35845.3;42436.7;46823.2;47604.3;51247.4;51220.2;55211.6;61077.6;62938.4;70405.1;73680.3;84693.5;82805;91755.9;103823.2;115380.3;127447.7|2023p,2024p
RO|M_N|1995|143.4;213.6;635.3;844.6;1258.6;1973.7;2652.8;4491.6;6058.1;7049.5;8611.4;12491.7;15979.3;21644.5;23194.5;25807;29967.4;30953.9;40057;41606;50304.7;51791.3;64589.7;69342.5;82325.8;78313.8;84583.4;107419.4;127506.3;144859.7|2023p,2024p
RO|O-Q|1995|440.1;625.3;1489.1;2276.6;4608.9;7600.7;10415.8;14391.9;17721.2;23359.6;29804;34147.3;37464.8;50224.6;47274.9;61734.1;57671.3;62529.4;67207.5;76946.9;69938.4;84865.1;104845.6;125951.4;147537.2;155492.6;155378.9;168025.3;190537.3;227747.4|2023p,2024p
RO|R-U|1995|138.9;174.1;470.8;773;1296;2217.1;2437.5;3168.3;4172.7;5198.5;6232.3;8157.9;10094.7;12005.1;14182.9;14923;18710.2;17821.3;15622.1;18230;22574.3;22393.9;26685.2;31233.6;34035.5;27520.7;30574.7;36179.2;47746.2;57877.2|2023p,2024p
SI|TOTAL|1995|9077;10435.3;12028.5;13252.2;14786.6;16343;18345.7;20290.1;22182.1;24033.6;25371.8;27484.7;30604.4;33037.7;31274.4;31296.9;31911.2;31113.8;30975.3;32050.3;33058.5;34438.5;36789.8;39355.4;41821.1;41139.2;45539.5;49954.1;57062.1;59723.5;63132.9|
SI|A|1995|404.6;437.3;505.9;532.4;503.4;562.5;569.9;673.6;562.4;658.7;700.7;654.7;710.2;663.8;631.1;655.9;750.7;656.2;659.8;678.8;759.7;740.8;721.7;905.3;852.6;886.8;786.5;923.8;981.5;1024.8;1107.5|
SI|A01|1995|321.8;338;408.9;430.7;403.9;441.6;437.3;542.4;426.7;522.9;536.4;476.5;471.6;446.6;433;448.1;524.1;430.4;423.2;511.3;567.4;533.5;471.7;652.1;583.1;634.4;451.6;551.7;611.4;714.2;748.2|
SI|A02|1995|80.5;96.7;94.9;98.7;96.3;118.3;129.5;128.4;132.2;132.8;161.1;175;235.7;214.6;194.1;203.7;222.5;221.6;231.9;163.1;187.4;203.1;244.8;248.7;264;247.8;329.7;367.5;365.9;305.2;354.3|
SI|A03|1995|2.2;2.6;2.1;3;3.2;2.6;3;2.8;3.5;3;3.2;3.2;2.9;2.6;4;4.2;4.1;4.2;4.7;4.4;4.9;4.2;5.1;4.5;5.5;4.5;5.2;4.7;4.2;5.3;5|
SI|B-E|1995|2583.6;2979.2;3463;3908.5;4286.1;4642.7;5282.2;5802.1;6339.9;6849.8;6981.4;7497.9;8273.5;8508.5;7377.2;7524;7909.7;7948.1;8167.7;8544.1;8878.5;9283.7;10002.6;10534.3;11275.8;11076.9;11877;12558.4;15042.3;15613.3;15646.4|
SI|B|1995|87.7;89.5;100.9;107.7;109;103;101.7;97.9;111.3;129;132.9;138.2;144.8;145.8;143.8;138.9;145.8;142.7;126;127.7;124.3;130.1;138.1;143;138.5;130;120.5;165.3;133.9;193.3;185.9|
SI|C|1995|2259.8;2620.6;3053;3392.3;3770.3;4057.3;4601.6;5029;5518.2;5888.4;5968.9;6406.9;7109.9;7244;6147.6;6307.5;6693.2;6725.7;6908.8;7321;7692.5;8095;8798.2;9277.2;9907.9;9589.7;10366.4;11329.3;12486.2;13018.1;13320.2|
SI|C10-C12|1995|255.1;325.1;364.1;377.4;412.4;431.8;478.2;507.3;530.2;499.1;469.8;476.9;499.5;467.6;509.9;460.3;458.5;451.1;464.5;495.5;518.9;544.7;564.7;629.6;666;668;697.5;723.8;841.4;947.2;1021|
SI|D|1995|147.3;176.3;199.8;277.7;269.6;321.1;392.1;488.2;491.9;577.3;615.2;672.4;696.3;775.8;754.2;763.3;750.3;766.3;804.4;756.4;724.4;727.8;728.6;764.8;863.7;949.2;913.7;607;1926.7;1863.5;1562.5|
SI|E|1995|88.8;92.9;109.3;130.9;137.2;161.3;186.8;187;218.5;255.1;264.4;280.4;322.4;343;331.5;314.4;320.5;313.4;328.4;338.9;337.3;330.8;337.7;349.3;365.6;408;476.5;456.8;495.4;538.3;577.8|
SI|F|1995|516.9;642.7;767.4;840.7;1026.7;1060.3;1124.2;1189.4;1347.4;1448.8;1635.8;1925.9;2416.6;2721.7;2434.1;1976;1855.5;1780;1612.6;1807.4;1756.3;1759.9;1945.8;2227.9;2475.9;2451.5;2770.5;3373;3944.4;3973.6;4232.2|
SI|G-I|1995|1672.6;1882.4;2303.3;2482;2712.2;2981.8;3404.4;3801.6;4203.9;4525.1;4884.5;5377.2;6165.5;6782.3;6343.8;6263.8;6415.9;6191.7;6258.3;6448.5;6802.7;7202.4;7765.7;8367.1;8766.6;7954.9;9102.2;10197.7;11377.2;11634.5;12472.2|
SI|G|1995|1028.6;1123.3;1393.7;1488.6;1601.4;1740.5;2018.3;2302.3;2576.1;2738.3;2988.6;3233;3719.2;4155.8;3925.7;3808;3846.7;3651.5;3715.8;3766.6;3940.8;4125.5;4426.4;4794.9;5008.3;4887.1;5523.4;5758.1;6599.3;6651.7;7102.9|
SI|H|1995|444.6;522.5;626.7;686.7;768.2;862.3;957.8;1047.4;1139.9;1275.6;1342.6;1521.2;1748.7;1890.1;1718.4;1767.8;1853.5;1849.4;1846.5;1967.6;2125;2260.8;2452.9;2595.5;2690;2439.8;2750.5;3202.1;3386.1;3489.4;3726.7|
SI|H51|1995|10.6;12.9;18.6;19.8;25.8;23.9;32.4;36;39.2;42.1;40.7;44.6;58.9;72.3;50.7;32.3;26.7;36.2;38.9;31.8;25.2;29;30.4;25;24.7;19.2;25.7;31.3;39.4;56.7;71.3|
SI|I|1995|199.4;236.6;282.9;306.7;342.6;379;428.3;452;488;511.2;553.3;623.1;697.6;736.4;699.7;688;715.7;690.8;696;714.2;736.9;816.1;886.4;976.7;1068.3;628;828.4;1237.5;1391.7;1493.4;1642.6|
SI|J|1995|255.3;292.2;354.5;431.8;514.9;614.1;716.5;731.5;818.7;902.4;1003.7;1097.5;1217.3;1316.9;1222.5;1276.4;1301.4;1328.7;1297.8;1365.5;1328;1356.2;1453.9;1509.5;1721.2;1795.9;2021.2;2207.4;2483.1;2644.5;2892.6|
SI|K|1995|484.5;564.2;527.9;534;661.8;775.2;790.9;876.8;1016.4;1084.6;1151.1;1336.3;1419;1589.2;1660.6;1687.2;1637.1;1336.4;1241.3;1287.6;1347.8;1324.4;1394.1;1501;1573.3;1594.4;1928.8;2086.9;2812.9;3221.1;3225.2|
SI|L|1995|813.8;921.4;1023.1;1117.4;1211.5;1304.7;1406.7;1515.5;1607.5;1760.1;1887.3;2023.1;2213.5;2443.6;2437.6;2458.6;2473.5;2468.1;2498.5;2524.9;2600.8;2679.3;2766;2900;3016.4;3058.4;3268.9;3784.5;4100.8;4238.1;4454.2|
SI|M_N|1995|610.6;712.9;788.4;910.9;1062.2;1175.6;1352.6;1684.6;1894;2072.9;2100.7;2319.2;2670.3;2976.6;2838.8;2956.5;2990.1;2928.6;2953.3;3165.9;3285.6;3390.1;3718.3;4013.2;4191;3898.4;4434.7;5087.7;5612.9;5903.7;6300.9|
SI|O-Q|1995|1457.5;1679.6;1923.8;2076.6;2344.5;2690.3;3118.3;3423.1;3765.1;4040.9;4278.5;4483;4712.1;5174.3;5463.3;5631.1;5694.7;5620.6;5437.5;5388.1;5462.4;5807.4;6091.4;6425.3;6903.3;7542.9;8383.1;8554.1;9433.6;10103.9;11351.1|
SI|R-U|1995|277.5;323.3;371.2;417.9;463.3;535.8;579.9;591.9;626.8;690.5;747.9;769.7;806.3;860.8;865.4;867.4;882.6;855.4;848.5;839.6;836.8;894.3;930.2;971.8;1045.2;879.1;966.5;1180.6;1273.3;1366;1450.7|
SK|TOTAL|1995|17377.4;19509;21626.6;23605.4;25311.2;27938;30677.5;33327.9;36612.9;40732.5;44412.4;50452.6;56585.5;61779.6;57953.2;62293.1;64503.5;67018.9;67552.6;69149.6;72394.9;73592.1;76152.4;80918.5;84543.6;84655;91101.3;97975.3;112863.8;117813.4|
SK|A|1995|426.5;477.5;477.2;537.3;434.8;501.9;681.1;711.5;688.4;692.9;739.7;953.2;1348.6;1618.3;1223.1;1029.9;1284.8;1323.1;1548.3;2002;1644.5;1683.6;1570.2;1813.9;1528.8;1631;1906.8;2122.7;2626.1;2060.9|
SK|A01|1995|172.9;273.4;250.2;297.9;184.4;269.7;432.6;426.8;410.4;393.7;440.4;601;925.6;1153.4;827.5;585;808.3;835.6;1004.8;1388.2;1025.8;1077.2;960.9;1219.8;922.7;1002;1199.6;1282.8;1806.7;1417.1|
SK|A02|1995|252.8;202.9;226.1;238.5;249.2;231.4;247.3;283.5;277.1;298;298;349.8;418.9;460.1;394.2;443.4;474.6;484.3;531.9;575.5;581.5;582.7;595;589.9;601.4;625.1;703.2;836.1;814;635.3|
SK|A03|1995|0.8;1.2;0.8;0.9;1.1;0.7;1.2;1.2;0.9;1.2;1.3;2.3;4.1;4.8;1.4;1.5;2;3.2;11.6;38.3;37.2;23.7;14.3;4.2;4.8;3.8;3.9;3.8;5.4;8.5|
SK|B-E|1995|4650.4;5008.4;5208.3;5959.6;6623.9;7643.3;8440.1;8706.7;10347.3;12117.4;13065.3;15402.5;16614.1;16661.3;12968.3;14911.9;15905.5;16253.4;15723.2;17450.6;18189.2;17541;17431;19151.3;21324.3;20321.5;19994.1;20785;26390.6;27579.4|
SK|B|1995|169;175.7;195.9;207.9;222.3;194;195.2;192.1;210;201.6;238;147.6;197.1;209.5;207.4;153.7;163.4;159.5;168;150.3;166.4;174.6;171.6;186;171.9;161.8;158.6;147.8;205;157.6|
SK|C|1995|3688.6;3876.8;4092.7;4771.8;4938.6;6210.1;7195.4;7095.5;8002.2;9220.3;10185.8;11397.8;12564.3;12700.7;9406.5;11777.2;12469.9;12736.1;12441.4;14190.2;15133.9;14502.1;14545.1;16346.3;17682.3;16544.4;16941.9;19078.7;20812.5;21260.2|
SK|C10-C12|1995|496.1;577.2;506.2;674.6;899.2;790.6;1041.4;809.2;788.5;856.1;923.5;1041.8;1023;1046.4;887.7;885;985.2;995.3;892.5;893.5;960.9;832.3;884.5;1105.4;1180.3;1246.4;1259.8;1352.9;1616.9;1808.9|
SK|D|1995|602;673.8;683.5;703;1129.2;899.3;691.5;1044.6;1707.6;2298.2;2163.9;3302.3;3095.2;3023.6;2694.5;2302.8;2600.7;2634.2;2270.1;2400.7;2128.9;2145.7;1957.6;1808.2;2612.4;2770;1957.2;613;4354.9;5053.5|
SK|E|1995|190.8;282.2;236.2;276.9;333.9;340;357.9;374.5;427.5;397.2;477.7;554.8;757.5;727.4;659.9;678.2;671.5;723.6;843.6;709.5;760.1;718.6;756.6;810.7;857.8;845.2;936.4;945.5;1018.2;1108.1|
SK|F|1995|874.3;1307.3;1426.7;1542.1;1494.5;1691.3;1826.3;2220.7;2336.6;2680.1;3051.3;3883.2;4488.7;5905.1;5791.7;5676.3;5532.9;5917.3;5144.2;5437.6;5869;5860.3;6423.2;6661.3;6233.2;6595.4;7937.5;8405.2;9692.8;10099.4|
SK|G-I|1995|2655.7;3430.3;4101.5;4902.2;5571.9;5846.8;6382.9;6385.4;7262.2;7959.9;9315.9;9648.3;11003.1;12213.1;10914.4;12152.9;13314.9;13123.6;12602.9;13435.4;13690.9;12932.1;13814.4;14132.1;16032.9;16641.2;16614.4;19490.2;22070.2;22732.8|
SK|G|1995|1540.3;1788.6;2636.6;3017.1;3267.1;3502;3569;3663;4319;5077.9;6013.5;6639.7;7478.9;8496.5;7470.5;8599.3;9356.6;8688.9;7850.2;7724.2;7605.8;7200.1;7756.5;7744.6;9134;9914.5;9632.4;11080.4;13525.6;13656.2|
SK|H|1995|880.5;1409.9;1191.4;1577.5;1993.5;1957.4;2402.3;2303.5;2489.3;2382.2;2727.4;2371.4;2940.1;3041.9;2799.7;2766;3175.5;3430;3729;4767.1;5079.4;4689.9;4979.9;5188.2;5561.2;5507.2;5632.8;6599.2;6335.1;6367.2|
SK|H51|1995|2.5;0.9;6.1;4.7;7.4;4.3;5.3;4.6;6.1;5.2;2.1;3.1;117.7;5.9;19;17.6;37.5;36.7;19.4;42.5;41.9;45.6;42.5;32;33.3;15.8;26.3;35;34;38.8|
SK|I|1995|235;231.8;273.6;307.6;311.3;387.4;411.6;418.9;453.8;499.8;575;637.2;584;674.7;644.2;787.6;782.9;1004.7;1023.7;944.1;1005.7;1042.1;1078.1;1199.4;1337.7;1219.4;1349.2;1810.7;2209.5;2709.3|
SK|J|1995|537.3;708.7;850.1;908.9;1068.3;1113.3;1331.7;1418.9;1582;1771.2;1973.8;2248.9;2618.4;2826.5;3039.3;3279.8;3253;3686.6;3468.4;3362.8;3577;3933.6;4093;4105.4;4240.2;4199;4650.2;5167.3;5800.2;6044.4|
SK|K|1995|1171.4;843;977.3;879.1;905.7;809.7;782.2;1428.7;1474.4;1562;1761.7;1759.8;1750.5;1796.9;1979.9;2072.2;2262.8;2260;2336.9;2471.7;2498.9;2284.2;2073.8;2426;2640.7;2554.4;2917.3;2680.7;3149.5;3470.8|
SK|L|1995|2410.4;2735.1;2555.3;2607.4;2349.3;2902.8;3349.5;3649.2;3603.5;4209.8;3840.8;4412.7;5100.8;6065.5;6181.9;6243.3;6208.3;6620.4;8145.2;6108;6334.2;7302.2;7615;8090;8147.1;8833.1;10027.6;11239.4;11611;12478.2|
SK|M_N|1995|975.4;1293.2;1473.9;1652.1;1871.2;2127.2;2120.1;2504.4;2594.8;2920.3;3313.7;3917.8;4563.9;5351.1;5349.5;5780.3;5700.8;6096.3;6444;6910.3;7812.5;8069.6;8539.7;9051.7;7775.7;7441.6;8622.7;9398;10693.8;11070.9|
SK|O-Q|1995|3221.6;3040.5;3879.8;3943.8;4335;4647.5;5005.7;5440.5;5887.1;5958.1;6212;6947.2;7506.4;7975.8;8628.8;8999.8;8764.5;9222.8;9597.2;9303.9;9664;10894.4;11478.1;12140.1;13322.2;14114.2;15343.4;16182.6;18108.3;19382.4|
SK|R-U|1995|454.4;664.9;676.5;672.9;656.5;654.2;758;861.9;836.5;860.8;1138.2;1279;1590.8;1366.1;1876.3;2146.6;2276;2515.5;2542.4;2667.3;3114.9;3091.2;3114;3346.8;3298.3;2323.6;3087.3;2504.3;2721.4;2894.3|
FI|TOTAL|1992|73929;74835;79320;86250;89088;96090;104728;110400;119325;127287;130172;132388;139016;143900;150722;164129;170928;159054;164666;171239;173004;175160;177368;181406;185593;194113;199751;205950;204507;215307;230673;238851;241766;246163|
FI|A|1992|3627;3748;3799;3742;3521;3793;3493;3663;4030;3998;3968;3848;3778;3752;3460;4453;4284;4096;4453;4465;4385;4501;4565;4331;4508;4647;4903;5223;5296;5371;5965;6364;7151;7701|
FI|A01|1992|1972;2186;2140;1889;1703;1711;1320;1572;1707;1772;1764;1690;1682;1623;1161;1489;1287;1470;1605;1415;1412;1318;1312;1151;1236;1279;1268;1567;1696;1659;1922;1938;2117;2299|
FI|A02|1992|1543;1449;1543;1747;1721;1984;2091;2009;2239;2139;2128;2087;2027;2059;2203;2865;2891;2519;2734;2926;2860;3064;3133;3069;3155;3238;3516;3541;3474;3577;3880;4258;4889;5201|
FI|A03|1992|112;113;116;106;97;98;82;82;84;87;76;71;69;70;96;99;106;107;114;124;113;119;120;111;117;130;119;115;126;135;163;168;145;201|
FI|B-E|1992|17848;19459;21767;24908;24783;27018;30784;32026;35758;37293;37455;37158;38303;38918;42382;46335;45607;35904;38543;38423;35400;36084;36389;37511;38109;41350;41368;42628;41902;45358;51523;49089;48535;49036|
FI|B|1992|283;267;315;310;287;300;302;304;283;330;350;375;388;385;523;564;669;623;774;772;771;556;504;602;636;902;949;819;964;1049;1100;1049;1113;1280|
FI|C|1992|15350;16999;19049;21910;21839;23999;27601;28971;32951;34135;33955;33305;34201;34939;37710;41399;40386;30295;32059;32327;29246;29799;30060;31195;31813;34547;34299;35091;34331;37166;41734;39433;39210;39913|
FI|C10-C12|1992|2125;2233;2149;2215;2199;2147;2165;2172;1899;2293;2450;2450;2377;2414;2340;2499;2549;2815;2623;2595;2701;2703;2659;2630;2592;2728;2751;2868;2959;2925;2793;3200;3274;3306|
FI|D|1992|1669;1634;1793;2054;2011;2063;2193;2014;1741;2013;2349;2625;2825;2653;3100;3271;3337;3693;4215;3818;3840;4118;4144;3993;3892;4152;4339;4936;4780;5090;6644;6719;6259;5799|
FI|E|1992|546;559;610;634;646;656;688;737;783;815;801;853;889;941;1049;1101;1215;1293;1495;1506;1543;1611;1681;1721;1768;1749;1781;1782;1827;2053;2045;1888;1953;2044|
FI|F|1992|4414;3647;3843;4155;4658;5146;5996;6602;7344;7464;7254;7652;8329;9256;9904;11040;11824;10733;10724;11068;11406;11327;11085;11472;12534;13637;14546;14966;15368;14924;15211;14921;13900;13899|
FI|G-I|1992|12965;12994;13953;14884;15505;17024;18253;19121;19924;21798;22442;22611;23796;24591;24548;26545;28227;26021;26562;28342;29545;29003;28489;28755;28791;30101;30505;31226;28806;29882;32577;34677;34618;35927|
FI|G|1992|6890;6866;7483;8005;8433;9521;10138;10630;11034;12018;12563;12735;13618;14127;14100;15319;16696;15291;15427;16773;17543;17306;16805;16857;16803;17534;17777;17939;18421;19070;19507;20439;20280;20817|
FI|H|1992|4943;5081;5378;5651;5844;6236;6671;7014;7356;7949;7997;7949;8026;8193;8057;8649;8835;8136;8462;8769;9054;8943;8885;8983;8912;9217;9250;9638;7835;8250;9524;10126;10025;10773|
FI|H51|1992|317;366;475;499;525;573;631;618;642;651;688;634;715;742;712;819;590;483;568;503;671;616;510;590;591;738;748;802;-150;-101;289;742;808;842|
FI|I|1992|1132;1047;1092;1228;1228;1267;1444;1477;1534;1831;1882;1927;2152;2271;2391;2577;2696;2594;2673;2800;2948;2754;2799;2915;3076;3350;3478;3649;2550;2562;3546;4112;4313;4337|
FI|J|1992|2735;2717;2776;3045;3316;3639;4475;5196;5735;6858;7324;7196;7811;7190;7139;7933;8219;8087;8208;8573;8949;9295;9820;10285;10679;11332;11711;12305;12670;13796;14029;15062;15885;17483|
FI|K|1992|2832;3192;3262;3627;3431;3426;3657;3561;3936;4214;3726;3503;3769;4127;4499;5174;4939;4911;4676;4897;4984;4863;5759;5832;6173;6516;6536;6028;6175;7046;8100;10078;9488;8724|
FI|L|1992|6754;7113;7289;7874;8275;9118;9729;10590;11275;11989;12778;13500;14138;14680;15288;16097;17462;17904;18376;19578;20113;20896;21714;22961;23788;24593;25664;26501;27287;28221;28847;29943;30438;30416|
FI|M_N|1992|3284;3350;3745;4156;4677;5241;5632;6098;6613;7368;7666;8044;8762;9454;10277;11575;12947;12557;13070;14044;14605;14799;14863;15091;15605;16779;18020;18998;18558;19533;20755;21208;22003;21993|
FI|O-Q|1992|17232;16499;16698;17559;18497;19161;20050;20756;21792;23166;24280;25446;26697;28089;29111;30621;32724;33916;34930;36504;38143;38820;39079;39471;39595;39210;40383;41667;42394;44872;46983;50410;52473;53840|
FI|R-U|1992|2238;2116;2188;2300;2425;2524;2659;2787;2918;3139;3279;3430;3633;3843;4114;4356;4695;4925;5124;5345;5474;5572;5605;5697;5811;5948;6115;6408;6051;6304;6683;7099;7275;7144|
SE|TOTAL|1993|1436086;1535182;1673810;1729704;1811655;1903246;2004986;2141288;2225546;2309636;2396191;2511042;2590823;2763937;2936583;3001336;2930639;3131175;3280377;3302118;3372723;3518784;3756059;3885378;4047009;4224647;4452618;4444511;4802076;5158193;5487968;5712306|
SE|A|1993|44414;47282;50604;45799;46414;45726;44191;42991;44880;45612;46236;47494;33964;38667;47656;42723;37873;48358;52300;46651;46825;49609;55134;56280;60438;59727;63128;59965;62815;72052;78773;90740|
SE|A01|1993|30661;31229;31968;27948;28326;28084;26140;25872;27035;28288;27815;28157;24190;22282;26619;23897;18877;24824;27348;25770;24856;26042;27239;27543;31596;29043;31544;31261;33805;40447;39832|
SE|A02|1993|13164;15477;18073;17256;17491;17051;17463;16548;17143;16702;17856;18783;9125;15630;20285;18113;18266;22593;23857;19950;20988;22661;26745;27501;27532;29384;30367;27543;28075;30600;38251|
SE|A03|1993|589;576;563;595;597;591;588;571;702;622;565;554;649;755;752;713;730;941;1095;931;981;906;1150;1236;1310;1300;1217;1161;935;1005;690|
SE|B-E|1993|323387;367669;434530;435179;459016;483442;499169;538659;545351;557821;561979;577139;594054;630847;666440;658685;576906;674923;693186;668548;643488;650166;712034;722001;752711;786182;832455;797557;905242;1034949;1033385;1028799|
SE|B|1993|3831;4150;4999;4058;5072;5115;4522;4614;4645;4769;5515;7383;11302;15671;16475;20025;11184;26572;29030;23913;19051;17455;15659;16729;25988;27957;35600;31031;52527;41772;37771;33221|
SE|C|1993|266412;309351;372388;373753;395147;422202;440158;478338;475133;484557;482609;484919;495622;524977;558560;527662;458018;529889;547046;524252;508423;517018;582071;593561;610777;641564;662052;634384;698849;796047;822827;829655|
SE|C10-C12|1993|23761;25251;28276;31371;31174;31665;33570;33994;35241;37383;36879;37096;36346;38280;37458;37210;40385;40932;42035;39322;41688;41458;43490;45037;44883;47704;47708;50600;50030;44104;55410|
SE|D|1993|45269;45661;48163;47663;49376;46241;43902;43339;52501;53406;57911;67721;70706;73181;72629;92128;90423;101374;99371;100636;95066;95097;90151;88235;92191;91589;109040;104711;122895;161925;136100;121733|
SE|E|1993|7875;8507;8980;9705;9421;9884;10587;12368;13072;15089;15944;17116;16424;17018;18776;18870;17281;17088;17739;19747;20948;20596;24153;23476;23755;25072;25763;27431;30971;35205;36687;44190|
SE|F|1993|70697;69162;71810;73133;72666;77331;82583;87600;97874;104901;110526;122193;125488;143625;162413;160298;165536;172433;186105;192002;193024;206321;230380;244682;262228;277985;291133;296169;317948;346985;354193;354741|
SE|G-I|1993|256668;276156;303073;309054;321764;340505;357452;378761;395373;413262;433076;457380;479502;506506;538686;559411;549798;580786;607358;609653;626296;660447;688657;711984;748612;757081;798090;762472;837163;877573;932438;965083|
SE|G|1993|147831;165137;182132;185606;191300;201583;211510;223501;232865;245721;258982;277353;291476;308724;327625;339014;343977;363725;375741;371207;383195;408377;424776;434931;458240;456733;484892;499013;545032;525018;559324;580517|
SE|H|1993|90683;91935;100545;101600;107162;113070;117509;124904;130999;134974;141143;146150;151957;159149;169622;177865;163505;171345;182047;184488;185899;191345;196855;203948;214221;220760;231142;211038;231299;267363;279389;285071|
SE|H51|1993|6380;7592;8930;9136;9938;10523;9553;8498;8085;9318;9780;9666;6627;6827;6732;6754;6210;7174;8256;8765;8506;6110;6920;7066;7564;7446;5715;242;593;1834;2064|
SE|I|1993|18154;19084;20396;21848;23302;25852;28433;30356;31509;32567;32951;33877;36069;38633;41439;42532;42316;45716;49570;53958;57202;60725;67026;73105;76151;79588;82056;52421;60832;85192;93725;99495|
SE|J|1993|53021;59165;68110;76251;86487;99913;110717;120904;134421;136737;142404;167426;173063;184248;189330;193579;194055;207841;217478;218853;230827;243471;278218;267739;250021;287861;332044;354717;395409;403531;401605;425144|
SE|K|1993|84684;82483;72697;82416;97007;90661;98355;94421;95920;91091;96425;110731;116603;106944;111855;114439;133934;127749;137958;146411;154282;164176;178437;171408;163908;164220;166097;190018;207587;223501;246582;241900|
SE|L|1993|155855;167198;182091;185971;184505;190424;193289;211700;211187;221169;228522;220914;227817;248181;256565;276579;276967;271554;285873;288610;298664;312754;310983;325771;348826;369456;392914;400089;400522;400941;476987;510517|
SE|M_N|1993|84557;94508;103757;113707;121413;135819;154041;179412;191633;196591;202906;216895;229381;262983;290704;298130;281715;311549;335191;344114;363536;381689;408800;436638;467532;490116;508641;507425;536527;606584;662850;715745|
SE|O-Q|1993|325879;333014;345900;363537;375232;388543;411888;431114;449189;478742;507394;520630;537059;562755;590185;611802;628056;646217;670636;690483;714401;745966;784078;835122;873189;908475;936663;952843;1007269;1046162;1140694;1206339|
SE|R-U|1993|36924;38545;41238;44657;47151;50882;53301;55726;59718;63710;66723;70240;73892;79181;82749;85690;85799;89765;94292;96793;101380;104185;109338;113753;119544;123544;131453;123256;131594;145915;160461;173298|
IS|TOTAL|1995|414603.6;442428.6;474419;532887.8;565503.2;623052.5;719086.1;764567.9;779106.6;850518.9;923335.1;1061038.4;1217039.8;1428945.4;1476233.8;1535147.5;1606736.2;1675286.9;1782140.7;1892555.7;2097809.4;2283498;2379896.9;2578005.5;2757269.5;2691170.1;2991121.5;3551600.2;3903221.3;4093030.6;4418567.9|
IS|A|1995|43186;45168.3;43415.6;48908.1;49361.9;49506.5;59896.3;63923.3;56329.1;51247.9;50329.3;58447.7;58321.4;77763.6;91491;107342.1;121457.3;126893.5;120066.2;110643.6;125689.2;113913;100432.8;120341.8;135570.4;143011.3;146939;166013.6;187363.7;163188.7;179322.9|
IS|A01|1995|6115.6;6102.6;5106.3;7023.9;7585.9;8175.1;7637.6;8194.7;9490.5;8650.5;8996;9880.5;11305.9;15485.4;16074.8;15646.6;17467.7;18447.9;20963.4;20150.7;21929.5;22816.7;22899.2;23795.5;24136;24780.2;24835.6;27894.6;33116.1;33835.9;36433.2|
IS|A02|1995|47.8;51.5;60.2;58.6;57.7;60.9;104.9;88.4;78.7;60.9;39.2;57.3;107.6;128.3;149.6;95.3;59.1;-8.9;80.3;77.3;96.2;129.5;142.1;233.1;241.9;242.8;291.3;375;646.7;446.3;539.1|
IS|A03|1995|37022.6;39014.2;38249.1;41825.5;41718.2;41270.5;52153.8;55640.2;46760;42536.5;41294.1;48510;46907.9;62149.9;75266.6;91600.2;103930.5;108454.5;99022.5;90415.6;103663.5;90966.8;77391.5;96313.2;111192.5;117988.3;121812.2;137744.1;153600.9;128906.5;142350.6|
IS|B-E|1995|79544.1;83803.3;97335.1;101569.4;99804.8;105960;137033.7;128451.3;124628;132320.1;125707.6;156013.3;156388.1;241364.9;247959.8;303989.7;326223.1;315693.1;322935.5;335177.2;350699.2;346392.3;341540;377223.9;379050.1;391177.3;467387.7;567310.1;551826.1;586121.8;614590.7|
IS|B|1995|494.3;476.8;963.6;844;918;766;1053.2;895.1;1020.7;1091.4;954.8;1057.8;1357.6;1822;872.4;931.4;1063.1;1132.6;1571.3;1968.8;1975.7;2170.7;2793.4;3011.7;2847.2;3311.6;3485.4;3777.8;4637.8;5098.1;5975.9|
IS|C|1995|62211.6;66121.6;76417;81003.5;76796.3;81885.5;107032.3;98801.9;96101.6;101110.4;92030.4;111034.1;108553;172864.8;176299.1;219522.8;232614.3;217100.4;220881;241133.5;249960.1;241237.2;234531.9;260407.8;256738.6;263840.2;329879.1;389093.6;367306.7;403310.5;414598.2|
IS|C10-C12|1995|32499.3;32407.3;35497.1;37010.6;33982.7;32399.8;49795.5;41584.3;38783.8;37098.5;33405.7;36534.1;33246.2;62007.3;83576.8;83947.3;93779.7;97481.9;96459.5;101555.7;107885.9;106614;95484.3;117913.9;123110.7;123687.6;129444.4;151487.2;155484.6;143456.2;155621.9|
IS|D|1995|14393;14522.3;16818.9;16239.7;18507.5;19530.9;23970.7;23417.1;22455.1;24481.7;26405.4;36632.6;37129;54974.6;58234.9;69600.7;77612.1;80654.8;81871.7;74453.2;79361;81856.1;85152.4;95617.2;99738.4;102680;111637;148106.1;152299.9;146390.5;159353.5|
IS|E|1995|2445.2;2682.5;3135.6;3482.2;3582.9;3777.5;4977.4;5337.2;5050.6;5636.6;6317;7288.8;9348.5;11703.5;12553.5;13934.8;14933.6;16805.3;18611.5;17621.6;19402.4;21128.2;19062.2;18187.3;19725.9;21345.5;22386.2;26332.6;27581.7;31322.7;34663.1|
IS|F|1995|31200;31302.7;41391.1;46377.8;47638.3;56145.4;59046.9;60537.1;61749.3;76554.1;94573.8;115247.5;121501.3;121923;68743;68504.4;67932.7;74859.2;84543.5;101515.7;114737.1;154788.9;177454.1;201042.9;210369.8;206802.4;209460.2;256690.4;306619;338090.5;362736.6|
IS|G-I|1995|82465.2;87035.4;91362.5;101438.7;108360.9;115482.6;123964.7;133020.1;129619.9;142293.9;152995.6;156409.5;191490.6;212285.2;226762.7;241532.5;266496.3;265839.2;297795.5;325322;390512.9;455570.2;473475.1;511448;521111.3;406181.9;496405.4;634619.4;730452.2;743513.9;799763.2|
IS|G|1995|47632.5;51616.1;54896.6;60658;65820.4;68389.5;69632.2;76758.2;77311.7;87191.7;97045.2;100897.9;117840.3;119245.3;124732.4;123451.7;146167.5;137721.3;148086.6;164600.1;187359.3;215524;221590.6;226787.5;243119.2;256300.1;289356.2;312690.3;341646;348762.9;373839.1|
IS|H|1995|26794.9;26690.7;28952.6;32160.3;32604.7;35743.4;41887.8;43313.4;39281.2;41677;41779.6;40056.2;54435;68462;75780.3;90205.3;89414.3;91224.6;105719.2;107896.7;137069.3;154441.9;159856.1;185807.4;177047.6;107183.7;128029.6;197378.6;233516.1;236636.4;252061.1|
IS|H51|1995|10449.5;8992.1;11366.9;11936.8;12944;15919.1;17781.8;20822.2;14816;15764.2;19960.4;13324.3;17795.1;23125.9;31822.1;37231.3;34318.3;34753.2;42224.8;44969.3;58604.5;63208.7;53423.1;75869.7;74069.8;26459.2;36262.5;76255.7;97327.3;93363.5;92292.7|
IS|I|1995|8037.7;8728.6;7513.2;8620.4;9935.8;11349.7;12444.6;12948.5;13026.9;13425.2;14170.8;15455.4;19215.3;24577.9;26249.9;27875.5;30914.6;36893.4;43989.7;52825.2;66084.3;85604.4;92028.4;98853.1;100944.5;42698;79019.6;124550.5;155290.1;158114.6;173863|
IS|J|1995|17561.4;20123.2;24558.9;28296.6;32366.4;34604.6;38353.1;40042;42106.8;45248.8;49196.7;54960.7;50138.3;54451.7;56612.2;57847.1;65593.7;65219.3;80551.2;82163.8;95589;104628.3;106436.1;119367.1;135818.8;146490.9;159681.7;182679.5;185723.5;205949.2;235327.5|
IS|K|1995|21252;24047.4;17975.2;20687.6;25146.8;33523.4;39509.5;45811;46950.6;62131.4;87421.1;122379.4;168860.8;132546.4;162364.9;118240.6;98265;134611.9;125008.1;137565.6;135310.7;142397.3;148513.1;135755.7;149780.2;157224.9;173804.8;194470.4;210581.6;228594.9;236985.5|
IS|L|1995|31510.3;32677.3;30318.8;33999.4;37603.9;47187.6;52717.8;60331.7;67037.7;79701.6;86320.9;97530.2;127390;153096.5;174517.9;180636.8;179258.9;187654.6;205623.7;217584.5;231266.4;254589.6;276247.4;299776.6;321359.3;335357.8;354561;401068;453047.7;493246.2;532606.7|
IS|M_N|1995|21624.1;23411.1;24104.9;28942.1;32385.2;36800.8;42806.9;46130.4;51191.3;52413.7;56408.8;58062.4;74744.2;95786;95840.1;101970.2;108878;113460.2;124101.6;143817.2;171228.6;191058.3;198414.5;211071.3;253473.7;202833.8;238584.5;318025.2;362450.4;357533.1;382796.1|
IS|O-Q|1995|74682.1;82612.4;92364.9;110533.7;119186.6;129121.1;149399.1;167823.5;179880.3;187972.2;198970.7;220217.9;235574;301198.8;311249;311986.8;326770.2;343933.5;369825.9;385747;423625.7;456987;490376.5;517262.9;560456.4;624544.2;655346;722145.4;790439.2;847779;922248.7|
IS|R-U|1995|11578.4;12247.5;11592;12134.3;13648.4;14720.7;16358.2;18497.6;19613.6;20635.1;21410.5;21769.8;32631.2;38529.3;40693.2;43097.3;45860.9;47122.3;51689.5;53019.1;59150.6;63173;67007.3;84715.4;90279.6;77545.4;88951.2;108578.3;124717.8;129013.4;152190|
NO|TOTAL|1992|713191;746329;776744;829224;907982;980621;996172;1090685;1323917;1378483;1376162;1438308;1591205;1791921;2004433;2125827;2401972;2226967;2376786;2579572;2745949;2851403;2918347;2888741;2861124;3062742;3304588;3334714;3195302;4051026;5510086;4852002;4908169;5023502|
NO|A|1992|21366;22321;23361;24941;23489;23532;25631;25259;26243;23457;22015;19249;22669;26053;29222;26969;27011;28810;38237;34897;30293;36627;41688;44029;60788;60929;61389;60330;60020;65328;90068;87221;91467;92957|
NO|A01|1992|12041;12856;12043;11636;11742;11194;10913;10367;9950;9394;8919;8951;9771;9214;10167;9644;10386;10822;11450;10695;11252;10793;11726;13521;14338;13789;11829;12740;14261;14925;16185;13745|
NO|A02|1992|4372;3796;3888;5470;4743;4819;5038;4862;4761;4868;4970;4243;4264;4578;4566;5622;5265;4182;5067;4800;4237;3804;4423;4507;4256;4661;5653;6043;4978;5956;6786;7185|
NO|A03|1992|4953;5669;7430;7835;7004;7519;9680;10030;11532;9195;8126;6055;8634;12261;14489;11703;11360;13806;21720;19402;14804;22030;25539;26001;42194;42479;43907;41547;40781;44447;67097;66291;63421;57912|
NO|B-E|1992|201796;212314;221367;243443;289730;316603;273583;326787;503463;501145;464704;485030;560543;685156;795898;776357;952097;735568;803336;929608;973471;971211;937609;823310;714236;828477;974235;868130;725942;1428107;2591955;1758881;1684889;1641492|
NO|B|1992|94247;98920;103108;111054;155584;170772;118748;166055;333474;320392;280220;291478;359188;464530;547919;524224;676088;487552;538206;664531;701278;689290;645281;530365;425068;524524;648481;538338;417313;1035143;2077249;1297290;1236054;1148957|
NO|C|1992|81206;87226;92971;103989;106141;114460;122634;128157;135440;141604;141073;146409;155388;165877;187326;199625;207586;185383;192766;194804;202904;210070;220112;221961;210516;219008;222242;229407;231705;247045;283677;299246;310438;334783|
NO|C10-C12|1992|16056;16667;16595;17605;16773;17349;18080;20234;23625;26195;27819;29940;31361;32304;33916;33669;32427;31303;34647;35251;36175;37700;40463;41808;44364;47332;49008;51924;51400;49050;53764;58954;62234;56884|
NO|D|1992|21732;21316;20014;22795;21861;24249;24435;23797;24526;28159;31902;35478;34643;42452;47830;41769;55981;50243;58605;55596;53699;56090;55525;52947;60190;64275;82340;78038;53002;119033;200981;130911;104224;121158|
NO|E|1992|4611;4852;5274;5605;6144;7122;7766;8778;10023;10990;11509;11665;11324;12297;12823;10739;12442;12390;13759;14677;15590;15761;16691;18037;18462;20670;21172;22347;23922;26886;30048;31434;34174;36593|
NO|F|1992|26043;23742;28967;33874;36889;42611;47960;48191;51895;56398;61502;65028;74257;83592;97986;115616;123280;120593;122590;134139;151341;157148;165602;173549;179813;191472;201120;211712;211236;223191;248978;250893;251100;257631|
NO|G-I|1992|148047;157598;159925;168828;178644;190403;206555;210133;227380;242057;236822;237534;253421;269911;296227;328352;346899;329442;346369;353945;372706;390401;410834;422862;424828;429998;435978;456318;417449;450101;542041;570965;577686;626274|
NO|G|1992|74908;78021;80693;86904;93540;98284;107902;109663;116862;122392;122324;123793;130975;137079;148660;173324;181755;167323;178351;180315;190586;190033;204587;210771;220807;226464;242721;251314;271443;289822;312006;318519;334816;364392|
NO|H|1992|62016;68133;66907;68709;70652;76356;81475;82096;91555;100314;93669;93734;101175;110451;122395;127927;136452;133203;138557;142083;148652;164974;168962;172776;162570;159784;148594;157245;115548;121987;171758;188387;174810;188042|
NO|H51|1992|5179;5079;4354;4563;4479;5293;6369;6381;7506;6320;7814;7536;7730;8291;9146;9162;9743;9458;9411;10122;10136;10556;8576;10356;12513;12116;5364;7247;-2113;2244;4912;6235|
NO|I|1992|11123;11444;12325;13215;14452;15763;17178;18374;18963;19351;20829;20007;21271;22381;25172;27101;28692;28916;29461;31547;33468;35394;37285;39315;41451;43750;44663;47759;30458;38292;58277;64059;68061;73839|
NO|J|1992|26576;27146;28859;29628;32743;37271;42193;47140;50085;54069;58550;61718;66985;71697;74344;81681;86112;88231;96248;99622;104780;109559;111953;115678;119001;123687;135094;148634;151577;161342;170457;192758;202431;213503|
NO|K|1992|35625;36768;36945;35887;33807;36176;38055;36151;40260;41624;42815;57385;68711;71166;68425;80495;83727;101776;101167;98010;121311;136689;141682;145016;155504;164694;158346;158791;184092;176310;173507;186493;197088;196980|
NO|L|1992|56287;59090;59561;62290;65242;68710;73930;85830;91905;101292;110946;115247;122031;133091;149013;162390;172493;177084;192123;208806;216922;231646;250688;277565;295941;307875;324235;353398;352223;387175;431275;450976;472487;494853|
NO|M_N|1992|29830;33081;36285;39547;43800;50477;55790;61885;68722;75360;78124;80559;86798;98261;113767;138270;154771;155407;159881;170544;190342;202778;211356;206412;204132;216414;239383;261588;259677;271940;309530;328256;343820;360037|
NO|O-Q|1992|153957;160107;166649;175119;186998;197264;213655;228875;241937;260522;276051;291184;308974;324361;348531;379533;416104;448014;473508;504632;537226;565713;595145;626789;652947;682952;716342;753922;774873;823449;880533;945723;1002346;1051248|
NO|R-U|1992|13664;14162;14825;15667;16640;17574;18820;20434;22027;22559;24633;25374;26816;28633;31020;36164;39478;42042;43327;45369;47557;49631;51790;53531;53934;56244;58466;61891;58213;64083;71742;79836;84855;88528|
CH|TOTAL|1995|411098.4;414685.9;420644.9;430677.2;435526.1;456046.6;469830.3;471128.7;475524.7;489458.2;509162;541222.2;576527.3;599668.2;592004.2;613588.7;623394.5;633240.1;644826.5;657498.2;658546.5;667994.5;674735.1;703877.2;711779.8;690804.3;747160.1;798087.7;813555.9;832426.8|2022p,2023p,2024p
CH|A|1995|5851.4;5163.7;5393.9;5203.1;4937.3;5031.7;4499.2;4545.8;4110.6;4743.9;4306.3;4210.7;4616.2;4866.9;4424.6;4204.6;4365.8;4147;4400.3;4781.7;4191.8;4505.1;4421.5;4574;4705;4944.5;4717.2;4901.6;5083.5;5204.8|2022p,2023p,2024p
CH|A01|-|
CH|A02|-|
CH|A03|-|
CH|B-E|1995|95747.4;94573.3;96026.1;96619.2;97250.3;98884.4;105228.7;105149.7;104303.2;106411.8;111970.7;121231.8;130085.6;136094.2;126395.6;130304.5;134292;133728.4;136445.7;136885.8;135653.4;138329.5;141142.5;148696.7;155142.4;149729.5;170757;177013.3;178486;178848.2|2022p,2023p,2024p
CH|B|1995|577.5;519.8;599.4;621.3;588.4;575.4;595.7;593;561.1;587.7;623.5;614.7;628.4;612.7;658.1;709.7;696;690.7;712.5;675.2;690.4;721.8;722.9;779.7;776.2;755.7;735.8;654.3;676.6;699.3|2022p,2023p,2024p
CH|C|1995|80283.3;80033;81550.1;82501.7;82868.3;84591.1;90417.9;92286.8;92322.4;94941.6;100215.7;108435.1;116733.7;122273.3;112364.8;116525.2;120824.7;120032.9;122711.2;123973.7;121360.9;125597.7;128259.5;134387.2;140594.5;135203.3;158978.1;163316.2;161470.7;162819.1|2022p,2023p,2024p
CH|C10-C12|1995|8398.3;8363.5;8280.3;7921.9;8473.7;8045.6;8393.2;8923.5;8861.8;8893.6;9151.2;9362.6;9586.8;10325.5;10343.7;10822.9;12046.3;11845.6;11776.6;11549.8;11262.5;11921;12378.3;11273.2;14944.1;15677.6;16408.4;15544.4;16570.6;17556.8|2022p,2023p,2024p
CH|D|1995|12160.4;11458;11332.5;10987.7;11241.3;11249.9;11666.8;9643.3;8779;7979;8231;8889.3;9243.6;9535.5;10233.6;9844;9516.7;10284.4;10200.5;9262.8;10722.4;9052.1;9194.2;10434.9;11471.2;11458.8;8516.3;10428.5;13681.7;12740|2022p,2023p,2024p
CH|E|1995|2726.2;2562.4;2544.1;2508.5;2552.3;2468.1;2548.3;2626.6;2640.6;2903.4;2900.5;3292.8;3479.9;3672.7;3139.1;3225.6;3254.7;2720.5;2821.5;2974.1;2879.6;2957.9;2965.8;3095;2300.5;2311.7;2526.8;2614.3;2657.1;2589.8|2022p,2023p,2024p
CH|F|1995|26429.2;24202.8;21722.3;21807.5;21601.7;22336.9;23031.2;23851.1;24002.7;23894.8;24948.8;25321.7;25716.2;26581.7;26986.9;28374;29668.7;30103.2;30934.1;31742.2;32497.4;32549.1;32577.4;33138.9;33405.2;33570.6;34935.8;35901.8;37327.7;38219.9|2022p,2023p,2024p
CH|G-I|1995|87394.2;87459.4;89275.3;91399.9;92068.5;96840.9;100238;101941.1;103375.2;108612;114441;123212;131819.5;141644.7;138629.7;149092.6;146438.7;147232.8;146749.7;149668.5;148546.8;147248.7;149938;154751;150628;137463.5;150386.5;170733.8;168578.6;166130.4|2022p,2023p,2024p
CH|G|1995|61656.2;61018.5;61607.1;62436.9;64878.8;68473.3;70663.1;72121.8;74130.4;79211.5;84021;91674.6;98867.4;107077;104534.2;113801;110209.9;110782.4;110160.1;112424;110907.6;109108.2;111155.3;114605.6;109261.5;105687.2;116612.3;128170.7;123331.2;119940.9|2022p,2023p,2024p
CH|H|1995|16697.1;17188.2;16615.7;17489.5;15622.4;16469.1;17113.9;17595.6;17890.2;18437.2;19230.2;19848;20644.3;21616.4;21373.3;22275.6;23112.2;23745.1;23539.6;23994.8;24652.4;25222.7;25570.8;26438.5;27324.8;23308.3;25450.5;29152.3;30192.5;30644.5|2022p,2023p,2024p
CH|H51|-|
CH|I|1995|9040.9;9252.6;11052.5;11473.5;11567.3;11898.5;12461;12223.7;11354.5;10963.2;11189.8;11689.3;12307.8;12951.3;12722.3;13015.9;13116.6;12705.3;13050;13249.7;12986.8;12917.7;13211.9;13706.9;14041.7;8467.9;8323.7;13410.9;15054.9;15545|2022p,2023p,2024p
CH|J|1995|18320.5;18548.8;17966.9;19392.2;20080.7;21197.4;22390.5;23000.3;22192.8;22828.6;23499.7;23932.6;24237.2;25211;25539.3;26458.9;26714.5;27226.4;27820.6;28589.4;29318.1;29774.7;30176.9;31571.3;32184.3;32983.4;34469.4;36546.2;38456.9;40808.6|2022p,2023p,2024p
CH|K|1995|35641.5;40201.8;47405.7;50100.3;51245.2;58089.2;52275;48529;54090.4;54342.9;56694.2;63236.6;72047.7;64159.9;62183.9;60831.6;62040.6;63176.2;64551;61627.8;62234;61491.4;58869.3;63404.8;62665.3;60531.8;61965.7;67972.5;71581.6;73246|2022p,2023p,2024p
CH|L|1995|29302.8;29326.5;28279.9;29056.5;30096.2;31042.4;32851.7;31643.8;32420.3;33071.4;34741.4;35786.3;37343.4;39755.2;40488.5;41368.8;43239;43489.5;44874.1;46533;47549.9;49014;49987.8;50332;53669.1;54066.6;56176.8;58338.5;59635.1;62713.6|2022p,2023p,2024p
CH|M_N|1995|36112.5;37649.4;37628.2;38036.6;38723.7;39172.5;42179.2;40780.6;38088.2;39744.5;41555.6;44182;47669.6;51771.6;53842.8;55782.7;57491.2;59706.3;62112.1;64983.9;66063.2;66430;68364.8;73481.5;73609.3;73211.7;80521.1;85056.6;89314.9;93222.8|2022p,2023p,2024p
CH|O-Q|1995|67107.6;68064;68062.5;69443.3;70511.9;73487.4;77500.1;80340.7;82332.3;83962.4;85484.2;87090.9;90450.6;95593.4;100094.5;102285.5;105328.3;109499.4;112960.4;116088.8;118141.2;121334.4;123574.1;125803.7;129055.6;130024.3;135436.7;140924.5;146252.4;152549.1|2022p,2023p,2024p
CH|R-U|1995|9191.3;9496.1;8884.3;9618.5;9010.7;9963.8;9636.7;11346.6;10609.1;11846.2;11520.1;13017.7;12541.2;13989.5;13418.3;14885.5;13815.6;14930.9;13978.6;16597.1;14350.8;17317.8;15682.8;18123.2;16715.6;14278.2;17793.9;20698.8;18839.3;21483.3|2022p,2023p,2024p
UK|TOTAL|1995|770850;823949;860240;898537;932689;982663;1023357;1068389;1130746;1184235;1254195;1324608;1391606;1437682;1409889;1446477;1481874;1529665;1588795;1661233;1712072;1777366;1844010;1910247;1977096|
UK|A|1995|10763;9995;9261;9665;9165;9372;8961;10947;11047;10101;7673;8840;8768;10847;10650;9752;11571;11020;11478;14065;12429;11493;11867;12185|
UK|A01|1995|10069;9341;8648;9057;8517;8756;8248;10291;10446;9426;6933;8046;8007;9927;9618;8768;10355;9702;10269;12633;11020;10421;10588;11121|
UK|A02|1995|337;291;254;264;257;251;274;235;235;267;245;262;332;426;509;394;531;632;565;591;825;536;640;541|
UK|A03|1995|357;363;359;344;391;365;439;421;366;408;495;532;429;494;523;590;685;686;644;841;584;536;639;523|
UK|B-E|1995|169793;182050;184921;184037;184654;193814;188155;189499;193859;194957;202540;213567;213311;223986;211783;222498;224760;231382;241777;243709;243754;243053;256285;264991|
UK|B|1995|15807;19663;16730;13339;14589;21325;20724;18422;18725;19948;23335;25278;24396;29270;20512;25900;27722;25880;24343;19832;13234;12352;17130;21426|
UK|C|1995|132079;138971;143956;144943;145011;147663;142889;145418;147126;145938;147597;150720;149575;151674;142021;153002;156004;159755;169902;174944;179540;181999;188483;192150|
UK|C10-C12|1995|19779;21680;22140;22104;22636;23374;23080;23553;23938;24535;23987;25169;25729;25358;26435;26523;25993;26498;28004;27994;28629;27253;29069;30069|
UK|D|1995|11628;12632;12543;13193;12512;11775;11169;12115;13311;14379;15165;20056;21058;23610;29598;23293;20101;24928;26614;27112;28730;25973;26956;27089|
UK|E|1995|10279;10784;11692;12562;12542;13051;13373;13544;14697;14692;16443;17513;18282;19432;19652;20303;20933;20819;20918;21821;22250;22729;23716;24326|
UK|F|1995|40701;43644;43421;49175;55335;59877;62874;68293;71398;72943;80340;85583;92165;94341;81121;82516;85957;88557;95259;101826;109842;113052;119555;123199|
UK|G-I|1995|136864;148856;160824;171601;178704;184147;195343;200034;210242;217754;225030;237341;245791;250881;245823;256328;257709;263534;272996;286811;294966;305592;321127;333048|
UK|G|1995|88708;95678;103588;109478;113478;115760;124563;127208;132553;136981;140550;149350;154230;156749;156264;160757;158513;161594;165679;175335;180010;184493;193838;199535|
UK|H|1995|30984;33648;36011;39346;41084;42777;44312;44571;47596;48583;49566;52176;54364;56906;55693;58986;59998;61035;64124;66189;67915;70599;73470;77263|
UK|H51|1995|2625;3050;3223;3203;3609;3576;3271;3475;3704;3694;3777;4209;3940;4185;2836;3445;3497;3325;3687;4241;4728;4931;5226;5584|
UK|I|1995|17172;19530;21225;22777;24142;25610;26468;28255;30093;32190;34914;35815;37197;37226;33866;36585;39198;40905;43193;45287;47041;50500;53819;56250|
UK|J|1995|38667;41091;45853;50527;54467;61030;63177;66706;72331;75499;79191;80012;87856;90709;88373;89754;94488;97214;98925;104110;107819;116629;121113;125518|
UK|K|1995|47757;49223;50790;51238;48465;49052;50657;55100;64017;75639;91038;98870;115934;107981;119054;116481;118520;117262;121486;124752;116914;126297;126406;129267|
UK|L|1995|114999;123346;128273;132356;138557;143378;148285;151055;156252;159757;166387;173242;180669;194383;176244;173316;182519;199673;204413;220540;235644;248250;247920;257891|
UK|M_N|1995|63752;71022;78586;85652;90952;98186;106084;112134;118950;126333;132042;142126;151653;156492;155416;163990;168188;175060;190655;202822;216830;225377;237637;247523|
UK|O-Q|1995|126545;131853;133432;138814;146086;155271;169572;181145;196738;212462;228741;242216;252314;263416;275478;283669;288960;295645;297659;305579;313926;324683;335090;346121|
UK|R-U|1995|21009;22869;24879;25472;26304;28536;30249;33476;35912;38790;41213;42811;43145;44646;45947;48173;49202;50318;54147;57019;59948;62940;67010;70504|
